-- MySQL dump 10.13  Distrib 5.7.38, for Linux (x86_64)
--
-- Host: localhost    Database: crm_detupieltest
-- ------------------------------------------------------
-- Server version	5.7.38-0ubuntu0.18.04.1

/*!40101 SET @OLD_CHARACTER_SET_CLIENT=@@CHARACTER_SET_CLIENT */;
/*!40101 SET @OLD_CHARACTER_SET_RESULTS=@@CHARACTER_SET_RESULTS */;
/*!40101 SET @OLD_COLLATION_CONNECTION=@@COLLATION_CONNECTION */;
/*!40101 SET NAMES utf8 */;
/*!40103 SET @OLD_TIME_ZONE=@@TIME_ZONE */;
/*!40103 SET TIME_ZONE='+00:00' */;
/*!40014 SET @OLD_UNIQUE_CHECKS=@@UNIQUE_CHECKS, UNIQUE_CHECKS=0 */;
/*!40014 SET @OLD_FOREIGN_KEY_CHECKS=@@FOREIGN_KEY_CHECKS, FOREIGN_KEY_CHECKS=0 */;
/*!40101 SET @OLD_SQL_MODE=@@SQL_MODE, SQL_MODE='NO_AUTO_VALUE_ON_ZERO' */;
/*!40111 SET @OLD_SQL_NOTES=@@SQL_NOTES, SQL_NOTES=0 */;

--
-- Table structure for table `com_vtiger_workflow_activatedonce`
--

DROP TABLE IF EXISTS `com_vtiger_workflow_activatedonce`;
/*!40101 SET @saved_cs_client     = @@character_set_client */;
/*!40101 SET character_set_client = utf8 */;
CREATE TABLE `com_vtiger_workflow_activatedonce` (
  `workflow_id` int(11) NOT NULL,
  `entity_id` int(11) NOT NULL,
  PRIMARY KEY (`workflow_id`,`entity_id`)
) ENGINE=InnoDB DEFAULT CHARSET=utf8;
/*!40101 SET character_set_client = @saved_cs_client */;

--
-- Dumping data for table `com_vtiger_workflow_activatedonce`
--

LOCK TABLES `com_vtiger_workflow_activatedonce` WRITE;
/*!40000 ALTER TABLE `com_vtiger_workflow_activatedonce` DISABLE KEYS */;
/*!40000 ALTER TABLE `com_vtiger_workflow_activatedonce` ENABLE KEYS */;
UNLOCK TABLES;

--
-- Table structure for table `vtiger_workflow_tasktypes`
--

DROP TABLE IF EXISTS `com_vtiger_workflow_tasktypes`;
/*!40101 SET @saved_cs_client     = @@character_set_client */;
/*!40101 SET character_set_client = utf8 */;
CREATE TABLE `com_vtiger_workflow_tasktypes` (
  `id` int(11) NOT NULL,
  `tasktypename` varchar(255) NOT NULL,
  `label` varchar(255) DEFAULT NULL,
  `classname` varchar(255) DEFAULT NULL,
  `classpath` varchar(255) DEFAULT NULL,
  `templatepath` varchar(255) DEFAULT NULL,
  `modules` varchar(500) DEFAULT NULL,
  `sourcemodule` varchar(255) DEFAULT NULL
) ENGINE=InnoDB DEFAULT CHARSET=utf8;
/*!40101 SET character_set_client = @saved_cs_client */;

--
-- Dumping data for table `com_vtiger_workflow_tasktypes`
--

LOCK TABLES `com_vtiger_workflow_tasktypes` WRITE;
/*!40000 ALTER TABLE `com_vtiger_workflow_tasktypes` DISABLE KEYS */;
INSERT INTO `com_vtiger_workflow_tasktypes` VALUES (1,'VTEmailTask','Send Mail','VTEmailTask','modules/com_vtiger_workflow/tasks/VTEmailTask.inc','modules/Settings/Workflows/Tasks/VTEmailTask.tpl','{\"include\":[],\"exclude\":[]}',''),(2,'VTEntityMethodTask','Invoke Custom Function','VTEntityMethodTask','modules/com_vtiger_workflow/tasks/VTEntityMethodTask.inc','modules/Settings/Workflows/Tasks/VTEntityMethodTask.tpl','{\"include\":[],\"exclude\":[]}',''),(3,'VTCreateTodoTask','Create Todo','VTCreateTodoTask','modules/com_vtiger_workflow/tasks/VTCreateTodoTask.inc','modules/Settings/Workflows/Tasks/VTCreateTodoTask.tpl','{\"include\":[\"Leads\",\"Accounts\",\"Potentials\",\"Contacts\",\"HelpDesk\",\"Campaigns\",\"Quotes\",\"PurchaseOrder\",\"SalesOrder\",\"Invoice\",\"Project\"],\"exclude\":[\"Calendar\",\"FAQ\",\"Events\"]}',''),(4,'VTCreateEventTask','Create Event','VTCreateEventTask','modules/com_vtiger_workflow/tasks/VTCreateEventTask.inc','modules/Settings/Workflows/Tasks/VTCreateEventTask.tpl','{\"include\":[\"Leads\",\"Accounts\",\"Potentials\",\"Contacts\",\"HelpDesk\",\"Campaigns\",\"Project\"],\"exclude\":[\"Calendar\",\"FAQ\",\"Events\"]}',''),(5,'VTUpdateFieldsTask','Update Fields','VTUpdateFieldsTask','modules/com_vtiger_workflow/tasks/VTUpdateFieldsTask.inc','modules/Settings/Workflows/Tasks/VTUpdateFieldsTask.tpl','{\"include\":[],\"exclude\":[]}',''),(6,'VTCreateEntityTask','Create Entity','VTCreateEntityTask','modules/com_vtiger_workflow/tasks/VTCreateEntityTask.inc','modules/Settings/Workflows/Tasks/VTCreateEntityTask.tpl','{\"include\":[],\"exclude\":[]}',''),(7,'VTSMSTask','SMS Task','VTSMSTask','modules/com_vtiger_workflow/tasks/VTSMSTask.inc','modules/Settings/Workflows/Tasks/VTSMSTask.tpl','{\"include\":[],\"exclude\":[]}','SMSNotifier');
/*!40000 ALTER TABLE `com_vtiger_workflow_tasktypes` ENABLE KEYS */;
UNLOCK TABLES;

--
-- Table structure for table `com_vtiger_workflow_tasktypes_seq`
--

DROP TABLE IF EXISTS `com_vtiger_workflow_tasktypes_seq`;
/*!40101 SET @saved_cs_client     = @@character_set_client */;
/*!40101 SET character_set_client = utf8 */;
CREATE TABLE `com_vtiger_workflow_tasktypes_seq` (
  `id` int(11) NOT NULL
) ENGINE=InnoDB DEFAULT CHARSET=utf8;
/*!40101 SET character_set_client = @saved_cs_client */;

--
-- Dumping data for table `com_vtiger_workflow_tasktypes_seq`
--

LOCK TABLES `com_vtiger_workflow_tasktypes_seq` WRITE;
/*!40000 ALTER TABLE `com_vtiger_workflow_tasktypes_seq` DISABLE KEYS */;
INSERT INTO `com_vtiger_workflow_tasktypes_seq` VALUES (7);
/*!40000 ALTER TABLE `com_vtiger_workflow_tasktypes_seq` ENABLE KEYS */;
UNLOCK TABLES;

--
-- Table structure for table `com_vtiger_workflows`
--

DROP TABLE IF EXISTS `com_vtiger_workflows`;
/*!40101 SET @saved_cs_client     = @@character_set_client */;
/*!40101 SET character_set_client = utf8 */;
CREATE TABLE `com_vtiger_workflows` (
  `workflow_id` int(11) NOT NULL AUTO_INCREMENT,
  `module_name` varchar(100) DEFAULT NULL,
  `summary` varchar(400) NOT NULL,
  `test` text,
  `execution_condition` int(11) NOT NULL,
  `defaultworkflow` int(1) DEFAULT NULL,
  `type` varchar(255) DEFAULT NULL,
  `filtersavedinnew` int(1) DEFAULT NULL,
  `schtypeid` int(10) DEFAULT NULL,
  `schdayofmonth` varchar(100) DEFAULT NULL,
  `schdayofweek` varchar(100) DEFAULT NULL,
  `schannualdates` varchar(100) DEFAULT NULL,
  `schtime` varchar(50) DEFAULT NULL,
  `nexttrigger_time` datetime DEFAULT NULL,
  `status` tinyint(1) DEFAULT '1',
  `workflowname` varchar(100) DEFAULT NULL,
  PRIMARY KEY (`workflow_id`),
  UNIQUE KEY `com_vtiger_workflows_idx` (`workflow_id`)
) ENGINE=InnoDB AUTO_INCREMENT=26 DEFAULT CHARSET=utf8;
/*!40101 SET character_set_client = @saved_cs_client */;

--
-- Dumping data for table `com_vtiger_workflows`
--

LOCK TABLES `com_vtiger_workflows` WRITE;
/*!40000 ALTER TABLE `com_vtiger_workflows` DISABLE KEYS */;
INSERT INTO `com_vtiger_workflows` VALUES (1,'Invoice','UpdateInventoryProducts On Every Save','[{\"fieldname\":\"subject\",\"operation\":\"does not contain\",\"value\":\"`!`\"}]',3,1,'basic',5,NULL,NULL,NULL,NULL,NULL,NULL,1,'UpdateInventoryProducts On Every Save'),(2,'Accounts','Send Email to user when Notifyowner is True','[{\"fieldname\":\"notify_owner\",\"operation\":\"is\",\"value\":\"true:boolean\"}]',2,1,'basic',5,NULL,NULL,NULL,NULL,NULL,NULL,1,'Send Email to user when Notifyowner is True'),(3,'Contacts','Send Email to user when Notifyowner is True','[{\"fieldname\":\"notify_owner\",\"operation\":\"is\",\"value\":\"true:boolean\"}]',2,1,'basic',5,NULL,NULL,NULL,NULL,NULL,NULL,1,'Send Email to user when Notifyowner is True'),(4,'Contacts','Send Email to user when Portal User is True','[{\"fieldname\":\"portal\",\"operation\":\"is\",\"value\":\"1\",\"valuetype\":\"rawtext\",\"joincondition\":\"and\",\"groupjoin\":\"and\",\"groupid\":\"0\"},{\"fieldname\":\"email\",\"operation\":\"is not empty\",\"value\":\"\",\"valuetype\":\"rawtext\",\"joincondition\":\"\",\"groupjoin\":\"and\",\"groupid\":\"0\"}]',3,1,'basic',6,NULL,NULL,NULL,NULL,NULL,NULL,1,'Send Email to user when Portal User is True'),(5,'Potentials','Send Email to users on Potential creation',NULL,1,1,'basic',5,NULL,NULL,NULL,NULL,NULL,NULL,1,'Send Email to users on Potential creation'),(6,'Contacts','Workflow for Contact Creation or Modification','',3,1,'basic',5,NULL,NULL,NULL,NULL,NULL,NULL,1,'Workflow for Contact Creation or Modification'),(7,'HelpDesk','Ticket Creation From Portal : Send Email to Record Owner and Contact','[{\"fieldname\":\"from_portal\",\"operation\":\"is\",\"value\":1,\"valuetype\":\"rawtext\",\"joincondition\":\"and\",\"groupjoin\":\"and\",\"groupid\":0}]',1,1,'basic',6,NULL,NULL,NULL,NULL,NULL,NULL,1,'Ticket Creation From Portal : Send Email to Record Owner and Contact'),(9,'HelpDesk','Send Email to Contact on Ticket Update','[{\"fieldname\":\"(contact_id : (Contacts) emailoptout)\",\"operation\":\"is\",\"value\":\"0\",\"valuetype\":\"rawtext\",\"joincondition\":\"and\",\"groupjoin\":\"and\",\"groupid\":\"0\"},{\"fieldname\":\"from_portal\",\"operation\":\"is\",\"value\":0,\"valuetype\":\"rawtext\",\"joincondition\":\"and\",\"groupjoin\":\"and\",\"groupid\":0},{\"fieldname\":\"ticketstatus\",\"operation\":\"has changed to\",\"value\":\"Closed\",\"valuetype\":\"rawtext\",\"joincondition\":\"or\",\"groupjoin\":\"and\",\"groupid\":\"1\"},{\"fieldname\":\"solution\",\"operation\":\"has changed\",\"value\":\"\",\"valuetype\":\"\",\"joincondition\":\"or\",\"groupjoin\":\"and\",\"groupid\":\"1\"},{\"fieldname\":\"description\",\"operation\":\"has changed\",\"value\":\"\",\"valuetype\":\"\",\"joincondition\":\"or\",\"groupjoin\":\"and\",\"groupid\":\"1\"}]',3,1,'basic',6,NULL,NULL,NULL,NULL,NULL,NULL,1,'Send Email to Contact on Ticket Update'),(10,'Events','Workflow for Events when Send Notification is True','[{\"fieldname\":\"sendnotification\",\"operation\":\"is\",\"value\":\"true:boolean\"}]',3,1,'basic',5,NULL,NULL,NULL,NULL,NULL,NULL,1,'Workflow for Events when Send Notification is True'),(11,'Calendar','Workflow for Calendar Todos when Send Notification is True','[{\"fieldname\":\"sendnotification\",\"operation\":\"is\",\"value\":\"true:boolean\"}]',3,1,'basic',5,NULL,NULL,NULL,NULL,NULL,NULL,1,'Workflow for Calendar Todos when Send Notification is True'),(12,'Potentials','Calculate or Update forecast amount','',3,1,'basic',5,NULL,NULL,NULL,NULL,NULL,NULL,1,'Calculate or Update forecast amount'),(13,'Events','Workflow for Events when Send Notification is True','[{\"fieldname\":\"sendnotification\",\"operation\":\"is\",\"value\":\"true:boolean\"}]',3,1,'basic',5,NULL,NULL,NULL,NULL,NULL,NULL,1,'Workflow for Events when Send Notification is True'),(14,'Calendar','Workflow for Calendar Todos when Send Notification is True','[{\"fieldname\":\"sendnotification\",\"operation\":\"is\",\"value\":\"true:boolean\"}]',3,1,'basic',5,NULL,NULL,NULL,NULL,NULL,NULL,1,'Workflow for Calendar Todos when Send Notification is True'),(15,'HelpDesk','Comment Added From CRM : Send Email to Organization','[{\"fieldname\":\"_VT_add_comment\",\"operation\":\"is added\",\"value\":\"\",\"valuetype\":\"rawtext\",\"joincondition\":\"\",\"groupjoin\":\"and\",\"groupid\":\"0\"},{\"fieldname\":\"from_portal\",\"operation\":\"is\",\"value\":\"0\",\"valuetype\":\"rawtext\",\"joincondition\":\"\",\"groupjoin\":\"and\",\"groupid\":\"0\"},{\"fieldname\":\"(parent_id : (Accounts) emailoptout)\",\"operation\":\"is\",\"value\":\"0\",\"valuetype\":\"rawtext\",\"joincondition\":\"and\",\"groupjoin\":\"and\",\"groupid\":\"0\"}]',3,1,'basic',6,NULL,NULL,NULL,NULL,NULL,NULL,1,'Comment Added From CRM : Send Email to Organization'),(16,'PurchaseOrder','Update Inventory Products On Every Save',NULL,3,1,'basic',5,NULL,NULL,NULL,NULL,NULL,NULL,1,'Update Inventory Products On Every Save'),(17,'HelpDesk','Comment Added From Portal : Send Email to Record Owner','[{\"fieldname\":\"_VT_add_comment\",\"operation\":\"is added\",\"value\":\"\",\"valuetype\":\"rawtext\",\"joincondition\":\"\",\"groupjoin\":\"and\",\"groupid\":\"0\"},{\"fieldname\":\"from_portal\",\"operation\":\"is\",\"value\":\"1\",\"valuetype\":\"rawtext\",\"joincondition\":\"\",\"groupjoin\":\"and\",\"groupid\":\"0\"}]',3,1,'basic',6,NULL,NULL,NULL,NULL,NULL,NULL,1,'Comment Added From Portal : Send Email to Record Owner'),(18,'HelpDesk','Comment Added From CRM : Send Email to Contact, where Contact is not a Portal User','[{\"fieldname\":\"(contact_id : (Contacts) portal)\",\"operation\":\"is\",\"value\":\"0\",\"valuetype\":\"rawtext\",\"joincondition\":\"and\",\"groupjoin\":\"and\",\"groupid\":\"0\"},{\"fieldname\":\"_VT_add_comment\",\"operation\":\"is added\",\"value\":\"\",\"valuetype\":\"rawtext\",\"joincondition\":\"\",\"groupjoin\":\"and\",\"groupid\":\"0\"},{\"fieldname\":\"from_portal\",\"operation\":\"is\",\"value\":\"0\",\"valuetype\":\"rawtext\",\"joincondition\":\"\",\"groupjoin\":\"and\",\"groupid\":\"0\"},{\"fieldname\":\"(contact_id : (Contacts) emailoptout)\",\"operation\":\"is\",\"value\":\"0\",\"valuetype\":\"rawtext\",\"joincondition\":\"and\",\"groupjoin\":\"and\",\"groupid\":\"0\"}]',3,1,'basic',6,NULL,NULL,NULL,NULL,NULL,NULL,1,'Comment Added From CRM : Send Email to Contact, where Contact is not a Portal User'),(19,'HelpDesk','Comment Added From CRM : Send Email to Contact, where Contact is Portal User','[{\"fieldname\":\"(contact_id : (Contacts) portal)\",\"operation\":\"is\",\"value\":\"1\",\"valuetype\":\"rawtext\",\"joincondition\":\"and\",\"groupjoin\":\"and\",\"groupid\":\"0\"},{\"fieldname\":\"_VT_add_comment\",\"operation\":\"is added\",\"value\":\"\",\"valuetype\":\"rawtext\",\"joincondition\":\"\",\"groupjoin\":\"and\",\"groupid\":\"0\"},{\"fieldname\":\"from_portal\",\"operation\":\"is\",\"value\":\"0\",\"valuetype\":\"rawtext\",\"joincondition\":\"\",\"groupjoin\":\"and\",\"groupid\":\"0\"},{\"fieldname\":\"(contact_id : (Contacts) emailoptout)\",\"operation\":\"is\",\"value\":\"0\",\"valuetype\":\"rawtext\",\"joincondition\":\"and\",\"groupjoin\":\"and\",\"groupid\":\"0\"}]',3,1,'basic',6,NULL,NULL,NULL,NULL,NULL,NULL,1,'Comment Added From CRM : Send Email to Contact, where Contact is Portal User'),(20,'HelpDesk','Send Email to Record Owner on Ticket Update','[{\"fieldname\":\"from_portal\",\"operation\":\"is\",\"value\":0,\"valuetype\":\"rawtext\",\"joincondition\":\"and\",\"groupjoin\":\"and\",\"groupid\":0},{\"fieldname\":\"ticketstatus\",\"operation\":\"has changed to\",\"value\":\"Closed\",\"valuetype\":\"rawtext\",\"joincondition\":\"or\",\"groupjoin\":\"and\",\"groupid\":\"1\"},{\"fieldname\":\"solution\",\"operation\":\"has changed\",\"value\":\"\",\"valuetype\":\"\",\"joincondition\":\"or\",\"groupjoin\":\"and\",\"groupid\":\"1\"},{\"fieldname\":\"assigned_user_id\",\"operation\":\"has changed\",\"value\":\"\",\"valuetype\":\"\",\"joincondition\":\"or\",\"groupjoin\":\"and\",\"groupid\":\"1\"},{\"fieldname\":\"description\",\"operation\":\"has changed\",\"value\":\"\",\"valuetype\":\"\",\"joincondition\":\"or\",\"groupjoin\":\"and\",\"groupid\":\"1\"}]',3,1,'basic',6,NULL,NULL,NULL,NULL,NULL,NULL,1,'Send Email to Record Owner on Ticket Update'),(21,'HelpDesk','Ticket Creation From CRM : Send Email to Record Owner','[{\"fieldname\":\"from_portal\",\"operation\":\"is\",\"value\":\"0\",\"valuetype\":\"rawtext\",\"joincondition\":\"\",\"groupjoin\":\"and\",\"groupid\":\"0\"}]',1,1,'basic',6,NULL,NULL,NULL,NULL,NULL,NULL,1,'Ticket Creation From CRM : Send Email to Record Owner'),(22,'HelpDesk','Send Email to Organization on Ticket Update','[{\"fieldname\":\"(parent_id : (Accounts) emailoptout)\",\"operation\":\"is\",\"value\":\"0\",\"valuetype\":\"rawtext\",\"joincondition\":\"and\",\"groupjoin\":\"and\",\"groupid\":\"0\"},{\"fieldname\":\"from_portal\",\"operation\":\"is\",\"value\":0,\"valuetype\":\"rawtext\",\"joincondition\":\"and\",\"groupjoin\":\"and\",\"groupid\":0},{\"fieldname\":\"ticketstatus\",\"operation\":\"has changed to\",\"value\":\"Closed\",\"valuetype\":\"rawtext\",\"joincondition\":\"or\",\"groupjoin\":\"and\",\"groupid\":\"1\"},{\"fieldname\":\"solution\",\"operation\":\"has changed\",\"value\":\"\",\"valuetype\":\"\",\"joincondition\":\"or\",\"groupjoin\":\"and\",\"groupid\":\"1\"},{\"fieldname\":\"description\",\"operation\":\"has changed\",\"value\":\"\",\"valuetype\":\"\",\"joincondition\":\"or\",\"groupjoin\":\"and\",\"groupid\":\"1\"}]',3,1,'basic',6,NULL,NULL,NULL,NULL,NULL,NULL,1,'Send Email to Organization on Ticket Update'),(23,'HelpDesk','Ticket Creation From CRM : Send Email to Organization','[{\"fieldname\":\"(parent_id : (Accounts) emailoptout)\",\"operation\":\"is\",\"value\":\"0\",\"valuetype\":\"rawtext\",\"joincondition\":\"and\",\"groupjoin\":\"and\",\"groupid\":\"0\"},{\"fieldname\":\"from_portal\",\"operation\":\"is\",\"value\":\"0\",\"valuetype\":\"rawtext\",\"joincondition\":\"\",\"groupjoin\":\"and\",\"groupid\":\"0\"}]',1,1,'basic',6,NULL,NULL,NULL,NULL,NULL,NULL,1,'Ticket Creation From CRM : Send Email to Organization'),(24,'HelpDesk','Ticket Creation From CRM : Send Email to Contact','[{\"fieldname\":\"(contact_id : (Contacts) emailoptout)\",\"operation\":\"is\",\"value\":\"0\",\"valuetype\":\"rawtext\",\"joincondition\":\"and\",\"groupjoin\":\"and\",\"groupid\":\"0\"},{\"fieldname\":\"from_portal\",\"operation\":\"is\",\"value\":\"0\",\"valuetype\":\"rawtext\",\"joincondition\":\"\",\"groupjoin\":\"and\",\"groupid\":\"0\"}]',1,1,'basic',6,NULL,NULL,NULL,NULL,NULL,NULL,1,'Ticket Creation From CRM : Send Email to Contact'),(25,'Leads','','[{\"fieldname\":\"mobile\",\"operation\":\"is\",\"value\":\"3148715813\",\"valuetype\":\"rawtext\",\"joincondition\":\"\",\"groupjoin\":\"and\",\"groupid\":\"0\"}]',3,NULL,'basic',6,NULL,NULL,NULL,NULL,NULL,NULL,1,'PRUEBA');
/*!40000 ALTER TABLE `com_vtiger_workflows` ENABLE KEYS */;
UNLOCK TABLES;

--
-- Table structure for table `com_vtiger_workflows_seq`
--

DROP TABLE IF EXISTS `com_vtiger_workflows_seq`;
/*!40101 SET @saved_cs_client     = @@character_set_client */;
/*!40101 SET character_set_client = utf8 */;
CREATE TABLE `com_vtiger_workflows_seq` (
  `id` int(11) NOT NULL
) ENGINE=InnoDB DEFAULT CHARSET=utf8;
/*!40101 SET character_set_client = @saved_cs_client */;

--
-- Dumping data for table `com_vtiger_workflows_seq`
--

LOCK TABLES `com_vtiger_workflows_seq` WRITE;
/*!40000 ALTER TABLE `com_vtiger_workflows_seq` DISABLE KEYS */;
INSERT INTO `com_vtiger_workflows_seq` VALUES (25);
/*!40000 ALTER TABLE `com_vtiger_workflows_seq` ENABLE KEYS */;
UNLOCK TABLES;

--
-- Table structure for table `com_vtiger_workflowtask_queue`
--

DROP TABLE IF EXISTS `com_vtiger_workflowtask_queue`;
/*!40101 SET @saved_cs_client     = @@character_set_client */;
/*!40101 SET character_set_client = utf8 */;
CREATE TABLE `com_vtiger_workflowtask_queue` (
  `task_id` int(11) DEFAULT NULL,
  `entity_id` varchar(100) DEFAULT NULL,
  `do_after` int(11) DEFAULT NULL,
  `relatedinfo` varchar(255) DEFAULT NULL,
  `task_contents` text
) ENGINE=InnoDB DEFAULT CHARSET=utf8;
/*!40101 SET character_set_client = @saved_cs_client */;

--
-- Dumping data for table `com_vtiger_workflowtask_queue`
--

LOCK TABLES `com_vtiger_workflowtask_queue` WRITE;
/*!40000 ALTER TABLE `com_vtiger_workflowtask_queue` DISABLE KEYS */;
INSERT INTO `com_vtiger_workflowtask_queue` VALUES (29,'10x1137',0,'false','{\"fromEmail\":\"paola.delgado@detupiel.co\",\"fromName\":\"paola.delgado@detupiel.co\",\"replyTo\":\"programadorweb@mediosefectivos.com\",\"toEmail\":\",victor.diaz@emefectivas.com\",\"ccEmail\":\"\",\"bccEmail\":\"\",\"subject\":\"PRUEBA\",\"content\":\"<html>\\r\\n<head>\\r\\n\\t<title><\\/title>\\r\\n<\\/head>\\r\\n<body><\\/body>\\r\\n<\\/html>\\r\\n<br><br>\"}'),(6,'12x1146',0,'false','{\"fromEmail\":\"programadorweb@mediosefectivos.com\",\"fromName\":\"EME Administrador\",\"replyTo\":\"programadorweb@mediosefectivos.com\",\"toEmail\":\"programadorweb@mediosefectivos.com\",\"ccEmail\":\"\",\"bccEmail\":\"\",\"subject\":\"Regarding Contact Assignment\",\"content\":\"An Contact has been assigned to you on vtigerCRM<br>Details of Contact are :<br><br>Contact Id:<b>CON1049<\\/b><br>LastName:<b>Testing<\\/b><br>FirstName:<b><\\/b><br>Lead Source:<b><\\/b><br>Department:<b><\\/b><br>Description:<b><\\/b><br><br><br>And <b>CustomerPortal Login Details<\\/b> is sent to the EmailID :-programador@mediosefectivos.co<br><br>Thank You<br>Admin<br><br>\"}'),(6,'12x1147',0,'false','{\"fromEmail\":\"programadorweb@mediosefectivos.com\",\"fromName\":\"EME Administrador\",\"replyTo\":\"programadorweb@mediosefectivos.com\",\"toEmail\":\"programadorweb@mediosefectivos.com\",\"ccEmail\":\"\",\"bccEmail\":\"\",\"subject\":\"Regarding Contact Assignment\",\"content\":\"An Contact has been assigned to you on vtigerCRM<br>Details of Contact are :<br><br>Contact Id:<b>CON1050<\\/b><br>LastName:<b>Testing<\\/b><br>FirstName:<b><\\/b><br>Lead Source:<b><\\/b><br>Department:<b><\\/b><br>Description:<b><\\/b><br><br><br>And <b>CustomerPortal Login Details<\\/b> is sent to the EmailID :-programador@mediosefectivos.co<br><br>Thank You<br>Admin<br><br>\"}'),(6,'12x1148',0,'false','{\"fromEmail\":\"programadorweb@mediosefectivos.com\",\"fromName\":\"EME Administrador\",\"replyTo\":\"programadorweb@mediosefectivos.com\",\"toEmail\":\"programadorweb@mediosefectivos.com\",\"ccEmail\":\"\",\"bccEmail\":\"\",\"subject\":\"Regarding Contact Assignment\",\"content\":\"An Contact has been assigned to you on vtigerCRM<br>Details of Contact are :<br><br>Contact Id:<b>CON1051<\\/b><br>LastName:<b>Juan Santander<\\/b><br>FirstName:<b><\\/b><br>Lead Source:<b>Sitio Web<\\/b><br>Department:<b><\\/b><br>Description:<b><\\/b><br><br><br>And <b>CustomerPortal Login Details<\\/b> is sent to the EmailID :-programador@mediosefectivos.co<br><br>Thank You<br>Admin<br><br>\"}'),(6,'12x1149',0,'false','{\"fromEmail\":\"programadorweb@mediosefectivos.com\",\"fromName\":\"EME Administrador\",\"replyTo\":\"programadorweb@mediosefectivos.com\",\"toEmail\":\"programadorweb@mediosefectivos.com\",\"ccEmail\":\"\",\"bccEmail\":\"\",\"subject\":\"Regarding Contact Assignment\",\"content\":\"An Contact has been assigned to you on vtigerCRM<br>Details of Contact are :<br><br>Contact Id:<b>CON1052<\\/b><br>LastName:<b>Testing<\\/b><br>FirstName:<b><\\/b><br>Lead Source:<b><\\/b><br>Department:<b><\\/b><br>Description:<b><\\/b><br><br><br>And <b>CustomerPortal Login Details<\\/b> is sent to the EmailID :-test@mediosefectivos.co<br><br>Thank You<br>Admin<br><br>\"}'),(6,'12x1150',0,'false','{\"fromEmail\":\"programadorweb@mediosefectivos.com\",\"fromName\":\"EME Administrador\",\"replyTo\":\"programadorweb@mediosefectivos.com\",\"toEmail\":\"programadorweb@mediosefectivos.com\",\"ccEmail\":\"\",\"bccEmail\":\"\",\"subject\":\"Regarding Contact Assignment\",\"content\":\"An Contact has been assigned to you on vtigerCRM<br>Details of Contact are :<br><br>Contact Id:<b>CON1053<\\/b><br>LastName:<b> <\\/b><br>FirstName:<b><\\/b><br>Lead Source:<b><\\/b><br>Department:<b><\\/b><br>Description:<b><\\/b><br><br><br>And <b>CustomerPortal Login Details<\\/b> is sent to the EmailID :-<br><br>Thank You<br>Admin<br><br>\"}'),(6,'12x1151',0,'false','{\"fromEmail\":\"programadorweb@mediosefectivos.com\",\"fromName\":\"EME Administrador\",\"replyTo\":\"programadorweb@mediosefectivos.com\",\"toEmail\":\"programadorweb@mediosefectivos.com\",\"ccEmail\":\"\",\"bccEmail\":\"\",\"subject\":\"Regarding Contact Assignment\",\"content\":\"An Contact has been assigned to you on vtigerCRM<br>Details of Contact are :<br><br>Contact Id:<b>CON1054<\\/b><br>LastName:<b> <\\/b><br>FirstName:<b><\\/b><br>Lead Source:<b><\\/b><br>Department:<b><\\/b><br>Description:<b><\\/b><br><br><br>And <b>CustomerPortal Login Details<\\/b> is sent to the EmailID :-<br><br>Thank You<br>Admin<br><br>\"}'),(6,'12x1152',0,'false','{\"fromEmail\":\"programadorweb@mediosefectivos.com\",\"fromName\":\"EME Administrador\",\"replyTo\":\"programadorweb@mediosefectivos.com\",\"toEmail\":\"programadorweb@mediosefectivos.com\",\"ccEmail\":\"\",\"bccEmail\":\"\",\"subject\":\"Regarding Contact Assignment\",\"content\":\"An Contact has been assigned to you on vtigerCRM<br>Details of Contact are :<br><br>Contact Id:<b>CON1055<\\/b><br>LastName:<b> <\\/b><br>FirstName:<b><\\/b><br>Lead Source:<b><\\/b><br>Department:<b><\\/b><br>Description:<b><\\/b><br><br><br>And <b>CustomerPortal Login Details<\\/b> is sent to the EmailID :-<br><br>Thank You<br>Admin<br><br>\"}'),(6,'12x1153',0,'false','{\"fromEmail\":\"programadorweb@mediosefectivos.com\",\"fromName\":\"EME Administrador\",\"replyTo\":\"programadorweb@mediosefectivos.com\",\"toEmail\":\"programadorweb@mediosefectivos.com\",\"ccEmail\":\"\",\"bccEmail\":\"\",\"subject\":\"Regarding Contact Assignment\",\"content\":\"An Contact has been assigned to you on vtigerCRM<br>Details of Contact are :<br><br>Contact Id:<b>CON1056<\\/b><br>LastName:<b> <\\/b><br>FirstName:<b><\\/b><br>Lead Source:<b>Sitio Web<\\/b><br>Department:<b><\\/b><br>Description:<b><\\/b><br><br><br>And <b>CustomerPortal Login Details<\\/b> is sent to the EmailID :-<br><br>Thank You<br>Admin<br><br>\"}'),(6,'12x1154',0,'false','{\"fromEmail\":\"programadorweb@mediosefectivos.com\",\"fromName\":\"EME Administrador\",\"replyTo\":\"programadorweb@mediosefectivos.com\",\"toEmail\":\"programadorweb@mediosefectivos.com\",\"ccEmail\":\"\",\"bccEmail\":\"\",\"subject\":\"Regarding Contact Assignment\",\"content\":\"An Contact has been assigned to you on vtigerCRM<br>Details of Contact are :<br><br>Contact Id:<b>CON1057<\\/b><br>LastName:<b>new<\\/b><br>FirstName:<b><\\/b><br>Lead Source:<b><\\/b><br>Department:<b><\\/b><br>Description:<b><\\/b><br><br><br>And <b>CustomerPortal Login Details<\\/b> is sent to the EmailID :-<br><br>Thank You<br>Admin<br><br>\"}'),(6,'12x1155',0,'false','{\"fromEmail\":\"programadorweb@mediosefectivos.com\",\"fromName\":\"EME Administrador\",\"replyTo\":\"programadorweb@mediosefectivos.com\",\"toEmail\":\"programadorweb@mediosefectivos.com\",\"ccEmail\":\"\",\"bccEmail\":\"\",\"subject\":\"Regarding Contact Assignment\",\"content\":\"An Contact has been assigned to you on vtigerCRM<br>Details of Contact are :<br><br>Contact Id:<b>CON1058<\\/b><br>LastName:<b>Juan Santander<\\/b><br>FirstName:<b><\\/b><br>Lead Source:<b><\\/b><br>Department:<b><\\/b><br>Description:<b><\\/b><br><br><br>And <b>CustomerPortal Login Details<\\/b> is sent to the EmailID :-nuevotest@mediosefectivos.co<br><br>Thank You<br>Admin<br><br>\"}'),(6,'12x1156',0,'false','{\"fromEmail\":\"programadorweb@mediosefectivos.com\",\"fromName\":\"EME Administrador\",\"replyTo\":\"programadorweb@mediosefectivos.com\",\"toEmail\":\"programadorweb@mediosefectivos.com\",\"ccEmail\":\"\",\"bccEmail\":\"\",\"subject\":\"Regarding Contact Assignment\",\"content\":\"An Contact has been assigned to you on vtigerCRM<br>Details of Contact are :<br><br>Contact Id:<b>CON1059<\\/b><br>LastName:<b>Juan Santander<\\/b><br>FirstName:<b><\\/b><br>Lead Source:<b>Sitio Web<\\/b><br>Department:<b><\\/b><br>Description:<b><\\/b><br><br><br>And <b>CustomerPortal Login Details<\\/b> is sent to the EmailID :-nuevotest@mediosefectivos.co<br><br>Thank You<br>Admin<br><br>\"}'),(6,'12x1156',0,'false','{\"fromEmail\":\"programadorweb@mediosefectivos.com\",\"fromName\":\"EME Administrador\",\"replyTo\":\"programadorweb@mediosefectivos.com\",\"toEmail\":\"programadorweb@mediosefectivos.com\",\"ccEmail\":\"\",\"bccEmail\":\"\",\"subject\":\"Regarding Contact Assignment\",\"content\":\"An Contact has been assigned to you on vtigerCRM<br>Details of Contact are :<br><br>Contact Id:<b>CON1059<\\/b><br>LastName:<b>Juan Santander<\\/b><br>FirstName:<b><\\/b><br>Lead Source:<b>Sitio Web<\\/b><br>Department:<b><\\/b><br>Description:<b><\\/b><br><br><br>And <b>CustomerPortal Login Details<\\/b> is sent to the EmailID :-nuevotest@mediosefectivos.co<br><br>Thank You<br>Admin<br><br>\"}'),(6,'12x1156',0,'false','{\"fromEmail\":\"programadorweb@mediosefectivos.com\",\"fromName\":\"EME Administrador\",\"replyTo\":\"programadorweb@mediosefectivos.com\",\"toEmail\":\"programadorweb@mediosefectivos.com\",\"ccEmail\":\"\",\"bccEmail\":\"\",\"subject\":\"Regarding Contact Assignment\",\"content\":\"An Contact has been assigned to you on vtigerCRM<br>Details of Contact are :<br><br>Contact Id:<b>CON1059<\\/b><br>LastName:<b>Juan Santander<\\/b><br>FirstName:<b><\\/b><br>Lead Source:<b>Llamada fria<\\/b><br>Department:<b><\\/b><br>Description:<b><\\/b><br><br><br>And <b>CustomerPortal Login Details<\\/b> is sent to the EmailID :-nuevotest@mediosefectivos.co<br><br>Thank You<br>Admin<br><br>\"}'),(6,'12x1156',0,'false','{\"fromEmail\":\"programadorweb@mediosefectivos.com\",\"fromName\":\"EME Administrador\",\"replyTo\":\"programadorweb@mediosefectivos.com\",\"toEmail\":\"programadorweb@mediosefectivos.com\",\"ccEmail\":\"\",\"bccEmail\":\"\",\"subject\":\"Regarding Contact Assignment\",\"content\":\"An Contact has been assigned to you on vtigerCRM<br>Details of Contact are :<br><br>Contact Id:<b>CON1059<\\/b><br>LastName:<b>Juan Santander<\\/b><br>FirstName:<b><\\/b><br>Lead Source:<b>Sitio Web<\\/b><br>Department:<b><\\/b><br>Description:<b><\\/b><br><br><br>And <b>CustomerPortal Login Details<\\/b> is sent to the EmailID :-nuevotest@mediosefectivos.co<br><br>Thank You<br>Admin<br><br>\"}'),(6,'12x1157',0,'false','{\"fromEmail\":\"programadorweb@mediosefectivos.com\",\"fromName\":\"EME Administrador\",\"replyTo\":\"programadorweb@mediosefectivos.com\",\"toEmail\":\"programadorweb@mediosefectivos.com\",\"ccEmail\":\"\",\"bccEmail\":\"\",\"subject\":\"Regarding Contact Assignment\",\"content\":\"An Contact has been assigned to you on vtigerCRM<br>Details of Contact are :<br><br>Contact Id:<b>CON1060<\\/b><br>LastName:<b>Juan Santander<\\/b><br>FirstName:<b><\\/b><br>Lead Source:<b>Sitio Web<\\/b><br>Department:<b><\\/b><br>Description:<b><\\/b><br><br><br>And <b>CustomerPortal Login Details<\\/b> is sent to the EmailID :-nuevotest@mediosefectivos.co<br><br>Thank You<br>Admin<br><br>\"}'),(6,'12x1158',0,'false','{\"fromEmail\":\"programadorweb@mediosefectivos.com\",\"fromName\":\"EME Administrador\",\"replyTo\":\"programadorweb@mediosefectivos.com\",\"toEmail\":\"programadorweb@mediosefectivos.com\",\"ccEmail\":\"\",\"bccEmail\":\"\",\"subject\":\"Regarding Contact Assignment\",\"content\":\"An Contact has been assigned to you on vtigerCRM<br>Details of Contact are :<br><br>Contact Id:<b>CON1061<\\/b><br>LastName:<b>Juan Santander<\\/b><br>FirstName:<b><\\/b><br>Lead Source:<b>Sitio Web<\\/b><br>Department:<b><\\/b><br>Description:<b><\\/b><br><br><br>And <b>CustomerPortal Login Details<\\/b> is sent to the EmailID :-nuevotest@mediosefectivos.co<br><br>Thank You<br>Admin<br><br>\"}'),(6,'12x1159',0,'false','{\"fromEmail\":\"programadorweb@mediosefectivos.com\",\"fromName\":\"EME Administrador\",\"replyTo\":\"programadorweb@mediosefectivos.com\",\"toEmail\":\"programadorweb@mediosefectivos.com\",\"ccEmail\":\"\",\"bccEmail\":\"\",\"subject\":\"Regarding Contact Assignment\",\"content\":\"An Contact has been assigned to you on vtigerCRM<br>Details of Contact are :<br><br>Contact Id:<b>CON1062<\\/b><br>LastName:<b>Juan Santander<\\/b><br>FirstName:<b><\\/b><br>Lead Source:<b>Sitio Web<\\/b><br>Department:<b><\\/b><br>Description:<b><\\/b><br><br><br>And <b>CustomerPortal Login Details<\\/b> is sent to the EmailID :-nuevotest@mediosefectivos.co<br><br>Thank You<br>Admin<br><br>\"}');
/*!40000 ALTER TABLE `com_vtiger_workflowtask_queue` ENABLE KEYS */;
UNLOCK TABLES;

--
-- Table structure for table `com_vtiger_workflowtasks`
--

DROP TABLE IF EXISTS `com_vtiger_workflowtasks`;
/*!40101 SET @saved_cs_client     = @@character_set_client */;
/*!40101 SET character_set_client = utf8 */;
CREATE TABLE `com_vtiger_workflowtasks` (
  `task_id` int(11) NOT NULL AUTO_INCREMENT,
  `workflow_id` int(11) DEFAULT NULL,
  `summary` varchar(400) NOT NULL,
  `task` text,
  PRIMARY KEY (`task_id`),
  UNIQUE KEY `com_vtiger_workflowtasks_idx` (`task_id`)
) ENGINE=InnoDB AUTO_INCREMENT=30 DEFAULT CHARSET=utf8;
/*!40101 SET character_set_client = @saved_cs_client */;

--
-- Dumping data for table `com_vtiger_workflowtasks`
--

LOCK TABLES `com_vtiger_workflowtasks` WRITE;
/*!40000 ALTER TABLE `com_vtiger_workflowtasks` DISABLE KEYS */;
INSERT INTO `com_vtiger_workflowtasks` VALUES (1,1,'','O:18:\"VTEntityMethodTask\":6:{s:18:\"executeImmediately\";b:1;s:10:\"workflowId\";i:1;s:7:\"summary\";s:0:\"\";s:6:\"active\";b:1;s:10:\"methodName\";s:15:\"UpdateInventory\";s:2:\"id\";i:1;}'),(2,2,'An account has been created ','O:11:\"VTEmailTask\":9:{s:18:\"executeImmediately\";s:0:\"\";s:10:\"workflowId\";s:1:\"2\";s:7:\"summary\";s:28:\"An account has been created \";s:6:\"active\";s:1:\"1\";s:10:\"methodName\";s:11:\"NotifyOwner\";s:9:\"recepient\";s:36:\"$(assigned_user_id : (Users) email1)\";s:7:\"subject\";s:26:\"Regarding Account Creation\";s:7:\"content\";s:301:\"An Account has been assigned to you on vtigerCRM<br>Details of account are :<br><br>AccountId:<b>$account_no</b><br>AccountName:<b>$accountname</b><br>Rating:<b>$rating</b><br>Industry:<b>$industry</b><br>AccountType:<b>$accounttype</b><br>Description:<b>$description</b><br><br><br>Thank You<br>Admin\";s:2:\"id\";s:1:\"2\";}'),(3,3,'An contact has been created ','O:11:\"VTEmailTask\":9:{s:18:\"executeImmediately\";s:0:\"\";s:10:\"workflowId\";s:1:\"3\";s:7:\"summary\";s:28:\"An contact has been created \";s:6:\"active\";s:1:\"1\";s:10:\"methodName\";s:11:\"NotifyOwner\";s:9:\"recepient\";s:36:\"$(assigned_user_id : (Users) email1)\";s:7:\"subject\";s:26:\"Regarding Contact Creation\";s:7:\"content\";s:305:\"An Contact has been assigned to you on vtigerCRM<br>Details of Contact are :<br><br>Contact Id:<b>$contact_no</b><br>LastName:<b>$lastname</b><br>FirstName:<b>$firstname</b><br>Lead Source:<b>$leadsource</b><br>Department:<b>$department</b><br>Description:<b>$description</b><br><br><br>Thank You<br>Admin\";s:2:\"id\";s:1:\"3\";}'),(4,4,'Email Customer Portal Login Details','O:18:\"VTEntityMethodTask\":6:{s:18:\"executeImmediately\";b:1;s:10:\"workflowId\";i:4;s:7:\"summary\";s:35:\"Email Customer Portal Login Details\";s:6:\"active\";b:1;s:10:\"methodName\";s:22:\"SendPortalLoginDetails\";s:2:\"id\";i:4;}'),(5,5,'An Potential has been created ','O:11:\"VTEmailTask\":8:{s:18:\"executeImmediately\";s:0:\"\";s:10:\"workflowId\";s:1:\"5\";s:7:\"summary\";s:30:\"An Potential has been created \";s:6:\"active\";s:1:\"1\";s:9:\"recepient\";s:36:\"$(assigned_user_id : (Users) email1)\";s:7:\"subject\";s:30:\"Regarding Potential Assignment\";s:7:\"content\";s:342:\"An Potential has been assigned to you on vtigerCRM<br>Details of Potential are :<br><br>Potential No:<b>$potential_no</b><br>Potential Name:<b>$potentialname</b><br>Amount:<b>$amount</b><br>Expected Close Date:<b>$closingdate ($_DATE_FORMAT_)</b><br>Type:<b>$opportunity_type</b><br><br><br>Description :$description<br><br>Thank You<br>Admin\";s:2:\"id\";s:1:\"5\";}'),(6,6,'An contact has been created ','O:11:\"VTEmailTask\":8:{s:18:\"executeImmediately\";s:0:\"\";s:10:\"workflowId\";s:1:\"6\";s:7:\"summary\";s:28:\"An contact has been created \";s:6:\"active\";s:1:\"1\";s:9:\"recepient\";s:36:\"$(assigned_user_id : (Users) email1)\";s:7:\"subject\";s:28:\"Regarding Contact Assignment\";s:7:\"content\";s:384:\"An Contact has been assigned to you on vtigerCRM<br>Details of Contact are :<br><br>Contact Id:<b>$contact_no</b><br>LastName:<b>$lastname</b><br>FirstName:<b>$firstname</b><br>Lead Source:<b>$leadsource</b><br>Department:<b>$department</b><br>Description:<b>$description</b><br><br><br>And <b>CustomerPortal Login Details</b> is sent to the EmailID :-$email<br><br>Thank You<br>Admin\";s:2:\"id\";s:1:\"6\";}'),(7,7,'Notify Related Contact when Ticket is created from Portal','O:11:\"VTEmailTask\":9:{s:18:\"executeImmediately\";s:1:\"0\";s:7:\"summary\";s:57:\"Notify Related Contact when Ticket is created from Portal\";s:6:\"active\";s:1:\"1\";s:2:\"id\";s:1:\"7\";s:10:\"workflowId\";s:1:\"7\";s:9:\"fromEmail\";s:93:\"$(general : (__VtigerMeta__) supportName)&lt;$(general : (__VtigerMeta__) supportEmailId)&gt;\";s:9:\"recepient\";s:33:\",$(contact_id : (Contacts) email)\";s:7:\"subject\";s:93:\"[From Portal] $ticket_no [ Ticket Id : $(general : (__VtigerMeta__) recordId) ] $ticket_title\";s:7:\"content\";s:158:\"Ticket No : $ticket_no<br>\n							  Ticket ID : $(general : (__VtigerMeta__) recordId)<br>\n							  Ticket Title : $ticket_title<br><br>\n							  $description\";}'),(10,9,'Send Email to Contact on Ticket Update','O:11:\"VTEmailTask\":9:{s:18:\"executeImmediately\";s:1:\"0\";s:7:\"summary\";s:38:\"Send Email to Contact on Ticket Update\";s:6:\"active\";s:1:\"1\";s:2:\"id\";s:2:\"10\";s:9:\"fromEmail\";s:93:\"$(general : (__VtigerMeta__) supportName)&lt;$(general : (__VtigerMeta__) supportEmailId)&gt;\";s:9:\"recepient\";s:33:\",$(contact_id : (Contacts) email)\";s:7:\"subject\";s:79:\"$ticket_no [ Ticket Id : $(general : (__VtigerMeta__) recordId) ] $ticket_title\";s:7:\"content\";s:624:\"Ticket ID : $(general : (__VtigerMeta__) recordId)<br>Ticket Title : $ticket_title<br><br>\n								Dear $(contact_id : (Contacts) lastname) $(contact_id : (Contacts) firstname),<br><br>\n								The Ticket is replied the details are :<br><br>\n								Ticket No : $ticket_no<br>\n								Status : $ticketstatus<br>\n								Category : $ticketcategories<br>\n								Severity : $ticketseverities<br>\n								Priority : $ticketpriorities<br><br>\n								Description : <br>$description<br><br>\n								Solution : <br>$solution<br>\n								The comments are : <br>\n								$allComments<br><br>\n								Regards<br>Support Administrator\";s:10:\"workflowId\";s:1:\"9\";}'),(13,12,'update forecast amount','O:18:\"VTUpdateFieldsTask\":7:{s:18:\"executeImmediately\";b:1;s:43:\"\0VTUpdateFieldsTask\0referenceFieldFocusList\";a:0:{}s:10:\"workflowId\";i:12;s:7:\"summary\";s:22:\"update forecast amount\";s:6:\"active\";b:1;s:19:\"field_value_mapping\";s:96:\"[{\"fieldname\":\"forecast_amount\",\"valuetype\":\"expression\",\"value\":\"amount * probability \\/ 100\"}]\";s:2:\"id\";i:13;}'),(14,13,'Send Notification Email to Record Owner','O:11:\"VTEmailTask\":8:{s:18:\"executeImmediately\";s:0:\"\";s:10:\"workflowId\";s:2:\"13\";s:7:\"summary\";s:39:\"Send Notification Email to Record Owner\";s:6:\"active\";s:1:\"1\";s:9:\"recepient\";s:36:\"$(assigned_user_id : (Users) email1)\";s:7:\"subject\";s:17:\"Event :  $subject\";s:7:\"content\";s:771:\"$(assigned_user_id : (Users) last_name) $(assigned_user_id : (Users) first_name) ,<br/><b>Activity Notification Details:</b><br/>Subject             : $subject<br/>Start date and time : $date_start ($(general : (__VtigerMeta__) usertimezone))<br/>End date and time   : $due_date ($(general : (__VtigerMeta__) usertimezone)) <br/>Status              : $eventstatus <br/>Priority            : $taskpriority <br/>Related To          : $(parent_id : (Leads) lastname) $(parent_id : (Leads) firstname) $(parent_id : (Accounts) accountname) $(parent_id : (Potentials) potentialname) $(parent_id : (HelpDesk) ticket_title) $(parent_id : (Campaigns) campaignname) <br/>Contacts List       : $contact_id <br/>Location            : $location <br/>Description         : $description\";s:2:\"id\";s:2:\"14\";}'),(15,14,'Send Notification Email to Record Owner','O:11:\"VTEmailTask\":8:{s:18:\"executeImmediately\";s:0:\"\";s:10:\"workflowId\";s:2:\"14\";s:7:\"summary\";s:39:\"Send Notification Email to Record Owner\";s:6:\"active\";s:1:\"1\";s:9:\"recepient\";s:36:\"$(assigned_user_id : (Users) email1)\";s:7:\"subject\";s:16:\"Task :  $subject\";s:7:\"content\";s:689:\"$(assigned_user_id : (Users) last_name) $(assigned_user_id : (Users) first_name) ,<br/><b>Task Notification Details:</b><br/>Subject : $subject<br/>Start date and time : $date_start ($(general : (__VtigerMeta__) usertimezone))<br/>End date and time   : $due_date ($_DATE_FORMAT_) <br/>Status              : $taskstatus <br/>Priority            : $taskpriority <br/>Related To          : $(parent_id : (Leads) lastname) $(parent_id : (Leads) firstname) $(parent_id : (Accounts) accountname) $(parent_id : (Potentials) potentialname) $(parent_id : (HelpDesk) ticket_title) $(parent_id : (Campaigns) campaignname) <br/>Contacts List       : $contact_id <br/>Description         : $description\";s:2:\"id\";s:2:\"15\";}'),(18,16,'Update Inventory Products','O:18:\"VTEntityMethodTask\":6:{s:18:\"executeImmediately\";b:1;s:10:\"workflowId\";i:16;s:7:\"summary\";s:25:\"Update Inventory Products\";s:6:\"active\";b:1;s:10:\"methodName\";s:15:\"UpdateInventory\";s:2:\"id\";i:18;}'),(19,17,'Comment Added From Portal : Send Email to Record Owner','O:11:\"VTEmailTask\":9:{s:18:\"executeImmediately\";s:1:\"0\";s:7:\"summary\";s:54:\"Comment Added From Portal : Send Email to Record Owner\";s:6:\"active\";s:1:\"1\";s:2:\"id\";s:2:\"19\";s:10:\"workflowId\";s:2:\"17\";s:9:\"fromEmail\";s:112:\"$(contact_id : (Contacts) lastname) $(contact_id : (Contacts) firstname)&lt;$(contact_id : (Contacts) email)&gt;\";s:9:\"recepient\";s:37:\",$(assigned_user_id : (Users) email1)\";s:7:\"subject\";s:92:\"Respond to Ticket ID## $(general : (__VtigerMeta__) recordId) ## in Customer Portal - URGENT\";s:7:\"content\";s:325:\"Dear $(assigned_user_id : (Users) last_name) $(assigned_user_id : (Users) first_name),<br><br>\n								Customer has provided the following additional information to your reply:<br><br>\n								<b>$lastComment</b><br><br>\n								Kindly respond to above ticket at the earliest.<br><br>\n								Regards<br>Support Administrator\";}'),(20,18,'Comment Added From CRM : Send Email to Contact, where Contact is not a Portal User','O:11:\"VTEmailTask\":9:{s:18:\"executeImmediately\";s:1:\"0\";s:7:\"summary\";s:82:\"Comment Added From CRM : Send Email to Contact, where Contact is not a Portal User\";s:6:\"active\";s:1:\"1\";s:2:\"id\";s:2:\"20\";s:10:\"workflowId\";s:2:\"18\";s:9:\"fromEmail\";s:93:\"$(general : (__VtigerMeta__) supportName)&lt;$(general : (__VtigerMeta__) supportEmailId)&gt;\";s:9:\"recepient\";s:33:\",$(contact_id : (Contacts) email)\";s:7:\"subject\";s:79:\"$ticket_no [ Ticket Id : $(general : (__VtigerMeta__) recordId) ] $ticket_title\";s:7:\"content\";s:514:\"Dear $(contact_id : (Contacts) lastname) $(contact_id : (Contacts) firstname),<br><br>\n							The Ticket is replied the details are :<br><br>\n							Ticket No : $ticket_no<br>\n							Status : $ticketstatus<br>\n							Category : $ticketcategories<br>\n							Severity : $ticketseverities<br>\n							Priority : $ticketpriorities<br><br>\n							Description : <br>$description<br><br>\n							Solution : <br>$solution<br>\n							The comments are : <br>\n							$allComments<br><br>\n							Regards<br>Support Administrator\";}'),(21,19,'Comment Added From CRM : Send Email to Contact, where Contact is Portal User','O:11:\"VTEmailTask\":9:{s:18:\"executeImmediately\";s:1:\"0\";s:7:\"summary\";s:76:\"Comment Added From CRM : Send Email to Contact, where Contact is Portal User\";s:6:\"active\";s:1:\"1\";s:2:\"id\";s:2:\"21\";s:10:\"workflowId\";s:2:\"19\";s:9:\"fromEmail\";s:93:\"$(general : (__VtigerMeta__) supportName)&lt;$(general : (__VtigerMeta__) supportEmailId)&gt;\";s:9:\"recepient\";s:33:\",$(contact_id : (Contacts) email)\";s:7:\"subject\";s:79:\"$ticket_no [ Ticket Id : $(general : (__VtigerMeta__) recordId) ] $ticket_title\";s:7:\"content\";s:547:\"Ticket No : $ticket_no<br>\n										Ticket Id : $(general : (__VtigerMeta__) recordId)<br>\n										Subject : $ticket_title<br><br>\n										Dear $(contact_id : (Contacts) lastname) $(contact_id : (Contacts) firstname),<br><br>\n										There is a reply to <b>$ticket_title</b> in the \"Customer Portal\" at VTiger.\n										You can use the following link to view the replies made:<br>\n										<a href=\"$(general : (__VtigerMeta__) portaldetailviewurl)\">Ticket Details</a><br><br>\n										Thanks<br>$(general : (__VtigerMeta__) supportName)\";}'),(22,15,'Comment Added From CRM : Send Email to Organization','O:11:\"VTEmailTask\":9:{s:18:\"executeImmediately\";s:1:\"0\";s:7:\"summary\";s:51:\"Comment Added From CRM : Send Email to Organization\";s:6:\"active\";s:1:\"1\";s:2:\"id\";s:2:\"22\";s:10:\"workflowId\";s:2:\"15\";s:9:\"fromEmail\";s:93:\"$(general : (__VtigerMeta__) supportName)&lt;$(general : (__VtigerMeta__) supportEmailId)&gt;\";s:9:\"recepient\";s:34:\",$(parent_id : (Accounts) email1),\";s:7:\"subject\";s:79:\"$ticket_no [ Ticket Id : $(general : (__VtigerMeta__) recordId) ] $ticket_title\";s:7:\"content\";s:589:\"Ticket ID : $(general : (__VtigerMeta__) recordId)<br>Ticket Title : $ticket_title<br><br>\n								Dear $(parent_id : (Accounts) accountname),<br><br>\n								The Ticket is replied the details are :<br><br>\n								Ticket No : $ticket_no<br>\n								Status : $ticketstatus<br>\n								Category : $ticketcategories<br>\n								Severity : $ticketseverities<br>\n								Priority : $ticketpriorities<br><br>\n								Description : <br>$description<br><br>\n								Solution : <br>$solution<br>\n								The comments are : <br>\n								$allComments<br><br>\n								Regards<br>Support Administrator\";}'),(23,7,'Notify Record Owner when Ticket is created from Portal','O:11:\"VTEmailTask\":9:{s:18:\"executeImmediately\";s:1:\"0\";s:7:\"summary\";s:54:\"Notify Record Owner when Ticket is created from Portal\";s:6:\"active\";s:1:\"1\";s:2:\"id\";s:2:\"23\";s:10:\"workflowId\";s:1:\"7\";s:9:\"fromEmail\";s:124:\"$(contact_id : (Contacts) lastname) $(contact_id : (Contacts) firstname)&lt;$(general : (__VtigerMeta__) supportEmailId)&gt;\";s:9:\"recepient\";s:37:\",$(assigned_user_id : (Users) email1)\";s:7:\"subject\";s:93:\"[From Portal] $ticket_no [ Ticket Id : $(general : (__VtigerMeta__) recordId) ] $ticket_title\";s:7:\"content\";s:158:\"Ticket No : $ticket_no<br>\n							  Ticket ID : $(general : (__VtigerMeta__) recordId)<br>\n							  Ticket Title : $ticket_title<br><br>\n							  $description\";}'),(24,20,'Send Email to Record Owner on Ticket Update','O:11:\"VTEmailTask\":9:{s:18:\"executeImmediately\";s:1:\"0\";s:7:\"summary\";s:43:\"Send Email to Record Owner on Ticket Update\";s:6:\"active\";s:1:\"1\";s:2:\"id\";s:2:\"24\";s:10:\"workflowId\";s:2:\"20\";s:9:\"fromEmail\";s:93:\"$(general : (__VtigerMeta__) supportName)&lt;$(general : (__VtigerMeta__) supportEmailId)&gt;\";s:9:\"recepient\";s:37:\",$(assigned_user_id : (Users) email1)\";s:7:\"subject\";s:40:\"Ticket Number : $ticket_no $ticket_title\";s:7:\"content\";s:596:\"Ticket ID : $(general : (__VtigerMeta__) recordId)<br>Ticket Title : $ticket_title<br><br>\n								Dear $(assigned_user_id : (Users) last_name) $(assigned_user_id : (Users) first_name),<br><br>\n								The Ticket is replied the details are :<br><br>\n								Ticket No : $ticket_no<br>\n								Status : $ticketstatus<br>\n								Category : $ticketcategories<br>\n								Severity : $ticketseverities<br>\n								Priority : $ticketpriorities<br><br>\n								Description : <br>$description<br><br>\n								Solution : <br>$solution\n								$allComments<br><br>\n								Regards<br>Support Administrator\";}'),(25,21,'Ticket Creation From CRM : Send Email to Record Owner','O:11:\"VTEmailTask\":9:{s:18:\"executeImmediately\";s:1:\"0\";s:7:\"summary\";s:53:\"Ticket Creation From CRM : Send Email to Record Owner\";s:6:\"active\";s:1:\"1\";s:2:\"id\";s:2:\"25\";s:10:\"workflowId\";s:2:\"21\";s:9:\"fromEmail\";s:93:\"$(general : (__VtigerMeta__) supportName)&lt;$(general : (__VtigerMeta__) supportEmailId)&gt;\";s:9:\"recepient\";s:37:\",$(assigned_user_id : (Users) email1)\";s:7:\"subject\";s:40:\"Ticket Number : $ticket_no $ticket_title\";s:7:\"content\";s:596:\"Ticket ID : $(general : (__VtigerMeta__) recordId)<br>Ticket Title : $ticket_title<br><br>\n								Dear $(assigned_user_id : (Users) last_name) $(assigned_user_id : (Users) first_name),<br><br>\n								The Ticket is replied the details are :<br><br>\n								Ticket No : $ticket_no<br>\n								Status : $ticketstatus<br>\n								Category : $ticketcategories<br>\n								Severity : $ticketseverities<br>\n								Priority : $ticketpriorities<br><br>\n								Description : <br>$description<br><br>\n								Solution : <br>$solution\n								$allComments<br><br>\n								Regards<br>Support Administrator\";}'),(26,22,'Send Email to Organization on Ticket Update','O:11:\"VTEmailTask\":9:{s:18:\"executeImmediately\";s:1:\"0\";s:7:\"summary\";s:43:\"Send Email to Organization on Ticket Update\";s:6:\"active\";s:1:\"1\";s:2:\"id\";s:2:\"26\";s:9:\"fromEmail\";s:93:\"$(general : (__VtigerMeta__) supportName)&lt;$(general : (__VtigerMeta__) supportEmailId)&gt;\";s:9:\"recepient\";s:33:\",$(parent_id : (Accounts) email1)\";s:7:\"subject\";s:79:\"$ticket_no [ Ticket Id : $(general : (__VtigerMeta__) recordId) ] $ticket_title\";s:7:\"content\";s:589:\"Ticket ID : $(general : (__VtigerMeta__) recordId)<br>Ticket Title : $ticket_title<br><br>\n								Dear $(parent_id : (Accounts) accountname),<br><br>\n								The Ticket is replied the details are :<br><br>\n								Ticket No : $ticket_no<br>\n								Status : $ticketstatus<br>\n								Category : $ticketcategories<br>\n								Severity : $ticketseverities<br>\n								Priority : $ticketpriorities<br><br>\n								Description : <br>$description<br><br>\n								Solution : <br>$solution<br>\n								The comments are : <br>\n								$allComments<br><br>\n								Regards<br>Support Administrator\";s:10:\"workflowId\";s:2:\"22\";}'),(27,23,'Ticket Creation From CRM : Send Email to Organization','O:11:\"VTEmailTask\":9:{s:18:\"executeImmediately\";s:1:\"0\";s:7:\"summary\";s:53:\"Ticket Creation From CRM : Send Email to Organization\";s:6:\"active\";s:1:\"1\";s:2:\"id\";s:2:\"27\";s:9:\"fromEmail\";s:93:\"$(general : (__VtigerMeta__) supportName)&lt;$(general : (__VtigerMeta__) supportEmailId)&gt;\";s:9:\"recepient\";s:33:\",$(parent_id : (Accounts) email1)\";s:7:\"subject\";s:79:\"$ticket_no [ Ticket Id : $(general : (__VtigerMeta__) recordId) ] $ticket_title\";s:7:\"content\";s:589:\"Ticket ID : $(general : (__VtigerMeta__) recordId)<br>Ticket Title : $ticket_title<br><br>\n								Dear $(parent_id : (Accounts) accountname),<br><br>\n								The Ticket is replied the details are :<br><br>\n								Ticket No : $ticket_no<br>\n								Status : $ticketstatus<br>\n								Category : $ticketcategories<br>\n								Severity : $ticketseverities<br>\n								Priority : $ticketpriorities<br><br>\n								Description : <br>$description<br><br>\n								Solution : <br>$solution<br>\n								The comments are : <br>\n								$allComments<br><br>\n								Regards<br>Support Administrator\";s:10:\"workflowId\";s:2:\"23\";}'),(28,24,'Ticket Creation From CRM : Send Email to Contact','O:11:\"VTEmailTask\":9:{s:18:\"executeImmediately\";s:1:\"0\";s:7:\"summary\";s:48:\"Ticket Creation From CRM : Send Email to Contact\";s:6:\"active\";s:1:\"1\";s:2:\"id\";s:2:\"28\";s:9:\"fromEmail\";s:93:\"$(general : (__VtigerMeta__) supportName)&lt;$(general : (__VtigerMeta__) supportEmailId)&gt;\";s:9:\"recepient\";s:33:\",$(contact_id : (Contacts) email)\";s:7:\"subject\";s:79:\"$ticket_no [ Ticket Id : $(general : (__VtigerMeta__) recordId) ] $ticket_title\";s:7:\"content\";s:624:\"Ticket ID : $(general : (__VtigerMeta__) recordId)<br>Ticket Title : $ticket_title<br><br>\n								Dear $(contact_id : (Contacts) lastname) $(contact_id : (Contacts) firstname),<br><br>\n								The Ticket is replied the details are :<br><br>\n								Ticket No : $ticket_no<br>\n								Status : $ticketstatus<br>\n								Category : $ticketcategories<br>\n								Severity : $ticketseverities<br>\n								Priority : $ticketpriorities<br><br>\n								Description : <br>$description<br><br>\n								Solution : <br>$solution<br>\n								The comments are : <br>\n								$allComments<br><br>\n								Regards<br>Support Administrator\";s:10:\"workflowId\";s:2:\"24\";}'),(29,25,'PRUEBA','O:11:\"VTEmailTask\":17:{s:18:\"executeImmediately\";b:0;s:10:\"workflowId\";s:2:\"25\";s:7:\"summary\";s:6:\"PRUEBA\";s:6:\"active\";b:1;s:7:\"trigger\";N;s:7:\"subject\";s:6:\"PRUEBA\";s:7:\"content\";s:67:\"<html>\r\n<head>\r\n	<title></title>\r\n</head>\r\n<body></body>\r\n</html>\r\n\";s:9:\"recepient\";s:7:\",$email\";s:7:\"emailcc\";s:0:\"\";s:8:\"emailbcc\";s:0:\"\";s:9:\"fromEmail\";s:25:\"paola.delgado@detupiel.co\";s:3:\"pdf\";s:0:\"\";s:13:\"pdfTemplateId\";s:0:\"\";s:9:\"signature\";s:0:\"\";s:7:\"replyTo\";s:0:\"\";s:19:\"field_value_mapping\";s:4:\"null\";s:2:\"id\";i:29;}');
/*!40000 ALTER TABLE `com_vtiger_workflowtasks` ENABLE KEYS */;
UNLOCK TABLES;

--
-- Table structure for table `com_vtiger_workflowtasks_entitymethod`
--

DROP TABLE IF EXISTS `com_vtiger_workflowtasks_entitymethod`;
/*!40101 SET @saved_cs_client     = @@character_set_client */;
/*!40101 SET character_set_client = utf8 */;
CREATE TABLE `com_vtiger_workflowtasks_entitymethod` (
  `workflowtasks_entitymethod_id` int(11) NOT NULL,
  `module_name` varchar(100) DEFAULT NULL,
  `method_name` varchar(100) DEFAULT NULL,
  `function_path` varchar(400) DEFAULT NULL,
  `function_name` varchar(100) DEFAULT NULL,
  PRIMARY KEY (`workflowtasks_entitymethod_id`),
  UNIQUE KEY `com_vtiger_workflowtasks_entitymethod_idx` (`workflowtasks_entitymethod_id`)
) ENGINE=InnoDB DEFAULT CHARSET=utf8;
/*!40101 SET character_set_client = @saved_cs_client */;

--
-- Dumping data for table `com_vtiger_workflowtasks_entitymethod`
--

LOCK TABLES `com_vtiger_workflowtasks_entitymethod` WRITE;
/*!40000 ALTER TABLE `com_vtiger_workflowtasks_entitymethod` DISABLE KEYS */;
INSERT INTO `com_vtiger_workflowtasks_entitymethod` VALUES (1,'SalesOrder','UpdateInventory','include/InventoryHandler.php','handleInventoryProductRel'),(2,'Invoice','UpdateInventory','include/InventoryHandler.php','handleInventoryProductRel'),(3,'Contacts','SendPortalLoginDetails','modules/Contacts/ContactsHandler.php','Contacts_sendCustomerPortalLoginDetails'),(4,'HelpDesk','NotifyOnPortalTicketCreation','modules/HelpDesk/HelpDeskHandler.php','HelpDesk_nofifyOnPortalTicketCreation'),(5,'HelpDesk','NotifyOnPortalTicketComment','modules/HelpDesk/HelpDeskHandler.php','HelpDesk_notifyOnPortalTicketComment'),(6,'HelpDesk','NotifyOwnerOnTicketChange','modules/HelpDesk/HelpDeskHandler.php','HelpDesk_notifyOwnerOnTicketChange'),(7,'HelpDesk','NotifyParentOnTicketChange','modules/HelpDesk/HelpDeskHandler.php','HelpDesk_notifyParentOnTicketChange'),(8,'ModComments','CustomerCommentFromPortal','modules/ModComments/ModCommentsHandler.php','CustomerCommentFromPortal'),(9,'ModComments','TicketOwnerComments','modules/ModComments/ModCommentsHandler.php','TicketOwnerComments'),(10,'PurchaseOrder','UpdateInventory','include/InventoryHandler.php','handleInventoryProductRel');
/*!40000 ALTER TABLE `com_vtiger_workflowtasks_entitymethod` ENABLE KEYS */;
UNLOCK TABLES;

--
-- Table structure for table `com_vtiger_workflowtasks_entitymethod_seq`
--

DROP TABLE IF EXISTS `com_vtiger_workflowtasks_entitymethod_seq`;
/*!40101 SET @saved_cs_client     = @@character_set_client */;
/*!40101 SET character_set_client = utf8 */;
CREATE TABLE `com_vtiger_workflowtasks_entitymethod_seq` (
  `id` int(11) NOT NULL
) ENGINE=InnoDB DEFAULT CHARSET=utf8;
/*!40101 SET character_set_client = @saved_cs_client */;

--
-- Dumping data for table `com_vtiger_workflowtasks_entitymethod_seq`
--

LOCK TABLES `com_vtiger_workflowtasks_entitymethod_seq` WRITE;
/*!40000 ALTER TABLE `com_vtiger_workflowtasks_entitymethod_seq` DISABLE KEYS */;
INSERT INTO `com_vtiger_workflowtasks_entitymethod_seq` VALUES (10);
/*!40000 ALTER TABLE `com_vtiger_workflowtasks_entitymethod_seq` ENABLE KEYS */;
UNLOCK TABLES;

--
-- Table structure for table `com_vtiger_workflowtasks_seq`
--

DROP TABLE IF EXISTS `com_vtiger_workflowtasks_seq`;
/*!40101 SET @saved_cs_client     = @@character_set_client */;
/*!40101 SET character_set_client = utf8 */;
CREATE TABLE `com_vtiger_workflowtasks_seq` (
  `id` int(11) NOT NULL
) ENGINE=InnoDB DEFAULT CHARSET=utf8;
/*!40101 SET character_set_client = @saved_cs_client */;

--
-- Dumping data for table `com_vtiger_workflowtasks_seq`
--

LOCK TABLES `com_vtiger_workflowtasks_seq` WRITE;
/*!40000 ALTER TABLE `com_vtiger_workflowtasks_seq` DISABLE KEYS */;
INSERT INTO `com_vtiger_workflowtasks_seq` VALUES (29);
/*!40000 ALTER TABLE `com_vtiger_workflowtasks_seq` ENABLE KEYS */;
UNLOCK TABLES;

--
-- Table structure for table `com_vtiger_workflowtemplates`
--

DROP TABLE IF EXISTS `com_vtiger_workflowtemplates`;
/*!40101 SET @saved_cs_client     = @@character_set_client */;
/*!40101 SET character_set_client = utf8 */;
CREATE TABLE `com_vtiger_workflowtemplates` (
  `template_id` int(11) NOT NULL AUTO_INCREMENT,
  `module_name` varchar(100) DEFAULT NULL,
  `title` varchar(400) DEFAULT NULL,
  `template` text,
  PRIMARY KEY (`template_id`)
) ENGINE=InnoDB DEFAULT CHARSET=utf8;
/*!40101 SET character_set_client = @saved_cs_client */;

--
-- Dumping data for table `com_vtiger_workflowtemplates`
--

LOCK TABLES `com_vtiger_workflowtemplates` WRITE;
/*!40000 ALTER TABLE `com_vtiger_workflowtemplates` DISABLE KEYS */;
/*!40000 ALTER TABLE `com_vtiger_workflowtemplates` ENABLE KEYS */;
UNLOCK TABLES;

--
-- Table structure for table `its4you_installer_alert`
--

DROP TABLE IF EXISTS `its4you_installer_alert`;
/*!40101 SET @saved_cs_client     = @@character_set_client */;
/*!40101 SET character_set_client = utf8 */;
CREATE TABLE `its4you_installer_alert` (
  `alert` int(11) DEFAULT NULL,
  `message` varchar(250) DEFAULT NULL,
  `alert_type` varchar(50) DEFAULT NULL,
  `link` varchar(250) DEFAULT NULL,
  `createdtime` datetime DEFAULT NULL,
  `status` int(1) DEFAULT NULL
) ENGINE=InnoDB DEFAULT CHARSET=utf8;
/*!40101 SET character_set_client = @saved_cs_client */;

--
-- Dumping data for table `its4you_installer_alert`
--

LOCK TABLES `its4you_installer_alert` WRITE;
/*!40000 ALTER TABLE `its4you_installer_alert` DISABLE KEYS */;
INSERT INTO `its4you_installer_alert` VALUES (62510,'Nueva actualizacin lista para  Flujo de Procesos','update','index.php?module=ITS4YouInstaller&parent=Settings&view=Extensions','2022-03-14 17:05:04',1),(108778,'Nueva actualizacin lista para  Instalador','update','index.php?module=ITS4YouInstaller&parent=Settings&view=Extensions','2022-03-14 17:05:04',1);
/*!40000 ALTER TABLE `its4you_installer_alert` ENABLE KEYS */;
UNLOCK TABLES;

--
-- Table structure for table `its4you_installer_license`
--

DROP TABLE IF EXISTS `its4you_installer_license`;
/*!40101 SET @saved_cs_client     = @@character_set_client */;
/*!40101 SET character_set_client = utf8 */;
CREATE TABLE `its4you_installer_license` (
  `license` varchar(250) NOT NULL,
  `license_data` text,
  PRIMARY KEY (`license`)
) ENGINE=MyISAM DEFAULT CHARSET=utf8;
/*!40101 SET character_set_client = @saved_cs_client */;

--
-- Dumping data for table `its4you_installer_license`
--

LOCK TABLES `its4you_installer_license` WRITE;
/*!40000 ALTER TABLE `its4you_installer_license` DISABLE KEYS */;
/*!40000 ALTER TABLE `its4you_installer_license` ENABLE KEYS */;
UNLOCK TABLES;

--
-- Table structure for table `its4you_installer_user`
--

DROP TABLE IF EXISTS `its4you_installer_user`;
/*!40101 SET @saved_cs_client     = @@character_set_client */;
/*!40101 SET character_set_client = utf8 */;
CREATE TABLE `its4you_installer_user` (
  `userid` int(11) DEFAULT NULL,
  `username` varchar(200) DEFAULT NULL,
  `password` varchar(200) DEFAULT NULL,
  `createdon` datetime DEFAULT NULL
) ENGINE=InnoDB DEFAULT CHARSET=utf8;
/*!40101 SET character_set_client = @saved_cs_client */;

--
-- Dumping data for table `its4you_installer_user`
--

LOCK TABLES `its4you_installer_user` WRITE;
/*!40000 ALTER TABLE `its4you_installer_user` DISABLE KEYS */;
INSERT INTO `its4you_installer_user` VALUES (2897704,'victor.diaz@emefectivas.com','$2y$10$yNSFDCUDCd8ALCZCaaYFq.ytNI6jeeVCp.8AT0VnOJ8AJGctOWsES','2022-01-23 16:07:04');
/*!40000 ALTER TABLE `its4you_installer_user` ENABLE KEYS */;
UNLOCK TABLES;

--
-- Table structure for table `its4you_installer_version`
--

DROP TABLE IF EXISTS `its4you_installer_version`;
/*!40101 SET @saved_cs_client     = @@character_set_client */;
/*!40101 SET character_set_client = utf8 */;
CREATE TABLE `its4you_installer_version` (
  `versionid` int(11) NOT NULL AUTO_INCREMENT,
  `extension` varchar(30) DEFAULT NULL,
  `version` varchar(25) DEFAULT NULL,
  PRIMARY KEY (`versionid`),
  UNIQUE KEY `extension` (`extension`)
) ENGINE=MyISAM AUTO_INCREMENT=4 DEFAULT CHARSET=utf8;
/*!40101 SET character_set_client = @saved_cs_client */;

--
-- Dumping data for table `its4you_installer_version`
--

LOCK TABLES `its4you_installer_version` WRITE;
/*!40000 ALTER TABLE `its4you_installer_version` DISABLE KEYS */;
INSERT INTO `its4you_installer_version` VALUES (1,'PDFMaker','0.9'),(2,'ITS4YouPicklistImport','0.1'),(3,'ITS4YouProcessFlow','0.15');
/*!40000 ALTER TABLE `its4you_installer_version` ENABLE KEYS */;
UNLOCK TABLES;

--
-- Table structure for table `its4you_processflow`
--

DROP TABLE IF EXISTS `its4you_processflow`;
/*!40101 SET @saved_cs_client     = @@character_set_client */;
/*!40101 SET character_set_client = utf8 */;
CREATE TABLE `its4you_processflow` (
  `pfid` int(11) NOT NULL,
  `pfname` text NOT NULL,
  `description` text NOT NULL,
  `module_name` varchar(255) NOT NULL,
  `conditions` longtext NOT NULL,
  `parent_id` int(11) DEFAULT NULL,
  `seq` int(11) DEFAULT NULL,
  `status` int(2) NOT NULL DEFAULT '0',
  `if_type` int(2) DEFAULT '0',
  `deleted` int(2) NOT NULL DEFAULT '0',
  PRIMARY KEY (`pfid`),
  KEY `module` (`module_name`),
  KEY `deleted` (`deleted`),
  KEY `seq` (`seq`),
  KEY `status` (`status`),
  KEY `if_type` (`if_type`),
  KEY `parent_id` (`parent_id`)
) ENGINE=InnoDB DEFAULT CHARSET=utf8;
/*!40101 SET character_set_client = @saved_cs_client */;

--
-- Dumping data for table `its4you_processflow`
--

LOCK TABLES `its4you_processflow` WRITE;
/*!40000 ALTER TABLE `its4you_processflow` DISABLE KEYS */;
/*!40000 ALTER TABLE `its4you_processflow` ENABLE KEYS */;
UNLOCK TABLES;

--
-- Table structure for table `its4you_processflowrel`
--

DROP TABLE IF EXISTS `its4you_processflowrel`;
/*!40101 SET @saved_cs_client     = @@character_set_client */;
/*!40101 SET character_set_client = utf8 */;
CREATE TABLE `its4you_processflowrel` (
  `id` int(11) NOT NULL,
  `pfid` int(11) NOT NULL,
  `parent_id` int(11) NOT NULL,
  `parent_module` varchar(250) NOT NULL,
  `info` text,
  `status` int(2) NOT NULL DEFAULT '0',
  `for_list` int(2) DEFAULT '0',
  `for_detail` int(2) DEFAULT '0',
  `for_edit` int(2) DEFAULT '0',
  `source_module` varchar(255) DEFAULT NULL,
  `if_type` int(2) DEFAULT '0',
  `deleted` int(2) NOT NULL DEFAULT '0',
  `method_name` varchar(200) DEFAULT NULL,
  PRIMARY KEY (`id`),
  KEY `pfid` (`pfid`),
  KEY `parent_id` (`parent_id`),
  KEY `for_list` (`for_list`),
  KEY `for_detail` (`for_detail`),
  KEY `for_edit` (`for_edit`),
  KEY `if_type` (`if_type`),
  KEY `deleted` (`deleted`)
) ENGINE=InnoDB DEFAULT CHARSET=utf8;
/*!40101 SET character_set_client = @saved_cs_client */;

--
-- Dumping data for table `its4you_processflowrel`
--

LOCK TABLES `its4you_processflowrel` WRITE;
/*!40000 ALTER TABLE `its4you_processflowrel` DISABLE KEYS */;
/*!40000 ALTER TABLE `its4you_processflowrel` ENABLE KEYS */;
UNLOCK TABLES;

--
-- Table structure for table `vtiger_account`
--

DROP TABLE IF EXISTS `vtiger_account`;
/*!40101 SET @saved_cs_client     = @@character_set_client */;
/*!40101 SET character_set_client = utf8 */;
CREATE TABLE `vtiger_account` (
  `accountid` int(19) NOT NULL DEFAULT '0',
  `account_no` varchar(100) NOT NULL,
  `accountname` varchar(100) NOT NULL,
  `parentid` int(19) DEFAULT '0',
  `account_type` varchar(200) DEFAULT NULL,
  `industry` varchar(200) DEFAULT NULL,
  `annualrevenue` decimal(25,8) DEFAULT NULL,
  `rating` varchar(200) DEFAULT NULL,
  `ownership` varchar(50) DEFAULT NULL,
  `siccode` varchar(50) DEFAULT NULL,
  `tickersymbol` varchar(30) DEFAULT NULL,
  `phone` varchar(30) DEFAULT NULL,
  `otherphone` varchar(30) DEFAULT NULL,
  `email1` varchar(100) DEFAULT NULL,
  `email2` varchar(100) DEFAULT NULL,
  `website` varchar(100) DEFAULT NULL,
  `fax` varchar(30) DEFAULT NULL,
  `employees` int(10) DEFAULT '0',
  `emailoptout` varchar(3) DEFAULT '0',
  `notify_owner` varchar(3) DEFAULT '0',
  `isconvertedfromlead` varchar(3) DEFAULT '0',
  `tags` varchar(1) DEFAULT NULL,
  PRIMARY KEY (`accountid`),
  KEY `account_account_type_idx` (`account_type`),
  KEY `email_idx` (`email1`,`email2`),
  CONSTRAINT `fk_1_vtiger_account` FOREIGN KEY (`accountid`) REFERENCES `vtiger_crmentity` (`crmid`) ON DELETE CASCADE
) ENGINE=InnoDB DEFAULT CHARSET=utf8;
/*!40101 SET character_set_client = @saved_cs_client */;

--
-- Dumping data for table `vtiger_account`
--

LOCK TABLES `vtiger_account` WRITE;
/*!40000 ALTER TABLE `vtiger_account` DISABLE KEYS */;
INSERT INTO `vtiger_account` VALUES (9,'ACC1','LA 14',0,'','',0.00000000,'','','','','','','','','','',0,'0','0','0','');
/*!40000 ALTER TABLE `vtiger_account` ENABLE KEYS */;
UNLOCK TABLES;

--
-- Table structure for table `vtiger_accountbillads`
--

DROP TABLE IF EXISTS `vtiger_accountbillads`;
/*!40101 SET @saved_cs_client     = @@character_set_client */;
/*!40101 SET character_set_client = utf8 */;
CREATE TABLE `vtiger_accountbillads` (
  `accountaddressid` int(19) NOT NULL DEFAULT '0',
  `bill_city` varchar(30) DEFAULT NULL,
  `bill_code` varchar(30) DEFAULT NULL,
  `bill_country` varchar(30) DEFAULT NULL,
  `bill_state` varchar(30) DEFAULT NULL,
  `bill_street` varchar(250) DEFAULT NULL,
  `bill_pobox` varchar(30) DEFAULT NULL,
  PRIMARY KEY (`accountaddressid`),
  CONSTRAINT `fk_1_vtiger_accountbillads` FOREIGN KEY (`accountaddressid`) REFERENCES `vtiger_account` (`accountid`) ON DELETE CASCADE
) ENGINE=InnoDB DEFAULT CHARSET=utf8;
/*!40101 SET character_set_client = @saved_cs_client */;

--
-- Dumping data for table `vtiger_accountbillads`
--

LOCK TABLES `vtiger_accountbillads` WRITE;
/*!40000 ALTER TABLE `vtiger_accountbillads` DISABLE KEYS */;
INSERT INTO `vtiger_accountbillads` VALUES (9,'','','','','','');
/*!40000 ALTER TABLE `vtiger_accountbillads` ENABLE KEYS */;
UNLOCK TABLES;

--
-- Table structure for table `vtiger_accountrating`
--

DROP TABLE IF EXISTS `vtiger_accountrating`;
/*!40101 SET @saved_cs_client     = @@character_set_client */;
/*!40101 SET character_set_client = utf8 */;
CREATE TABLE `vtiger_accountrating` (
  `accountratingid` int(19) NOT NULL AUTO_INCREMENT,
  `rating` varchar(200) NOT NULL,
  `sortorderid` int(19) NOT NULL DEFAULT '0',
  `presence` int(1) NOT NULL DEFAULT '1',
  PRIMARY KEY (`accountratingid`),
  UNIQUE KEY `accountrating_rating_idx` (`rating`)
) ENGINE=InnoDB DEFAULT CHARSET=utf8;
/*!40101 SET character_set_client = @saved_cs_client */;

--
-- Dumping data for table `vtiger_accountrating`
--

LOCK TABLES `vtiger_accountrating` WRITE;
/*!40000 ALTER TABLE `vtiger_accountrating` DISABLE KEYS */;
/*!40000 ALTER TABLE `vtiger_accountrating` ENABLE KEYS */;
UNLOCK TABLES;

--
-- Table structure for table `vtiger_accountscf`
--

DROP TABLE IF EXISTS `vtiger_accountscf`;
/*!40101 SET @saved_cs_client     = @@character_set_client */;
/*!40101 SET character_set_client = utf8 */;
CREATE TABLE `vtiger_accountscf` (
  `accountid` int(19) NOT NULL DEFAULT '0',
  `ee_google_search` varchar(100) DEFAULT NULL,
  PRIMARY KEY (`accountid`),
  CONSTRAINT `fk_1_vtiger_accountscf` FOREIGN KEY (`accountid`) REFERENCES `vtiger_account` (`accountid`) ON DELETE CASCADE
) ENGINE=InnoDB DEFAULT CHARSET=utf8;
/*!40101 SET character_set_client = @saved_cs_client */;

--
-- Dumping data for table `vtiger_accountscf`
--

LOCK TABLES `vtiger_accountscf` WRITE;
/*!40000 ALTER TABLE `vtiger_accountscf` DISABLE KEYS */;
INSERT INTO `vtiger_accountscf` VALUES (9,NULL);
/*!40000 ALTER TABLE `vtiger_accountscf` ENABLE KEYS */;
UNLOCK TABLES;

--
-- Table structure for table `vtiger_accountshipads`
--

DROP TABLE IF EXISTS `vtiger_accountshipads`;
/*!40101 SET @saved_cs_client     = @@character_set_client */;
/*!40101 SET character_set_client = utf8 */;
CREATE TABLE `vtiger_accountshipads` (
  `accountaddressid` int(19) NOT NULL DEFAULT '0',
  `ship_city` varchar(30) DEFAULT NULL,
  `ship_code` varchar(30) DEFAULT NULL,
  `ship_country` varchar(30) DEFAULT NULL,
  `ship_state` varchar(30) DEFAULT NULL,
  `ship_pobox` varchar(30) DEFAULT NULL,
  `ship_street` varchar(250) DEFAULT NULL,
  PRIMARY KEY (`accountaddressid`),
  CONSTRAINT `fk_1_vtiger_accountshipads` FOREIGN KEY (`accountaddressid`) REFERENCES `vtiger_account` (`accountid`) ON DELETE CASCADE
) ENGINE=InnoDB DEFAULT CHARSET=utf8;
/*!40101 SET character_set_client = @saved_cs_client */;

--
-- Dumping data for table `vtiger_accountshipads`
--

LOCK TABLES `vtiger_accountshipads` WRITE;
/*!40000 ALTER TABLE `vtiger_accountshipads` DISABLE KEYS */;
INSERT INTO `vtiger_accountshipads` VALUES (9,'','','','','','');
/*!40000 ALTER TABLE `vtiger_accountshipads` ENABLE KEYS */;
UNLOCK TABLES;

--
-- Table structure for table `vtiger_accounttype`
--

DROP TABLE IF EXISTS `vtiger_accounttype`;
/*!40101 SET @saved_cs_client     = @@character_set_client */;
/*!40101 SET character_set_client = utf8 */;
CREATE TABLE `vtiger_accounttype` (
  `accounttypeid` int(19) NOT NULL AUTO_INCREMENT,
  `accounttype` varchar(200) NOT NULL,
  `presence` int(1) NOT NULL DEFAULT '1',
  `picklist_valueid` int(19) NOT NULL DEFAULT '0',
  `sortorderid` int(11) DEFAULT NULL,
  `color` varchar(10) DEFAULT NULL,
  PRIMARY KEY (`accounttypeid`),
  UNIQUE KEY `accounttype_accounttype_idx` (`accounttype`)
) ENGINE=InnoDB AUTO_INCREMENT=12 DEFAULT CHARSET=utf8;
/*!40101 SET character_set_client = @saved_cs_client */;

--
-- Dumping data for table `vtiger_accounttype`
--

LOCK TABLES `vtiger_accounttype` WRITE;
/*!40000 ALTER TABLE `vtiger_accounttype` DISABLE KEYS */;
INSERT INTO `vtiger_accounttype` VALUES (2,'Analyst',1,2,1,NULL),(3,'Competitor',1,3,2,NULL),(4,'Customer',1,4,3,NULL),(5,'Integrator',1,5,4,NULL),(6,'Investor',1,6,5,NULL),(7,'Partner',1,7,6,NULL),(8,'Press',1,8,7,NULL),(9,'Prospect',1,9,8,NULL),(10,'Reseller',1,10,9,NULL),(11,'Other',1,11,10,NULL);
/*!40000 ALTER TABLE `vtiger_accounttype` ENABLE KEYS */;
UNLOCK TABLES;

--
-- Table structure for table `vtiger_accounttype_seq`
--

DROP TABLE IF EXISTS `vtiger_accounttype_seq`;
/*!40101 SET @saved_cs_client     = @@character_set_client */;
/*!40101 SET character_set_client = utf8 */;
CREATE TABLE `vtiger_accounttype_seq` (
  `id` int(11) NOT NULL
) ENGINE=InnoDB DEFAULT CHARSET=utf8;
/*!40101 SET character_set_client = @saved_cs_client */;

--
-- Dumping data for table `vtiger_accounttype_seq`
--

LOCK TABLES `vtiger_accounttype_seq` WRITE;
/*!40000 ALTER TABLE `vtiger_accounttype_seq` DISABLE KEYS */;
INSERT INTO `vtiger_accounttype_seq` VALUES (11);
/*!40000 ALTER TABLE `vtiger_accounttype_seq` ENABLE KEYS */;
UNLOCK TABLES;

--
-- Table structure for table `vtiger_actionmapping`
--

DROP TABLE IF EXISTS `vtiger_actionmapping`;
/*!40101 SET @saved_cs_client     = @@character_set_client */;
/*!40101 SET character_set_client = utf8 */;
CREATE TABLE `vtiger_actionmapping` (
  `actionid` int(19) NOT NULL,
  `actionname` varchar(200) NOT NULL,
  `securitycheck` int(19) DEFAULT NULL,
  PRIMARY KEY (`actionid`,`actionname`)
) ENGINE=InnoDB DEFAULT CHARSET=utf8;
/*!40101 SET character_set_client = @saved_cs_client */;

--
-- Dumping data for table `vtiger_actionmapping`
--

LOCK TABLES `vtiger_actionmapping` WRITE;
/*!40000 ALTER TABLE `vtiger_actionmapping` DISABLE KEYS */;
INSERT INTO `vtiger_actionmapping` VALUES (0,'Save',0),(0,'SavePriceBook',1),(0,'SaveVendor',1),(1,'DetailViewAjax',1),(1,'EditView',0),(1,'PriceBookEditView',1),(1,'QuickCreate',1),(1,'VendorEditView',1),(2,'Delete',0),(2,'DeletePriceBook',1),(2,'DeleteVendor',1),(3,'index',0),(3,'Popup',1),(4,'DetailView',0),(4,'PriceBookDetailView',1),(4,'TagCloud',1),(4,'VendorDetailView',1),(5,'Import',0),(6,'Export',0),(7,'CreateView',0),(8,'Merge',0),(9,'ConvertLead',0),(10,'DuplicatesHandling',0),(13,'Print',0);
/*!40000 ALTER TABLE `vtiger_actionmapping` ENABLE KEYS */;
UNLOCK TABLES;

--
-- Table structure for table `vtiger_activity`
--

DROP TABLE IF EXISTS `vtiger_activity`;
/*!40101 SET @saved_cs_client     = @@character_set_client */;
/*!40101 SET character_set_client = utf8 */;
CREATE TABLE `vtiger_activity` (
  `activityid` int(19) NOT NULL DEFAULT '0',
  `subject` varchar(255) DEFAULT NULL,
  `semodule` varchar(20) DEFAULT NULL,
  `activitytype` varchar(200) NOT NULL,
  `date_start` date NOT NULL,
  `due_date` date DEFAULT NULL,
  `time_start` varchar(50) DEFAULT NULL,
  `time_end` varchar(50) DEFAULT NULL,
  `sendnotification` varchar(3) NOT NULL DEFAULT '0',
  `duration_hours` varchar(200) DEFAULT NULL,
  `duration_minutes` varchar(200) DEFAULT NULL,
  `status` varchar(200) DEFAULT NULL,
  `eventstatus` varchar(200) DEFAULT NULL,
  `priority` varchar(200) DEFAULT NULL,
  `location` varchar(150) DEFAULT NULL,
  `notime` varchar(3) NOT NULL DEFAULT '0',
  `visibility` varchar(50) NOT NULL DEFAULT 'all',
  `recurringtype` varchar(200) DEFAULT NULL,
  `tags` varchar(1) DEFAULT NULL,
  PRIMARY KEY (`activityid`),
  KEY `activity_activityid_subject_idx` (`activityid`,`subject`),
  KEY `activity_activitytype_date_start_idx` (`activitytype`,`date_start`),
  KEY `activity_date_start_due_date_idx` (`date_start`,`due_date`),
  KEY `activity_date_start_time_start_idx` (`date_start`,`time_start`),
  KEY `activity_eventstatus_idx` (`eventstatus`),
  KEY `activity_status_idx` (`status`),
  CONSTRAINT `fk_1_vtiger_activity` FOREIGN KEY (`activityid`) REFERENCES `vtiger_crmentity` (`crmid`) ON DELETE CASCADE
) ENGINE=InnoDB DEFAULT CHARSET=utf8;
/*!40101 SET character_set_client = @saved_cs_client */;

--
-- Dumping data for table `vtiger_activity`
--

LOCK TABLES `vtiger_activity` WRITE;
/*!40000 ALTER TABLE `vtiger_activity` DISABLE KEYS */;
INSERT INTO `vtiger_activity` VALUES (30,'Regarding Contact Assignment','','Emails','2022-02-02',NULL,'16:05:01',NULL,'0',NULL,NULL,NULL,NULL,NULL,NULL,'0','all',NULL,''),(31,'Regarding Contact Assignment','','Emails','2022-02-02',NULL,'16:20:01',NULL,'0',NULL,NULL,NULL,NULL,NULL,NULL,'0','all',NULL,''),(1070,'LLAMADA DE SEGUIMIENTO SANDRA CADENA',NULL,'Task','2022-02-25','2022-02-25','11:30:00','','0','12','30','Planned','','','','0','Private','',''),(1075,'Regarding Contact Assignment','','Emails','2022-02-25',NULL,'15:55:03',NULL,'0',NULL,NULL,NULL,NULL,NULL,NULL,'0','all',NULL,''),(1077,'Regarding Contact Assignment','','Emails','2022-02-25',NULL,'18:55:02',NULL,'0',NULL,NULL,NULL,NULL,NULL,NULL,'0','all',NULL,''),(1080,'Regarding Contact Assignment','','Emails','2022-02-25',NULL,'19:10:02',NULL,'0',NULL,NULL,NULL,NULL,NULL,NULL,'0','all',NULL,''),(1081,'Regarding Contact Assignment','','Emails','2022-02-25',NULL,'19:10:02',NULL,'0',NULL,NULL,NULL,NULL,NULL,NULL,'0','all',NULL,''),(1083,'Regarding Contact Assignment','','Emails','2022-02-25',NULL,'19:25:01',NULL,'0',NULL,NULL,NULL,NULL,NULL,NULL,'0','all',NULL,''),(1085,'Regarding Contact Assignment','','Emails','2022-02-25',NULL,'19:55:02',NULL,'0',NULL,NULL,NULL,NULL,NULL,NULL,'0','all',NULL,''),(1089,'Regarding Contact Assignment','','Emails','2022-02-25',NULL,'20:10:02',NULL,'0',NULL,NULL,NULL,NULL,NULL,NULL,'0','all',NULL,''),(1092,'Regarding Contact Assignment','','Emails','2022-02-26',NULL,'20:40:04',NULL,'0',NULL,NULL,NULL,NULL,NULL,NULL,'0','all',NULL,''),(1099,'Regarding Contact Assignment','','Emails','2022-02-26',NULL,'20:55:02',NULL,'0',NULL,NULL,NULL,NULL,NULL,NULL,'0','all',NULL,''),(1100,'Regarding Contact Assignment','','Emails','2022-02-26',NULL,'20:55:03',NULL,'0',NULL,NULL,NULL,NULL,NULL,NULL,'0','all',NULL,''),(1101,'Regarding Contact Assignment','','Emails','2022-02-26',NULL,'20:55:03',NULL,'0',NULL,NULL,NULL,NULL,NULL,NULL,'0','all',NULL,''),(1102,'Regarding Contact Assignment','','Emails','2022-02-26',NULL,'20:55:03',NULL,'0',NULL,NULL,NULL,NULL,NULL,NULL,'0','all',NULL,''),(1103,'Regarding Contact Assignment','','Emails','2022-02-26',NULL,'20:55:03',NULL,'0',NULL,NULL,NULL,NULL,NULL,NULL,'0','all',NULL,''),(1112,'Regarding Contact Assignment','','Emails','2022-02-26',NULL,'21:10:04',NULL,'0',NULL,NULL,NULL,NULL,NULL,NULL,'0','all',NULL,''),(1113,'Regarding Contact Assignment','','Emails','2022-02-26',NULL,'21:10:04',NULL,'0',NULL,NULL,NULL,NULL,NULL,NULL,'0','all',NULL,''),(1114,'Regarding Contact Assignment','','Emails','2022-02-26',NULL,'21:10:05',NULL,'0',NULL,NULL,NULL,NULL,NULL,NULL,'0','all',NULL,''),(1115,'Regarding Contact Assignment','','Emails','2022-02-26',NULL,'21:10:05',NULL,'0',NULL,NULL,NULL,NULL,NULL,NULL,'0','all',NULL,''),(1119,'Regarding Contact Assignment','','Emails','2022-02-26',NULL,'21:25:02',NULL,'0',NULL,NULL,NULL,NULL,NULL,NULL,'0','all',NULL,''),(1120,'Regarding Contact Assignment','','Emails','2022-02-26',NULL,'21:25:02',NULL,'0',NULL,NULL,NULL,NULL,NULL,NULL,'0','all',NULL,''),(1125,'Regarding Contact Assignment','','Emails','2022-02-26',NULL,'21:40:04',NULL,'0',NULL,NULL,NULL,NULL,NULL,NULL,'0','all',NULL,''),(1126,'Regarding Contact Assignment','','Emails','2022-02-26',NULL,'21:40:04',NULL,'0',NULL,NULL,NULL,NULL,NULL,NULL,'0','all',NULL,''),(1129,'prueba DE TU PIEL','','Emails','2022-03-05',NULL,'00:16',NULL,'0',NULL,NULL,NULL,NULL,NULL,NULL,'0','all',NULL,''),(1130,'PRUEBA','','Emails','2022-03-05',NULL,'03:30:02',NULL,'0',NULL,NULL,NULL,NULL,NULL,NULL,'0','all',NULL,'');
/*!40000 ALTER TABLE `vtiger_activity` ENABLE KEYS */;
UNLOCK TABLES;

--
-- Table structure for table `vtiger_activity_recurring_info`
--

DROP TABLE IF EXISTS `vtiger_activity_recurring_info`;
/*!40101 SET @saved_cs_client     = @@character_set_client */;
/*!40101 SET character_set_client = utf8 */;
CREATE TABLE `vtiger_activity_recurring_info` (
  `activityid` int(19) NOT NULL,
  `recurrenceid` int(19) NOT NULL
) ENGINE=InnoDB DEFAULT CHARSET=utf8;
/*!40101 SET character_set_client = @saved_cs_client */;

--
-- Dumping data for table `vtiger_activity_recurring_info`
--

LOCK TABLES `vtiger_activity_recurring_info` WRITE;
/*!40000 ALTER TABLE `vtiger_activity_recurring_info` DISABLE KEYS */;
/*!40000 ALTER TABLE `vtiger_activity_recurring_info` ENABLE KEYS */;
UNLOCK TABLES;

--
-- Table structure for table `vtiger_activity_reminder`
--

DROP TABLE IF EXISTS `vtiger_activity_reminder`;
/*!40101 SET @saved_cs_client     = @@character_set_client */;
/*!40101 SET character_set_client = utf8 */;
CREATE TABLE `vtiger_activity_reminder` (
  `activity_id` int(11) NOT NULL,
  `reminder_time` int(11) NOT NULL,
  `reminder_sent` int(2) NOT NULL,
  `recurringid` int(19) NOT NULL,
  PRIMARY KEY (`activity_id`,`recurringid`),
  CONSTRAINT `fk_activityid_vtiger_activity_reminder` FOREIGN KEY (`activity_id`) REFERENCES `vtiger_activity` (`activityid`) ON DELETE CASCADE
) ENGINE=InnoDB DEFAULT CHARSET=utf8;
/*!40101 SET character_set_client = @saved_cs_client */;

--
-- Dumping data for table `vtiger_activity_reminder`
--

LOCK TABLES `vtiger_activity_reminder` WRITE;
/*!40000 ALTER TABLE `vtiger_activity_reminder` DISABLE KEYS */;
INSERT INTO `vtiger_activity_reminder` VALUES (1070,0,0,0);
/*!40000 ALTER TABLE `vtiger_activity_reminder` ENABLE KEYS */;
UNLOCK TABLES;

--
-- Table structure for table `vtiger_activity_reminder_popup`
--

DROP TABLE IF EXISTS `vtiger_activity_reminder_popup`;
/*!40101 SET @saved_cs_client     = @@character_set_client */;
/*!40101 SET character_set_client = utf8 */;
CREATE TABLE `vtiger_activity_reminder_popup` (
  `reminderid` int(19) NOT NULL AUTO_INCREMENT,
  `semodule` varchar(100) NOT NULL,
  `recordid` int(19) NOT NULL,
  `date_start` date NOT NULL,
  `time_start` varchar(100) NOT NULL,
  `status` int(2) NOT NULL,
  PRIMARY KEY (`reminderid`)
) ENGINE=InnoDB DEFAULT CHARSET=utf8;
/*!40101 SET character_set_client = @saved_cs_client */;

--
-- Dumping data for table `vtiger_activity_reminder_popup`
--

LOCK TABLES `vtiger_activity_reminder_popup` WRITE;
/*!40000 ALTER TABLE `vtiger_activity_reminder_popup` DISABLE KEYS */;
/*!40000 ALTER TABLE `vtiger_activity_reminder_popup` ENABLE KEYS */;
UNLOCK TABLES;

--
-- Table structure for table `vtiger_activity_view`
--

DROP TABLE IF EXISTS `vtiger_activity_view`;
/*!40101 SET @saved_cs_client     = @@character_set_client */;
/*!40101 SET character_set_client = utf8 */;
CREATE TABLE `vtiger_activity_view` (
  `activity_viewid` int(19) NOT NULL AUTO_INCREMENT,
  `activity_view` varchar(200) NOT NULL,
  `sortorderid` int(19) NOT NULL DEFAULT '0',
  `presence` int(1) NOT NULL DEFAULT '1',
  PRIMARY KEY (`activity_viewid`)
) ENGINE=InnoDB AUTO_INCREMENT=6 DEFAULT CHARSET=utf8;
/*!40101 SET character_set_client = @saved_cs_client */;

--
-- Dumping data for table `vtiger_activity_view`
--

LOCK TABLES `vtiger_activity_view` WRITE;
/*!40000 ALTER TABLE `vtiger_activity_view` DISABLE KEYS */;
INSERT INTO `vtiger_activity_view` VALUES (1,'Today',0,1),(2,'This Week',1,1),(3,'This Month',2,1),(4,'This Year',3,1),(5,'Agenda',4,1);
/*!40000 ALTER TABLE `vtiger_activity_view` ENABLE KEYS */;
UNLOCK TABLES;

--
-- Table structure for table `vtiger_activity_view_seq`
--

DROP TABLE IF EXISTS `vtiger_activity_view_seq`;
/*!40101 SET @saved_cs_client     = @@character_set_client */;
/*!40101 SET character_set_client = utf8 */;
CREATE TABLE `vtiger_activity_view_seq` (
  `id` int(11) NOT NULL
) ENGINE=InnoDB DEFAULT CHARSET=utf8;
/*!40101 SET character_set_client = @saved_cs_client */;

--
-- Dumping data for table `vtiger_activity_view_seq`
--

LOCK TABLES `vtiger_activity_view_seq` WRITE;
/*!40000 ALTER TABLE `vtiger_activity_view_seq` DISABLE KEYS */;
INSERT INTO `vtiger_activity_view_seq` VALUES (5);
/*!40000 ALTER TABLE `vtiger_activity_view_seq` ENABLE KEYS */;
UNLOCK TABLES;

--
-- Table structure for table `vtiger_activitycf`
--

DROP TABLE IF EXISTS `vtiger_activitycf`;
/*!40101 SET @saved_cs_client     = @@character_set_client */;
/*!40101 SET character_set_client = utf8 */;
CREATE TABLE `vtiger_activitycf` (
  `activityid` int(19) NOT NULL DEFAULT '0',
  PRIMARY KEY (`activityid`),
  CONSTRAINT `fk_activityid_vtiger_activitycf` FOREIGN KEY (`activityid`) REFERENCES `vtiger_activity` (`activityid`) ON DELETE CASCADE
) ENGINE=InnoDB DEFAULT CHARSET=utf8;
/*!40101 SET character_set_client = @saved_cs_client */;

--
-- Dumping data for table `vtiger_activitycf`
--

LOCK TABLES `vtiger_activitycf` WRITE;
/*!40000 ALTER TABLE `vtiger_activitycf` DISABLE KEYS */;
INSERT INTO `vtiger_activitycf` VALUES (1070);
/*!40000 ALTER TABLE `vtiger_activitycf` ENABLE KEYS */;
UNLOCK TABLES;

--
-- Table structure for table `vtiger_activityproductrel`
--

DROP TABLE IF EXISTS `vtiger_activityproductrel`;
/*!40101 SET @saved_cs_client     = @@character_set_client */;
/*!40101 SET character_set_client = utf8 */;
CREATE TABLE `vtiger_activityproductrel` (
  `activityid` int(19) NOT NULL DEFAULT '0',
  `productid` int(19) NOT NULL DEFAULT '0',
  PRIMARY KEY (`activityid`,`productid`),
  KEY `activityproductrel_activityid_idx` (`activityid`),
  KEY `activityproductrel_productid_idx` (`productid`),
  CONSTRAINT `fk_2_vtiger_activityproductrel` FOREIGN KEY (`productid`) REFERENCES `vtiger_products` (`productid`) ON DELETE CASCADE
) ENGINE=InnoDB DEFAULT CHARSET=utf8;
/*!40101 SET character_set_client = @saved_cs_client */;

--
-- Dumping data for table `vtiger_activityproductrel`
--

LOCK TABLES `vtiger_activityproductrel` WRITE;
/*!40000 ALTER TABLE `vtiger_activityproductrel` DISABLE KEYS */;
/*!40000 ALTER TABLE `vtiger_activityproductrel` ENABLE KEYS */;
UNLOCK TABLES;

--
-- Table structure for table `vtiger_activitytype`
--

DROP TABLE IF EXISTS `vtiger_activitytype`;
/*!40101 SET @saved_cs_client     = @@character_set_client */;
/*!40101 SET character_set_client = utf8 */;
CREATE TABLE `vtiger_activitytype` (
  `activitytypeid` int(19) NOT NULL AUTO_INCREMENT,
  `activitytype` varchar(200) NOT NULL,
  `presence` int(1) NOT NULL DEFAULT '1',
  `picklist_valueid` int(19) NOT NULL DEFAULT '0',
  `sortorderid` int(11) DEFAULT NULL,
  `color` varchar(10) DEFAULT NULL,
  PRIMARY KEY (`activitytypeid`),
  UNIQUE KEY `activitytype_activitytype_idx` (`activitytype`)
) ENGINE=InnoDB AUTO_INCREMENT=4 DEFAULT CHARSET=utf8;
/*!40101 SET character_set_client = @saved_cs_client */;

--
-- Dumping data for table `vtiger_activitytype`
--

LOCK TABLES `vtiger_activitytype` WRITE;
/*!40000 ALTER TABLE `vtiger_activitytype` DISABLE KEYS */;
INSERT INTO `vtiger_activitytype` VALUES (1,'Call',0,12,0,NULL),(2,'Meeting',0,13,1,NULL),(3,'Mobile Call',0,295,1,NULL);
/*!40000 ALTER TABLE `vtiger_activitytype` ENABLE KEYS */;
UNLOCK TABLES;

--
-- Table structure for table `vtiger_activitytype_seq`
--

DROP TABLE IF EXISTS `vtiger_activitytype_seq`;
/*!40101 SET @saved_cs_client     = @@character_set_client */;
/*!40101 SET character_set_client = utf8 */;
CREATE TABLE `vtiger_activitytype_seq` (
  `id` int(11) NOT NULL
) ENGINE=InnoDB DEFAULT CHARSET=utf8;
/*!40101 SET character_set_client = @saved_cs_client */;

--
-- Dumping data for table `vtiger_activitytype_seq`
--

LOCK TABLES `vtiger_activitytype_seq` WRITE;
/*!40000 ALTER TABLE `vtiger_activitytype_seq` DISABLE KEYS */;
INSERT INTO `vtiger_activitytype_seq` VALUES (3);
/*!40000 ALTER TABLE `vtiger_activitytype_seq` ENABLE KEYS */;
UNLOCK TABLES;

--
-- Table structure for table `vtiger_announcement`
--

DROP TABLE IF EXISTS `vtiger_announcement`;
/*!40101 SET @saved_cs_client     = @@character_set_client */;
/*!40101 SET character_set_client = utf8 */;
CREATE TABLE `vtiger_announcement` (
  `creatorid` int(19) NOT NULL,
  `announcement` text,
  `title` varchar(255) DEFAULT NULL,
  `time` timestamp NOT NULL DEFAULT CURRENT_TIMESTAMP ON UPDATE CURRENT_TIMESTAMP,
  PRIMARY KEY (`creatorid`),
  KEY `announcement_creatorid_idx` (`creatorid`)
) ENGINE=InnoDB DEFAULT CHARSET=utf8;
/*!40101 SET character_set_client = @saved_cs_client */;

--
-- Dumping data for table `vtiger_announcement`
--

LOCK TABLES `vtiger_announcement` WRITE;
/*!40000 ALTER TABLE `vtiger_announcement` DISABLE KEYS */;
/*!40000 ALTER TABLE `vtiger_announcement` ENABLE KEYS */;
UNLOCK TABLES;

--
-- Table structure for table `vtiger_app2tab`
--

DROP TABLE IF EXISTS `vtiger_app2tab`;
/*!40101 SET @saved_cs_client     = @@character_set_client */;
/*!40101 SET character_set_client = utf8 */;
CREATE TABLE `vtiger_app2tab` (
  `tabid` int(11) DEFAULT NULL,
  `appname` varchar(20) DEFAULT NULL,
  `sequence` int(19) DEFAULT NULL,
  `visible` int(3) DEFAULT '1',
  KEY `vtiger_app2tab_fk_tab` (`tabid`),
  CONSTRAINT `vtiger_app2tab_fk_tab` FOREIGN KEY (`tabid`) REFERENCES `vtiger_tab` (`tabid`) ON DELETE CASCADE
) ENGINE=InnoDB DEFAULT CHARSET=utf8;
/*!40101 SET character_set_client = @saved_cs_client */;

--
-- Dumping data for table `vtiger_app2tab`
--

LOCK TABLES `vtiger_app2tab` WRITE;
/*!40000 ALTER TABLE `vtiger_app2tab` DISABLE KEYS */;
INSERT INTO `vtiger_app2tab` VALUES (32,'INVENTORY',2,1),(34,'TOOLS',5,1),(35,'SUPPORT',3,1),(42,'TOOLS',4,1),(44,'TOOLS',1,1),(49,'SETTINGS',1,1),(2,'SALES',1,1),(20,'SALES',2,1),(4,'SALES',6,0),(6,'SALES',7,0),(14,'SALES',3,1),(32,'SALES',4,1),(4,'MARKETING',3,1),(6,'MARKETING',4,0),(7,'MARKETING',2,1),(26,'MARKETING',1,1),(4,'INVENTORY',8,0),(6,'INVENTORY',9,0),(22,'INVENTORY',5,1),(23,'INVENTORY',4,1),(14,'INVENTORY',1,1),(18,'INVENTORY',7,1),(19,'INVENTORY',3,1),(21,'INVENTORY',6,1),(4,'SUPPORT',6,0),(6,'SUPPORT',7,0),(13,'SUPPORT',1,1),(15,'SUPPORT',2,1),(47,'SUPPORT',4,1),(40,'PROJECT',1,1),(39,'PROJECT',2,1),(38,'PROJECT',3,1),(4,'PROJECT',4,0),(6,'PROJECT',5,0),(43,'SALES',5,1),(43,'SUPPORT',5,1),(24,'TOOLS',2,1),(27,'TOOLS',3,1),(52,'SETTINGS',2,1),(53,'TOOLS',6,1),(54,'SETTINGS',3,1),(55,'SETTINGS',4,1);
/*!40000 ALTER TABLE `vtiger_app2tab` ENABLE KEYS */;
UNLOCK TABLES;

--
-- Table structure for table `vtiger_assets`
--

DROP TABLE IF EXISTS `vtiger_assets`;
/*!40101 SET @saved_cs_client     = @@character_set_client */;
/*!40101 SET character_set_client = utf8 */;
CREATE TABLE `vtiger_assets` (
  `assetsid` int(11) NOT NULL,
  `asset_no` varchar(30) NOT NULL,
  `account` int(19) DEFAULT NULL,
  `product` int(19) NOT NULL,
  `serialnumber` varchar(200) DEFAULT NULL,
  `datesold` date DEFAULT NULL,
  `dateinservice` date DEFAULT NULL,
  `assetstatus` varchar(200) DEFAULT 'In Service',
  `tagnumber` varchar(300) DEFAULT NULL,
  `invoiceid` int(19) DEFAULT NULL,
  `shippingmethod` varchar(200) DEFAULT NULL,
  `shippingtrackingnumber` varchar(200) DEFAULT NULL,
  `assetname` varchar(100) DEFAULT NULL,
  `contact` int(19) DEFAULT NULL,
  `tags` varchar(1) DEFAULT NULL,
  PRIMARY KEY (`assetsid`),
  CONSTRAINT `fk_1_vtiger_assets` FOREIGN KEY (`assetsid`) REFERENCES `vtiger_crmentity` (`crmid`) ON DELETE CASCADE
) ENGINE=InnoDB DEFAULT CHARSET=utf8;
/*!40101 SET character_set_client = @saved_cs_client */;

--
-- Dumping data for table `vtiger_assets`
--

LOCK TABLES `vtiger_assets` WRITE;
/*!40000 ALTER TABLE `vtiger_assets` DISABLE KEYS */;
/*!40000 ALTER TABLE `vtiger_assets` ENABLE KEYS */;
UNLOCK TABLES;

--
-- Table structure for table `vtiger_assetscf`
--

DROP TABLE IF EXISTS `vtiger_assetscf`;
/*!40101 SET @saved_cs_client     = @@character_set_client */;
/*!40101 SET character_set_client = utf8 */;
CREATE TABLE `vtiger_assetscf` (
  `assetsid` int(19) NOT NULL,
  PRIMARY KEY (`assetsid`),
  CONSTRAINT `fk_assetsid_vtiger_assetscf` FOREIGN KEY (`assetsid`) REFERENCES `vtiger_assets` (`assetsid`) ON DELETE CASCADE
) ENGINE=InnoDB DEFAULT CHARSET=utf8;
/*!40101 SET character_set_client = @saved_cs_client */;

--
-- Dumping data for table `vtiger_assetscf`
--

LOCK TABLES `vtiger_assetscf` WRITE;
/*!40000 ALTER TABLE `vtiger_assetscf` DISABLE KEYS */;
/*!40000 ALTER TABLE `vtiger_assetscf` ENABLE KEYS */;
UNLOCK TABLES;

--
-- Table structure for table `vtiger_assetstatus`
--

DROP TABLE IF EXISTS `vtiger_assetstatus`;
/*!40101 SET @saved_cs_client     = @@character_set_client */;
/*!40101 SET character_set_client = utf8 */;
CREATE TABLE `vtiger_assetstatus` (
  `assetstatusid` int(11) NOT NULL AUTO_INCREMENT,
  `assetstatus` varchar(200) NOT NULL,
  `presence` int(1) NOT NULL DEFAULT '1',
  `picklist_valueid` int(11) NOT NULL DEFAULT '0',
  `sortorderid` int(11) DEFAULT '0',
  `color` varchar(10) DEFAULT NULL,
  PRIMARY KEY (`assetstatusid`)
) ENGINE=InnoDB AUTO_INCREMENT=3 DEFAULT CHARSET=utf8;
/*!40101 SET character_set_client = @saved_cs_client */;

--
-- Dumping data for table `vtiger_assetstatus`
--

LOCK TABLES `vtiger_assetstatus` WRITE;
/*!40000 ALTER TABLE `vtiger_assetstatus` DISABLE KEYS */;
INSERT INTO `vtiger_assetstatus` VALUES (1,'In Service',1,286,1,NULL),(2,'Out-of-service',1,287,2,NULL);
/*!40000 ALTER TABLE `vtiger_assetstatus` ENABLE KEYS */;
UNLOCK TABLES;

--
-- Table structure for table `vtiger_assetstatus_seq`
--

DROP TABLE IF EXISTS `vtiger_assetstatus_seq`;
/*!40101 SET @saved_cs_client     = @@character_set_client */;
/*!40101 SET character_set_client = utf8 */;
CREATE TABLE `vtiger_assetstatus_seq` (
  `id` int(11) NOT NULL
) ENGINE=InnoDB DEFAULT CHARSET=utf8;
/*!40101 SET character_set_client = @saved_cs_client */;

--
-- Dumping data for table `vtiger_assetstatus_seq`
--

LOCK TABLES `vtiger_assetstatus_seq` WRITE;
/*!40000 ALTER TABLE `vtiger_assetstatus_seq` DISABLE KEYS */;
INSERT INTO `vtiger_assetstatus_seq` VALUES (2);
/*!40000 ALTER TABLE `vtiger_assetstatus_seq` ENABLE KEYS */;
UNLOCK TABLES;

--
-- Table structure for table `vtiger_asterisk`
--

DROP TABLE IF EXISTS `vtiger_asterisk`;
/*!40101 SET @saved_cs_client     = @@character_set_client */;
/*!40101 SET character_set_client = utf8 */;
CREATE TABLE `vtiger_asterisk` (
  `server` varchar(30) DEFAULT NULL,
  `port` varchar(30) DEFAULT NULL,
  `username` varchar(50) DEFAULT NULL,
  `password` varchar(50) DEFAULT NULL,
  `version` varchar(50) DEFAULT NULL
) ENGINE=InnoDB DEFAULT CHARSET=utf8;
/*!40101 SET character_set_client = @saved_cs_client */;

--
-- Dumping data for table `vtiger_asterisk`
--

LOCK TABLES `vtiger_asterisk` WRITE;
/*!40000 ALTER TABLE `vtiger_asterisk` DISABLE KEYS */;
/*!40000 ALTER TABLE `vtiger_asterisk` ENABLE KEYS */;
UNLOCK TABLES;

--
-- Table structure for table `vtiger_asteriskextensions`
--

DROP TABLE IF EXISTS `vtiger_asteriskextensions`;
/*!40101 SET @saved_cs_client     = @@character_set_client */;
/*!40101 SET character_set_client = utf8 */;
CREATE TABLE `vtiger_asteriskextensions` (
  `userid` int(11) DEFAULT NULL,
  `asterisk_extension` varchar(50) DEFAULT NULL,
  `use_asterisk` varchar(3) DEFAULT NULL
) ENGINE=InnoDB DEFAULT CHARSET=utf8;
/*!40101 SET character_set_client = @saved_cs_client */;

--
-- Dumping data for table `vtiger_asteriskextensions`
--

LOCK TABLES `vtiger_asteriskextensions` WRITE;
/*!40000 ALTER TABLE `vtiger_asteriskextensions` DISABLE KEYS */;
INSERT INTO `vtiger_asteriskextensions` VALUES (1,NULL,NULL),(5,NULL,NULL);
/*!40000 ALTER TABLE `vtiger_asteriskextensions` ENABLE KEYS */;
UNLOCK TABLES;

--
-- Table structure for table `vtiger_asteriskincomingcalls`
--

DROP TABLE IF EXISTS `vtiger_asteriskincomingcalls`;
/*!40101 SET @saved_cs_client     = @@character_set_client */;
/*!40101 SET character_set_client = utf8 */;
CREATE TABLE `vtiger_asteriskincomingcalls` (
  `from_number` varchar(50) DEFAULT NULL,
  `from_name` varchar(50) DEFAULT NULL,
  `to_number` varchar(50) DEFAULT NULL,
  `callertype` varchar(30) DEFAULT NULL,
  `flag` int(19) DEFAULT NULL,
  `timer` int(19) DEFAULT NULL,
  `refuid` varchar(255) DEFAULT NULL
) ENGINE=InnoDB DEFAULT CHARSET=utf8;
/*!40101 SET character_set_client = @saved_cs_client */;

--
-- Dumping data for table `vtiger_asteriskincomingcalls`
--

LOCK TABLES `vtiger_asteriskincomingcalls` WRITE;
/*!40000 ALTER TABLE `vtiger_asteriskincomingcalls` DISABLE KEYS */;
/*!40000 ALTER TABLE `vtiger_asteriskincomingcalls` ENABLE KEYS */;
UNLOCK TABLES;

--
-- Table structure for table `vtiger_asteriskincomingevents`
--

DROP TABLE IF EXISTS `vtiger_asteriskincomingevents`;
/*!40101 SET @saved_cs_client     = @@character_set_client */;
/*!40101 SET character_set_client = utf8 */;
CREATE TABLE `vtiger_asteriskincomingevents` (
  `uid` varchar(255) NOT NULL,
  `channel` varchar(100) DEFAULT NULL,
  `from_number` bigint(20) DEFAULT NULL,
  `from_name` varchar(100) DEFAULT NULL,
  `to_number` bigint(20) DEFAULT NULL,
  `callertype` varchar(100) DEFAULT NULL,
  `timer` int(20) DEFAULT NULL,
  `flag` varchar(3) DEFAULT NULL,
  `pbxrecordid` int(19) DEFAULT NULL,
  `relcrmid` int(19) DEFAULT NULL,
  PRIMARY KEY (`uid`)
) ENGINE=InnoDB DEFAULT CHARSET=utf8;
/*!40101 SET character_set_client = @saved_cs_client */;

--
-- Dumping data for table `vtiger_asteriskincomingevents`
--

LOCK TABLES `vtiger_asteriskincomingevents` WRITE;
/*!40000 ALTER TABLE `vtiger_asteriskincomingevents` DISABLE KEYS */;
/*!40000 ALTER TABLE `vtiger_asteriskincomingevents` ENABLE KEYS */;
UNLOCK TABLES;

--
-- Table structure for table `vtiger_attachments`
--

DROP TABLE IF EXISTS `vtiger_attachments`;
/*!40101 SET @saved_cs_client     = @@character_set_client */;
/*!40101 SET character_set_client = utf8 */;
CREATE TABLE `vtiger_attachments` (
  `attachmentsid` int(19) NOT NULL,
  `name` varchar(255) NOT NULL,
  `description` text,
  `type` varchar(100) DEFAULT NULL,
  `path` text,
  `storedname` varchar(255) DEFAULT NULL,
  `subject` varchar(255) DEFAULT NULL,
  PRIMARY KEY (`attachmentsid`),
  KEY `attachments_attachmentsid_idx` (`attachmentsid`),
  CONSTRAINT `fk_1_vtiger_attachments` FOREIGN KEY (`attachmentsid`) REFERENCES `vtiger_crmentity` (`crmid`) ON DELETE CASCADE
) ENGINE=InnoDB DEFAULT CHARSET=utf8;
/*!40101 SET character_set_client = @saved_cs_client */;

--
-- Dumping data for table `vtiger_attachments`
--

LOCK TABLES `vtiger_attachments` WRITE;
/*!40000 ALTER TABLE `vtiger_attachments` DISABLE KEYS */;
INSERT INTO `vtiger_attachments` VALUES (13,'logo2.png','','image/png','storage/2022/January/week3/','d0b34f5a9fc0497322c4a3ead7c5054e.png',NULL);
/*!40000 ALTER TABLE `vtiger_attachments` ENABLE KEYS */;
UNLOCK TABLES;

--
-- Table structure for table `vtiger_attachmentsfolder`
--

DROP TABLE IF EXISTS `vtiger_attachmentsfolder`;
/*!40101 SET @saved_cs_client     = @@character_set_client */;
/*!40101 SET character_set_client = utf8 */;
CREATE TABLE `vtiger_attachmentsfolder` (
  `folderid` int(19) NOT NULL AUTO_INCREMENT,
  `foldername` varchar(200) NOT NULL,
  `description` varchar(250) DEFAULT NULL,
  `createdby` int(19) NOT NULL,
  `sequence` int(19) DEFAULT NULL,
  PRIMARY KEY (`folderid`)
) ENGINE=InnoDB AUTO_INCREMENT=2 DEFAULT CHARSET=utf8;
/*!40101 SET character_set_client = @saved_cs_client */;

--
-- Dumping data for table `vtiger_attachmentsfolder`
--

LOCK TABLES `vtiger_attachmentsfolder` WRITE;
/*!40000 ALTER TABLE `vtiger_attachmentsfolder` DISABLE KEYS */;
INSERT INTO `vtiger_attachmentsfolder` VALUES (1,'Default','This is a Default Folder',1,1);
/*!40000 ALTER TABLE `vtiger_attachmentsfolder` ENABLE KEYS */;
UNLOCK TABLES;

--
-- Table structure for table `vtiger_attachmentsfolder_seq`
--

DROP TABLE IF EXISTS `vtiger_attachmentsfolder_seq`;
/*!40101 SET @saved_cs_client     = @@character_set_client */;
/*!40101 SET character_set_client = utf8 */;
CREATE TABLE `vtiger_attachmentsfolder_seq` (
  `id` int(11) NOT NULL
) ENGINE=InnoDB DEFAULT CHARSET=utf8;
/*!40101 SET character_set_client = @saved_cs_client */;

--
-- Dumping data for table `vtiger_attachmentsfolder_seq`
--

LOCK TABLES `vtiger_attachmentsfolder_seq` WRITE;
/*!40000 ALTER TABLE `vtiger_attachmentsfolder_seq` DISABLE KEYS */;
INSERT INTO `vtiger_attachmentsfolder_seq` VALUES (1);
/*!40000 ALTER TABLE `vtiger_attachmentsfolder_seq` ENABLE KEYS */;
UNLOCK TABLES;

--
-- Table structure for table `vtiger_audit_trial`
--

DROP TABLE IF EXISTS `vtiger_audit_trial`;
/*!40101 SET @saved_cs_client     = @@character_set_client */;
/*!40101 SET character_set_client = utf8 */;
CREATE TABLE `vtiger_audit_trial` (
  `auditid` int(19) NOT NULL,
  `userid` int(19) DEFAULT NULL,
  `module` varchar(255) DEFAULT NULL,
  `action` varchar(255) DEFAULT NULL,
  `recordid` varchar(20) DEFAULT NULL,
  `actiondate` datetime DEFAULT NULL,
  PRIMARY KEY (`auditid`)
) ENGINE=InnoDB DEFAULT CHARSET=utf8;
/*!40101 SET character_set_client = @saved_cs_client */;

--
-- Dumping data for table `vtiger_audit_trial`
--

LOCK TABLES `vtiger_audit_trial` WRITE;
/*!40000 ALTER TABLE `vtiger_audit_trial` DISABLE KEYS */;
/*!40000 ALTER TABLE `vtiger_audit_trial` ENABLE KEYS */;
UNLOCK TABLES;

--
-- Table structure for table `vtiger_blocks`
--

DROP TABLE IF EXISTS `vtiger_blocks`;
/*!40101 SET @saved_cs_client     = @@character_set_client */;
/*!40101 SET character_set_client = utf8 */;
CREATE TABLE `vtiger_blocks` (
  `blockid` int(19) NOT NULL,
  `tabid` int(19) NOT NULL,
  `blocklabel` varchar(100) NOT NULL,
  `sequence` int(10) DEFAULT NULL,
  `show_title` int(2) DEFAULT NULL,
  `visible` int(2) NOT NULL DEFAULT '0',
  `create_view` int(2) NOT NULL DEFAULT '0',
  `edit_view` int(2) NOT NULL DEFAULT '0',
  `detail_view` int(2) NOT NULL DEFAULT '0',
  `display_status` int(1) NOT NULL DEFAULT '1',
  `iscustom` int(1) NOT NULL DEFAULT '0',
  PRIMARY KEY (`blockid`),
  KEY `block_tabid_idx` (`tabid`),
  CONSTRAINT `fk_1_vtiger_blocks` FOREIGN KEY (`tabid`) REFERENCES `vtiger_tab` (`tabid`) ON DELETE CASCADE
) ENGINE=InnoDB DEFAULT CHARSET=utf8;
/*!40101 SET character_set_client = @saved_cs_client */;

--
-- Dumping data for table `vtiger_blocks`
--

LOCK TABLES `vtiger_blocks` WRITE;
/*!40000 ALTER TABLE `vtiger_blocks` DISABLE KEYS */;
INSERT INTO `vtiger_blocks` VALUES (1,2,'LBL_OPPORTUNITY_INFORMATION',1,0,0,0,0,0,1,0),(2,2,'LBL_CUSTOM_INFORMATION',2,0,0,0,0,0,1,0),(3,2,'LBL_DESCRIPTION_INFORMATION',3,0,0,0,0,0,1,0),(4,4,'LBL_CONTACT_INFORMATION',1,0,0,0,0,0,1,0),(5,4,'LBL_CUSTOM_INFORMATION',2,0,0,0,0,0,1,0),(6,4,'LBL_CUSTOMER_PORTAL_INFORMATION',3,0,0,0,0,0,1,0),(7,4,'LBL_ADDRESS_INFORMATION',4,0,0,0,0,0,1,0),(8,4,'LBL_DESCRIPTION_INFORMATION',5,0,0,0,0,0,1,0),(9,6,'LBL_ACCOUNT_INFORMATION',1,0,0,0,0,0,1,0),(10,6,'LBL_CUSTOM_INFORMATION',2,0,0,0,0,0,1,0),(11,6,'LBL_ADDRESS_INFORMATION',3,0,0,0,0,0,1,0),(12,6,'LBL_DESCRIPTION_INFORMATION',4,0,0,0,0,0,1,0),(13,7,'LBL_LEAD_INFORMATION',1,0,0,0,0,0,1,0),(14,7,'LBL_CUSTOM_INFORMATION',2,0,0,0,0,0,1,0),(15,7,'LBL_ADDRESS_INFORMATION',3,0,0,0,0,0,1,0),(16,7,'LBL_DESCRIPTION_INFORMATION',4,0,0,0,0,0,1,0),(17,8,'LBL_NOTE_INFORMATION',1,0,0,0,0,0,1,0),(18,8,'LBL_FILE_INFORMATION',3,1,0,0,0,0,1,0),(19,9,'LBL_TASK_INFORMATION',1,0,0,0,0,0,1,0),(20,9,'LBL_DESCRIPTION_INFORMATION',3,1,0,0,0,0,1,0),(21,10,'LBL_EMAIL_INFORMATION',1,0,0,0,0,0,1,0),(22,10,'Emails_Block1',2,1,0,0,0,0,1,0),(23,10,'Emails_Block2',3,1,0,0,0,0,1,0),(24,10,'Emails_Block3',4,1,0,0,0,0,1,0),(25,13,'LBL_TICKET_INFORMATION',1,0,0,0,0,0,1,0),(26,13,'',2,1,0,0,0,0,1,0),(27,13,'LBL_CUSTOM_INFORMATION',3,0,0,0,0,0,1,0),(28,13,'LBL_DESCRIPTION_INFORMATION',4,0,0,0,0,0,1,0),(29,13,'LBL_TICKET_RESOLUTION',5,0,0,1,0,0,1,0),(30,13,'LBL_COMMENTS',6,0,0,1,0,0,1,0),(31,14,'LBL_PRODUCT_INFORMATION',1,0,0,0,0,0,1,0),(32,14,'LBL_PRICING_INFORMATION',2,0,0,0,0,0,1,0),(33,14,'LBL_STOCK_INFORMATION',3,0,0,0,0,0,1,0),(34,14,'LBL_CUSTOM_INFORMATION',4,0,0,0,0,0,1,0),(35,14,'LBL_IMAGE_INFORMATION',5,0,0,0,0,0,1,0),(36,14,'LBL_DESCRIPTION_INFORMATION',6,0,0,0,0,0,1,0),(37,15,'LBL_FAQ_INFORMATION',1,0,0,0,0,0,1,0),(38,15,'LBL_COMMENT_INFORMATION',4,0,0,1,0,0,1,0),(39,16,'LBL_EVENT_INFORMATION',1,0,0,0,0,0,1,0),(40,16,'LBL_REMINDER_INFORMATION',2,0,0,0,0,0,1,0),(41,16,'LBL_DESCRIPTION_INFORMATION',5,0,0,0,0,0,1,0),(42,18,'LBL_VENDOR_INFORMATION',1,0,0,0,0,0,1,0),(43,18,'LBL_CUSTOM_INFORMATION',2,0,0,0,0,0,1,0),(44,18,'LBL_VENDOR_ADDRESS_INFORMATION',3,0,0,0,0,0,1,0),(45,18,'LBL_DESCRIPTION_INFORMATION',4,0,0,0,0,0,1,0),(46,19,'LBL_PRICEBOOK_INFORMATION',1,0,0,0,0,0,1,0),(47,19,'LBL_CUSTOM_INFORMATION',2,0,0,0,0,0,1,0),(48,19,'LBL_DESCRIPTION_INFORMATION',3,0,0,0,0,0,1,0),(49,20,'LBL_QUOTE_INFORMATION',1,0,0,0,0,0,1,0),(50,20,'LBL_CUSTOM_INFORMATION',2,0,0,0,0,0,1,0),(51,20,'LBL_ADDRESS_INFORMATION',3,0,0,0,0,0,1,0),(52,20,'LBL_RELATED_PRODUCTS',4,0,0,0,0,0,1,0),(53,20,'LBL_TERMS_INFORMATION',5,0,0,0,0,0,1,0),(54,20,'LBL_DESCRIPTION_INFORMATION',6,0,0,0,0,0,1,0),(55,21,'LBL_PO_INFORMATION',1,0,0,0,0,0,1,0),(56,21,'LBL_CUSTOM_INFORMATION',2,0,0,0,0,0,1,0),(57,21,'LBL_ADDRESS_INFORMATION',3,0,0,0,0,0,1,0),(58,21,'LBL_RELATED_PRODUCTS',4,0,0,0,0,0,1,0),(59,21,'LBL_TERMS_INFORMATION',5,0,0,0,0,0,1,0),(60,21,'LBL_DESCRIPTION_INFORMATION',6,0,0,0,0,0,1,0),(61,22,'LBL_SO_INFORMATION',1,0,0,0,0,0,1,0),(62,22,'LBL_CUSTOM_INFORMATION',3,0,0,0,0,0,1,0),(63,22,'LBL_ADDRESS_INFORMATION',4,0,0,0,0,0,1,0),(64,22,'LBL_RELATED_PRODUCTS',5,0,0,0,0,0,1,0),(65,22,'LBL_TERMS_INFORMATION',6,0,0,0,0,0,1,0),(66,22,'LBL_DESCRIPTION_INFORMATION',7,0,0,0,0,0,1,0),(67,23,'LBL_INVOICE_INFORMATION',1,0,0,0,0,0,1,0),(68,23,'LBL_CUSTOM_INFORMATION',2,0,0,0,0,0,1,0),(69,23,'LBL_ADDRESS_INFORMATION',3,0,0,0,0,0,1,0),(70,23,'LBL_RELATED_PRODUCTS',4,0,0,0,0,0,1,0),(71,23,'LBL_TERMS_INFORMATION',5,0,0,0,0,0,1,0),(72,23,'LBL_DESCRIPTION_INFORMATION',6,0,0,0,0,0,1,0),(73,4,'LBL_IMAGE_INFORMATION',6,0,0,0,0,0,1,0),(74,26,'LBL_CAMPAIGN_INFORMATION',1,0,0,0,0,0,1,0),(75,26,'LBL_CUSTOM_INFORMATION',2,0,0,0,0,0,1,0),(76,26,'LBL_EXPECTATIONS_AND_ACTUALS',3,0,0,0,0,0,1,0),(77,29,'LBL_USERLOGIN_ROLE',1,0,0,0,0,0,1,0),(78,29,'LBL_CURRENCY_CONFIGURATION',3,0,0,0,0,0,1,0),(79,29,'LBL_MORE_INFORMATION',4,0,0,0,0,0,1,0),(80,29,'LBL_ADDRESS_INFORMATION',5,0,0,0,0,0,1,0),(81,26,'LBL_DESCRIPTION_INFORMATION',4,0,0,0,0,0,1,0),(82,29,'LBL_USER_IMAGE_INFORMATION',5,0,0,0,0,0,1,0),(83,29,'LBL_USER_ADV_OPTIONS',6,0,0,0,0,0,1,0),(84,8,'LBL_DESCRIPTION',2,0,0,0,0,0,1,0),(85,22,'Recurring Invoice Information',2,0,0,0,0,0,1,0),(86,9,'LBL_CUSTOM_INFORMATION',4,0,0,0,0,0,1,0),(87,16,'LBL_CUSTOM_INFORMATION',6,0,0,0,0,0,1,0),(88,32,'LBL_SERVICE_INFORMATION',1,0,0,0,0,0,1,0),(89,32,'LBL_PRICING_INFORMATION',2,0,0,0,0,0,1,0),(90,32,'LBL_CUSTOM_INFORMATION',3,0,0,0,0,0,1,0),(91,32,'LBL_DESCRIPTION_INFORMATION',4,0,0,0,0,0,1,0),(92,34,'LBL_PBXMANAGER_INFORMATION',1,0,0,0,0,0,1,0),(93,35,'LBL_SERVICE_CONTRACT_INFORMATION',1,0,0,0,0,0,1,0),(94,35,'LBL_CUSTOM_INFORMATION',2,0,0,0,0,0,1,0),(95,38,'LBL_PROJECT_MILESTONE_INFORMATION',1,0,0,0,0,0,1,0),(96,38,'LBL_CUSTOM_INFORMATION',2,0,0,0,0,0,1,0),(97,38,'LBL_DESCRIPTION_INFORMATION',3,0,0,0,0,0,1,0),(98,39,'LBL_PROJECT_TASK_INFORMATION',1,0,0,0,0,0,1,0),(99,39,'LBL_CUSTOM_INFORMATION',2,0,0,0,0,0,1,0),(100,39,'LBL_DESCRIPTION_INFORMATION',3,0,0,0,0,0,1,0),(101,40,'LBL_PROJECT_INFORMATION',1,0,0,0,0,0,1,0),(102,40,'LBL_CUSTOM_INFORMATION',2,0,0,0,0,0,1,0),(103,40,'LBL_DESCRIPTION_INFORMATION',3,0,0,0,0,0,1,0),(104,43,'LBL_SMSNOTIFIER_INFORMATION',1,0,0,0,0,0,1,0),(105,43,'LBL_CUSTOM_INFORMATION',2,0,0,0,0,0,1,0),(106,43,'StatusInformation',3,0,0,0,0,0,1,0),(107,45,'LBL_MODCOMMENTS_INFORMATION',1,0,0,0,0,0,1,0),(108,45,'LBL_OTHER_INFORMATION',2,0,0,0,0,0,1,0),(109,45,'LBL_CUSTOM_INFORMATION',3,0,0,0,0,0,1,0),(110,47,'LBL_ASSET_INFORMATION',1,0,0,0,0,0,1,0),(111,47,'LBL_CUSTOM_INFORMATION',2,0,0,0,0,0,1,0),(112,47,'LBL_DESCRIPTION_INFORMATION',3,0,0,0,0,0,1,0),(113,23,'LBL_ITEM_DETAILS',5,0,0,0,0,0,1,0),(114,22,'LBL_ITEM_DETAILS',5,0,0,0,0,0,1,0),(115,21,'LBL_ITEM_DETAILS',5,0,0,0,0,0,1,0),(116,20,'LBL_ITEM_DETAILS',5,0,0,0,0,0,1,0),(117,16,'LBL_RECURRENCE_INFORMATION',3,0,0,0,0,0,1,0),(118,29,'LBL_CALENDAR_SETTINGS',2,0,0,0,0,0,1,0),(119,16,'LBL_RELATED_TO',4,0,0,0,0,0,1,0),(120,9,'LBL_REMINDER_INFORMATION',2,0,0,0,0,0,1,0);
/*!40000 ALTER TABLE `vtiger_blocks` ENABLE KEYS */;
UNLOCK TABLES;

--
-- Table structure for table `vtiger_blocks_seq`
--

DROP TABLE IF EXISTS `vtiger_blocks_seq`;
/*!40101 SET @saved_cs_client     = @@character_set_client */;
/*!40101 SET character_set_client = utf8 */;
CREATE TABLE `vtiger_blocks_seq` (
  `id` int(11) NOT NULL
) ENGINE=InnoDB DEFAULT CHARSET=utf8;
/*!40101 SET character_set_client = @saved_cs_client */;

--
-- Dumping data for table `vtiger_blocks_seq`
--

LOCK TABLES `vtiger_blocks_seq` WRITE;
/*!40000 ALTER TABLE `vtiger_blocks_seq` DISABLE KEYS */;
INSERT INTO `vtiger_blocks_seq` VALUES (120);
/*!40000 ALTER TABLE `vtiger_blocks_seq` ENABLE KEYS */;
UNLOCK TABLES;

--
-- Table structure for table `vtiger_calendar_default_activitytypes`
--

DROP TABLE IF EXISTS `vtiger_calendar_default_activitytypes`;
/*!40101 SET @saved_cs_client     = @@character_set_client */;
/*!40101 SET character_set_client = utf8 */;
CREATE TABLE `vtiger_calendar_default_activitytypes` (
  `id` int(19) NOT NULL,
  `module` varchar(50) DEFAULT NULL,
  `fieldname` varchar(50) DEFAULT NULL,
  `defaultcolor` varchar(50) DEFAULT NULL,
  `isdefault` int(11) DEFAULT '1',
  `conditions` varchar(255) DEFAULT '',
  PRIMARY KEY (`id`)
) ENGINE=InnoDB DEFAULT CHARSET=utf8;
/*!40101 SET character_set_client = @saved_cs_client */;

--
-- Dumping data for table `vtiger_calendar_default_activitytypes`
--

LOCK TABLES `vtiger_calendar_default_activitytypes` WRITE;
/*!40000 ALTER TABLE `vtiger_calendar_default_activitytypes` DISABLE KEYS */;
INSERT INTO `vtiger_calendar_default_activitytypes` VALUES (1,'Events','[\"date_start\",\"due_date\"]','#17309A',1,''),(2,'Calendar','[\"date_start\",\"due_date\"]','#3A87AD',1,''),(3,'Potentials','[\"closingdate\"]','#AA6705',1,''),(4,'Contacts','[\"support_end_date\"]','#953B39',1,''),(5,'Contacts','[\"birthday\"]','#545252',1,''),(6,'Invoice','[\"duedate\"]','#87865D',1,''),(7,'Project','[\"startdate\",\"targetenddate\"]','#C71585',1,''),(8,'ProjectTask','[\"startdate\",\"enddate\"]','#006400',1,'');
/*!40000 ALTER TABLE `vtiger_calendar_default_activitytypes` ENABLE KEYS */;
UNLOCK TABLES;

--
-- Table structure for table `vtiger_calendar_default_activitytypes_seq`
--

DROP TABLE IF EXISTS `vtiger_calendar_default_activitytypes_seq`;
/*!40101 SET @saved_cs_client     = @@character_set_client */;
/*!40101 SET character_set_client = utf8 */;
CREATE TABLE `vtiger_calendar_default_activitytypes_seq` (
  `id` int(11) NOT NULL
) ENGINE=InnoDB DEFAULT CHARSET=utf8;
/*!40101 SET character_set_client = @saved_cs_client */;

--
-- Dumping data for table `vtiger_calendar_default_activitytypes_seq`
--

LOCK TABLES `vtiger_calendar_default_activitytypes_seq` WRITE;
/*!40000 ALTER TABLE `vtiger_calendar_default_activitytypes_seq` DISABLE KEYS */;
INSERT INTO `vtiger_calendar_default_activitytypes_seq` VALUES (8);
/*!40000 ALTER TABLE `vtiger_calendar_default_activitytypes_seq` ENABLE KEYS */;
UNLOCK TABLES;

--
-- Table structure for table `vtiger_calendar_user_activitytypes`
--

DROP TABLE IF EXISTS `vtiger_calendar_user_activitytypes`;
/*!40101 SET @saved_cs_client     = @@character_set_client */;
/*!40101 SET character_set_client = utf8 */;
CREATE TABLE `vtiger_calendar_user_activitytypes` (
  `id` int(19) NOT NULL,
  `defaultid` int(19) DEFAULT NULL,
  `userid` int(19) DEFAULT NULL,
  `color` varchar(50) DEFAULT NULL,
  `visible` int(19) DEFAULT '1',
  PRIMARY KEY (`id`)
) ENGINE=InnoDB DEFAULT CHARSET=utf8;
/*!40101 SET character_set_client = @saved_cs_client */;

--
-- Dumping data for table `vtiger_calendar_user_activitytypes`
--

LOCK TABLES `vtiger_calendar_user_activitytypes` WRITE;
/*!40000 ALTER TABLE `vtiger_calendar_user_activitytypes` DISABLE KEYS */;
INSERT INTO `vtiger_calendar_user_activitytypes` VALUES (1,1,1,'#17309A',1),(2,2,1,'#3A87AD',1),(3,3,1,'#AA6705',1),(4,4,1,'#953B39',1),(5,5,1,'#545252',1),(6,6,1,'#87865D',1),(7,7,1,'#C71585',1),(8,8,1,'#006400',1),(9,1,5,'#17309A',1),(10,2,5,'#3A87AD',1),(11,3,5,'#AA6705',1),(12,4,5,'#953B39',1),(13,5,5,'#545252',1),(14,6,5,'#87865D',1),(15,7,5,'#C71585',1),(16,8,5,'#006400',1);
/*!40000 ALTER TABLE `vtiger_calendar_user_activitytypes` ENABLE KEYS */;
UNLOCK TABLES;

--
-- Table structure for table `vtiger_calendar_user_activitytypes_seq`
--

DROP TABLE IF EXISTS `vtiger_calendar_user_activitytypes_seq`;
/*!40101 SET @saved_cs_client     = @@character_set_client */;
/*!40101 SET character_set_client = utf8 */;
CREATE TABLE `vtiger_calendar_user_activitytypes_seq` (
  `id` int(11) NOT NULL
) ENGINE=InnoDB DEFAULT CHARSET=utf8;
/*!40101 SET character_set_client = @saved_cs_client */;

--
-- Dumping data for table `vtiger_calendar_user_activitytypes_seq`
--

LOCK TABLES `vtiger_calendar_user_activitytypes_seq` WRITE;
/*!40000 ALTER TABLE `vtiger_calendar_user_activitytypes_seq` DISABLE KEYS */;
INSERT INTO `vtiger_calendar_user_activitytypes_seq` VALUES (16);
/*!40000 ALTER TABLE `vtiger_calendar_user_activitytypes_seq` ENABLE KEYS */;
UNLOCK TABLES;

--
-- Table structure for table `vtiger_calendarsharedtype`
--

DROP TABLE IF EXISTS `vtiger_calendarsharedtype`;
/*!40101 SET @saved_cs_client     = @@character_set_client */;
/*!40101 SET character_set_client = utf8 */;
CREATE TABLE `vtiger_calendarsharedtype` (
  `calendarsharedtypeid` int(11) NOT NULL AUTO_INCREMENT,
  `calendarsharedtype` varchar(200) NOT NULL,
  `sortorderid` int(11) DEFAULT NULL,
  `presence` int(11) NOT NULL DEFAULT '1',
  PRIMARY KEY (`calendarsharedtypeid`)
) ENGINE=InnoDB AUTO_INCREMENT=4 DEFAULT CHARSET=utf8;
/*!40101 SET character_set_client = @saved_cs_client */;

--
-- Dumping data for table `vtiger_calendarsharedtype`
--

LOCK TABLES `vtiger_calendarsharedtype` WRITE;
/*!40000 ALTER TABLE `vtiger_calendarsharedtype` DISABLE KEYS */;
INSERT INTO `vtiger_calendarsharedtype` VALUES (1,'public',0,1),(2,'private',1,1),(3,'seletedusers',2,1);
/*!40000 ALTER TABLE `vtiger_calendarsharedtype` ENABLE KEYS */;
UNLOCK TABLES;

--
-- Table structure for table `vtiger_calendarsharedtype_seq`
--

DROP TABLE IF EXISTS `vtiger_calendarsharedtype_seq`;
/*!40101 SET @saved_cs_client     = @@character_set_client */;
/*!40101 SET character_set_client = utf8 */;
CREATE TABLE `vtiger_calendarsharedtype_seq` (
  `id` int(11) NOT NULL
) ENGINE=InnoDB DEFAULT CHARSET=utf8;
/*!40101 SET character_set_client = @saved_cs_client */;

--
-- Dumping data for table `vtiger_calendarsharedtype_seq`
--

LOCK TABLES `vtiger_calendarsharedtype_seq` WRITE;
/*!40000 ALTER TABLE `vtiger_calendarsharedtype_seq` DISABLE KEYS */;
INSERT INTO `vtiger_calendarsharedtype_seq` VALUES (3);
/*!40000 ALTER TABLE `vtiger_calendarsharedtype_seq` ENABLE KEYS */;
UNLOCK TABLES;

--
-- Table structure for table `vtiger_callduration`
--

DROP TABLE IF EXISTS `vtiger_callduration`;
/*!40101 SET @saved_cs_client     = @@character_set_client */;
/*!40101 SET character_set_client = utf8 */;
CREATE TABLE `vtiger_callduration` (
  `calldurationid` int(11) NOT NULL AUTO_INCREMENT,
  `callduration` varchar(200) NOT NULL,
  `sortorderid` int(11) DEFAULT NULL,
  `presence` int(11) NOT NULL DEFAULT '1',
  PRIMARY KEY (`calldurationid`)
) ENGINE=InnoDB AUTO_INCREMENT=6 DEFAULT CHARSET=utf8;
/*!40101 SET character_set_client = @saved_cs_client */;

--
-- Dumping data for table `vtiger_callduration`
--

LOCK TABLES `vtiger_callduration` WRITE;
/*!40000 ALTER TABLE `vtiger_callduration` DISABLE KEYS */;
INSERT INTO `vtiger_callduration` VALUES (1,'5',0,1),(2,'10',1,1),(3,'30',2,1),(4,'60',3,1),(5,'120',4,1);
/*!40000 ALTER TABLE `vtiger_callduration` ENABLE KEYS */;
UNLOCK TABLES;

--
-- Table structure for table `vtiger_callduration_seq`
--

DROP TABLE IF EXISTS `vtiger_callduration_seq`;
/*!40101 SET @saved_cs_client     = @@character_set_client */;
/*!40101 SET character_set_client = utf8 */;
CREATE TABLE `vtiger_callduration_seq` (
  `id` int(11) NOT NULL
) ENGINE=InnoDB DEFAULT CHARSET=utf8;
/*!40101 SET character_set_client = @saved_cs_client */;

--
-- Dumping data for table `vtiger_callduration_seq`
--

LOCK TABLES `vtiger_callduration_seq` WRITE;
/*!40000 ALTER TABLE `vtiger_callduration_seq` DISABLE KEYS */;
INSERT INTO `vtiger_callduration_seq` VALUES (5);
/*!40000 ALTER TABLE `vtiger_callduration_seq` ENABLE KEYS */;
UNLOCK TABLES;

--
-- Table structure for table `vtiger_campaign`
--

DROP TABLE IF EXISTS `vtiger_campaign`;
/*!40101 SET @saved_cs_client     = @@character_set_client */;
/*!40101 SET character_set_client = utf8 */;
CREATE TABLE `vtiger_campaign` (
  `campaign_no` varchar(100) NOT NULL,
  `campaignname` varchar(255) DEFAULT NULL,
  `campaigntype` varchar(200) DEFAULT NULL,
  `campaignstatus` varchar(200) DEFAULT NULL,
  `expectedrevenue` decimal(25,8) DEFAULT NULL,
  `budgetcost` decimal(25,8) DEFAULT NULL,
  `actualcost` decimal(25,8) DEFAULT NULL,
  `expectedresponse` varchar(200) DEFAULT NULL,
  `numsent` decimal(11,0) DEFAULT NULL,
  `product_id` int(19) DEFAULT NULL,
  `sponsor` varchar(255) DEFAULT NULL,
  `targetaudience` varchar(255) DEFAULT NULL,
  `targetsize` int(19) DEFAULT NULL,
  `expectedresponsecount` int(19) DEFAULT NULL,
  `expectedsalescount` int(19) DEFAULT NULL,
  `expectedroi` decimal(25,8) DEFAULT NULL,
  `actualresponsecount` int(19) DEFAULT NULL,
  `actualsalescount` int(19) DEFAULT NULL,
  `actualroi` decimal(25,8) DEFAULT NULL,
  `campaignid` int(19) NOT NULL,
  `closingdate` date DEFAULT NULL,
  `tags` varchar(1) DEFAULT NULL,
  PRIMARY KEY (`campaignid`),
  KEY `campaign_campaignstatus_idx` (`campaignstatus`),
  KEY `campaign_campaignname_idx` (`campaignname`),
  KEY `campaign_campaignid_idx` (`campaignid`),
  CONSTRAINT `fk_crmid_vtiger_campaign` FOREIGN KEY (`campaignid`) REFERENCES `vtiger_crmentity` (`crmid`) ON DELETE CASCADE
) ENGINE=InnoDB DEFAULT CHARSET=utf8;
/*!40101 SET character_set_client = @saved_cs_client */;

--
-- Dumping data for table `vtiger_campaign`
--

LOCK TABLES `vtiger_campaign` WRITE;
/*!40000 ALTER TABLE `vtiger_campaign` DISABLE KEYS */;
/*!40000 ALTER TABLE `vtiger_campaign` ENABLE KEYS */;
UNLOCK TABLES;

--
-- Table structure for table `vtiger_campaignaccountrel`
--

DROP TABLE IF EXISTS `vtiger_campaignaccountrel`;
/*!40101 SET @saved_cs_client     = @@character_set_client */;
/*!40101 SET character_set_client = utf8 */;
CREATE TABLE `vtiger_campaignaccountrel` (
  `campaignid` int(19) DEFAULT NULL,
  `accountid` int(19) DEFAULT NULL,
  `campaignrelstatusid` int(19) DEFAULT NULL
) ENGINE=InnoDB DEFAULT CHARSET=utf8;
/*!40101 SET character_set_client = @saved_cs_client */;

--
-- Dumping data for table `vtiger_campaignaccountrel`
--

LOCK TABLES `vtiger_campaignaccountrel` WRITE;
/*!40000 ALTER TABLE `vtiger_campaignaccountrel` DISABLE KEYS */;
/*!40000 ALTER TABLE `vtiger_campaignaccountrel` ENABLE KEYS */;
UNLOCK TABLES;

--
-- Table structure for table `vtiger_campaigncontrel`
--

DROP TABLE IF EXISTS `vtiger_campaigncontrel`;
/*!40101 SET @saved_cs_client     = @@character_set_client */;
/*!40101 SET character_set_client = utf8 */;
CREATE TABLE `vtiger_campaigncontrel` (
  `campaignid` int(19) NOT NULL DEFAULT '0',
  `contactid` int(19) NOT NULL DEFAULT '0',
  `campaignrelstatusid` int(19) NOT NULL DEFAULT '0',
  PRIMARY KEY (`campaignid`,`contactid`,`campaignrelstatusid`),
  KEY `campaigncontrel_contractid_idx` (`contactid`),
  CONSTRAINT `fk_2_vtiger_campaigncontrel` FOREIGN KEY (`contactid`) REFERENCES `vtiger_contactdetails` (`contactid`) ON DELETE CASCADE
) ENGINE=InnoDB DEFAULT CHARSET=utf8;
/*!40101 SET character_set_client = @saved_cs_client */;

--
-- Dumping data for table `vtiger_campaigncontrel`
--

LOCK TABLES `vtiger_campaigncontrel` WRITE;
/*!40000 ALTER TABLE `vtiger_campaigncontrel` DISABLE KEYS */;
/*!40000 ALTER TABLE `vtiger_campaigncontrel` ENABLE KEYS */;
UNLOCK TABLES;

--
-- Table structure for table `vtiger_campaignleadrel`
--

DROP TABLE IF EXISTS `vtiger_campaignleadrel`;
/*!40101 SET @saved_cs_client     = @@character_set_client */;
/*!40101 SET character_set_client = utf8 */;
CREATE TABLE `vtiger_campaignleadrel` (
  `campaignid` int(19) NOT NULL DEFAULT '0',
  `leadid` int(19) NOT NULL DEFAULT '0',
  `campaignrelstatusid` int(19) NOT NULL DEFAULT '0',
  PRIMARY KEY (`campaignid`,`leadid`,`campaignrelstatusid`),
  KEY `campaignleadrel_leadid_campaignid_idx` (`leadid`,`campaignid`),
  CONSTRAINT `fk_2_vtiger_campaignleadrel` FOREIGN KEY (`leadid`) REFERENCES `vtiger_leaddetails` (`leadid`) ON DELETE CASCADE
) ENGINE=InnoDB DEFAULT CHARSET=utf8;
/*!40101 SET character_set_client = @saved_cs_client */;

--
-- Dumping data for table `vtiger_campaignleadrel`
--

LOCK TABLES `vtiger_campaignleadrel` WRITE;
/*!40000 ALTER TABLE `vtiger_campaignleadrel` DISABLE KEYS */;
/*!40000 ALTER TABLE `vtiger_campaignleadrel` ENABLE KEYS */;
UNLOCK TABLES;

--
-- Table structure for table `vtiger_campaignrelstatus`
--

DROP TABLE IF EXISTS `vtiger_campaignrelstatus`;
/*!40101 SET @saved_cs_client     = @@character_set_client */;
/*!40101 SET character_set_client = utf8 */;
CREATE TABLE `vtiger_campaignrelstatus` (
  `campaignrelstatusid` int(19) DEFAULT NULL,
  `campaignrelstatus` varchar(256) DEFAULT NULL,
  `sortorderid` int(19) DEFAULT NULL,
  `presence` int(19) DEFAULT NULL,
  `color` varchar(10) DEFAULT NULL
) ENGINE=InnoDB DEFAULT CHARSET=utf8;
/*!40101 SET character_set_client = @saved_cs_client */;

--
-- Dumping data for table `vtiger_campaignrelstatus`
--

LOCK TABLES `vtiger_campaignrelstatus` WRITE;
/*!40000 ALTER TABLE `vtiger_campaignrelstatus` DISABLE KEYS */;
INSERT INTO `vtiger_campaignrelstatus` VALUES (2,'Contacted - Successful',1,1,NULL),(3,'Contacted - Unsuccessful',2,1,NULL),(4,'Contacted - Never Contact Again',3,1,NULL);
/*!40000 ALTER TABLE `vtiger_campaignrelstatus` ENABLE KEYS */;
UNLOCK TABLES;

--
-- Table structure for table `vtiger_campaignrelstatus_seq`
--

DROP TABLE IF EXISTS `vtiger_campaignrelstatus_seq`;
/*!40101 SET @saved_cs_client     = @@character_set_client */;
/*!40101 SET character_set_client = utf8 */;
CREATE TABLE `vtiger_campaignrelstatus_seq` (
  `id` int(11) NOT NULL
) ENGINE=InnoDB DEFAULT CHARSET=utf8;
/*!40101 SET character_set_client = @saved_cs_client */;

--
-- Dumping data for table `vtiger_campaignrelstatus_seq`
--

LOCK TABLES `vtiger_campaignrelstatus_seq` WRITE;
/*!40000 ALTER TABLE `vtiger_campaignrelstatus_seq` DISABLE KEYS */;
INSERT INTO `vtiger_campaignrelstatus_seq` VALUES (4);
/*!40000 ALTER TABLE `vtiger_campaignrelstatus_seq` ENABLE KEYS */;
UNLOCK TABLES;

--
-- Table structure for table `vtiger_campaignscf`
--

DROP TABLE IF EXISTS `vtiger_campaignscf`;
/*!40101 SET @saved_cs_client     = @@character_set_client */;
/*!40101 SET character_set_client = utf8 */;
CREATE TABLE `vtiger_campaignscf` (
  `campaignid` int(19) NOT NULL DEFAULT '0',
  PRIMARY KEY (`campaignid`),
  CONSTRAINT `fk_1_vtiger_campaignscf` FOREIGN KEY (`campaignid`) REFERENCES `vtiger_campaign` (`campaignid`) ON DELETE CASCADE
) ENGINE=InnoDB DEFAULT CHARSET=utf8;
/*!40101 SET character_set_client = @saved_cs_client */;

--
-- Dumping data for table `vtiger_campaignscf`
--

LOCK TABLES `vtiger_campaignscf` WRITE;
/*!40000 ALTER TABLE `vtiger_campaignscf` DISABLE KEYS */;
/*!40000 ALTER TABLE `vtiger_campaignscf` ENABLE KEYS */;
UNLOCK TABLES;

--
-- Table structure for table `vtiger_campaignstatus`
--

DROP TABLE IF EXISTS `vtiger_campaignstatus`;
/*!40101 SET @saved_cs_client     = @@character_set_client */;
/*!40101 SET character_set_client = utf8 */;
CREATE TABLE `vtiger_campaignstatus` (
  `campaignstatusid` int(19) NOT NULL AUTO_INCREMENT,
  `campaignstatus` varchar(200) NOT NULL,
  `presence` int(1) NOT NULL DEFAULT '1',
  `picklist_valueid` int(19) NOT NULL DEFAULT '0',
  `sortorderid` int(11) DEFAULT NULL,
  `color` varchar(10) DEFAULT NULL,
  PRIMARY KEY (`campaignstatusid`),
  KEY `campaignstatus_campaignstatus_idx` (`campaignstatus`)
) ENGINE=InnoDB AUTO_INCREMENT=7 DEFAULT CHARSET=utf8;
/*!40101 SET character_set_client = @saved_cs_client */;

--
-- Dumping data for table `vtiger_campaignstatus`
--

LOCK TABLES `vtiger_campaignstatus` WRITE;
/*!40000 ALTER TABLE `vtiger_campaignstatus` DISABLE KEYS */;
INSERT INTO `vtiger_campaignstatus` VALUES (2,'Planning',1,15,1,NULL),(3,'Active',1,16,2,NULL),(4,'Inactive',1,17,3,NULL),(5,'Completed',1,18,4,NULL),(6,'Cancelled',1,19,5,NULL);
/*!40000 ALTER TABLE `vtiger_campaignstatus` ENABLE KEYS */;
UNLOCK TABLES;

--
-- Table structure for table `vtiger_campaignstatus_seq`
--

DROP TABLE IF EXISTS `vtiger_campaignstatus_seq`;
/*!40101 SET @saved_cs_client     = @@character_set_client */;
/*!40101 SET character_set_client = utf8 */;
CREATE TABLE `vtiger_campaignstatus_seq` (
  `id` int(11) NOT NULL
) ENGINE=InnoDB DEFAULT CHARSET=utf8;
/*!40101 SET character_set_client = @saved_cs_client */;

--
-- Dumping data for table `vtiger_campaignstatus_seq`
--

LOCK TABLES `vtiger_campaignstatus_seq` WRITE;
/*!40000 ALTER TABLE `vtiger_campaignstatus_seq` DISABLE KEYS */;
INSERT INTO `vtiger_campaignstatus_seq` VALUES (6);
/*!40000 ALTER TABLE `vtiger_campaignstatus_seq` ENABLE KEYS */;
UNLOCK TABLES;

--
-- Table structure for table `vtiger_campaigntype`
--

DROP TABLE IF EXISTS `vtiger_campaigntype`;
/*!40101 SET @saved_cs_client     = @@character_set_client */;
/*!40101 SET character_set_client = utf8 */;
CREATE TABLE `vtiger_campaigntype` (
  `campaigntypeid` int(19) NOT NULL AUTO_INCREMENT,
  `campaigntype` varchar(200) NOT NULL,
  `presence` int(1) NOT NULL DEFAULT '1',
  `picklist_valueid` int(19) NOT NULL DEFAULT '0',
  `sortorderid` int(11) DEFAULT NULL,
  `color` varchar(10) DEFAULT NULL,
  PRIMARY KEY (`campaigntypeid`),
  UNIQUE KEY `campaigntype_campaigntype_idx` (`campaigntype`)
) ENGINE=InnoDB AUTO_INCREMENT=14 DEFAULT CHARSET=utf8;
/*!40101 SET character_set_client = @saved_cs_client */;

--
-- Dumping data for table `vtiger_campaigntype`
--

LOCK TABLES `vtiger_campaigntype` WRITE;
/*!40000 ALTER TABLE `vtiger_campaigntype` DISABLE KEYS */;
INSERT INTO `vtiger_campaigntype` VALUES (2,'Conference',1,21,1,NULL),(3,'Webinar',1,22,2,NULL),(4,'Trade Show',1,23,3,NULL),(5,'Public Relations',1,24,4,NULL),(6,'Partners',1,25,5,NULL),(7,'Referral Program',1,26,6,NULL),(8,'Advertisement',1,27,7,NULL),(9,'Banner Ads',1,28,8,NULL),(10,'Direct Mail',1,29,9,NULL),(11,'Email',1,30,10,NULL),(12,'Telemarketing',1,31,11,NULL),(13,'Others',1,32,12,NULL);
/*!40000 ALTER TABLE `vtiger_campaigntype` ENABLE KEYS */;
UNLOCK TABLES;

--
-- Table structure for table `vtiger_campaigntype_seq`
--

DROP TABLE IF EXISTS `vtiger_campaigntype_seq`;
/*!40101 SET @saved_cs_client     = @@character_set_client */;
/*!40101 SET character_set_client = utf8 */;
CREATE TABLE `vtiger_campaigntype_seq` (
  `id` int(11) NOT NULL
) ENGINE=InnoDB DEFAULT CHARSET=utf8;
/*!40101 SET character_set_client = @saved_cs_client */;

--
-- Dumping data for table `vtiger_campaigntype_seq`
--

LOCK TABLES `vtiger_campaigntype_seq` WRITE;
/*!40000 ALTER TABLE `vtiger_campaigntype_seq` DISABLE KEYS */;
INSERT INTO `vtiger_campaigntype_seq` VALUES (13);
/*!40000 ALTER TABLE `vtiger_campaigntype_seq` ENABLE KEYS */;
UNLOCK TABLES;

--
-- Table structure for table `vtiger_carrier`
--

DROP TABLE IF EXISTS `vtiger_carrier`;
/*!40101 SET @saved_cs_client     = @@character_set_client */;
/*!40101 SET character_set_client = utf8 */;
CREATE TABLE `vtiger_carrier` (
  `carrierid` int(19) NOT NULL AUTO_INCREMENT,
  `carrier` varchar(200) NOT NULL,
  `presence` int(1) NOT NULL DEFAULT '1',
  `picklist_valueid` int(19) NOT NULL DEFAULT '0',
  `sortorderid` int(11) DEFAULT NULL,
  `color` varchar(10) DEFAULT NULL,
  PRIMARY KEY (`carrierid`),
  UNIQUE KEY `carrier_carrier_idx` (`carrier`)
) ENGINE=InnoDB AUTO_INCREMENT=6 DEFAULT CHARSET=utf8;
/*!40101 SET character_set_client = @saved_cs_client */;

--
-- Dumping data for table `vtiger_carrier`
--

LOCK TABLES `vtiger_carrier` WRITE;
/*!40000 ALTER TABLE `vtiger_carrier` DISABLE KEYS */;
INSERT INTO `vtiger_carrier` VALUES (1,'FedEx',1,33,0,NULL),(2,'UPS',1,34,1,NULL),(3,'USPS',1,35,2,NULL),(4,'DHL',1,36,3,NULL),(5,'BlueDart',1,37,4,NULL);
/*!40000 ALTER TABLE `vtiger_carrier` ENABLE KEYS */;
UNLOCK TABLES;

--
-- Table structure for table `vtiger_carrier_seq`
--

DROP TABLE IF EXISTS `vtiger_carrier_seq`;
/*!40101 SET @saved_cs_client     = @@character_set_client */;
/*!40101 SET character_set_client = utf8 */;
CREATE TABLE `vtiger_carrier_seq` (
  `id` int(11) NOT NULL
) ENGINE=InnoDB DEFAULT CHARSET=utf8;
/*!40101 SET character_set_client = @saved_cs_client */;

--
-- Dumping data for table `vtiger_carrier_seq`
--

LOCK TABLES `vtiger_carrier_seq` WRITE;
/*!40000 ALTER TABLE `vtiger_carrier_seq` DISABLE KEYS */;
INSERT INTO `vtiger_carrier_seq` VALUES (5);
/*!40000 ALTER TABLE `vtiger_carrier_seq` ENABLE KEYS */;
UNLOCK TABLES;

--
-- Table structure for table `vtiger_cf_858`
--

DROP TABLE IF EXISTS `vtiger_cf_858`;
/*!40101 SET @saved_cs_client     = @@character_set_client */;
/*!40101 SET character_set_client = utf8 */;
CREATE TABLE `vtiger_cf_858` (
  `cf_858id` int(11) NOT NULL AUTO_INCREMENT,
  `cf_858` varchar(200) NOT NULL,
  `sortorderid` int(11) DEFAULT NULL,
  `presence` int(11) NOT NULL DEFAULT '1',
  `color` varchar(10) DEFAULT NULL,
  PRIMARY KEY (`cf_858id`)
) ENGINE=InnoDB AUTO_INCREMENT=3 DEFAULT CHARSET=utf8;
/*!40101 SET character_set_client = @saved_cs_client */;

--
-- Dumping data for table `vtiger_cf_858`
--

LOCK TABLES `vtiger_cf_858` WRITE;
/*!40000 ALTER TABLE `vtiger_cf_858` DISABLE KEYS */;
INSERT INTO `vtiger_cf_858` VALUES (1,'Mujer',0,1,NULL),(2,'Hombre',1,1,NULL);
/*!40000 ALTER TABLE `vtiger_cf_858` ENABLE KEYS */;
UNLOCK TABLES;

--
-- Table structure for table `vtiger_cf_858_seq`
--

DROP TABLE IF EXISTS `vtiger_cf_858_seq`;
/*!40101 SET @saved_cs_client     = @@character_set_client */;
/*!40101 SET character_set_client = utf8 */;
CREATE TABLE `vtiger_cf_858_seq` (
  `id` int(11) NOT NULL
) ENGINE=InnoDB DEFAULT CHARSET=utf8;
/*!40101 SET character_set_client = @saved_cs_client */;

--
-- Dumping data for table `vtiger_cf_858_seq`
--

LOCK TABLES `vtiger_cf_858_seq` WRITE;
/*!40000 ALTER TABLE `vtiger_cf_858_seq` DISABLE KEYS */;
INSERT INTO `vtiger_cf_858_seq` VALUES (2);
/*!40000 ALTER TABLE `vtiger_cf_858_seq` ENABLE KEYS */;
UNLOCK TABLES;

--
-- Table structure for table `vtiger_cntactivityrel`
--

DROP TABLE IF EXISTS `vtiger_cntactivityrel`;
/*!40101 SET @saved_cs_client     = @@character_set_client */;
/*!40101 SET character_set_client = utf8 */;
CREATE TABLE `vtiger_cntactivityrel` (
  `contactid` int(19) NOT NULL DEFAULT '0',
  `activityid` int(19) NOT NULL DEFAULT '0',
  PRIMARY KEY (`contactid`,`activityid`),
  KEY `cntactivityrel_contactid_idx` (`contactid`),
  KEY `cntactivityrel_activityid_idx` (`activityid`),
  CONSTRAINT `fk_2_vtiger_cntactivityrel` FOREIGN KEY (`contactid`) REFERENCES `vtiger_contactdetails` (`contactid`) ON DELETE CASCADE
) ENGINE=InnoDB DEFAULT CHARSET=utf8;
/*!40101 SET character_set_client = @saved_cs_client */;

--
-- Dumping data for table `vtiger_cntactivityrel`
--

LOCK TABLES `vtiger_cntactivityrel` WRITE;
/*!40000 ALTER TABLE `vtiger_cntactivityrel` DISABLE KEYS */;
/*!40000 ALTER TABLE `vtiger_cntactivityrel` ENABLE KEYS */;
UNLOCK TABLES;

--
-- Table structure for table `vtiger_contactaddress`
--

DROP TABLE IF EXISTS `vtiger_contactaddress`;
/*!40101 SET @saved_cs_client     = @@character_set_client */;
/*!40101 SET character_set_client = utf8 */;
CREATE TABLE `vtiger_contactaddress` (
  `contactaddressid` int(19) NOT NULL DEFAULT '0',
  `mailingcity` varchar(40) DEFAULT NULL,
  `mailingstreet` varchar(250) DEFAULT NULL,
  `mailingcountry` varchar(40) DEFAULT NULL,
  `othercountry` varchar(30) DEFAULT NULL,
  `mailingstate` varchar(30) DEFAULT NULL,
  `mailingpobox` varchar(30) DEFAULT NULL,
  `othercity` varchar(40) DEFAULT NULL,
  `otherstate` varchar(50) DEFAULT NULL,
  `mailingzip` varchar(30) DEFAULT NULL,
  `otherzip` varchar(30) DEFAULT NULL,
  `otherstreet` varchar(250) DEFAULT NULL,
  `otherpobox` varchar(30) DEFAULT NULL,
  PRIMARY KEY (`contactaddressid`),
  CONSTRAINT `fk_1_vtiger_contactaddress` FOREIGN KEY (`contactaddressid`) REFERENCES `vtiger_contactdetails` (`contactid`) ON DELETE CASCADE
) ENGINE=InnoDB DEFAULT CHARSET=utf8;
/*!40101 SET character_set_client = @saved_cs_client */;

--
-- Dumping data for table `vtiger_contactaddress`
--

LOCK TABLES `vtiger_contactaddress` WRITE;
/*!40000 ALTER TABLE `vtiger_contactaddress` DISABLE KEYS */;
INSERT INTO `vtiger_contactaddress` VALUES (5,'','','','','','','','','','','',''),(6,'','','','','','','','','','','',''),(10,'Cali','','','Colombia',NULL,'',NULL,'Valle del Cauca','',NULL,'Carrera 34 # 3A-95',NULL),(12,'','','',NULL,NULL,'',NULL,'','',NULL,NULL,NULL),(29,'Cajic',NULL,NULL,'Colombia',NULL,NULL,'','Cundinamarca','','','Calle 4 # 3-12 conjunto poblado de Guachancio, casa 9 bloque B',''),(32,'Cali',NULL,NULL,'Colombia',NULL,NULL,'','Valle','Caney','','Carrera 53 #13-65 unidad bariloche bloque 5 apto 202',''),(33,'Cali',NULL,NULL,'Colombia',NULL,NULL,'','Valle','','','Carrera 83 c #45-98',''),(34,'',NULL,NULL,'',NULL,NULL,'','','','','Carrera 84 # 5 - 100 apto 502 torre del reloj',''),(35,'Cali',NULL,NULL,'Colombia',NULL,NULL,'','Valle','','','Carrera 74 # 13 a 36',''),(36,'',NULL,NULL,'',NULL,NULL,'','','','','Calle 6 # 113 bis - 250 casa 17 conjunto delonix',''),(37,'',NULL,NULL,'',NULL,NULL,'','','','','Carrera 66a #11-71',''),(38,'Cali',NULL,NULL,'Colombia',NULL,NULL,'','Valle','','','Carrera 40A # 31 - 25 /',''),(39,'',NULL,NULL,'',NULL,NULL,'','','','','Carrera 115 # 20 - 61 casas de alferez 3 casa 11',''),(40,'Cali',NULL,NULL,'Colombia',NULL,NULL,'','Valle','','','Calle 54 98 - 50 llanura del viento torre c Apto 308',''),(41,'',NULL,NULL,'',NULL,NULL,'','','','','Carrera 76 # 16 - 156 paseo de las casa 2 casa j 1',''),(42,'',NULL,NULL,'',NULL,NULL,'','','','','Diagonal 139 B # 127 -21 IN 8 APTO 304 Conj residencial sabana de tibabuyes suba',''),(43,'',NULL,NULL,'',NULL,NULL,'','','','','Carrera 17 # 5 norte 26 edificio san roque apto 504',''),(44,'Cali',NULL,NULL,'Colombia',NULL,NULL,'','Valle','','','Carrera 58 No 119A 98 Torre 8 apto 1223 Carrera Provenza Campestre Fase II',''),(45,'',NULL,NULL,'',NULL,NULL,'','','','','Carrera 19 c # 85 - 44 edificio bell 8544 apto 402',''),(46,'',NULL,NULL,'',NULL,NULL,'','','','','Carrera 20a #37 - 47 sur',''),(47,'',NULL,NULL,'',NULL,NULL,'','','','','Carrera. 138 # 4 - 133',''),(48,'Cali',NULL,NULL,'Colombia',NULL,NULL,'','Valle','','','Carrera 106 #44-67 apto 603 torre 2',''),(49,'',NULL,NULL,'',NULL,NULL,'','','','','Calle 109 No. 22A-58',''),(50,'',NULL,NULL,'',NULL,NULL,'','','','','Calle 2c #65-48 apto 501',''),(51,'',NULL,NULL,'',NULL,NULL,'','','','','',''),(52,'',NULL,NULL,'',NULL,NULL,'','','','','',''),(53,'',NULL,NULL,'',NULL,NULL,'','','','','Carrera 38 No.42-17 .Apto 16-02 Edificio La Cabecera',''),(54,'',NULL,NULL,'',NULL,NULL,'','','','','Calle 14 a Nro.50 a 45',''),(55,'Cali',NULL,NULL,'Colombia',NULL,NULL,'','Valle','','','Calle 44 No. 19 - 09',''),(56,'',NULL,NULL,'',NULL,NULL,'','','','','Carrera 8 Nro. 1 - 20 san juan del cesar',''),(57,'',NULL,NULL,'',NULL,NULL,'','','','','Calle 54 nro 98-97 valle de lili paseo de la alameda torre 3 apto 703',''),(58,'',NULL,NULL,'',NULL,NULL,'','','','','Carrera 81 # 35 57 segundo piso',''),(59,'',NULL,NULL,'',NULL,NULL,'','','','','Calle 30A 1CW 47',''),(60,'',NULL,NULL,'',NULL,NULL,'','','','','Calle 9 #42-130 cambulos edific los cerezos aparta 203',''),(61,'',NULL,NULL,'',NULL,NULL,'','','','','direccion centro comercial acuerela',''),(62,'',NULL,NULL,'',NULL,NULL,'','','','','Carrera. 138 # 4 - 133',''),(63,'',NULL,NULL,'',NULL,NULL,'','','','','Calle 3 norte # 23 C-192',''),(64,'',NULL,NULL,'',NULL,NULL,'','','','','Calle 1 # 37-98 Conjunto residencial Balcones de Santa Helena Manzana, C casa 7B',''),(65,'',NULL,NULL,'',NULL,NULL,'','','','','Carrera 70 C # 2 - 20 sur Int 8 Apto 424',''),(66,'',NULL,NULL,'',NULL,NULL,'','','','','Carrera 73 A # 30 B 04 apto 301 ( casa tercer piso)',''),(67,'',NULL,NULL,'',NULL,NULL,'','','','','Crespo 7 Avenida#70-182, edificio Rosandy,',''),(68,'',NULL,NULL,'',NULL,NULL,'','','','','Calle 4 # 75 - 36',''),(69,'',NULL,NULL,'',NULL,NULL,'','','','','',''),(70,'',NULL,NULL,'',NULL,NULL,'','','','','',''),(71,'',NULL,NULL,'',NULL,NULL,'','','','','Carrera 24C oeste #6-120 apartamento 402A edificio Adria VI A',''),(72,'',NULL,NULL,'',NULL,NULL,'','','','','Carrera 9 #13-24',''),(73,'',NULL,NULL,'',NULL,NULL,'','','','','Carrera 36 # 84b30 conjunto Savannah torre 1 apart 107,',''),(74,'',NULL,NULL,'',NULL,NULL,'','','','','Carrera 67 # 169A-82 Torre 1 apto 305',''),(75,'',NULL,NULL,'',NULL,NULL,'','','','','',''),(76,'',NULL,NULL,'',NULL,NULL,'','','','','',''),(77,'',NULL,NULL,'',NULL,NULL,'','','','','',''),(78,'',NULL,NULL,'',NULL,NULL,'','','','','',''),(79,'',NULL,NULL,'',NULL,NULL,'','','','','Calle 14#32-50 e501',''),(80,'',NULL,NULL,'',NULL,NULL,'','','','','',''),(81,'',NULL,NULL,'',NULL,NULL,'','','','','Departamento de nario municipio de los andes sotomayor oficina prinicipal',''),(82,'',NULL,NULL,'',NULL,NULL,'','','','','',''),(83,'',NULL,NULL,'',NULL,NULL,'','','','','',''),(84,'Cali',NULL,NULL,'Colombia',NULL,NULL,'','Valle','','','Carrera 60A # 3-63 / Calle 55 # 99-250 Remansos del Lili Torre 3 Apto 601',''),(85,'',NULL,NULL,'',NULL,NULL,'','','','','',''),(86,'Cali',NULL,NULL,'Colombia',NULL,NULL,'','Valle','','','Carrera 101 # 12-39 UR remanso del paraso. Casa 7',''),(87,'Cali',NULL,NULL,'Colombia',NULL,NULL,'','Valle','','','Carrera 38b # 69d - 07',''),(88,'',NULL,NULL,'',NULL,NULL,'','','','','Calle 55#53-16 Edificio Esmeralda apartamento 3B',''),(89,'',NULL,NULL,'',NULL,NULL,'','','','','Carrera 83 #14-130 edificio Gerona apto 402',''),(90,'',NULL,NULL,'',NULL,NULL,'','','','','Calle 4 # 25-21',''),(91,'',NULL,NULL,'',NULL,NULL,'','','','','Kilometro 20 va sibate escuela de polica Gonzalo Jimnez de quesada',''),(92,'Cali',NULL,NULL,'Colombia',NULL,NULL,'','Valle','','','Carrera 2d#78-24',''),(93,'',NULL,NULL,'',NULL,NULL,'','','','','Calle 85BIS 94F 20 TORRE 4 AP 302 CONJUNTO RESIDENCIAL RESERVA DEL PARQUE',''),(94,'Cali',NULL,NULL,'Colombia',NULL,NULL,'','Valle','','','Carrera 83b #16-65',''),(95,'',NULL,NULL,'',NULL,NULL,'','','','','Calle 152# 96a-60 agrupacin g interior 9 apartamento 301',''),(96,'Cali',NULL,NULL,'Colombia',NULL,NULL,'','Valle','','','Carrera 31 #9c - 49',''),(97,'',NULL,NULL,'',NULL,NULL,'','','','','',''),(98,'Palmira',NULL,NULL,'Colombia',NULL,NULL,'','Valle','','','Carrera 27 # 29-55 centro. palmira valle del Cauca',''),(99,'',NULL,NULL,'',NULL,NULL,'','','','','Calle 45 # 86-75 apto 501 torre 2 parques del Lili 2',''),(100,'',NULL,NULL,'',NULL,NULL,'','','','','Calle 5A N 14 A 15',''),(101,'',NULL,NULL,'',NULL,NULL,'','','','','Carrera 64 # 98-90 apto 305 t2',''),(102,'',NULL,NULL,'',NULL,NULL,'','','','','Calle 47c # 30-114 2do piso',''),(103,'',NULL,NULL,'',NULL,NULL,'','','','','Carrera 2a - 12-36',''),(104,'',NULL,NULL,'',NULL,NULL,'','','','','Calle 34 # 11- 74',''),(105,'',NULL,NULL,'',NULL,NULL,'','','','','Calle 20 #11-30 conjunto cerrado parques del Pinar torre 2 apartamento 502',''),(106,'',NULL,NULL,'',NULL,NULL,'','','','','Calle 11#28sur11 sesquicentenario, al frente de un granero que se llama el paisano',''),(107,'',NULL,NULL,'',NULL,NULL,'','','','','Avereda Abreito Finca N 156',''),(108,'',NULL,NULL,'',NULL,NULL,'','','','','Avenida Mirolindo Calle 93 No. 20- 40 Sur Conjunto Mirador de los Andes',''),(109,'',NULL,NULL,'',NULL,NULL,'','','','','Calle 37b #58-93 apto 102, Edificio Chatanoga',''),(110,'',NULL,NULL,'',NULL,NULL,'','','','','',''),(111,'Cali',NULL,NULL,'Colombia',NULL,NULL,'','Valle','','','Calle 19 No. 32b -29',''),(112,'',NULL,NULL,'',NULL,NULL,'','','','','Calle 49 nro 55 36',''),(113,'',NULL,NULL,'',NULL,NULL,'','','','','Calle 9 neo 10 160 conjunto mitaca torre 23 apto 301',''),(114,'',NULL,NULL,'',NULL,NULL,'','','','','Calle 16 a nro 31 128 torre e apto 405',''),(115,'Cali',NULL,NULL,'Colombia',NULL,NULL,'','Valle','','','Carrera 2 c nro 64 a 46 B',''),(116,'',NULL,NULL,'',NULL,NULL,'','','','','Calle 51 # 33-36',''),(117,'',NULL,NULL,'',NULL,NULL,'','','','','Manzana 25 casa 13 bosques de Maracaibo',''),(118,'',NULL,NULL,'',NULL,NULL,'','','','','Carrera 25 N. 23A - 35 Apartamento 101',''),(119,'',NULL,NULL,'',NULL,NULL,'','','','','',''),(120,'',NULL,NULL,'',NULL,NULL,'','','','','Carrera 36B con Transversal 35 #T35-61',''),(121,'',NULL,NULL,'',NULL,NULL,'','','','','Carrera 23 nro 19 41 casa',''),(122,'Cali',NULL,NULL,'Colombia',NULL,NULL,'','Valle','','','Calle 49 # 26-17',''),(123,'',NULL,NULL,'',NULL,NULL,'','','','','',''),(124,'Bucaramanga',NULL,NULL,'Colombia',NULL,NULL,'','Santander','','','Centro comercial la quinta local 307 Carrera 36#49-15 local 307',''),(125,'',NULL,NULL,'',NULL,NULL,'','','','','Carrera 9 a NRO 40 07 APTO 401 / Calle 9a (novena A) #40 - 07',''),(126,'',NULL,NULL,'',NULL,NULL,'','','','','Calle 2 B No 33 A 03',''),(127,'Palmira',NULL,NULL,'Colombia',NULL,NULL,'','Valle','','','',''),(128,'',NULL,NULL,'',NULL,NULL,'','','','','Trasversal 44# 102- 167',''),(129,'',NULL,NULL,'',NULL,NULL,'','','','','Calle 152b # 104-50',''),(130,'',NULL,NULL,'',NULL,NULL,'','','','','Carrera 5 b nmero 38 a 44',''),(131,'',NULL,NULL,'',NULL,NULL,'','','','','',''),(132,'',NULL,NULL,'',NULL,NULL,'','','','','',''),(133,'',NULL,NULL,'',NULL,NULL,'','','','','Carrera 72 NRO 94 63 CONJUNTO RINCON 94 BARRIO VILLA CAROLINA',''),(134,'',NULL,NULL,'',NULL,NULL,'','','','','Calle 31N #20-15 mirador de los ocobos apto 207 torre 2',''),(135,'',NULL,NULL,'',NULL,NULL,'','','','','Carrera 1 # 36 - 50 Torre 20 Apto 103 Conjunto Cerezos',''),(136,'',NULL,NULL,'',NULL,NULL,'','','','','Carrera 9 # 67-18',''),(137,'',NULL,NULL,'',NULL,NULL,'','','','','OFICINA INTERRAPIDISIMO PRINCIPAL',''),(138,'',NULL,NULL,'',NULL,NULL,'','','','','Calle 13 # 7-03 Local( La Milhoja)',''),(139,'',NULL,NULL,'',NULL,NULL,'','','','','Barrio corazn de Jess mz 16 casa 11',''),(140,'',NULL,NULL,'',NULL,NULL,'','','','','Carrera 46 89-58',''),(141,'',NULL,NULL,'',NULL,NULL,'','','','','Carrera 31 16 - 51 san pedro alejandrino',''),(142,'',NULL,NULL,'',NULL,NULL,'','','','','Carrera 49 c nro 54 - 57',''),(143,'',NULL,NULL,'',NULL,NULL,'','','','','A la oficina principal de interrapidisimo',''),(144,'',NULL,NULL,'',NULL,NULL,'','','','','',''),(145,'Cali',NULL,NULL,'Colombia',NULL,NULL,'','Valle','','','Carrera 1 bn nro 72-52',''),(146,'',NULL,NULL,'',NULL,NULL,'','','','','',''),(147,'',NULL,NULL,'',NULL,NULL,'','','','','',''),(148,'',NULL,NULL,'',NULL,NULL,'','','','','',''),(149,'',NULL,NULL,'',NULL,NULL,'','','','','',''),(150,'',NULL,NULL,'',NULL,NULL,'','','','','',''),(151,'',NULL,NULL,'',NULL,NULL,'','','','','Carrera 43 nro 41 b sur 96',''),(152,'',NULL,NULL,'',NULL,NULL,'','','','','Calle 153 n 23 41 sol de galicia Mz 8 Cs 5',''),(153,'',NULL,NULL,'',NULL,NULL,'','','','','',''),(154,'',NULL,NULL,'',NULL,NULL,'','','','','',''),(155,'',NULL,NULL,'',NULL,NULL,'','','','','',''),(156,'',NULL,NULL,'',NULL,NULL,'','','','','Manzana B lote 2 primera etapa',''),(157,'',NULL,NULL,'',NULL,NULL,'','','','','Carrera 15 A# 38- 32 Urbanizacin La Arboleda \nManzana: D Torre: 8 Apto: 101',''),(158,'',NULL,NULL,'',NULL,NULL,'','','','','',''),(159,'',NULL,NULL,'',NULL,NULL,'','','','','Carrera 57a#23-23',''),(160,'Cali',NULL,NULL,'Colombia',NULL,NULL,'','Valle','','','',''),(161,'Pereira',NULL,NULL,'Colombia',NULL,NULL,'','Risaralda','','','',''),(162,'',NULL,NULL,'',NULL,NULL,'','','','','',''),(163,'',NULL,NULL,'',NULL,NULL,'','','','','',''),(164,'Villavicencio',NULL,NULL,'Colombia',NULL,NULL,'','Meta','','','',''),(165,'Valledupar',NULL,NULL,'Colombia',NULL,NULL,'','Cesar','','','',''),(166,'',NULL,NULL,'',NULL,NULL,'','','','','',''),(167,'',NULL,NULL,'',NULL,NULL,'','','','','',''),(168,'',NULL,NULL,'',NULL,NULL,'','','','','',''),(169,'',NULL,NULL,'',NULL,NULL,'','','','','',''),(170,'Palmira',NULL,NULL,'Colombia',NULL,NULL,'','Valle','','','',''),(171,'',NULL,NULL,'',NULL,NULL,'','','','','',''),(172,'',NULL,NULL,'',NULL,NULL,'','','','','',''),(173,'Cali',NULL,NULL,'Colombia',NULL,NULL,'','Valle','','','',''),(174,'',NULL,NULL,'',NULL,NULL,'','','','','',''),(175,'',NULL,NULL,'',NULL,NULL,'','','','','',''),(176,'',NULL,NULL,'',NULL,NULL,'','','','','',''),(177,'',NULL,NULL,'',NULL,NULL,'','','','','',''),(178,'Cali',NULL,NULL,'Colombia',NULL,NULL,'','Valle','','','',''),(179,'',NULL,NULL,'',NULL,NULL,'','','','','',''),(180,'',NULL,NULL,'',NULL,NULL,'','','','','',''),(181,'Cali',NULL,NULL,'Colombia',NULL,NULL,'','Valle','','','',''),(182,'',NULL,NULL,'',NULL,NULL,'','','','','',''),(183,'Cali',NULL,NULL,'Colombia',NULL,NULL,'','Valle','','','',''),(184,'Cali',NULL,NULL,'Colombia',NULL,NULL,'','Valle','','','',''),(185,'',NULL,NULL,'',NULL,NULL,'','','','','',''),(186,'Cali',NULL,NULL,'Colombia',NULL,NULL,'','Valle','','','',''),(187,'',NULL,NULL,'',NULL,NULL,'','','','','',''),(188,'',NULL,NULL,'',NULL,NULL,'','','','','',''),(189,'',NULL,NULL,'',NULL,NULL,'','','','','',''),(190,'',NULL,NULL,'',NULL,NULL,'','','','','',''),(191,'',NULL,NULL,'',NULL,NULL,'','','','','',''),(192,'',NULL,NULL,'',NULL,NULL,'','','','','',''),(193,'Pereira',NULL,NULL,'Colombia',NULL,NULL,'','Risaralda','','','',''),(194,'Valledupar',NULL,NULL,'Colombia',NULL,NULL,'','Cesar','','','',''),(195,'Duitama',NULL,NULL,'Colombia',NULL,NULL,'','Boyac','','','',''),(196,'',NULL,NULL,'',NULL,NULL,'','','','','',''),(197,'',NULL,NULL,'',NULL,NULL,'','','','','',''),(198,'Armenia',NULL,NULL,'Colombia',NULL,NULL,'','Quindo','','','',''),(199,'',NULL,NULL,'',NULL,NULL,'','','','','',''),(200,'Medelln',NULL,NULL,'Colombia',NULL,NULL,'','Antioquia','','','',''),(201,'',NULL,NULL,'',NULL,NULL,'','','','','',''),(202,'Valledupar',NULL,NULL,'Colombia',NULL,NULL,'','Cesar','','','',''),(203,'',NULL,NULL,'',NULL,NULL,'','','','','',''),(204,'',NULL,NULL,'',NULL,NULL,'','','','','',''),(205,'',NULL,NULL,'',NULL,NULL,'','','','','',''),(206,'',NULL,NULL,'',NULL,NULL,'','','','','',''),(207,'',NULL,NULL,'',NULL,NULL,'','','','','',''),(208,'Medelln',NULL,NULL,'Colombia',NULL,NULL,'','Antioquia','','','',''),(209,'',NULL,NULL,'',NULL,NULL,'','','','','',''),(210,'',NULL,NULL,'',NULL,NULL,'','','','','',''),(211,'',NULL,NULL,'',NULL,NULL,'','','','','',''),(212,'',NULL,NULL,'',NULL,NULL,'','','','','',''),(213,'',NULL,NULL,'',NULL,NULL,'','','','','',''),(214,'',NULL,NULL,'',NULL,NULL,'','','','','',''),(215,'',NULL,NULL,'',NULL,NULL,'','','','','',''),(216,'',NULL,NULL,'',NULL,NULL,'','','','','',''),(217,'',NULL,NULL,'',NULL,NULL,'','','','','',''),(218,'Bucaramanga',NULL,NULL,'Colombia',NULL,NULL,'','Santander','','','',''),(219,'Pereira',NULL,NULL,'Colombia',NULL,NULL,'','Risaralda','','','',''),(220,'',NULL,NULL,'',NULL,NULL,'','','','','',''),(221,'',NULL,NULL,'',NULL,NULL,'','','','','',''),(222,'Barranquilla',NULL,NULL,'Colombia',NULL,NULL,'','Atlntico','','','',''),(223,'',NULL,NULL,'',NULL,NULL,'','','','','',''),(224,'Medelln',NULL,NULL,'Colombia',NULL,NULL,'','Antioquia','','','',''),(225,'Cartagena',NULL,NULL,'Colombia',NULL,NULL,'','Bolvar','','','',''),(226,'Cartagena',NULL,NULL,'Colombia',NULL,NULL,'','Bolvar','','','',''),(227,'',NULL,NULL,'',NULL,NULL,'','','','','',''),(228,'Bogot',NULL,NULL,'Colombia',NULL,NULL,'','Cundinamarca','','','',''),(229,'Barranquilla',NULL,NULL,'Colombia',NULL,NULL,'','Atlntico','','','',''),(230,'Bogot',NULL,NULL,'Colombia',NULL,NULL,'','Cundinamarca','','','',''),(231,'',NULL,NULL,'',NULL,NULL,'','','','','',''),(232,'',NULL,NULL,'',NULL,NULL,'','','','','',''),(233,'',NULL,NULL,'',NULL,NULL,'','','','','',''),(234,'',NULL,NULL,'',NULL,NULL,'','','','','',''),(235,'',NULL,NULL,'',NULL,NULL,'','','','','',''),(236,'',NULL,NULL,'',NULL,NULL,'','','','','',''),(237,'Ccuta',NULL,NULL,'Colombia',NULL,NULL,'','Norte De Santander','','','',''),(238,'',NULL,NULL,'Colombia',NULL,NULL,'','Crdoba','','','',''),(239,'',NULL,NULL,'',NULL,NULL,'','','','','',''),(240,'Cali',NULL,NULL,'Colombia',NULL,NULL,'','Valle','','','',''),(241,'Medelln',NULL,NULL,'Colombia',NULL,NULL,'','Antioquia','','','',''),(242,'',NULL,NULL,'',NULL,NULL,'','','','','',''),(243,'',NULL,NULL,'',NULL,NULL,'','','','','',''),(244,'',NULL,NULL,'',NULL,NULL,'','','','','',''),(245,'',NULL,NULL,'',NULL,NULL,'','','','','',''),(246,'',NULL,NULL,'',NULL,NULL,'','','','','',''),(247,'',NULL,NULL,'',NULL,NULL,'','','','','',''),(248,'',NULL,NULL,'',NULL,NULL,'','','','','',''),(249,'',NULL,NULL,'',NULL,NULL,'','','','','',''),(250,'',NULL,NULL,'',NULL,NULL,'','','','','',''),(251,'',NULL,NULL,'',NULL,NULL,'','','','','',''),(252,'',NULL,NULL,'',NULL,NULL,'','','','','',''),(253,'',NULL,NULL,'',NULL,NULL,'','','','','',''),(254,'',NULL,NULL,'',NULL,NULL,'','','','','',''),(255,'',NULL,NULL,'',NULL,NULL,'','','','','',''),(256,'Bucaramanga',NULL,NULL,'Colombia',NULL,NULL,'','Santander','','','',''),(257,'Cali',NULL,NULL,'Colombia',NULL,NULL,'','Valle','','','',''),(258,'Cartagena',NULL,NULL,'Colombia',NULL,NULL,'','Bolvar','','','',''),(259,'',NULL,NULL,'',NULL,NULL,'','','','','',''),(260,'',NULL,NULL,'',NULL,NULL,'','','','','',''),(261,'',NULL,NULL,'',NULL,NULL,'','','','','',''),(262,'',NULL,NULL,'',NULL,NULL,'','','','','',''),(263,'Chin',NULL,NULL,'Colombia',NULL,NULL,'','Crdoba','','','',''),(264,'Cali',NULL,NULL,'Colombia',NULL,NULL,'','Valle','','','',''),(265,'',NULL,NULL,'',NULL,NULL,'','','','','',''),(266,'',NULL,NULL,'',NULL,NULL,'','','','','',''),(267,'',NULL,NULL,'',NULL,NULL,'','','','','',''),(268,'Bogot',NULL,NULL,'Colombia',NULL,NULL,'','Cundinamarca','','','',''),(269,'',NULL,NULL,'',NULL,NULL,'','','','','',''),(270,'',NULL,NULL,'',NULL,NULL,'','','','','',''),(271,'',NULL,NULL,'',NULL,NULL,'','','','','',''),(272,'Ccuta',NULL,NULL,'Colombia',NULL,NULL,'','Norte De Santander','','','',''),(273,'Cali',NULL,NULL,'Colombia',NULL,NULL,'','Valle','','','',''),(274,'Cali',NULL,NULL,'Colombia',NULL,NULL,'','Valle','','','',''),(275,'Bogot',NULL,NULL,'Colombia',NULL,NULL,'','Cundinamarca','','','',''),(276,'',NULL,NULL,'',NULL,NULL,'','','','','',''),(277,'',NULL,NULL,'',NULL,NULL,'','','','','',''),(278,'Barranquilla',NULL,NULL,'Colombia',NULL,NULL,'','Atlntico','','','',''),(279,'',NULL,NULL,'',NULL,NULL,'','','','','',''),(280,'',NULL,NULL,'',NULL,NULL,'','','','','',''),(281,'',NULL,NULL,'',NULL,NULL,'','','','','',''),(282,'',NULL,NULL,'',NULL,NULL,'','','','','',''),(283,'Pereira',NULL,NULL,'Colombia',NULL,NULL,'','Risaralda','','','',''),(284,'',NULL,NULL,'',NULL,NULL,'','','','','',''),(285,'',NULL,NULL,'',NULL,NULL,'','','','','',''),(286,'',NULL,NULL,'',NULL,NULL,'','','','','',''),(287,'',NULL,NULL,'',NULL,NULL,'','','','','',''),(288,'',NULL,NULL,'',NULL,NULL,'','','','','',''),(289,'Bogot',NULL,NULL,'Colombia',NULL,NULL,'','Cundinamarca','','','',''),(290,'',NULL,NULL,'',NULL,NULL,'','','','','',''),(291,'',NULL,NULL,'',NULL,NULL,'','','','','',''),(292,'',NULL,NULL,'',NULL,NULL,'','','','','',''),(293,'',NULL,NULL,'',NULL,NULL,'','','','','',''),(294,'',NULL,NULL,'',NULL,NULL,'','','','','',''),(295,'Cartagena',NULL,NULL,'Colombia',NULL,NULL,'','Bolvar','','','',''),(296,'',NULL,NULL,'',NULL,NULL,'','','','','',''),(297,'',NULL,NULL,'',NULL,NULL,'','','','','',''),(298,'',NULL,NULL,'',NULL,NULL,'','','','','',''),(299,'Riohacha',NULL,NULL,'Colombia',NULL,NULL,'','Guajira','','','',''),(300,'',NULL,NULL,'',NULL,NULL,'','','','','',''),(301,'',NULL,NULL,'',NULL,NULL,'','','','','',''),(302,'Bogot',NULL,NULL,'Colombia',NULL,NULL,'','Cundinamarca','','','',''),(303,'Cartagena',NULL,NULL,'Colombia',NULL,NULL,'','Bolvar','','','',''),(304,'',NULL,NULL,'',NULL,NULL,'','','','','',''),(305,'',NULL,NULL,'',NULL,NULL,'','','','','',''),(306,'Cali',NULL,NULL,'Colombia',NULL,NULL,'','Valle','','','',''),(307,'',NULL,NULL,'',NULL,NULL,'','','','','',''),(308,'',NULL,NULL,'',NULL,NULL,'','','','','',''),(309,'',NULL,NULL,'',NULL,NULL,'','','','','',''),(310,'',NULL,NULL,'',NULL,NULL,'','','','','',''),(311,'',NULL,NULL,'',NULL,NULL,'','','','','',''),(312,'',NULL,NULL,'',NULL,NULL,'','','','','',''),(313,'',NULL,NULL,'',NULL,NULL,'','','','','',''),(314,'',NULL,NULL,'',NULL,NULL,'','','','','',''),(315,'',NULL,NULL,'',NULL,NULL,'','','','','',''),(316,'',NULL,NULL,'',NULL,NULL,'','','','','',''),(317,'',NULL,NULL,'',NULL,NULL,'','','','','',''),(318,'',NULL,NULL,'',NULL,NULL,'','','','','',''),(319,'',NULL,NULL,'',NULL,NULL,'','','','','',''),(320,'Medelln',NULL,NULL,'Colombia',NULL,NULL,'','Antioquia','','','',''),(321,'Armenia',NULL,NULL,'Colombia',NULL,NULL,'','Quindo','','','',''),(322,'',NULL,NULL,'',NULL,NULL,'','','','','',''),(323,'Cali',NULL,NULL,'Colombia',NULL,NULL,'','Valle','','','',''),(324,'',NULL,NULL,'',NULL,NULL,'','','','','',''),(325,'Cali',NULL,NULL,'Colombia',NULL,NULL,'','Valle','','','',''),(326,'',NULL,NULL,'Estados Unidos',NULL,NULL,'','','','','',''),(327,'',NULL,NULL,'',NULL,NULL,'','','','','',''),(328,'',NULL,NULL,'',NULL,NULL,'','','','','',''),(329,'',NULL,NULL,'',NULL,NULL,'','','','','',''),(330,'',NULL,NULL,'',NULL,NULL,'','','','','',''),(331,'',NULL,NULL,'',NULL,NULL,'','','','','',''),(332,'',NULL,NULL,'',NULL,NULL,'','','','','',''),(333,'Cali',NULL,NULL,'Colombia',NULL,NULL,'','Valle','','','',''),(334,'',NULL,NULL,'',NULL,NULL,'','','','','',''),(335,'Cali',NULL,NULL,'Colombia',NULL,NULL,'','Valle','','','',''),(336,'',NULL,NULL,'',NULL,NULL,'','','','','',''),(337,'',NULL,NULL,'',NULL,NULL,'','','','','',''),(338,'',NULL,NULL,'',NULL,NULL,'','','','','',''),(339,'',NULL,NULL,'',NULL,NULL,'','','','','',''),(340,'',NULL,NULL,'',NULL,NULL,'','','','','',''),(341,'Cali',NULL,NULL,'Colombia',NULL,NULL,'','Valle','','','',''),(342,'',NULL,NULL,'',NULL,NULL,'','','','','',''),(343,'',NULL,NULL,'',NULL,NULL,'','','','','',''),(344,'',NULL,NULL,'',NULL,NULL,'','','','','',''),(345,'',NULL,NULL,'',NULL,NULL,'','','','','',''),(346,'',NULL,NULL,'',NULL,NULL,'','','','','',''),(347,'',NULL,NULL,'',NULL,NULL,'','','','','',''),(348,'',NULL,NULL,'',NULL,NULL,'','','','','',''),(349,'',NULL,NULL,'',NULL,NULL,'','','','','',''),(350,'',NULL,NULL,'',NULL,NULL,'','','','','',''),(351,'',NULL,NULL,'',NULL,NULL,'','','','','',''),(352,'Barranquilla',NULL,NULL,'Colombia',NULL,NULL,'','Atlntico','','','',''),(353,'',NULL,NULL,'',NULL,NULL,'','','','','',''),(354,'',NULL,NULL,'',NULL,NULL,'','','','','',''),(355,'Itag',NULL,NULL,'Colombia',NULL,NULL,'','Antioquia','','','',''),(356,'Bogot',NULL,NULL,'Colombia',NULL,NULL,'','Cundinamarca','','','',''),(357,'Apartado',NULL,NULL,'Colombia',NULL,NULL,'','Antioquia','','','',''),(358,'',NULL,NULL,'',NULL,NULL,'','','','','',''),(359,'',NULL,NULL,'',NULL,NULL,'','','','','',''),(360,'',NULL,NULL,'',NULL,NULL,'','','','','',''),(361,'',NULL,NULL,'',NULL,NULL,'','','','','',''),(362,'',NULL,NULL,'',NULL,NULL,'','','','','',''),(363,'',NULL,NULL,'',NULL,NULL,'','','','','',''),(364,'',NULL,NULL,'',NULL,NULL,'','','','','',''),(365,'',NULL,NULL,'',NULL,NULL,'','','','','',''),(366,'',NULL,NULL,'',NULL,NULL,'','','','','',''),(367,'Ccuta',NULL,NULL,'Colombia',NULL,NULL,'','Norte De Santander','','','',''),(368,'',NULL,NULL,'',NULL,NULL,'','','','','',''),(369,'',NULL,NULL,'',NULL,NULL,'','','','','',''),(370,'Bogot',NULL,NULL,'Colombia',NULL,NULL,'','Cundinamarca','','','',''),(371,'Cali',NULL,NULL,'Colombia',NULL,NULL,'','Valle','','','',''),(372,'Cali',NULL,NULL,'Colombia',NULL,NULL,'','Valle','','','',''),(373,'',NULL,NULL,'',NULL,NULL,'','','','','',''),(374,'',NULL,NULL,'',NULL,NULL,'','','','','',''),(375,'Medelln',NULL,NULL,'Colombia',NULL,NULL,'','Antioquia','','','',''),(376,'Bogot',NULL,NULL,'Colombia',NULL,NULL,'','Cundinamarca','','','',''),(377,'',NULL,NULL,'',NULL,NULL,'','','','','',''),(378,'',NULL,NULL,'',NULL,NULL,'','','','','',''),(379,'',NULL,NULL,'',NULL,NULL,'','','','','',''),(380,'',NULL,NULL,'',NULL,NULL,'','','','','',''),(381,'Pereira',NULL,NULL,'Colombia',NULL,NULL,'','Risaralda','','','',''),(382,'Bogot',NULL,NULL,'Colombia',NULL,NULL,'','Cundinamarca','','','',''),(383,'Cali',NULL,NULL,'Colombia',NULL,NULL,'','Valle','','','',''),(384,'Ccuta',NULL,NULL,'Colombia',NULL,NULL,'','Norte De Santander','','','',''),(385,'Bogot',NULL,NULL,'Colombia',NULL,NULL,'','Cundinamarca','','','',''),(386,'Cali',NULL,NULL,'Colombia',NULL,NULL,'','Valle','','','',''),(387,'Cali',NULL,NULL,'Colombia',NULL,NULL,'','Valle','','','',''),(388,'',NULL,NULL,'',NULL,NULL,'','','','','',''),(389,'',NULL,NULL,'',NULL,NULL,'','','','','',''),(390,'Cali',NULL,NULL,'Colombia',NULL,NULL,'','Valle','','','',''),(391,'',NULL,NULL,'',NULL,NULL,'','','','','',''),(392,'',NULL,NULL,'',NULL,NULL,'','','','','',''),(393,'',NULL,NULL,'',NULL,NULL,'','','','','',''),(394,'',NULL,NULL,'',NULL,NULL,'','','','','',''),(395,'',NULL,NULL,'',NULL,NULL,'','','','','',''),(396,'',NULL,NULL,'',NULL,NULL,'','','','','',''),(397,'',NULL,NULL,'',NULL,NULL,'','','','','',''),(398,'Medelln',NULL,NULL,'Colombia',NULL,NULL,'','Antioquia','','','',''),(399,'',NULL,NULL,'',NULL,NULL,'','','','','',''),(400,'',NULL,NULL,'',NULL,NULL,'','','','','',''),(401,'',NULL,NULL,'',NULL,NULL,'','','','','',''),(402,'',NULL,NULL,'',NULL,NULL,'','','','','',''),(403,'',NULL,NULL,'',NULL,NULL,'','','','','',''),(404,'',NULL,NULL,'',NULL,NULL,'','','','','',''),(405,'',NULL,NULL,'',NULL,NULL,'','','','','',''),(406,'Cali',NULL,NULL,'Colombia',NULL,NULL,'','Valle','','','',''),(407,'Bogot',NULL,NULL,'Colombia',NULL,NULL,'','Cundinamarca','','','',''),(408,'Cali',NULL,NULL,'Colombia',NULL,NULL,'','Valle','','','',''),(409,'',NULL,NULL,'',NULL,NULL,'','','','','',''),(410,'',NULL,NULL,'',NULL,NULL,'','','','','',''),(411,'Cali',NULL,NULL,'Colombia',NULL,NULL,'','Valle','','','',''),(412,'',NULL,NULL,'',NULL,NULL,'','','','','',''),(413,'',NULL,NULL,'',NULL,NULL,'','','','','',''),(414,'',NULL,NULL,'',NULL,NULL,'','','','','',''),(415,'',NULL,NULL,'',NULL,NULL,'','','','','',''),(416,'',NULL,NULL,'',NULL,NULL,'','','','','',''),(417,'Bogot',NULL,NULL,'Colombia',NULL,NULL,'','Cundinamarca','','','',''),(418,'Cali',NULL,NULL,'Colombia',NULL,NULL,'','Valle','','','',''),(419,'',NULL,NULL,'',NULL,NULL,'','','','','',''),(420,'',NULL,NULL,'',NULL,NULL,'','','','','',''),(421,'',NULL,NULL,'',NULL,NULL,'','','','','',''),(422,'',NULL,NULL,'',NULL,NULL,'','','','','',''),(423,'Cali',NULL,NULL,'Colombia',NULL,NULL,'','Valle','','','',''),(424,'',NULL,NULL,'',NULL,NULL,'','','','','',''),(425,'',NULL,NULL,'',NULL,NULL,'','','','','',''),(426,'',NULL,NULL,'',NULL,NULL,'','','','','',''),(427,'',NULL,NULL,'',NULL,NULL,'','','','','',''),(428,'Cali',NULL,NULL,'Colombia',NULL,NULL,'','Valle','','','',''),(429,'Sahagn',NULL,NULL,'Colombia',NULL,NULL,'','Crdoba','','','',''),(430,'',NULL,NULL,'',NULL,NULL,'','','','','',''),(431,'',NULL,NULL,'',NULL,NULL,'','','','','',''),(432,'Medelln',NULL,NULL,'Colombia',NULL,NULL,'','Antioquia','','','',''),(433,'Cali',NULL,NULL,'Colombia',NULL,NULL,'','Valle','','','',''),(434,'',NULL,NULL,'',NULL,NULL,'','','','','',''),(435,'',NULL,NULL,'',NULL,NULL,'','','','','',''),(436,'',NULL,NULL,'',NULL,NULL,'','','','','',''),(437,'',NULL,NULL,'',NULL,NULL,'','','','','',''),(438,'',NULL,NULL,'',NULL,NULL,'','','','','',''),(439,'',NULL,NULL,'',NULL,NULL,'','','','','',''),(440,'Cali',NULL,NULL,'Colombia',NULL,NULL,'','Valle','','','',''),(441,'Barranquilla',NULL,NULL,'Colombia',NULL,NULL,'','Atlntico','','','',''),(442,'Ccuta',NULL,NULL,'Colombia',NULL,NULL,'','Norte De Santander','','','',''),(443,'',NULL,NULL,'',NULL,NULL,'','','','','',''),(444,'',NULL,NULL,'',NULL,NULL,'','','','','',''),(445,'Bogot',NULL,NULL,'Colombia',NULL,NULL,'','Cundinamarca','','','',''),(446,'',NULL,NULL,'',NULL,NULL,'','','','','',''),(447,'',NULL,NULL,'',NULL,NULL,'','','','','',''),(448,'',NULL,NULL,'',NULL,NULL,'','','','','',''),(449,'Bogot',NULL,NULL,'Colombia',NULL,NULL,'','Cundinamarca','','','',''),(450,'Cartagena',NULL,NULL,'Colombia',NULL,NULL,'','Bolvar','','','',''),(451,'',NULL,NULL,'',NULL,NULL,'','','','','',''),(452,'Medelln',NULL,NULL,'Colombia',NULL,NULL,'','Antioquia','','','',''),(453,'',NULL,NULL,'',NULL,NULL,'','','','','',''),(454,'',NULL,NULL,'',NULL,NULL,'','','','','',''),(455,'',NULL,NULL,'',NULL,NULL,'','','','','',''),(456,'',NULL,NULL,'',NULL,NULL,'','','','','',''),(457,'Cali',NULL,NULL,'Colombia',NULL,NULL,'','Valle','','','',''),(458,'',NULL,NULL,'',NULL,NULL,'','','','','',''),(459,'',NULL,NULL,'',NULL,NULL,'','','','','',''),(460,'Cali',NULL,NULL,'Colombia',NULL,NULL,'','Valle','','','',''),(461,'Medelln',NULL,NULL,'Colombia',NULL,NULL,'','Antioquia','','','',''),(462,'Barranquilla',NULL,NULL,'Colombia',NULL,NULL,'','Atlntico','','','',''),(463,'Valledupar',NULL,NULL,'Colombia',NULL,NULL,'','Cesar','','','',''),(464,'',NULL,NULL,'',NULL,NULL,'','','','','',''),(465,'Cali',NULL,NULL,'Colombia',NULL,NULL,'','Valle','','','',''),(466,'',NULL,NULL,'',NULL,NULL,'','','','','',''),(467,'Ccuta',NULL,NULL,'Colombia',NULL,NULL,'','Norte De Santander','','','',''),(468,'',NULL,NULL,'',NULL,NULL,'','','','','',''),(469,'',NULL,NULL,'',NULL,NULL,'','','','','',''),(470,'',NULL,NULL,'',NULL,NULL,'','','','','',''),(471,'',NULL,NULL,'',NULL,NULL,'','','','','',''),(472,'',NULL,NULL,'',NULL,NULL,'','','','','',''),(473,'',NULL,NULL,'',NULL,NULL,'','','','','',''),(474,'',NULL,NULL,'',NULL,NULL,'','','','','',''),(475,'',NULL,NULL,'',NULL,NULL,'','','','','',''),(476,'',NULL,NULL,'',NULL,NULL,'','','','','',''),(477,'',NULL,NULL,'',NULL,NULL,'','','','','',''),(478,'',NULL,NULL,'',NULL,NULL,'','','','','',''),(479,'Medelln',NULL,NULL,'Colombia',NULL,NULL,'','Antioquia','','','',''),(480,'',NULL,NULL,'',NULL,NULL,'','','','','',''),(481,'',NULL,NULL,'',NULL,NULL,'','','','','',''),(482,'',NULL,NULL,'',NULL,NULL,'','','','','',''),(483,'',NULL,NULL,'',NULL,NULL,'','','','','',''),(484,'',NULL,NULL,'',NULL,NULL,'','','','','',''),(485,'Pereira',NULL,NULL,'Colombia',NULL,NULL,'','Risaralda','','','',''),(486,'',NULL,NULL,'',NULL,NULL,'','','','','',''),(487,'',NULL,NULL,'',NULL,NULL,'','','','','',''),(488,'Cali',NULL,NULL,'Colombia',NULL,NULL,'','Valle','','','',''),(489,'Manizales',NULL,NULL,'Colombia',NULL,NULL,'','Caldas','','','',''),(490,'Ccuta',NULL,NULL,'Colombia',NULL,NULL,'','Norte De Santander','','','',''),(491,'',NULL,NULL,'',NULL,NULL,'','','','','',''),(492,'',NULL,NULL,'Colombia',NULL,NULL,'','Guajira','','','',''),(493,'Cali',NULL,NULL,'Colombia',NULL,NULL,'','Valle','','','',''),(494,'',NULL,NULL,'',NULL,NULL,'','','','','',''),(495,'',NULL,NULL,'',NULL,NULL,'','','','','',''),(496,'',NULL,NULL,'',NULL,NULL,'','','','','',''),(497,'',NULL,NULL,'',NULL,NULL,'','','','','',''),(498,'',NULL,NULL,'',NULL,NULL,'','','','','',''),(499,'Cartagena',NULL,NULL,'Colombia',NULL,NULL,'','Bolvar','','','',''),(500,'',NULL,NULL,'',NULL,NULL,'','','','','',''),(501,'',NULL,NULL,'',NULL,NULL,'','','','','',''),(502,'',NULL,NULL,'',NULL,NULL,'','','','','',''),(503,'',NULL,NULL,'',NULL,NULL,'','','','','',''),(504,'Cali',NULL,NULL,'Colombia',NULL,NULL,'','Valle','','','',''),(505,'Buga',NULL,NULL,'Colombia',NULL,NULL,'','Valle','','','',''),(506,'Medelln',NULL,NULL,'Colombia',NULL,NULL,'','Antioquia','','','',''),(507,'',NULL,NULL,'',NULL,NULL,'','','','','',''),(508,'Cali',NULL,NULL,'Colombia',NULL,NULL,'','Valle','','','',''),(509,'Barrancabermeja',NULL,NULL,'Colombia',NULL,NULL,'','Santander','','','',''),(510,'',NULL,NULL,'',NULL,NULL,'','','','','',''),(511,'',NULL,NULL,'',NULL,NULL,'','','','','',''),(512,'',NULL,NULL,'',NULL,NULL,'','','','','',''),(513,'Montera',NULL,NULL,'Colombia',NULL,NULL,'','Crdoba','','','',''),(514,'',NULL,NULL,'',NULL,NULL,'','','','','',''),(515,'',NULL,NULL,'',NULL,NULL,'','','','','',''),(516,'',NULL,NULL,'',NULL,NULL,'','','','','',''),(517,'',NULL,NULL,'',NULL,NULL,'','','','','',''),(518,'',NULL,NULL,'',NULL,NULL,'','','','','',''),(519,'Medelln',NULL,NULL,'Colombia',NULL,NULL,'','Antioquia','','','',''),(520,'',NULL,NULL,'',NULL,NULL,'','','','','',''),(521,'Apartado',NULL,NULL,'Colombia',NULL,NULL,'','Antioquia','','','',''),(522,'Medelln',NULL,NULL,'Colombia',NULL,NULL,'','Antioquia','','','',''),(523,'Neiva',NULL,NULL,'Colombia',NULL,NULL,'','Huila','','','',''),(524,'Bogot',NULL,NULL,'Colombia',NULL,NULL,'','Cundinamarca','','','',''),(525,'Medelln',NULL,NULL,'Colombia',NULL,NULL,'','Antioquia','','','',''),(526,'',NULL,NULL,'',NULL,NULL,'','','','','',''),(527,'',NULL,NULL,'',NULL,NULL,'','','','','',''),(528,'',NULL,NULL,'',NULL,NULL,'','','','','',''),(529,'Medelln',NULL,NULL,'Colombia',NULL,NULL,'','Antioquia','','','',''),(530,'',NULL,NULL,'',NULL,NULL,'','','','','',''),(531,'',NULL,NULL,'',NULL,NULL,'','','','','',''),(532,'',NULL,NULL,'',NULL,NULL,'','','','','',''),(533,'',NULL,NULL,'',NULL,NULL,'','','','','',''),(534,'Bogot',NULL,NULL,'Colombia',NULL,NULL,'','Cundinamarca','','','',''),(535,'',NULL,NULL,'',NULL,NULL,'','','','','',''),(536,'',NULL,NULL,'',NULL,NULL,'','','','','',''),(537,'Bogot',NULL,NULL,'Colombia',NULL,NULL,'','Cundinamarca','','','',''),(538,'',NULL,NULL,'',NULL,NULL,'','','','','',''),(539,'',NULL,NULL,'',NULL,NULL,'','','','','',''),(540,'',NULL,NULL,'',NULL,NULL,'','','','','',''),(541,'',NULL,NULL,'',NULL,NULL,'','','','','',''),(542,'',NULL,NULL,'',NULL,NULL,'','','','','',''),(543,'',NULL,NULL,'',NULL,NULL,'','','','','',''),(544,'',NULL,NULL,'',NULL,NULL,'','','','','',''),(545,'',NULL,NULL,'',NULL,NULL,'','','','','',''),(546,'',NULL,NULL,'',NULL,NULL,'','','','','',''),(547,'Tame',NULL,NULL,'Colombia',NULL,NULL,'','Arauca','','','',''),(548,'',NULL,NULL,'',NULL,NULL,'','','','','',''),(549,'',NULL,NULL,'',NULL,NULL,'','','','','',''),(550,'',NULL,NULL,'',NULL,NULL,'','','','','',''),(551,'',NULL,NULL,'',NULL,NULL,'','','','','',''),(552,'',NULL,NULL,'',NULL,NULL,'','','','','',''),(553,'',NULL,NULL,'',NULL,NULL,'','','','','',''),(554,'Florencia',NULL,NULL,'Colombia',NULL,NULL,'','Caquet','','','',''),(555,'',NULL,NULL,'',NULL,NULL,'','','','','',''),(556,'',NULL,NULL,'',NULL,NULL,'','','','','',''),(557,'',NULL,NULL,'',NULL,NULL,'','','','','',''),(558,'',NULL,NULL,'',NULL,NULL,'','','','','',''),(559,'Tebaida',NULL,NULL,'Colombia',NULL,NULL,'','Quindo','','','',''),(560,'',NULL,NULL,'',NULL,NULL,'','','','','',''),(561,'Apartado',NULL,NULL,'Colombia',NULL,NULL,'','Antioquia','','','',''),(562,'',NULL,NULL,'',NULL,NULL,'','','','','',''),(563,'Montenegro',NULL,NULL,'Colombia',NULL,NULL,'','Quindo','','','',''),(564,'',NULL,NULL,'',NULL,NULL,'','','','','',''),(565,'',NULL,NULL,'',NULL,NULL,'','','','','',''),(566,'',NULL,NULL,'',NULL,NULL,'','','','','',''),(567,'',NULL,NULL,'',NULL,NULL,'','','','','',''),(568,'',NULL,NULL,'',NULL,NULL,'','','','','',''),(569,'',NULL,NULL,'',NULL,NULL,'','','','','',''),(570,'',NULL,NULL,'',NULL,NULL,'','','','','',''),(571,'',NULL,NULL,'',NULL,NULL,'','','','','',''),(572,'',NULL,NULL,'',NULL,NULL,'','','','','',''),(573,'',NULL,NULL,'',NULL,NULL,'','','','','',''),(574,'',NULL,NULL,'',NULL,NULL,'','','','','',''),(575,'',NULL,NULL,'',NULL,NULL,'','','','','',''),(576,'Montera',NULL,NULL,'Colombia',NULL,NULL,'','Crdoba','','','',''),(577,'Santa Marta',NULL,NULL,'Colombia',NULL,NULL,'','Magdalena','','','',''),(578,'',NULL,NULL,'',NULL,NULL,'','','','','',''),(579,'',NULL,NULL,'',NULL,NULL,'','','','','',''),(580,'',NULL,NULL,'',NULL,NULL,'','','','','',''),(581,'',NULL,NULL,'',NULL,NULL,'','','','','',''),(582,'',NULL,NULL,'',NULL,NULL,'','','','','',''),(583,'',NULL,NULL,'',NULL,NULL,'','','','','',''),(584,'Cali',NULL,NULL,'Colombia',NULL,NULL,'','Valle','','','',''),(585,'Barranquilla',NULL,NULL,'Colombia',NULL,NULL,'','Atlntico','','','',''),(586,'',NULL,NULL,'',NULL,NULL,'','','','','',''),(587,'',NULL,NULL,'',NULL,NULL,'','','','','',''),(588,'Villavicencio',NULL,NULL,'Colombia',NULL,NULL,'','Meta','','','',''),(589,'Manizales',NULL,NULL,'Colombia',NULL,NULL,'','Caldas','','','',''),(590,'Medelln',NULL,NULL,'Colombia',NULL,NULL,'','Antioquia','','','',''),(591,'Medelln',NULL,NULL,'Colombia',NULL,NULL,'','Antioquia','','','',''),(592,'Barranquilla',NULL,NULL,'Colombia',NULL,NULL,'','Atlntico','','','',''),(593,'',NULL,NULL,'',NULL,NULL,'','','','','',''),(594,'',NULL,NULL,'',NULL,NULL,'','','','','',''),(595,'',NULL,NULL,'',NULL,NULL,'','','','','',''),(596,'',NULL,NULL,'',NULL,NULL,'','','','','',''),(597,'',NULL,NULL,'',NULL,NULL,'','','','','',''),(598,'',NULL,NULL,'',NULL,NULL,'','','','','',''),(599,'',NULL,NULL,'',NULL,NULL,'','','','','',''),(600,'',NULL,NULL,'',NULL,NULL,'','','','','',''),(601,'Medelln',NULL,NULL,'Colombia',NULL,NULL,'','Antioquia','','','',''),(602,'Barranquilla',NULL,NULL,'Colombia',NULL,NULL,'','Atlntico','','','',''),(603,'',NULL,NULL,'',NULL,NULL,'','','','','',''),(604,'',NULL,NULL,'',NULL,NULL,'','','','','',''),(605,'',NULL,NULL,'',NULL,NULL,'','','','','',''),(606,'',NULL,NULL,'',NULL,NULL,'','','','','',''),(607,'',NULL,NULL,'',NULL,NULL,'','','','','',''),(608,'',NULL,NULL,'',NULL,NULL,'','','','','',''),(609,'',NULL,NULL,'',NULL,NULL,'','','','','',''),(610,'Bucaramanga',NULL,NULL,'Colombia',NULL,NULL,'','Santander','','','',''),(611,'Roldanillo',NULL,NULL,'Colombia',NULL,NULL,'','Valle','','','',''),(612,'Cali',NULL,NULL,'Colombia',NULL,NULL,'','Valle','','','',''),(613,'',NULL,NULL,'',NULL,NULL,'','','','','',''),(614,'Medelln',NULL,NULL,'Colombia',NULL,NULL,'','Antioquia','','','',''),(615,'Santa Marta',NULL,NULL,'Colombia',NULL,NULL,'','Magdalena','','','',''),(616,'',NULL,NULL,'',NULL,NULL,'','','','','',''),(617,'Arauca',NULL,NULL,'Colombia',NULL,NULL,'','Arauca','','','',''),(618,'',NULL,NULL,'',NULL,NULL,'','','','','',''),(619,'',NULL,NULL,'',NULL,NULL,'','','','','',''),(620,'',NULL,NULL,'',NULL,NULL,'','','','','',''),(621,'',NULL,NULL,'',NULL,NULL,'','','','','',''),(622,'Apartado',NULL,NULL,'Colombia',NULL,NULL,'','Antioquia','','','',''),(623,'',NULL,NULL,'',NULL,NULL,'','','','','',''),(624,'',NULL,NULL,'',NULL,NULL,'','','','','',''),(625,'',NULL,NULL,'',NULL,NULL,'','','','','',''),(626,'Guamal Meta',NULL,NULL,'Colombia',NULL,NULL,'','Meta','','','',''),(627,'',NULL,NULL,'',NULL,NULL,'','','','','',''),(628,'Cali',NULL,NULL,'Colombia',NULL,NULL,'','Valle','','','',''),(629,'',NULL,NULL,'',NULL,NULL,'','','','','',''),(630,'',NULL,NULL,'',NULL,NULL,'','','','','',''),(631,'',NULL,NULL,'',NULL,NULL,'','','','','',''),(632,'Barranquilla',NULL,NULL,'Colombia',NULL,NULL,'','Atlntico','','','',''),(633,'',NULL,NULL,'',NULL,NULL,'','','','','',''),(634,'',NULL,NULL,'',NULL,NULL,'','','','','',''),(635,'',NULL,NULL,'',NULL,NULL,'','','','','',''),(636,'',NULL,NULL,'',NULL,NULL,'','','','','',''),(637,'',NULL,NULL,'',NULL,NULL,'','','','','',''),(638,'',NULL,NULL,'',NULL,NULL,'','','','','',''),(639,'Barranquilla',NULL,NULL,'Colombia',NULL,NULL,'','Atlntico','','','',''),(640,'',NULL,NULL,'',NULL,NULL,'','','','','',''),(641,'',NULL,NULL,'',NULL,NULL,'','','','','',''),(642,'Barranquilla',NULL,NULL,'Colombia',NULL,NULL,'','Atlntico','','','',''),(643,'Palmira',NULL,NULL,'Colombia',NULL,NULL,'','Valle','','','',''),(644,'',NULL,NULL,'',NULL,NULL,'','','','','',''),(645,'',NULL,NULL,'',NULL,NULL,'','','','','',''),(646,'Honda',NULL,NULL,'Colombia',NULL,NULL,'','Tolima','','','',''),(647,'',NULL,NULL,'',NULL,NULL,'','','','','',''),(648,'',NULL,NULL,'',NULL,NULL,'','','','','',''),(649,'',NULL,NULL,'',NULL,NULL,'','','','','',''),(650,'Ibagu',NULL,NULL,'Colombia',NULL,NULL,'','Tolima','','','',''),(651,'Cali',NULL,NULL,'Colombia',NULL,NULL,'','Valle','','','',''),(652,'Ibagu',NULL,NULL,'Colombia',NULL,NULL,'','Tolima','','','',''),(653,'',NULL,NULL,'',NULL,NULL,'','','','','',''),(654,'Medelln',NULL,NULL,'Colombia',NULL,NULL,'','Antioquia','','','',''),(655,'',NULL,NULL,'',NULL,NULL,'','','','','',''),(656,'',NULL,NULL,'',NULL,NULL,'','','','','',''),(657,'',NULL,NULL,'',NULL,NULL,'','','','','',''),(658,'',NULL,NULL,'',NULL,NULL,'','','','','',''),(659,'',NULL,NULL,'',NULL,NULL,'','','','','',''),(660,'',NULL,NULL,'',NULL,NULL,'','','','','',''),(661,'Funza',NULL,NULL,'Colombia',NULL,NULL,'','Cundinamarca','','','',''),(662,'',NULL,NULL,'',NULL,NULL,'','','','','',''),(663,'',NULL,NULL,'',NULL,NULL,'','','','','',''),(664,'Medelln',NULL,NULL,'Colombia',NULL,NULL,'','Antioquia','','','',''),(665,'',NULL,NULL,'',NULL,NULL,'','','','','',''),(666,'',NULL,NULL,'',NULL,NULL,'','','','','',''),(667,'Santa Marta',NULL,NULL,'Colombia',NULL,NULL,'','Magdalena','','','',''),(668,'Carmen  De Viboral',NULL,NULL,'Colombia',NULL,NULL,'','Antioquia','','','',''),(669,'',NULL,NULL,'',NULL,NULL,'','','','','',''),(670,'',NULL,NULL,'',NULL,NULL,'','','','','',''),(671,'',NULL,NULL,'',NULL,NULL,'','','','','',''),(672,'Medelln',NULL,NULL,'Colombia',NULL,NULL,'','Antioquia','','','',''),(673,'Corinto',NULL,NULL,'Colombia',NULL,NULL,'','Cauca','','','',''),(674,'Medelln',NULL,NULL,'Colombia',NULL,NULL,'','Antioquia','','','',''),(675,'',NULL,NULL,'',NULL,NULL,'','','','','',''),(676,'Cali',NULL,NULL,'Colombia',NULL,NULL,'','Valle','','','',''),(677,'',NULL,NULL,'',NULL,NULL,'','','','','',''),(678,'Cali',NULL,NULL,'Colombia',NULL,NULL,'','Valle','','','',''),(679,'Cali',NULL,NULL,'Colombia',NULL,NULL,'','Valle','','','',''),(680,'Cali',NULL,NULL,'Colombia',NULL,NULL,'','Valle','','','',''),(681,'Palmira',NULL,NULL,'Colombia',NULL,NULL,'','Valle','','','',''),(682,'Manizales',NULL,NULL,'Colombia',NULL,NULL,'','Caldas','','','',''),(683,'Rionegro',NULL,NULL,'Colombia',NULL,NULL,'','Antioquia','','','',''),(684,'Cali',NULL,NULL,'Colombia',NULL,NULL,'','Valle','','','',''),(685,'',NULL,NULL,'',NULL,NULL,'','','','','',''),(686,'',NULL,NULL,'',NULL,NULL,'','','','','',''),(687,'',NULL,NULL,'',NULL,NULL,'','','','','',''),(688,'Cali',NULL,NULL,'Colombia',NULL,NULL,'','Valle','','','',''),(689,'',NULL,NULL,'',NULL,NULL,'','','','','',''),(690,'',NULL,NULL,'',NULL,NULL,'','','','','',''),(691,'',NULL,NULL,'',NULL,NULL,'','','','','',''),(692,'',NULL,NULL,'',NULL,NULL,'','','','','',''),(693,'',NULL,NULL,'',NULL,NULL,'','','','','',''),(694,'',NULL,NULL,'',NULL,NULL,'','','','','',''),(695,'Medelln',NULL,NULL,'Colombia',NULL,NULL,'','Antioquia','','','',''),(696,'Ccuta',NULL,NULL,'Colombia',NULL,NULL,'','Norte De Santander','','','',''),(697,'',NULL,NULL,'',NULL,NULL,'','','','','',''),(698,'',NULL,NULL,'',NULL,NULL,'','','','','',''),(699,'',NULL,NULL,'',NULL,NULL,'','','','','',''),(700,'Cali',NULL,NULL,'Colombia',NULL,NULL,'','Valle','','','',''),(701,'',NULL,NULL,'',NULL,NULL,'','','','','',''),(702,'Cartagena',NULL,NULL,'Colombia',NULL,NULL,'','Bolvar','','','',''),(703,'Cartagena',NULL,NULL,'Colombia',NULL,NULL,'','Bolvar','','','',''),(704,'',NULL,NULL,'',NULL,NULL,'','','','','',''),(705,'',NULL,NULL,'',NULL,NULL,'','','','','',''),(706,'',NULL,NULL,'',NULL,NULL,'','','','','',''),(707,'',NULL,NULL,'',NULL,NULL,'','','','','',''),(708,'Carmen',NULL,NULL,'Colombia',NULL,NULL,'','','','','',''),(709,'Medelln',NULL,NULL,'Colombia',NULL,NULL,'','Antioquia','','','',''),(710,'',NULL,NULL,'',NULL,NULL,'','','','','',''),(711,'Bogot',NULL,NULL,'Colombia',NULL,NULL,'','Cundinamarca','','','',''),(712,'Cali',NULL,NULL,'Colombia',NULL,NULL,'','Valle','','','',''),(713,'',NULL,NULL,'',NULL,NULL,'','','','','',''),(714,'',NULL,NULL,'',NULL,NULL,'','','','','',''),(715,'Medelln',NULL,NULL,'Colombia',NULL,NULL,'','Antioquia','','','',''),(716,'',NULL,NULL,'',NULL,NULL,'','','','','',''),(717,'Tumaco',NULL,NULL,'Colombia',NULL,NULL,'','Nario','','','',''),(718,'Medelln',NULL,NULL,'Colombia',NULL,NULL,'','Antioquia','','','',''),(719,'',NULL,NULL,'',NULL,NULL,'','','','','',''),(720,'',NULL,NULL,'',NULL,NULL,'','','','','',''),(721,'',NULL,NULL,'',NULL,NULL,'','','','','',''),(722,'Cali',NULL,NULL,'Colombia',NULL,NULL,'','Valle','','','',''),(723,'',NULL,NULL,'',NULL,NULL,'','','','','',''),(724,'',NULL,NULL,'',NULL,NULL,'','','','','',''),(725,'',NULL,NULL,'',NULL,NULL,'','','','','',''),(726,'',NULL,NULL,'',NULL,NULL,'','','','','',''),(727,'',NULL,NULL,'',NULL,NULL,'','','','','',''),(728,'',NULL,NULL,'',NULL,NULL,'','','','','',''),(729,'Cali',NULL,NULL,'Colombia',NULL,NULL,'','Valle','','','',''),(730,'',NULL,NULL,'',NULL,NULL,'','','','','',''),(731,'',NULL,NULL,'Panam',NULL,NULL,'','','','','',''),(732,'',NULL,NULL,'',NULL,NULL,'','','','','',''),(733,'',NULL,NULL,'',NULL,NULL,'','','','','',''),(734,'Bucaramanga',NULL,NULL,'Colombia',NULL,NULL,'','Santander','','','',''),(735,'',NULL,NULL,'',NULL,NULL,'','','','','',''),(736,'',NULL,NULL,'',NULL,NULL,'','','','','',''),(737,'Cali',NULL,NULL,'Colombia',NULL,NULL,'','Valle','','','',''),(738,'Bogot',NULL,NULL,'Colombia',NULL,NULL,'','Cundinamarca','','','',''),(739,'Cali',NULL,NULL,'Colombia',NULL,NULL,'','Valle','','','',''),(740,'Cali',NULL,NULL,'Colombia',NULL,NULL,'','Valle','','','',''),(741,'Neiva',NULL,NULL,'Colombia',NULL,NULL,'','Huila','','','',''),(742,'',NULL,NULL,'',NULL,NULL,'','','','','',''),(743,'Cali',NULL,NULL,'Colombia',NULL,NULL,'','Valle','','','',''),(744,'',NULL,NULL,'',NULL,NULL,'','','','','',''),(745,'Cali',NULL,NULL,'Colombia',NULL,NULL,'','Valle','','','',''),(746,'Cali',NULL,NULL,'Colombia',NULL,NULL,'','Valle','','','',''),(747,'Bucaramanga',NULL,NULL,'Colombia',NULL,NULL,'','Santander','','','',''),(748,'',NULL,NULL,'',NULL,NULL,'','','','','',''),(749,'Bogot',NULL,NULL,'Colombia',NULL,NULL,'','Cundinamarca','','','',''),(750,'',NULL,NULL,'',NULL,NULL,'','','','','',''),(751,'Cali',NULL,NULL,'Colombia',NULL,NULL,'','Valle','','','',''),(752,'',NULL,NULL,'',NULL,NULL,'','','','','',''),(753,'',NULL,NULL,'',NULL,NULL,'','','','','',''),(754,'Cali',NULL,NULL,'Colombia',NULL,NULL,'','Valle','','','',''),(755,'Cali',NULL,NULL,'Colombia',NULL,NULL,'','Valle','','','',''),(756,'Medelln',NULL,NULL,'Colombia',NULL,NULL,'','Antioquia','','','',''),(757,'Cali',NULL,NULL,'Colombia',NULL,NULL,'','Valle','','','',''),(758,'Medelln',NULL,NULL,'Colombia',NULL,NULL,'','Antioquia','','','',''),(759,'',NULL,NULL,'Colombia',NULL,NULL,'','Crdoba','','','',''),(760,'Medelln',NULL,NULL,'Colombia',NULL,NULL,'','Antioquia','','','',''),(761,'Cali',NULL,NULL,'Colombia',NULL,NULL,'','Valle','','','',''),(762,'Bogot',NULL,NULL,'Colombia',NULL,NULL,'','Cundinamarca','','','',''),(763,'Cali',NULL,NULL,'Colombia',NULL,NULL,'','Valle','','','',''),(764,'',NULL,NULL,'',NULL,NULL,'','','','','',''),(765,'',NULL,NULL,'',NULL,NULL,'','','','','',''),(766,'Quibd',NULL,NULL,'Colombia',NULL,NULL,'','Choc','','','',''),(767,'Mosquera',NULL,NULL,'Colombia',NULL,NULL,'','Cundinamarca','','','',''),(768,'Cali',NULL,NULL,'Colombia',NULL,NULL,'','Valle','','','',''),(769,'Pereira',NULL,NULL,'Colombia',NULL,NULL,'','Risaralda','','','',''),(770,'Medelln',NULL,NULL,'Colombia',NULL,NULL,'','Antioquia','','','',''),(771,'Cali',NULL,NULL,'Colombia',NULL,NULL,'','Valle','','','',''),(772,'',NULL,NULL,'',NULL,NULL,'','','','','',''),(773,'Cali',NULL,NULL,'Colombia',NULL,NULL,'','Valle','','','',''),(774,'Medelln',NULL,NULL,'Colombia',NULL,NULL,'','Antioquia','','','',''),(775,'Valledupar',NULL,NULL,'Colombia',NULL,NULL,'','Cesar','','','',''),(776,'',NULL,NULL,'Espaa',NULL,NULL,'','','','','',''),(777,'',NULL,NULL,'',NULL,NULL,'','','','','',''),(778,'Cali',NULL,NULL,'Colombia',NULL,NULL,'','Valle','','','',''),(779,'Armenia',NULL,NULL,'Colombia',NULL,NULL,'','Quindo','','','',''),(780,'',NULL,NULL,'',NULL,NULL,'','','','','',''),(781,'Cha',NULL,NULL,'Colombia',NULL,NULL,'','Cundinamarca','','','',''),(782,'Cartagena',NULL,NULL,'Colombia',NULL,NULL,'','Bolvar','','','',''),(783,'Cartagena',NULL,NULL,'Colombia',NULL,NULL,'','Bolvar','','','',''),(784,'Bogot',NULL,NULL,'Colombia',NULL,NULL,'','Cundinamarca','','','',''),(785,'Cali',NULL,NULL,'Colombia',NULL,NULL,'','Valle','','','',''),(786,'Tunja',NULL,NULL,'Colombia',NULL,NULL,'','Boyac','','','',''),(787,'Cali',NULL,NULL,'Colombia',NULL,NULL,'','Valle','','','',''),(788,'Cali',NULL,NULL,'Colombia',NULL,NULL,'','Valle','','','',''),(789,'',NULL,NULL,'',NULL,NULL,'','','','','',''),(790,'La Ceja',NULL,NULL,'Colombia',NULL,NULL,'','Antioquia','','','',''),(791,'',NULL,NULL,'',NULL,NULL,'','','','','',''),(792,'',NULL,NULL,'',NULL,NULL,'','','','','',''),(793,'',NULL,NULL,'',NULL,NULL,'','','','','',''),(794,'',NULL,NULL,'',NULL,NULL,'','','','','',''),(795,'',NULL,NULL,'',NULL,NULL,'','','','','',''),(796,'',NULL,NULL,'',NULL,NULL,'','','','','',''),(797,'',NULL,NULL,'',NULL,NULL,'','','','','',''),(798,'',NULL,NULL,'',NULL,NULL,'','','','','',''),(799,'',NULL,NULL,'',NULL,NULL,'','','','','',''),(800,'',NULL,NULL,'',NULL,NULL,'','','','','',''),(801,'',NULL,NULL,'',NULL,NULL,'','','','','',''),(802,'',NULL,NULL,'',NULL,NULL,'','','','','',''),(803,'Cali',NULL,NULL,'Colombia',NULL,NULL,'','Valle','','','',''),(804,'Bogot',NULL,NULL,'Colombia',NULL,NULL,'','Cundinamarca','','','',''),(805,'',NULL,NULL,'',NULL,NULL,'','','','','',''),(806,'Subachoque',NULL,NULL,'Colombia',NULL,NULL,'','Cundinamarca','','','',''),(807,'',NULL,NULL,'',NULL,NULL,'','','','','',''),(808,'',NULL,NULL,'',NULL,NULL,'','','','','',''),(809,'Plato',NULL,NULL,'Colombia',NULL,NULL,'','Magdalena','','','',''),(810,'Ibagu',NULL,NULL,'Colombia',NULL,NULL,'','Tolima','','','',''),(811,'Paz De Ariporo',NULL,NULL,'Colombia',NULL,NULL,'','Casanare','','','',''),(812,'Bogot',NULL,NULL,'Colombia',NULL,NULL,'','Cundinamarca','','','',''),(813,'Itag',NULL,NULL,'Colombia',NULL,NULL,'','Antioquia','','','',''),(814,'Bogot',NULL,NULL,'Colombia',NULL,NULL,'','Cundinamarca','','','',''),(815,'Cali',NULL,NULL,'Colombia',NULL,NULL,'','Valle','','','',''),(816,'Medelln',NULL,NULL,'Colombia',NULL,NULL,'','Antioquia','','','',''),(817,'Cali',NULL,NULL,'Colombia',NULL,NULL,'','Valle','','','',''),(818,'',NULL,NULL,'',NULL,NULL,'','','','','',''),(819,'',NULL,NULL,'Colombia',NULL,NULL,'','Guajira','','','',''),(820,'',NULL,NULL,'',NULL,NULL,'','','','','',''),(821,'',NULL,NULL,'',NULL,NULL,'','','','','',''),(822,'Envigado',NULL,NULL,'Colombia',NULL,NULL,'','Antioquia','','','',''),(823,'Cali',NULL,NULL,'Colombia',NULL,NULL,'','Valle','','','',''),(824,'',NULL,NULL,'',NULL,NULL,'','','','','',''),(825,'Barranquilla',NULL,NULL,'Colombia',NULL,NULL,'','Atlntico','','','',''),(826,'Valledupar',NULL,NULL,'Colombia',NULL,NULL,'','Cesar','','','',''),(827,'Palmira',NULL,NULL,'Colombia',NULL,NULL,'','Valle','','','',''),(828,'Medelln',NULL,NULL,'Colombia',NULL,NULL,'','Antioquia','','','',''),(829,'Cerrito Valle',NULL,NULL,'Colombia',NULL,NULL,'','Valle','','','',''),(830,'Medelln',NULL,NULL,'Colombia',NULL,NULL,'','Antioquia','','','',''),(831,'',NULL,NULL,'',NULL,NULL,'','','','','',''),(832,'',NULL,NULL,'',NULL,NULL,'','','','','',''),(833,'',NULL,NULL,'',NULL,NULL,'','','','','',''),(834,'Zarzal Valle',NULL,NULL,'Colombia',NULL,NULL,'','Valle','','','',''),(835,'Popayn',NULL,NULL,'Colombia',NULL,NULL,'','Cauca','','','',''),(836,'Bogot',NULL,NULL,'Colombia',NULL,NULL,'','Cundinamarca','','','',''),(837,'',NULL,NULL,'',NULL,NULL,'','','','','',''),(838,'',NULL,NULL,'',NULL,NULL,'','','','','',''),(839,'',NULL,NULL,'',NULL,NULL,'','','','','',''),(840,'',NULL,NULL,'',NULL,NULL,'','','','','',''),(841,'',NULL,NULL,'',NULL,NULL,'','','','','',''),(842,'Cali',NULL,NULL,'Colombia',NULL,NULL,'','Valle','','','',''),(843,'',NULL,NULL,'',NULL,NULL,'','','','','',''),(844,'',NULL,NULL,'',NULL,NULL,'','','','','',''),(845,'Dos Quebradas',NULL,NULL,'Colombia',NULL,NULL,'','Risaralda','','','',''),(846,'Riosucio',NULL,NULL,'Colombia',NULL,NULL,'','Cauca','','','',''),(847,'Barranquilla',NULL,NULL,'Colombia',NULL,NULL,'','Atlntico','','','',''),(848,'Cali',NULL,NULL,'Colombia',NULL,NULL,'','Valle','','','',''),(849,'Cali',NULL,NULL,'Colombia',NULL,NULL,'','Valle','','','',''),(850,'Medelln',NULL,NULL,'Colombia',NULL,NULL,'','Antioquia','','','',''),(851,'',NULL,NULL,'',NULL,NULL,'','','','','',''),(852,'Villavicencio',NULL,NULL,'Colombia',NULL,NULL,'','Meta','','','',''),(853,'Bogot',NULL,NULL,'Colombia',NULL,NULL,'','Cundinamarca','','','',''),(854,'',NULL,NULL,'',NULL,NULL,'','','','','',''),(855,'',NULL,NULL,'',NULL,NULL,'','','','','',''),(856,'Barranquilla',NULL,NULL,'Colombia',NULL,NULL,'','Atlntico','','','',''),(857,'',NULL,NULL,'',NULL,NULL,'','','','','',''),(858,'Medelln',NULL,NULL,'Colombia',NULL,NULL,'','Antioquia','','','',''),(859,'Cali',NULL,NULL,'Colombia',NULL,NULL,'','Valle','','','',''),(860,'',NULL,NULL,'',NULL,NULL,'','','','','',''),(861,'Miami',NULL,NULL,'Estados Unidos',NULL,NULL,'','Florida','','','',''),(862,'',NULL,NULL,'',NULL,NULL,'','','','','',''),(863,'',NULL,NULL,'',NULL,NULL,'','','','','',''),(864,'Santa Marta',NULL,NULL,'Colombia',NULL,NULL,'','Magdalena','','','',''),(865,'',NULL,NULL,'',NULL,NULL,'','','','','',''),(866,'Cali',NULL,NULL,'Colombia',NULL,NULL,'','Valle','','','',''),(867,'',NULL,NULL,'',NULL,NULL,'','','','','',''),(868,'',NULL,NULL,'',NULL,NULL,'','','','','',''),(869,'',NULL,NULL,'',NULL,NULL,'','','','','',''),(870,'Medelln',NULL,NULL,'Colombia',NULL,NULL,'','Antioquia','','','',''),(871,'Cali',NULL,NULL,'Colombia',NULL,NULL,'','Valle','','','',''),(872,'Bogot',NULL,NULL,'Colombia',NULL,NULL,'','Cundinamarca','','','',''),(873,'',NULL,NULL,'',NULL,NULL,'','','','','',''),(874,'',NULL,NULL,'',NULL,NULL,'','','','','',''),(875,'Medelln',NULL,NULL,'Colombia',NULL,NULL,'','Antioquia','','','',''),(876,'Barranquilla',NULL,NULL,'Colombia',NULL,NULL,'','Atlntico','','','',''),(877,'Cali',NULL,NULL,'Colombia',NULL,NULL,'','Valle','','','',''),(878,'Cali',NULL,NULL,'Colombia',NULL,NULL,'','Valle','','','',''),(879,'Cali',NULL,NULL,'Colombia',NULL,NULL,'','Valle','','','',''),(880,'Valledupar',NULL,NULL,'Colombia',NULL,NULL,'','Cesar','','','',''),(881,'Cali',NULL,NULL,'Colombia',NULL,NULL,'','Valle','','','',''),(882,'Riohacha',NULL,NULL,'Colombia',NULL,NULL,'','Guajira','','','',''),(883,'Cali',NULL,NULL,'Colombia',NULL,NULL,'','Valle','','','',''),(884,'Cali',NULL,NULL,'Colombia',NULL,NULL,'','Valle','','','',''),(885,'Cali',NULL,NULL,'Colombia',NULL,NULL,'','Valle','','','',''),(886,'San Andres',NULL,NULL,'Colombia',NULL,NULL,'','San Andres','','','',''),(887,'Cali',NULL,NULL,'Colombia',NULL,NULL,'','Valle','','','',''),(888,'',NULL,NULL,'',NULL,NULL,'','','','','',''),(889,'Popayn',NULL,NULL,'Colombia',NULL,NULL,'','Cauca','','','',''),(890,'Bogot',NULL,NULL,'Colombia',NULL,NULL,'','Cundinamarca','','','',''),(891,'Cali',NULL,NULL,'Colombia',NULL,NULL,'','Valle','','','',''),(892,'Cali',NULL,NULL,'Colombia',NULL,NULL,'','Valle','','','',''),(893,'',NULL,NULL,'',NULL,NULL,'','','','','',''),(894,'',NULL,NULL,'',NULL,NULL,'','','','','',''),(895,'',NULL,NULL,'',NULL,NULL,'','','','','',''),(896,'',NULL,NULL,'',NULL,NULL,'','','','','',''),(897,'',NULL,NULL,'',NULL,NULL,'','','','','',''),(898,'Cartagena',NULL,NULL,'Colombia',NULL,NULL,'','Bolvar','','','',''),(899,'',NULL,NULL,'',NULL,NULL,'','','','','',''),(900,'',NULL,NULL,'',NULL,NULL,'','','','','',''),(901,'Cali',NULL,NULL,'Colombia',NULL,NULL,'','Valle','','','',''),(902,'',NULL,NULL,'',NULL,NULL,'','','','','',''),(903,'',NULL,NULL,'',NULL,NULL,'','','','','',''),(904,'',NULL,NULL,'',NULL,NULL,'','','','','',''),(905,'Cali',NULL,NULL,'Colombia',NULL,NULL,'','Valle','','','',''),(906,'Cali',NULL,NULL,'Colombia',NULL,NULL,'','Valle','','','',''),(907,'',NULL,NULL,'',NULL,NULL,'','','','','',''),(908,'Bogot',NULL,NULL,'Colombia',NULL,NULL,'','Cundinamarca','','','',''),(909,'',NULL,NULL,'',NULL,NULL,'','','','','',''),(910,'',NULL,NULL,'',NULL,NULL,'','','','','',''),(911,'',NULL,NULL,'',NULL,NULL,'','','','','',''),(912,'',NULL,NULL,'',NULL,NULL,'','','','','',''),(913,'Bogot',NULL,NULL,'Colombia',NULL,NULL,'','Cundinamarca','','','',''),(914,'Bogot',NULL,NULL,'Colombia',NULL,NULL,'','Cundinamarca','','','',''),(915,'',NULL,NULL,'',NULL,NULL,'','','','','',''),(916,'',NULL,NULL,'',NULL,NULL,'','','','','',''),(917,'Cali',NULL,NULL,'Colombia',NULL,NULL,'','Valle','','','',''),(918,'',NULL,NULL,'',NULL,NULL,'','','','','',''),(919,'',NULL,NULL,'',NULL,NULL,'','','','','',''),(920,'',NULL,NULL,'',NULL,NULL,'','','','','',''),(921,'Tunja',NULL,NULL,'Colombia',NULL,NULL,'','Boyac','','','',''),(922,'',NULL,NULL,'',NULL,NULL,'','','','','',''),(923,'',NULL,NULL,'',NULL,NULL,'','','','','',''),(924,'Medelln',NULL,NULL,'Colombia',NULL,NULL,'','Antioquia','','','',''),(925,'Bogot',NULL,NULL,'Colombia',NULL,NULL,'','Cundinamarca','','','',''),(926,'Cali',NULL,NULL,'Colombia',NULL,NULL,'','Valle','','','',''),(927,'Pereira',NULL,NULL,'Colombia',NULL,NULL,'','Risaralda','','','',''),(928,'',NULL,NULL,'',NULL,NULL,'','','','','',''),(929,'',NULL,NULL,'',NULL,NULL,'','','','','',''),(930,'',NULL,NULL,'',NULL,NULL,'','','','','',''),(931,'',NULL,NULL,'',NULL,NULL,'','','','','',''),(932,'',NULL,NULL,'',NULL,NULL,'','','','','',''),(933,'Madrid',NULL,NULL,'Colombia',NULL,NULL,'','Cundinamarca','','','',''),(934,'Medelln',NULL,NULL,'Colombia',NULL,NULL,'','Antioquia','','','',''),(935,'',NULL,NULL,'',NULL,NULL,'','','','','',''),(936,'',NULL,NULL,'',NULL,NULL,'','','','','',''),(937,'Ccuta',NULL,NULL,'Colombia',NULL,NULL,'','Norte De Santander','','','',''),(938,'',NULL,NULL,'',NULL,NULL,'','','','','',''),(939,'',NULL,NULL,'',NULL,NULL,'','','','','',''),(940,'Cali',NULL,NULL,'Colombia',NULL,NULL,'','Valle','','','',''),(941,'',NULL,NULL,'',NULL,NULL,'','','','','',''),(942,'',NULL,NULL,'',NULL,NULL,'','','','','',''),(943,'',NULL,NULL,'',NULL,NULL,'','','','','',''),(944,'Cali',NULL,NULL,'Colombia',NULL,NULL,'','Valle','','','',''),(945,'Cartagena',NULL,NULL,'Colombia',NULL,NULL,'','Bolvar','','','',''),(946,'Cali',NULL,NULL,'Colombia',NULL,NULL,'','Valle','','','',''),(947,'Cali',NULL,NULL,'Colombia',NULL,NULL,'','Valle','','','',''),(948,'Cali',NULL,NULL,'Colombia',NULL,NULL,'','Valle','','','',''),(949,'Bogot',NULL,NULL,'Colombia',NULL,NULL,'','Cundinamarca','','','',''),(950,'Ibagu',NULL,NULL,'Colombia',NULL,NULL,'','Tolima','','','',''),(951,'Bogot',NULL,NULL,'Colombia',NULL,NULL,'','Cundinamarca','','','',''),(952,'',NULL,NULL,'',NULL,NULL,'','','','','',''),(953,'',NULL,NULL,'',NULL,NULL,'','','','','',''),(954,'',NULL,NULL,'',NULL,NULL,'','','','','',''),(955,'Bogot',NULL,NULL,'Colombia',NULL,NULL,'','Cundinamarca','','','',''),(956,'',NULL,NULL,'',NULL,NULL,'','','','','',''),(957,'Cali',NULL,NULL,'Colombia',NULL,NULL,'','Valle','','','',''),(958,'',NULL,NULL,'',NULL,NULL,'','','','','',''),(959,'Cali',NULL,NULL,'Colombia',NULL,NULL,'','Valle','','','',''),(960,'Cali',NULL,NULL,'Colombia',NULL,NULL,'','Valle','','','',''),(961,'Cali',NULL,NULL,'Colombia',NULL,NULL,'','Valle','','','',''),(962,'Cali',NULL,NULL,'Colombia',NULL,NULL,'','Valle','','','',''),(963,'Cali',NULL,NULL,'Colombia',NULL,NULL,'','Valle','','','',''),(964,'',NULL,NULL,'',NULL,NULL,'','','','','',''),(965,'',NULL,NULL,'',NULL,NULL,'','','','','',''),(966,'',NULL,NULL,'Guatemala',NULL,NULL,'','','','','',''),(967,'',NULL,NULL,'',NULL,NULL,'','','','','',''),(968,'',NULL,NULL,'',NULL,NULL,'','','','','',''),(969,'',NULL,NULL,'',NULL,NULL,'','','','','',''),(970,'',NULL,NULL,'',NULL,NULL,'','','','','',''),(971,'',NULL,NULL,'',NULL,NULL,'','','','','',''),(972,'Pereira',NULL,NULL,'Colombia',NULL,NULL,'','Risaralda','','','',''),(973,'Medelln',NULL,NULL,'Colombia',NULL,NULL,'','Antioquia','','','',''),(974,'Bogot',NULL,NULL,'Colombia',NULL,NULL,'','Cundinamarca','','','',''),(975,'Cali',NULL,NULL,'Colombia',NULL,NULL,'','Valle','','','',''),(976,'Bogot',NULL,NULL,'Colombia',NULL,NULL,'','Cundinamarca','','','',''),(977,'',NULL,NULL,'',NULL,NULL,'','','','','',''),(978,'Bogot',NULL,NULL,'Colombia',NULL,NULL,'','Cundinamarca','','','',''),(979,'',NULL,NULL,'',NULL,NULL,'','','','','',''),(980,'Cali',NULL,NULL,'Colombia',NULL,NULL,'','Valle','','','',''),(981,'',NULL,NULL,'',NULL,NULL,'','','','','',''),(982,'Bogot',NULL,NULL,'Colombia',NULL,NULL,'','Cundinamarca','','','',''),(983,'Bogot',NULL,NULL,'Colombia',NULL,NULL,'','Cundinamarca','','','',''),(984,'Gmez Plata',NULL,NULL,'Colombia',NULL,NULL,'','Antioquia','','','',''),(985,'',NULL,NULL,'Mxico',NULL,NULL,'','','','','',''),(986,'Medelln',NULL,NULL,'Colombia',NULL,NULL,'','Antioquia','','','',''),(987,'Popayn',NULL,NULL,'Colombia',NULL,NULL,'','Cauca','','','',''),(988,'',NULL,NULL,'',NULL,NULL,'','','','','',''),(989,'',NULL,NULL,'Estados Unidos',NULL,NULL,'','','','','',''),(990,'Cali',NULL,NULL,'Colombia',NULL,NULL,'','Valle','','','',''),(991,'',NULL,NULL,'',NULL,NULL,'','','','','',''),(992,'Cali',NULL,NULL,'Colombia',NULL,NULL,'','Valle','','','',''),(993,'Bogot',NULL,NULL,'Colombia',NULL,NULL,'','Cundinamarca','','','',''),(994,'Medelln',NULL,NULL,'Colombia',NULL,NULL,'','Antioquia','','','',''),(995,'Bogot',NULL,NULL,'Colombia',NULL,NULL,'','Cundinamarca','','','',''),(996,'Valledupar',NULL,NULL,'Colombia',NULL,NULL,'','Cesar','','','',''),(997,'Medelln',NULL,NULL,'Colombia',NULL,NULL,'','Antioquia','','','',''),(998,'',NULL,NULL,'',NULL,NULL,'','','','','',''),(999,'Medelln',NULL,NULL,'Colombia',NULL,NULL,'','Antioquia','','','',''),(1000,'',NULL,NULL,'',NULL,NULL,'','','','','',''),(1001,'',NULL,NULL,'',NULL,NULL,'','','','','',''),(1002,'Candelaria',NULL,NULL,'Colombia',NULL,NULL,'','Valle','','','',''),(1003,'',NULL,NULL,'',NULL,NULL,'','','','','',''),(1004,'Bogot',NULL,NULL,'Colombia',NULL,NULL,'','Cundinamarca','','','',''),(1005,'Medelln',NULL,NULL,'Colombia',NULL,NULL,'','Antioquia','','','',''),(1006,'Palmira',NULL,NULL,'Colombia',NULL,NULL,'','Valle','','','',''),(1007,'Cali',NULL,NULL,'Colombia',NULL,NULL,'','Valle','','','',''),(1008,'',NULL,NULL,'',NULL,NULL,'','','Terron Colorado','','',''),(1009,'Cali',NULL,NULL,'Colombia',NULL,NULL,'','Valle','','','',''),(1010,'Medelln',NULL,NULL,'Colombia',NULL,NULL,'','Antioquia','','','',''),(1011,'',NULL,NULL,'',NULL,NULL,'','','','','',''),(1012,'Cali',NULL,NULL,'Colombia',NULL,NULL,'','Valle','','','',''),(1013,'',NULL,NULL,'',NULL,NULL,'','','','','',''),(1014,'Pitalito',NULL,NULL,'Colombia',NULL,NULL,'','Huila','','','',''),(1015,'',NULL,NULL,'',NULL,NULL,'','','','','',''),(1016,'Ccuta',NULL,NULL,'Colombia',NULL,NULL,'','Norte De Santander','','','',''),(1017,'',NULL,NULL,'',NULL,NULL,'','','','','',''),(1018,'',NULL,NULL,'',NULL,NULL,'','','','','',''),(1019,'',NULL,NULL,'',NULL,NULL,'','','','','',''),(1020,'Soacha',NULL,NULL,'Colombia',NULL,NULL,'','Cundinamarca','','','',''),(1021,'Popayn',NULL,NULL,'Colombia',NULL,NULL,'','Cauca','','','',''),(1022,'',NULL,NULL,'',NULL,NULL,'','','','','',''),(1023,'',NULL,NULL,'',NULL,NULL,'','','','','',''),(1024,'',NULL,NULL,'',NULL,NULL,'','','','','',''),(1025,'',NULL,NULL,'',NULL,NULL,'','','','','',''),(1026,'Cali',NULL,NULL,'Colombia',NULL,NULL,'','Valle','','','',''),(1027,'',NULL,NULL,'',NULL,NULL,'','','','','',''),(1028,'',NULL,NULL,'',NULL,NULL,'','','','','',''),(1029,'',NULL,NULL,'',NULL,NULL,'','','','','',''),(1030,'',NULL,NULL,'',NULL,NULL,'','','','','',''),(1031,'',NULL,NULL,'',NULL,NULL,'','','','','',''),(1032,'',NULL,NULL,'Estados Unidos',NULL,NULL,'','','','','',''),(1033,'',NULL,NULL,'',NULL,NULL,'','','','','',''),(1034,'Bucaramanga',NULL,NULL,'Colombia',NULL,NULL,'','Santander','','','',''),(1035,'',NULL,NULL,'',NULL,NULL,'','','','','',''),(1036,'',NULL,NULL,'',NULL,NULL,'','','','','',''),(1037,'Bogot',NULL,NULL,'Colombia',NULL,NULL,'','Cundinamarca','','','',''),(1038,'',NULL,NULL,'',NULL,NULL,'','','','','',''),(1039,'Yotoco',NULL,NULL,'Colombia',NULL,NULL,'','Valle','','','',''),(1040,'',NULL,NULL,'',NULL,NULL,'','','','','',''),(1041,'Bogot',NULL,NULL,'Colombia',NULL,NULL,'','Cundinamarca','','','',''),(1042,'Medelln',NULL,NULL,'Colombia',NULL,NULL,'','Antioquia','','','',''),(1043,'',NULL,NULL,'',NULL,NULL,'','','','','',''),(1044,'',NULL,NULL,'',NULL,NULL,'','','','','',''),(1045,'Cali',NULL,NULL,'Colombia',NULL,NULL,'','Valle','','','',''),(1046,'Cali',NULL,NULL,'Colombia',NULL,NULL,'','Valle','','','',''),(1047,'Cali',NULL,NULL,'Colombia',NULL,NULL,'','Valle','','','',''),(1048,'Cali',NULL,NULL,'Colombia',NULL,NULL,'','Valle','','','',''),(1049,'Bogot',NULL,NULL,'Colombia',NULL,NULL,'','Cundinamarca','','','',''),(1050,'',NULL,NULL,'',NULL,NULL,'','','','','',''),(1051,'',NULL,NULL,'',NULL,NULL,'','','','','',''),(1052,'Jamund',NULL,NULL,'Colombia',NULL,NULL,'','Valle','','','',''),(1053,'',NULL,NULL,'',NULL,NULL,'','','','','',''),(1054,'Bogot',NULL,NULL,'Colombia',NULL,NULL,'','Cundinamarca','','','',''),(1055,'',NULL,NULL,'',NULL,NULL,'','','','','',''),(1056,'Envigado',NULL,NULL,'Colombia',NULL,NULL,'','Antioquia','','','',''),(1057,'',NULL,NULL,'',NULL,NULL,'','','','','',''),(1058,'',NULL,NULL,'',NULL,NULL,'','','','','',''),(1074,'',NULL,NULL,'',NULL,NULL,'','','','','',''),(1076,'BOGOTA',NULL,NULL,'',NULL,NULL,NULL,'','','','Calle 143 # 118 - 20 conjunto San Andrs Suba',NULL),(1078,'MEDELLIN',NULL,NULL,'',NULL,NULL,NULL,'','','','Cra 73 A # 30 B 04 casa piso 3, barrio Beln rosales',NULL),(1079,'PALMIRA',NULL,NULL,'',NULL,NULL,NULL,'','','','Calle 40a # 41-68 prado',NULL),(1082,'SANTA MARTA',NULL,NULL,'',NULL,NULL,NULL,'','','','Cra 5 nmero 34 _ 81',NULL),(1091,'Chia /Cundinamarca',NULL,NULL,'',NULL,NULL,NULL,'','','','cra 10 # 6 90 conjunto la pradera casa 99',NULL),(1094,'CALI',NULL,NULL,'',NULL,NULL,NULL,'','','','Calle 13  # 41-16 segundo piso Av Paso Ancho',NULL),(1095,'YUMBO',NULL,NULL,'',NULL,NULL,NULL,'','','','calle 20 #11-30 conjunto cerrado parques del Pinar torre 2 apartamento 502',NULL),(1098,'MEDELLIN',NULL,NULL,'',NULL,NULL,NULL,'','','','cra 84 e 9-44 barrio belen aliadas casa primer piso',NULL),(1105,'SANTA MARTA',NULL,NULL,'',NULL,NULL,NULL,'','','','Rodadero sur carrera 2 calle 19 Av tamaca frente hotel real tamaca',NULL),(1107,'CALI',NULL,NULL,'',NULL,NULL,NULL,'','','','Carrera 29 bis#27_51 barrio el jardn',NULL),(1109,'CALI',NULL,NULL,'',NULL,NULL,NULL,'','','','Unidad allegro Bochalema \nCalle 28 # 113 57',NULL),(1111,'San Jos , Sabaneta',NULL,NULL,'',NULL,NULL,NULL,'','','','Cra 39 77 sur 84 apto 403\nMaderos del campo 3',NULL),(1117,'BOGOTA',NULL,NULL,'',NULL,NULL,NULL,'','','','Tranversal 70 D bis a # 68-75 torre 3 apto 1308 \nConjunto residencial Torres de Bellavista',NULL),(1121,'BOGOTA',NULL,NULL,'',NULL,NULL,NULL,'','','','Carrera 115 #151c - 51 conjunto camino verde del cerezo bloque 8 apto 303',NULL),(1123,'SOPO CUNDINAMARCA',NULL,NULL,'',NULL,NULL,NULL,'','','','Carrera 12 #2-179',NULL),(1146,'',NULL,NULL,'',NULL,NULL,NULL,'','','','',NULL),(1147,'',NULL,NULL,'',NULL,NULL,NULL,'','','','',NULL),(1148,'',NULL,NULL,'',NULL,NULL,NULL,'','','','calle123',NULL),(1149,'',NULL,NULL,'',NULL,NULL,NULL,'','','','',NULL),(1150,'',NULL,NULL,'',NULL,NULL,NULL,'','','','',NULL),(1151,'',NULL,NULL,'',NULL,NULL,NULL,'','','','',NULL),(1152,'',NULL,NULL,'',NULL,NULL,NULL,'','','','',NULL),(1153,'',NULL,NULL,'',NULL,NULL,NULL,'','','','',NULL),(1154,'',NULL,NULL,'',NULL,NULL,NULL,'','','','',NULL),(1155,'',NULL,NULL,'',NULL,NULL,NULL,'','','','',NULL),(1156,'Cali',NULL,NULL,'',NULL,NULL,NULL,'','','','calle123',NULL),(1157,'Cali',NULL,NULL,'',NULL,NULL,NULL,'','','76001','calle123',NULL),(1158,'Cali',NULL,NULL,'CO',NULL,NULL,NULL,'','','76001','calle123',NULL),(1159,'Cali',NULL,NULL,'CO',NULL,NULL,NULL,'','','76001','calle123',NULL);
/*!40000 ALTER TABLE `vtiger_contactaddress` ENABLE KEYS */;
UNLOCK TABLES;

--
-- Table structure for table `vtiger_contactdetails`
--

DROP TABLE IF EXISTS `vtiger_contactdetails`;
/*!40101 SET @saved_cs_client     = @@character_set_client */;
/*!40101 SET character_set_client = utf8 */;
CREATE TABLE `vtiger_contactdetails` (
  `contactid` int(19) NOT NULL DEFAULT '0',
  `contact_no` varchar(100) NOT NULL,
  `accountid` int(19) DEFAULT NULL,
  `salutation` varchar(200) DEFAULT NULL,
  `firstname` varchar(40) DEFAULT NULL,
  `lastname` varchar(80) NOT NULL,
  `email` varchar(100) DEFAULT NULL,
  `phone` varchar(50) DEFAULT NULL,
  `mobile` varchar(50) DEFAULT NULL,
  `title` varchar(50) DEFAULT NULL,
  `department` varchar(30) DEFAULT NULL,
  `fax` varchar(50) DEFAULT NULL,
  `reportsto` varchar(30) DEFAULT NULL,
  `training` varchar(50) DEFAULT NULL,
  `usertype` varchar(50) DEFAULT NULL,
  `contacttype` varchar(50) DEFAULT NULL,
  `otheremail` varchar(100) DEFAULT NULL,
  `secondaryemail` varchar(100) DEFAULT NULL,
  `donotcall` varchar(3) DEFAULT NULL,
  `emailoptout` varchar(3) DEFAULT '0',
  `imagename` varchar(150) DEFAULT NULL,
  `reference` varchar(3) DEFAULT NULL,
  `notify_owner` varchar(3) DEFAULT '0',
  `isconvertedfromlead` varchar(3) DEFAULT '0',
  `tags` varchar(1) DEFAULT NULL,
  PRIMARY KEY (`contactid`),
  KEY `contactdetails_accountid_idx` (`accountid`),
  KEY `email_idx` (`email`),
  CONSTRAINT `fk_1_vtiger_contactdetails` FOREIGN KEY (`contactid`) REFERENCES `vtiger_crmentity` (`crmid`) ON DELETE CASCADE
) ENGINE=InnoDB DEFAULT CHARSET=utf8;
/*!40101 SET character_set_client = @saved_cs_client */;

--
-- Dumping data for table `vtiger_contactdetails`
--

LOCK TABLES `vtiger_contactdetails` WRITE;
/*!40000 ALTER TABLE `vtiger_contactdetails` DISABLE KEYS */;
INSERT INTO `vtiger_contactdetails` VALUES (5,'CON1',9,'','Wladimir','Diaz','','','','','','','0',NULL,NULL,NULL,NULL,'','0','0','','0','0','0',''),(6,'CON2',0,'','','Sears','','','','','','','0',NULL,NULL,NULL,NULL,'','0','0','','0','0','0',''),(10,'CON3',0,'','victor prueba','prueba','','','3148715813','','',NULL,'0',NULL,NULL,NULL,NULL,'','0','0','','0','0','0',''),(12,'CON4',0,'','','Diaz eee','','','','','',NULL,'0',NULL,NULL,NULL,NULL,'','0','0','','0','0','0',''),(29,'CON5',0,'',NULL,'Cindy Natalia Vega Rivera','','','3187828746','','',NULL,'0',NULL,NULL,NULL,NULL,'','0','0','','0','0','0',''),(32,'CON6',0,'',NULL,'Stefanie Ortiz ','','','3102939824','','',NULL,'0',NULL,NULL,NULL,NULL,'','0','0','','0','0','0',''),(33,'CON7',0,'',NULL,'Ana M Jacobo','','','3023888521','','',NULL,'0',NULL,NULL,NULL,NULL,'','0','0','','0','0','0',''),(34,'CON8',0,'',NULL,'Alejandra Gonzlez','','','3013032662','','',NULL,'0',NULL,NULL,NULL,NULL,'','0','0','','0','0','0',''),(35,'CON9',0,'',NULL,'Estefana Molinar','','','3162531671','','',NULL,'0',NULL,NULL,NULL,NULL,'','0','0','','0','0','0',''),(36,'CON10',0,'',NULL,'Isabel Salas','','','3142606862','','',NULL,'0',NULL,NULL,NULL,NULL,'','0','0','','0','0','0',''),(37,'CON11',0,'',NULL,'Patricia Gonzlez','','','3132769157','','',NULL,'0',NULL,NULL,NULL,NULL,'','0','0','','0','0','0',''),(38,'CON12',0,'',NULL,'Bryan Herrn','','','3183876257','','',NULL,'0',NULL,NULL,NULL,NULL,'','0','0','','0','0','0',''),(39,'CON13',0,'',NULL,'Antonella Molinar','','','3158850692','','',NULL,'0',NULL,NULL,NULL,NULL,'','0','0','','0','0','0',''),(40,'CON14',0,'',NULL,'Sofia Gaviria','','','3167731764','','',NULL,'0',NULL,NULL,NULL,NULL,'','0','0','','0','0','0',''),(41,'CON15',0,'',NULL,'Camila Chavista','','','3123691286','','',NULL,'0',NULL,NULL,NULL,NULL,'','0','0','','0','0','0',''),(42,'CON16',0,'',NULL,'Vanlli Reyes','','','3008236460','','',NULL,'0',NULL,NULL,NULL,NULL,'','0','0','','0','0','0',''),(43,'CON17',0,'',NULL,'Ana Guerrero','','','3163471613','','',NULL,'0',NULL,NULL,NULL,NULL,'','0','0','','0','0','0',''),(44,'CON18',0,'',NULL,'Adriana Zambrano','','','3112026638','','',NULL,'0',NULL,NULL,NULL,NULL,'','0','0','','0','0','0',''),(45,'CON19',0,'',NULL,'Joana Reyes','','','3022232634','','',NULL,'0',NULL,NULL,NULL,NULL,'','0','0','','0','0','0',''),(46,'CON20',0,'',NULL,'Ana Maria Carrascal','','','3142795167','','',NULL,'0',NULL,NULL,NULL,NULL,'','0','0','','0','0','0',''),(47,'CON21',0,'',NULL,'Carolina Trivio','','','3145866101','','',NULL,'0',NULL,NULL,NULL,NULL,'','0','0','','0','0','0',''),(48,'CON22',0,'',NULL,'Ana Maria Gil','','','3138307985','','',NULL,'0',NULL,NULL,NULL,NULL,'','0','0','','0','0','0',''),(49,'CON23',0,'',NULL,'Nancy Mabel Martnez','','','3115608465','','',NULL,'0',NULL,NULL,NULL,NULL,'','0','0','','0','0','0',''),(50,'CON24',0,'',NULL,'Angela Virginia Escobar','','','3154087054','','',NULL,'0',NULL,NULL,NULL,NULL,'','0','0','','0','0','0',''),(51,'CON25',0,'',NULL,'Carolina Rico','','','3148214794','','',NULL,'0',NULL,NULL,NULL,NULL,'','0','0','','0','0','0',''),(52,'CON26',0,'',NULL,'Lorena Duarte','','','3154740412','','',NULL,'0',NULL,NULL,NULL,NULL,'','0','0','','0','0','0',''),(53,'CON27',0,'',NULL,'Aurora Bohrquez','','','3133776787','','',NULL,'0',NULL,NULL,NULL,NULL,'','0','0','','0','0','0',''),(54,'CON28',0,'',NULL,'Angelica Pineda','','','3185234748','','',NULL,'0',NULL,NULL,NULL,NULL,'','0','0','','0','0','0',''),(55,'CON29',0,'',NULL,'Johana','','','3178415731','','',NULL,'0',NULL,NULL,NULL,NULL,'','0','0','','0','0','0',''),(56,'CON30',0,'',NULL,'Maria Laura Amaya Vega','','','3178791469','','',NULL,'0',NULL,NULL,NULL,NULL,'','0','0','','0','0','0',''),(57,'CON31',0,'',NULL,'Stevan Martnez','','','3058131306','','',NULL,'0',NULL,NULL,NULL,NULL,'','0','0','','0','0','0',''),(58,'CON32',0,'',NULL,'Claudia Patricia Zapata Rojas','','','3135581671','','',NULL,'0',NULL,NULL,NULL,NULL,'','0','0','','0','0','0',''),(59,'CON33',0,'',NULL,'Mara Del Pilar Bermeo','','','3138701737','','',NULL,'0',NULL,NULL,NULL,NULL,'','0','0','','0','0','0',''),(60,'CON34',0,'',NULL,'Carolina Beltrn','','','3117850737','','',NULL,'0',NULL,NULL,NULL,NULL,'','0','0','','0','0','0',''),(61,'CON35',0,'',NULL,'Maria Jos','','','3103521177','','',NULL,'0',NULL,NULL,NULL,NULL,'','0','0','','0','0','0',''),(62,'CON36',0,'',NULL,'Carolina Trivio','','','31445866101','','',NULL,'0',NULL,NULL,NULL,NULL,'','0','0','','0','0','0',''),(63,'CON37',0,'',NULL,'Mariela Moreira Macas','','','3183959306','','',NULL,'0',NULL,NULL,NULL,NULL,'','0','0','','0','0','0',''),(64,'CON38',0,'',NULL,'Avixxa Karina lvarez Snchez','','','3003258368','','',NULL,'0',NULL,NULL,NULL,NULL,'','0','0','','0','0','0',''),(65,'CON39',0,'',NULL,'Yerica Gacha','','','3133792947','','',NULL,'0',NULL,NULL,NULL,NULL,'','0','0','','0','0','0',''),(66,'CON40',0,'',NULL,'Adriana Castao','','','3165751494','','',NULL,'0',NULL,NULL,NULL,NULL,'','0','0','','0','0','0',''),(67,'CON41',0,'',NULL,'Doris Babilonia Luna','','','3017293890','','',NULL,'0',NULL,NULL,NULL,NULL,'','0','0','','0','0','0',''),(68,'CON42',0,'',NULL,'Nelly Arcila','','','3122953873','','',NULL,'0',NULL,NULL,NULL,NULL,'','0','0','','0','0','0',''),(69,'CON43',0,'',NULL,'Kenedy Salazar','','','','','',NULL,'0',NULL,NULL,NULL,NULL,'','0','0','','0','0','0',''),(70,'CON44',0,'',NULL,'Martha Kathy','','','3173674096','','',NULL,'0',NULL,NULL,NULL,NULL,'','0','0','','0','0','0',''),(71,'CON45',0,'',NULL,'Nohora Realpe','','','3105932875','','',NULL,'0',NULL,NULL,NULL,NULL,'','0','0','','0','0','0',''),(72,'CON46',0,'',NULL,'Jhoana Paola Rosero','','','3118991033','','',NULL,'0',NULL,NULL,NULL,NULL,'','0','0','','0','0','0',''),(73,'CON47',0,'',NULL,'Mara Jhoanna Lpez','','','3128182270','','',NULL,'0',NULL,NULL,NULL,NULL,'','0','0','','0','0','0',''),(74,'CON48',0,'',NULL,'Catalina Ospina','','','3015636302','','',NULL,'0',NULL,NULL,NULL,NULL,'','0','0','','0','0','0',''),(75,'CON49',0,'',NULL,'Olga Etiquetas','','','','','',NULL,'0',NULL,NULL,NULL,NULL,'','0','0','','0','0','0',''),(76,'CON50',0,'',NULL,'Carolina Rico','','','','','',NULL,'0',NULL,NULL,NULL,NULL,'','0','0','','0','0','0',''),(77,'CON51',0,'',NULL,'Melisa Rengifo','','','','','',NULL,'0',NULL,NULL,NULL,NULL,'','0','0','','0','0','0',''),(78,'CON52',0,'',NULL,'Melisa Rengifo','','','3175475134','','',NULL,'0',NULL,NULL,NULL,NULL,'','0','0','','0','0','0',''),(79,'CON53',0,'',NULL,'Carolina Pea','','','3173599720','','',NULL,'0',NULL,NULL,NULL,NULL,'','0','0','','0','0','0',''),(80,'CON54',0,'',NULL,'Johana Ruiz','','','3174413573','','',NULL,'0',NULL,NULL,NULL,NULL,'','0','0','','0','0','0',''),(81,'CON55',0,'',NULL,'Jesika Yuri Arias Arteaga','','','3104434035','','',NULL,'0',NULL,NULL,NULL,NULL,'','0','0','','0','0','0',''),(82,'CON56',0,'',NULL,'Lili Meza','','','','','',NULL,'0',NULL,NULL,NULL,NULL,'','0','0','','0','0','0',''),(83,'CON57',0,'',NULL,'Mabel Cartagena','','','','','',NULL,'0',NULL,NULL,NULL,NULL,'','0','0','','0','0','0',''),(84,'CON58',0,'',NULL,'Dianteh','','','3162998932','','',NULL,'0',NULL,NULL,NULL,NULL,'','0','0','','0','0','0',''),(85,'CON59',0,'',NULL,'Luz Maria Diaz','','','','','',NULL,'0',NULL,NULL,NULL,NULL,'','0','0','','0','0','0',''),(86,'CON60',0,'',NULL,'Dyana Lpez Y Lpez','','','3159289420','','',NULL,'0',NULL,NULL,NULL,NULL,'','0','0','','0','0','0',''),(87,'CON61',0,'',NULL,'Lucero Villarreal','','','3122938210','','',NULL,'0',NULL,NULL,NULL,NULL,'','0','0','','0','0','0',''),(88,'CON62',0,'',NULL,'Bertha Cristina Granados Pantoja','','','3046079242','','',NULL,'0',NULL,NULL,NULL,NULL,'','0','0','','0','0','0',''),(89,'CON63',0,'',NULL,'Lorena Duque','','','3013453507','','',NULL,'0',NULL,NULL,NULL,NULL,'','0','0','','0','0','0',''),(90,'CON64',0,'',NULL,'Andrea Sinisterra Molina','','','3202662826','','',NULL,'0',NULL,NULL,NULL,NULL,'','0','0','','0','0','0',''),(91,'CON65',0,'',NULL,'Edna Viviana Torres Rodrguez','','','3166595546','','',NULL,'0',NULL,NULL,NULL,NULL,'','0','0','','0','0','0',''),(92,'CON66',0,'',NULL,'Johana Valencia','','','3207426263','','',NULL,'0',NULL,NULL,NULL,NULL,'','0','0','','0','0','0',''),(93,'CON67',0,'',NULL,'Leydy Reyes','','','','','',NULL,'0',NULL,NULL,NULL,NULL,'','0','0','','0','0','0',''),(94,'CON68',0,'',NULL,'Stephanie Barrera Segura','','','3015418590','','',NULL,'0',NULL,NULL,NULL,NULL,'','0','0','','0','0','0',''),(95,'CON69',0,'',NULL,'Maria Lorenza Carrillo','','','3214959969','','',NULL,'0',NULL,NULL,NULL,NULL,'','0','0','','0','0','0',''),(96,'CON70',0,'',NULL,'Sara Meza Vsquez','','','3168419084','','',NULL,'0',NULL,NULL,NULL,NULL,'','0','0','','0','0','0',''),(97,'CON71',0,'',NULL,'Luz Stella Rubio','','','3163722980','','',NULL,'0',NULL,NULL,NULL,NULL,'','0','0','','0','0','0',''),(98,'CON72',0,'',NULL,'Beatriz Vargas Ortiz','','','3158874839','','',NULL,'0',NULL,NULL,NULL,NULL,'','0','0','','0','0','0',''),(99,'CON73',0,'',NULL,'Mnica Manzano','','','3168725347','','',NULL,'0',NULL,NULL,NULL,NULL,'','0','0','','0','0','0',''),(100,'CON74',0,'',NULL,'Maryory Carmona','','','3152760863','','',NULL,'0',NULL,NULL,NULL,NULL,'','0','0','','0','0','0',''),(101,'CON75',0,'',NULL,'Ana Corina Buchaar','','','3104752445','','',NULL,'0',NULL,NULL,NULL,NULL,'','0','0','','0','0','0',''),(102,'CON76',0,'',NULL,'Maira Mrelo','','','3005072610','','',NULL,'0',NULL,NULL,NULL,NULL,'','0','0','','0','0','0',''),(103,'CON77',0,'',NULL,'Contreras Mosquera Elizabeth','','','3233508380','','',NULL,'0',NULL,NULL,NULL,NULL,'','0','0','','0','0','0',''),(104,'CON78',0,'',NULL,'Yuly Andrea Gil Meja','','','3122062446','','',NULL,'0',NULL,NULL,NULL,NULL,'','0','0','','0','0','0',''),(105,'CON79',0,'',NULL,'Dannia Taborda Durango','','','3206580780','','',NULL,'0',NULL,NULL,NULL,NULL,'','0','0','','0','0','0',''),(106,'CON80',0,'',NULL,'Natalia Vlez Hernndez','','','3165717923','','',NULL,'0',NULL,NULL,NULL,NULL,'','0','0','','0','0','0',''),(107,'CON81',0,'',NULL,'Isabel Cristina Gallego Hurtado','','','3122340679','','',NULL,'0',NULL,NULL,NULL,NULL,'','0','0','','0','0','0',''),(108,'CON82',0,'',NULL,'Johanna Forero Rincn','','','3016482715','','',NULL,'0',NULL,NULL,NULL,NULL,'','0','0','','0','0','0',''),(109,'CON83',0,'',NULL,'Michell Gonzlez Ramrez','','','3206388249','','',NULL,'0',NULL,NULL,NULL,NULL,'','0','0','','0','0','0',''),(110,'CON84',0,'',NULL,'Alejo Amigo De Andres','','','','','',NULL,'0',NULL,NULL,NULL,NULL,'','0','0','','0','0','0',''),(111,'CON85',0,'',NULL,'Lorena Gamez Cardozo','','','3208137696','','',NULL,'0',NULL,NULL,NULL,NULL,'','0','0','','0','0','0',''),(112,'CON86',0,'',NULL,'Laura Sofia Diaz','','','3024598751','','',NULL,'0',NULL,NULL,NULL,NULL,'','0','0','','0','0','0',''),(113,'CON87',0,'',NULL,'Laura Cuartas Henao','','','3005876115','','',NULL,'0',NULL,NULL,NULL,NULL,'','0','0','','0','0','0',''),(114,'CON88',0,'',NULL,'Natalia Ocampo Castaeda','','','3182407141','','',NULL,'0',NULL,NULL,NULL,NULL,'','0','0','','0','0','0',''),(115,'CON89',0,'',NULL,'Laura Ceballos','','','3113182123','','',NULL,'0',NULL,NULL,NULL,NULL,'','0','0','','0','0','0',''),(116,'CON90',0,'',NULL,'Eydy Yulieth Rojas Ferreira','','','3008093562','','',NULL,'0',NULL,NULL,NULL,NULL,'','0','0','','0','0','0',''),(117,'CON91',0,'',NULL,'Yuliana Marcela ngel Guzmn','','','3146093389','','',NULL,'0',NULL,NULL,NULL,NULL,'','0','0','','0','0','0',''),(118,'CON92',0,'',NULL,'Yuranis Moreno Vergara','','','','','',NULL,'0',NULL,NULL,NULL,NULL,'','0','0','','0','0','0',''),(119,'CON93',0,'',NULL,'Katherin Caarete Batista','','','','','',NULL,'0',NULL,NULL,NULL,NULL,'','0','0','','0','0','0',''),(120,'CON94',0,'',NULL,'Julin Pinilla','','','3184163965','','',NULL,'0',NULL,NULL,NULL,NULL,'','0','0','','0','0','0',''),(121,'CON95',0,'',NULL,'Manuela Henao Crdenas','','','3134085825','','',NULL,'0',NULL,NULL,NULL,NULL,'','0','0','','0','0','0',''),(122,'CON96',0,'',NULL,'Mariana Loaiza Fernndez','','','3122202617','','',NULL,'0',NULL,NULL,NULL,NULL,'','0','0','','0','0','0',''),(123,'CON97',0,'',NULL,'Cliente Luz De Andres','','','3122836250','','',NULL,'0',NULL,NULL,NULL,NULL,'','0','0','','0','0','0',''),(124,'CON98',0,'',NULL,'Sonia Ruth Caballero Surez','','','3202939057','','',NULL,'0',NULL,NULL,NULL,NULL,'','0','0','','0','0','0',''),(125,'CON99',0,'',NULL,'Jessica','','','3178114548','','',NULL,'0',NULL,NULL,NULL,NULL,'','0','0','','0','0','0',''),(126,'CON100',0,'',NULL,'Marcela Fajardo Arias','','','3142398373','','',NULL,'0',NULL,NULL,NULL,NULL,'','0','0','','0','0','0',''),(127,'CON101',0,'',NULL,'Nancy Flrez','','','3154552159','','',NULL,'0',NULL,NULL,NULL,NULL,'','0','0','','0','0','0',''),(128,'CON102',0,'',NULL,'Julian Naranjo Caldern','','','3235741169','','',NULL,'0',NULL,NULL,NULL,NULL,'','0','0','','0','0','0',''),(129,'CON103',0,'',NULL,'Karol Lizarazo Cabezas','','','','','',NULL,'0',NULL,NULL,NULL,NULL,'','0','0','','0','0','0',''),(130,'CON104',0,'',NULL,'Maria Johana Jaraba Nez','','','3014908435','','',NULL,'0',NULL,NULL,NULL,NULL,'','0','0','','0','0','0',''),(131,'CON105',0,'',NULL,'Helda','','','3158016188','','',NULL,'0',NULL,NULL,NULL,NULL,'','0','0','','0','0','0',''),(132,'CON106',0,'',NULL,'Adriana Zambrano','','','','','',NULL,'0',NULL,NULL,NULL,NULL,'','0','0','','0','0','0',''),(133,'CON107',0,'',NULL,'Laura Carranza Nez','','','3102050970','','',NULL,'0',NULL,NULL,NULL,NULL,'','0','0','','0','0','0',''),(134,'CON108',0,'',NULL,'Lady Diana Borrero','','','3166263948','','',NULL,'0',NULL,NULL,NULL,NULL,'','0','0','','0','0','0',''),(135,'CON109',0,'',NULL,'Jeidy Mabel Palacios Pea','','','3144286103','','',NULL,'0',NULL,NULL,NULL,NULL,'','0','0','','0','0','0',''),(136,'CON110',0,'',NULL,'Julin Santiago Nez','','','3162286673','','',NULL,'0',NULL,NULL,NULL,NULL,'','0','0','','0','0','0',''),(137,'CON111',0,'',NULL,'Yuri Viviana Q','','','3177741131','','',NULL,'0',NULL,NULL,NULL,NULL,'','0','0','','0','0','0',''),(138,'CON112',0,'',NULL,'Sandra Abada','','','3167478356','','',NULL,'0',NULL,NULL,NULL,NULL,'','0','0','','0','0','0',''),(139,'CON113',0,'',NULL,'Diana Marcela Insuasty','','','3128878779','','',NULL,'0',NULL,NULL,NULL,NULL,'','0','0','','0','0','0',''),(140,'CON114',0,'',NULL,'Hilda Luca lvarez','','','3215732721','','',NULL,'0',NULL,NULL,NULL,NULL,'','0','0','','0','0','0',''),(141,'CON115',0,'',NULL,'Erika Quintero Pereira','','','3004872106','','',NULL,'0',NULL,NULL,NULL,NULL,'','0','0','','0','0','0',''),(142,'CON116',0,'',NULL,'Claudia','','','3156298873','','',NULL,'0',NULL,NULL,NULL,NULL,'','0','0','','0','0','0',''),(143,'CON117',0,'',NULL,'Darly Yiceth Herrera Casallas','','','3127737050','','',NULL,'0',NULL,NULL,NULL,NULL,'','0','0','','0','0','0',''),(144,'CON118',0,'',NULL,'Geraldine','','','3006933721','','',NULL,'0',NULL,NULL,NULL,NULL,'','0','0','','0','0','0',''),(145,'CON119',0,'',NULL,'Sandra Milena Moreno','','','3154438275','','',NULL,'0',NULL,NULL,NULL,NULL,'','0','0','','0','0','0',''),(146,'CON120',0,'',NULL,'Carolina Borrero','','','3042681911','','',NULL,'0',NULL,NULL,NULL,NULL,'','0','0','','0','0','0',''),(147,'CON121',0,'',NULL,'Carolina Aristizbal','','','3175153666','','',NULL,'0',NULL,NULL,NULL,NULL,'','0','0','','0','0','0',''),(148,'CON122',0,'',NULL,'Maria Mnica Izquierdo','','','3003734060','','',NULL,'0',NULL,NULL,NULL,NULL,'','0','0','','0','0','0',''),(149,'CON123',0,'',NULL,'Eli Hernndez','','','3168684602','','',NULL,'0',NULL,NULL,NULL,NULL,'','0','0','','0','0','0',''),(150,'CON124',0,'',NULL,'Mabel Kremer','','','3102561599','','',NULL,'0',NULL,NULL,NULL,NULL,'','0','0','','0','0','0',''),(151,'CON125',0,'',NULL,'Catalina Tamayo Murillo','','','3116008510','','',NULL,'0',NULL,NULL,NULL,NULL,'','0','0','','0','0','0',''),(152,'CON126',0,'',NULL,'Laura Jimena Hernndez Colorado','','','3164953952','','',NULL,'0',NULL,NULL,NULL,NULL,'','0','0','','0','0','0',''),(153,'CON127',0,'',NULL,'Diana Cepeda','','','','','',NULL,'0',NULL,NULL,NULL,NULL,'','0','0','','0','0','0',''),(154,'CON128',0,'',NULL,'Karol Montero','','','','','',NULL,'0',NULL,NULL,NULL,NULL,'','0','0','','0','0','0',''),(155,'CON129',0,'',NULL,'Marcela Fajardo Arias','','','','','',NULL,'0',NULL,NULL,NULL,NULL,'','0','0','','0','0','0',''),(156,'CON130',0,'',NULL,'Xiomara Marchena Navas','','','3012796281','','',NULL,'0',NULL,NULL,NULL,NULL,'','0','0','','0','0','0',''),(157,'CON131',0,'',NULL,'Cindy Zarante','','','3118517808','','',NULL,'0',NULL,NULL,NULL,NULL,'','0','0','','0','0','0',''),(158,'CON132',0,'',NULL,'Leidy Johana Agudelo Ramirez','','','3128329121','','',NULL,'0',NULL,NULL,NULL,NULL,'','0','0','','0','0','0',''),(159,'CON133',0,'',NULL,'Laura Mazo Flrez','','','3002455342','','',NULL,'0',NULL,NULL,NULL,NULL,'','0','0','','0','0','0',''),(160,'CON134',0,'',NULL,'Maria Cecilia Valencia','','','3502402424','','',NULL,'0',NULL,NULL,NULL,NULL,'','0','0','','0','0','0',''),(161,'CON135',0,'',NULL,'Carolina Sanchez','','','3147836769','','',NULL,'0',NULL,NULL,NULL,NULL,'','0','0','','0','0','0',''),(162,'CON136',0,'',NULL,'131','','','3148716809','','',NULL,'0',NULL,NULL,NULL,NULL,'','0','0','','0','0','0',''),(163,'CON137',0,'',NULL,'132','','','3003258262','','',NULL,'0',NULL,NULL,NULL,NULL,'','0','0','','0','0','0',''),(164,'CON138',0,'',NULL,'Luz Stellacossio','','','3202730992','','',NULL,'0',NULL,NULL,NULL,NULL,'','0','0','','0','0','0',''),(165,'CON139',0,'',NULL,'Claudia Patricia Moreno','','','3108965094','','',NULL,'0',NULL,NULL,NULL,NULL,'','0','0','','0','0','0',''),(166,'CON140',0,'',NULL,'135','','','3108192434','','',NULL,'0',NULL,NULL,NULL,NULL,'','0','0','','0','0','0',''),(167,'CON141',0,'',NULL,'136','','','3157580037','','',NULL,'0',NULL,NULL,NULL,NULL,'','0','0','','0','0','0',''),(168,'CON142',0,'',NULL,'137','','','3102195459','','',NULL,'0',NULL,NULL,NULL,NULL,'','0','0','','0','0','0',''),(169,'CON143',0,'',NULL,'138','','','3013512882','','',NULL,'0',NULL,NULL,NULL,NULL,'','0','0','','0','0','0',''),(170,'CON144',0,'',NULL,'Sandra Carvajal','','','3227607860','','',NULL,'0',NULL,NULL,NULL,NULL,'','0','0','','0','0','0',''),(171,'CON145',0,'',NULL,'140','','','3164249733','','',NULL,'0',NULL,NULL,NULL,NULL,'','0','0','','0','0','0',''),(172,'CON146',0,'',NULL,'141','','','3102141021','','',NULL,'0',NULL,NULL,NULL,NULL,'','0','0','','0','0','0',''),(173,'CON147',0,'',NULL,'142','','','3115358059','','',NULL,'0',NULL,NULL,NULL,NULL,'','0','0','','0','0','0',''),(174,'CON148',0,'',NULL,'143','','','3156182089','','',NULL,'0',NULL,NULL,NULL,NULL,'','0','0','','0','0','0',''),(175,'CON149',0,'',NULL,'144','','','3104248494','','',NULL,'0',NULL,NULL,NULL,NULL,'','0','0','','0','0','0',''),(176,'CON150',0,'',NULL,'145','','','3008182474','','',NULL,'0',NULL,NULL,NULL,NULL,'','0','0','','0','0','0',''),(177,'CON151',0,'',NULL,'146','','','3225552881','','',NULL,'0',NULL,NULL,NULL,NULL,'','0','0','','0','0','0',''),(178,'CON152',0,'',NULL,'Claudia Chaux','','','3226701130','','',NULL,'0',NULL,NULL,NULL,NULL,'','0','0','','0','0','0',''),(179,'CON153',0,'',NULL,'148','','','3207067419','','',NULL,'0',NULL,NULL,NULL,NULL,'','0','0','','0','0','0',''),(180,'CON154',0,'',NULL,'149','','','3102127641','','',NULL,'0',NULL,NULL,NULL,NULL,'','0','0','','0','0','0',''),(181,'CON155',0,'',NULL,'Ayda','','','3156702663','','',NULL,'0',NULL,NULL,NULL,NULL,'','0','0','','0','0','0',''),(182,'CON156',0,'',NULL,'151','','','3002640551','','',NULL,'0',NULL,NULL,NULL,NULL,'','0','0','','0','0','0',''),(183,'CON157',0,'',NULL,'Marisol','','','316744407','','',NULL,'0',NULL,NULL,NULL,NULL,'','0','0','','0','0','0',''),(184,'CON158',0,'',NULL,'Carolina','','','3173738324','','',NULL,'0',NULL,NULL,NULL,NULL,'','0','0','','0','0','0',''),(185,'CON159',0,'',NULL,'154','','','3208917867','','',NULL,'0',NULL,NULL,NULL,NULL,'','0','0','','0','0','0',''),(186,'CON160',0,'',NULL,'Luisa Aranguren','','','3162597957','','',NULL,'0',NULL,NULL,NULL,NULL,'','0','0','','0','0','0',''),(187,'CON161',0,'',NULL,'156','','','3184025047','','',NULL,'0',NULL,NULL,NULL,NULL,'','0','0','','0','0','0',''),(188,'CON162',0,'',NULL,'157','','','3103019290','','',NULL,'0',NULL,NULL,NULL,NULL,'','0','0','','0','0','0',''),(189,'CON163',0,'',NULL,'158','','','3137659527','','',NULL,'0',NULL,NULL,NULL,NULL,'','0','0','','0','0','0',''),(190,'CON164',0,'',NULL,'159','','','3184998490','','',NULL,'0',NULL,NULL,NULL,NULL,'','0','0','','0','0','0',''),(191,'CON165',0,'',NULL,'Sandra','','','3113406324','','',NULL,'0',NULL,NULL,NULL,NULL,'','0','0','','0','0','0',''),(192,'CON166',0,'',NULL,'161','','','3116630040','','',NULL,'0',NULL,NULL,NULL,NULL,'','0','0','','0','0','0',''),(193,'CON167',0,'',NULL,'Kimberly Restrepo','','','3137368400','','',NULL,'0',NULL,NULL,NULL,NULL,'','0','0','','0','0','0',''),(194,'CON168',0,'',NULL,'163','','','3015607207','','',NULL,'0',NULL,NULL,NULL,NULL,'','0','0','','0','0','0',''),(195,'CON169',0,'',NULL,'164','','','3017365947','','',NULL,'0',NULL,NULL,NULL,NULL,'','0','0','','0','0','0',''),(196,'CON170',0,'',NULL,'165','','','3008005498','','',NULL,'0',NULL,NULL,NULL,NULL,'','0','0','','0','0','0',''),(197,'CON171',0,'',NULL,'166','','','3194380079','','',NULL,'0',NULL,NULL,NULL,NULL,'','0','0','','0','0','0',''),(198,'CON172',0,'',NULL,'Wilmar','','','3206863788','','',NULL,'0',NULL,NULL,NULL,NULL,'','0','0','','0','0','0',''),(199,'CON173',0,'',NULL,'168','','','3004051706','','',NULL,'0',NULL,NULL,NULL,NULL,'','0','0','','0','0','0',''),(200,'CON174',0,'',NULL,'Karen','','','3023623277','','',NULL,'0',NULL,NULL,NULL,NULL,'','0','0','','0','0','0',''),(201,'CON175',0,'',NULL,'170','','','3016602280','','',NULL,'0',NULL,NULL,NULL,NULL,'','0','0','','0','0','0',''),(202,'CON176',0,'',NULL,'Nina','','','3112916231','','',NULL,'0',NULL,NULL,NULL,NULL,'','0','0','','0','0','0',''),(203,'CON177',0,'',NULL,'172','','','3002376199','','',NULL,'0',NULL,NULL,NULL,NULL,'','0','0','','0','0','0',''),(204,'CON178',0,'',NULL,'173','','','3122939884','','',NULL,'0',NULL,NULL,NULL,NULL,'','0','0','','0','0','0',''),(205,'CON179',0,'',NULL,'174','','','3007178184','','',NULL,'0',NULL,NULL,NULL,NULL,'','0','0','','0','0','0',''),(206,'CON180',0,'',NULL,'175','','','3138013310','','',NULL,'0',NULL,NULL,NULL,NULL,'','0','0','','0','0','0',''),(207,'CON181',0,'',NULL,'176','','','3107653796','','',NULL,'0',NULL,NULL,NULL,NULL,'','0','0','','0','0','0',''),(208,'CON182',0,'',NULL,'Diana Rojas','','','3182703983','','',NULL,'0',NULL,NULL,NULL,NULL,'','0','0','','0','0','0',''),(209,'CON183',0,'',NULL,'178','','','3217886545','','',NULL,'0',NULL,NULL,NULL,NULL,'','0','0','','0','0','0',''),(210,'CON184',0,'',NULL,'179','','','3146237729','','',NULL,'0',NULL,NULL,NULL,NULL,'','0','0','','0','0','0',''),(211,'CON185',0,'',NULL,'David','','','3174023674','','',NULL,'0',NULL,NULL,NULL,NULL,'','0','0','','0','0','0',''),(212,'CON186',0,'',NULL,'181','','','3102186312','','',NULL,'0',NULL,NULL,NULL,NULL,'','0','0','','0','0','0',''),(213,'CON187',0,'',NULL,'182','','','3165358632','','',NULL,'0',NULL,NULL,NULL,NULL,'','0','0','','0','0','0',''),(214,'CON188',0,'',NULL,'183','','','3005790486','','',NULL,'0',NULL,NULL,NULL,NULL,'','0','0','','0','0','0',''),(215,'CON189',0,'',NULL,'184','','','3143597220','','',NULL,'0',NULL,NULL,NULL,NULL,'','0','0','','0','0','0',''),(216,'CON190',0,'',NULL,'185','','','3012480751','','',NULL,'0',NULL,NULL,NULL,NULL,'','0','0','','0','0','0',''),(217,'CON191',0,'',NULL,'186','','','3117902495','','',NULL,'0',NULL,NULL,NULL,NULL,'','0','0','','0','0','0',''),(218,'CON192',0,'',NULL,'187','','','3102813738','','',NULL,'0',NULL,NULL,NULL,NULL,'','0','0','','0','0','0',''),(219,'CON193',0,'',NULL,'Adriana','','','3113072921','','',NULL,'0',NULL,NULL,NULL,NULL,'','0','0','','0','0','0',''),(220,'CON194',0,'',NULL,'189','','','3122517262','','',NULL,'0',NULL,NULL,NULL,NULL,'','0','0','','0','0','0',''),(221,'CON195',0,'',NULL,'190','','','3204335710','','',NULL,'0',NULL,NULL,NULL,NULL,'','0','0','','0','0','0',''),(222,'CON196',0,'',NULL,'191','','','3148699592','','',NULL,'0',NULL,NULL,NULL,NULL,'','0','0','','0','0','0',''),(223,'CON197',0,'',NULL,'192','','','3012931719','','',NULL,'0',NULL,NULL,NULL,NULL,'','0','0','','0','0','0',''),(224,'CON198',0,'',NULL,'193','','','3105152389','','',NULL,'0',NULL,NULL,NULL,NULL,'','0','0','','0','0','0',''),(225,'CON199',0,'',NULL,'194','','','3234498050','','',NULL,'0',NULL,NULL,NULL,NULL,'','0','0','','0','0','0',''),(226,'CON200',0,'',NULL,'195','','','3016139150','','',NULL,'0',NULL,NULL,NULL,NULL,'','0','0','','0','0','0',''),(227,'CON201',0,'',NULL,'196','','','3123158348','','',NULL,'0',NULL,NULL,NULL,NULL,'','0','0','','0','0','0',''),(228,'CON202',0,'',NULL,'197','','','3004911918','','',NULL,'0',NULL,NULL,NULL,NULL,'','0','0','','0','0','0',''),(229,'CON203',0,'',NULL,'198','','','3174981362','','',NULL,'0',NULL,NULL,NULL,NULL,'','0','0','','0','0','0',''),(230,'CON204',0,'',NULL,'199','','','3103771302','','',NULL,'0',NULL,NULL,NULL,NULL,'','0','0','','0','0','0',''),(231,'CON205',0,'',NULL,'200','','','3195285186','','',NULL,'0',NULL,NULL,NULL,NULL,'','0','0','','0','0','0',''),(232,'CON206',0,'',NULL,'201','','','3003180617','','',NULL,'0',NULL,NULL,NULL,NULL,'','0','0','','0','0','0',''),(233,'CON207',0,'',NULL,'202','','','3182459931','','',NULL,'0',NULL,NULL,NULL,NULL,'','0','0','','0','0','0',''),(234,'CON208',0,'',NULL,'203','','','3132202408','','',NULL,'0',NULL,NULL,NULL,NULL,'','0','0','','0','0','0',''),(235,'CON209',0,'',NULL,'204','','','3003719829','','',NULL,'0',NULL,NULL,NULL,NULL,'','0','0','','0','0','0',''),(236,'CON210',0,'',NULL,'205','','','3174671237','','',NULL,'0',NULL,NULL,NULL,NULL,'','0','0','','0','0','0',''),(237,'CON211',0,'',NULL,'206','','','3017825552','','',NULL,'0',NULL,NULL,NULL,NULL,'','0','0','','0','0','0',''),(238,'CON212',0,'',NULL,'207','','','3002612781','','',NULL,'0',NULL,NULL,NULL,NULL,'','0','0','','0','0','0',''),(239,'CON213',0,'',NULL,'208','','','3175247066','','',NULL,'0',NULL,NULL,NULL,NULL,'','0','0','','0','0','0',''),(240,'CON214',0,'',NULL,'209','','','3003617079','','',NULL,'0',NULL,NULL,NULL,NULL,'','0','0','','0','0','0',''),(241,'CON215',0,'',NULL,'Diana Andres Galvis Muoz','','','3128996975','','',NULL,'0',NULL,NULL,NULL,NULL,'','0','0','','0','0','0',''),(242,'CON216',0,'',NULL,'211','','','3124845218','','',NULL,'0',NULL,NULL,NULL,NULL,'','0','0','','0','0','0',''),(243,'CON217',0,'',NULL,'212','','','3213925940','','',NULL,'0',NULL,NULL,NULL,NULL,'','0','0','','0','0','0',''),(244,'CON218',0,'',NULL,'213','','','3004608668','','',NULL,'0',NULL,NULL,NULL,NULL,'','0','0','','0','0','0',''),(245,'CON219',0,'',NULL,'214','','','3142670004','','',NULL,'0',NULL,NULL,NULL,NULL,'','0','0','','0','0','0',''),(246,'CON220',0,'',NULL,'215','','','3106363344','','',NULL,'0',NULL,NULL,NULL,NULL,'','0','0','','0','0','0',''),(247,'CON221',0,'',NULL,'216','','','3157006444','','',NULL,'0',NULL,NULL,NULL,NULL,'','0','0','','0','0','0',''),(248,'CON222',0,'',NULL,'217','','','3106421428','','',NULL,'0',NULL,NULL,NULL,NULL,'','0','0','','0','0','0',''),(249,'CON223',0,'',NULL,'218','','','3146742390','','',NULL,'0',NULL,NULL,NULL,NULL,'','0','0','','0','0','0',''),(250,'CON224',0,'',NULL,'219','','','3183343154','','',NULL,'0',NULL,NULL,NULL,NULL,'','0','0','','0','0','0',''),(251,'CON225',0,'',NULL,'220','','','3228555155','','',NULL,'0',NULL,NULL,NULL,NULL,'','0','0','','0','0','0',''),(252,'CON226',0,'',NULL,'221','','','3132070776','','',NULL,'0',NULL,NULL,NULL,NULL,'','0','0','','0','0','0',''),(253,'CON227',0,'',NULL,'222','','','3187482502','','',NULL,'0',NULL,NULL,NULL,NULL,'','0','0','','0','0','0',''),(254,'CON228',0,'',NULL,'223','','','3002072169','','',NULL,'0',NULL,NULL,NULL,NULL,'','0','0','','0','0','0',''),(255,'CON229',0,'',NULL,'224','','','3213624086','','',NULL,'0',NULL,NULL,NULL,NULL,'','0','0','','0','0','0',''),(256,'CON230',0,'',NULL,'225','','','3154554128','','',NULL,'0',NULL,NULL,NULL,NULL,'','0','0','','0','0','0',''),(257,'CON231',0,'',NULL,'226','','','3176238875','','',NULL,'0',NULL,NULL,NULL,NULL,'','0','0','','0','0','0',''),(258,'CON232',0,'',NULL,'227','','','3164840490','','',NULL,'0',NULL,NULL,NULL,NULL,'','0','0','','0','0','0',''),(259,'CON233',0,'',NULL,'228','','','3023905643','','',NULL,'0',NULL,NULL,NULL,NULL,'','0','0','','0','0','0',''),(260,'CON234',0,'',NULL,'229','','','3163463529','','',NULL,'0',NULL,NULL,NULL,NULL,'','0','0','','0','0','0',''),(261,'CON235',0,'',NULL,'230','','','3023814370','','',NULL,'0',NULL,NULL,NULL,NULL,'','0','0','','0','0','0',''),(262,'CON236',0,'',NULL,'231','','','304507656','','',NULL,'0',NULL,NULL,NULL,NULL,'','0','0','','0','0','0',''),(263,'CON237',0,'',NULL,'Fanny Ruiz','','','3006787347','','',NULL,'0',NULL,NULL,NULL,NULL,'','0','0','','0','0','0',''),(264,'CON238',0,'',NULL,'Nayibe Sanchez','','','3104546639','','',NULL,'0',NULL,NULL,NULL,NULL,'','0','0','','0','0','0',''),(265,'CON239',0,'',NULL,'234','','','3102797198','','',NULL,'0',NULL,NULL,NULL,NULL,'','0','0','','0','0','0',''),(266,'CON240',0,'',NULL,'235','','','3054059879','','',NULL,'0',NULL,NULL,NULL,NULL,'','0','0','','0','0','0',''),(267,'CON241',0,'',NULL,'236','','','3104207256','','',NULL,'0',NULL,NULL,NULL,NULL,'','0','0','','0','0','0',''),(268,'CON242',0,'',NULL,'237','','','3194216579','','',NULL,'0',NULL,NULL,NULL,NULL,'','0','0','','0','0','0',''),(269,'CON243',0,'',NULL,'238','','','3016327089','','',NULL,'0',NULL,NULL,NULL,NULL,'','0','0','','0','0','0',''),(270,'CON244',0,'',NULL,'239','','','3143062213','','',NULL,'0',NULL,NULL,NULL,NULL,'','0','0','','0','0','0',''),(271,'CON245',0,'',NULL,'240','','','3188850649','','',NULL,'0',NULL,NULL,NULL,NULL,'','0','0','','0','0','0',''),(272,'CON246',0,'',NULL,'241','','','3122612021','','',NULL,'0',NULL,NULL,NULL,NULL,'','0','0','','0','0','0',''),(273,'CON247',0,'',NULL,'242','','','3117310174','','',NULL,'0',NULL,NULL,NULL,NULL,'','0','0','','0','0','0',''),(274,'CON248',0,'',NULL,'243','','','3006406005','','',NULL,'0',NULL,NULL,NULL,NULL,'','0','0','','0','0','0',''),(275,'CON249',0,'',NULL,'244','','','3102290317','','',NULL,'0',NULL,NULL,NULL,NULL,'','0','0','','0','0','0',''),(276,'CON250',0,'',NULL,'245','','','3157183047','','',NULL,'0',NULL,NULL,NULL,NULL,'','0','0','','0','0','0',''),(277,'CON251',0,'',NULL,'246','','','3122020174','','',NULL,'0',NULL,NULL,NULL,NULL,'','0','0','','0','0','0',''),(278,'CON252',0,'',NULL,'247','','','3017869507','','',NULL,'0',NULL,NULL,NULL,NULL,'','0','0','','0','0','0',''),(279,'CON253',0,'',NULL,'248','','','3123757262','','',NULL,'0',NULL,NULL,NULL,NULL,'','0','0','','0','0','0',''),(280,'CON254',0,'',NULL,'249','','','3144752039','','',NULL,'0',NULL,NULL,NULL,NULL,'','0','0','','0','0','0',''),(281,'CON255',0,'',NULL,'250','','','3177577776','','',NULL,'0',NULL,NULL,NULL,NULL,'','0','0','','0','0','0',''),(282,'CON256',0,'',NULL,'251','','','3183892981','','',NULL,'0',NULL,NULL,NULL,NULL,'','0','0','','0','0','0',''),(283,'CON257',0,'',NULL,'252','','','3137386426','','',NULL,'0',NULL,NULL,NULL,NULL,'','0','0','','0','0','0',''),(284,'CON258',0,'',NULL,'253','','','3004911161','','',NULL,'0',NULL,NULL,NULL,NULL,'','0','0','','0','0','0',''),(285,'CON259',0,'',NULL,'254','','','3008032758','','',NULL,'0',NULL,NULL,NULL,NULL,'','0','0','','0','0','0',''),(286,'CON260',0,'',NULL,'255','','','3045356476','','',NULL,'0',NULL,NULL,NULL,NULL,'','0','0','','0','0','0',''),(287,'CON261',0,'',NULL,'256','','','3106527534','','',NULL,'0',NULL,NULL,NULL,NULL,'','0','0','','0','0','0',''),(288,'CON262',0,'',NULL,'257','','','3155595605','','',NULL,'0',NULL,NULL,NULL,NULL,'','0','0','','0','0','0',''),(289,'CON263',0,'',NULL,'258','','','3202361392','','',NULL,'0',NULL,NULL,NULL,NULL,'','0','0','','0','0','0',''),(290,'CON264',0,'',NULL,'259','','','3138302906','','',NULL,'0',NULL,NULL,NULL,NULL,'','0','0','','0','0','0',''),(291,'CON265',0,'',NULL,'260','','','3226369872','','',NULL,'0',NULL,NULL,NULL,NULL,'','0','0','','0','0','0',''),(292,'CON266',0,'',NULL,'261','','','3113636365','','',NULL,'0',NULL,NULL,NULL,NULL,'','0','0','','0','0','0',''),(293,'CON267',0,'',NULL,'262','','','3154784686','','',NULL,'0',NULL,NULL,NULL,NULL,'','0','0','','0','0','0',''),(294,'CON268',0,'',NULL,'263','','','3176476621','','',NULL,'0',NULL,NULL,NULL,NULL,'','0','0','','0','0','0',''),(295,'CON269',0,'',NULL,'264','','','3184539157','','',NULL,'0',NULL,NULL,NULL,NULL,'','0','0','','0','0','0',''),(296,'CON270',0,'',NULL,'265','','','3106490773','','',NULL,'0',NULL,NULL,NULL,NULL,'','0','0','','0','0','0',''),(297,'CON271',0,'',NULL,'266','','','3174273805','','',NULL,'0',NULL,NULL,NULL,NULL,'','0','0','','0','0','0',''),(298,'CON272',0,'',NULL,'267','','','3145770321','','',NULL,'0',NULL,NULL,NULL,NULL,'','0','0','','0','0','0',''),(299,'CON273',0,'',NULL,'268','','','3023770644','','',NULL,'0',NULL,NULL,NULL,NULL,'','0','0','','0','0','0',''),(300,'CON274',0,'',NULL,'269','','','3173782629','','',NULL,'0',NULL,NULL,NULL,NULL,'','0','0','','0','0','0',''),(301,'CON275',0,'',NULL,'270','','','3046124848','','',NULL,'0',NULL,NULL,NULL,NULL,'','0','0','','0','0','0',''),(302,'CON276',0,'',NULL,'Adriana Meja Martnez','','','3204705242','','',NULL,'0',NULL,NULL,NULL,NULL,'','0','0','','0','0','0',''),(303,'CON277',0,'',NULL,'272','','','3046246273','','',NULL,'0',NULL,NULL,NULL,NULL,'','0','0','','0','0','0',''),(304,'CON278',0,'',NULL,'273','','','3104745424','','',NULL,'0',NULL,NULL,NULL,NULL,'','0','0','','0','0','0',''),(305,'CON279',0,'',NULL,'274','','','3115067184','','',NULL,'0',NULL,NULL,NULL,NULL,'','0','0','','0','0','0',''),(306,'CON280',0,'',NULL,'275','','','3045550245','','',NULL,'0',NULL,NULL,NULL,NULL,'','0','0','','0','0','0',''),(307,'CON281',0,'',NULL,'276','','','3043289010','','',NULL,'0',NULL,NULL,NULL,NULL,'','0','0','','0','0','0',''),(308,'CON282',0,'',NULL,'277','','','3178216931','','',NULL,'0',NULL,NULL,NULL,NULL,'','0','0','','0','0','0',''),(309,'CON283',0,'',NULL,'278','','','3138767201','','',NULL,'0',NULL,NULL,NULL,NULL,'','0','0','','0','0','0',''),(310,'CON284',0,'',NULL,'279','','','3112641790','','',NULL,'0',NULL,NULL,NULL,NULL,'','0','0','','0','0','0',''),(311,'CON285',0,'',NULL,'280','','','3017546683','','',NULL,'0',NULL,NULL,NULL,NULL,'','0','0','','0','0','0',''),(312,'CON286',0,'',NULL,'281','','','3163139990','','',NULL,'0',NULL,NULL,NULL,NULL,'','0','0','','0','0','0',''),(313,'CON287',0,'',NULL,'282','','','3157903283','','',NULL,'0',NULL,NULL,NULL,NULL,'','0','0','','0','0','0',''),(314,'CON288',0,'',NULL,'283','','','3184376030','','',NULL,'0',NULL,NULL,NULL,NULL,'','0','0','','0','0','0',''),(315,'CON289',0,'',NULL,'284','','','3107779090','','',NULL,'0',NULL,NULL,NULL,NULL,'','0','0','','0','0','0',''),(316,'CON290',0,'',NULL,'285','','','3118128718','','',NULL,'0',NULL,NULL,NULL,NULL,'','0','0','','0','0','0',''),(317,'CON291',0,'',NULL,'286','','','3008054387','','',NULL,'0',NULL,NULL,NULL,NULL,'','0','0','','0','0','0',''),(318,'CON292',0,'',NULL,'287','','','3016249130','','',NULL,'0',NULL,NULL,NULL,NULL,'','0','0','','0','0','0',''),(319,'CON293',0,'',NULL,'288','','','3013952951','','',NULL,'0',NULL,NULL,NULL,NULL,'','0','0','','0','0','0',''),(320,'CON294',0,'',NULL,'289','','','3045650195','','',NULL,'0',NULL,NULL,NULL,NULL,'','0','0','','0','0','0',''),(321,'CON295',0,'',NULL,'290','','','3128430328','','',NULL,'0',NULL,NULL,NULL,NULL,'','0','0','','0','0','0',''),(322,'CON296',0,'',NULL,'291','','','3224545793','','',NULL,'0',NULL,NULL,NULL,NULL,'','0','0','','0','0','0',''),(323,'CON297',0,'',NULL,'Catalina Bastidas','','','3156715250','','',NULL,'0',NULL,NULL,NULL,NULL,'','0','0','','0','0','0',''),(324,'CON298',0,'',NULL,'293','','','3125194479','','',NULL,'0',NULL,NULL,NULL,NULL,'','0','0','','0','0','0',''),(325,'CON299',0,'',NULL,'Camila','','','3183761263','','',NULL,'0',NULL,NULL,NULL,NULL,'','0','0','','0','0','0',''),(326,'CON300',0,'',NULL,'295','','','17867052793','','',NULL,'0',NULL,NULL,NULL,NULL,'','0','0','','0','0','0',''),(327,'CON301',0,'',NULL,'Spa Y Belleza Alma Paz','','','3184189497','','',NULL,'0',NULL,NULL,NULL,NULL,'','0','0','','0','0','0',''),(328,'CON302',0,'',NULL,'297','','','3142275121','','',NULL,'0',NULL,NULL,NULL,NULL,'','0','0','','0','0','0',''),(329,'CON303',0,'',NULL,'298','','','3013372220','','',NULL,'0',NULL,NULL,NULL,NULL,'','0','0','','0','0','0',''),(330,'CON304',0,'',NULL,'Alexandra','','','3006147722','','',NULL,'0',NULL,NULL,NULL,NULL,'','0','0','','0','0','0',''),(331,'CON305',0,'',NULL,'Angelica','','','3166903002','','',NULL,'0',NULL,NULL,NULL,NULL,'','0','0','','0','0','0',''),(332,'CON306',0,'',NULL,'301','','','3153994262','','',NULL,'0',NULL,NULL,NULL,NULL,'','0','0','','0','0','0',''),(333,'CON307',0,'',NULL,'Karina Cruz','','','3045425282','','',NULL,'0',NULL,NULL,NULL,NULL,'','0','0','','0','0','0',''),(334,'CON308',0,'',NULL,'303','','','3017495144','','',NULL,'0',NULL,NULL,NULL,NULL,'','0','0','','0','0','0',''),(335,'CON309',0,'',NULL,'304','','','3156897898','','',NULL,'0',NULL,NULL,NULL,NULL,'','0','0','','0','0','0',''),(336,'CON310',0,'',NULL,'305','','','3147868780','','',NULL,'0',NULL,NULL,NULL,NULL,'','0','0','','0','0','0',''),(337,'CON311',0,'',NULL,'306','','','3163011483','','',NULL,'0',NULL,NULL,NULL,NULL,'','0','0','','0','0','0',''),(338,'CON312',0,'',NULL,'307','','','3108431541','','',NULL,'0',NULL,NULL,NULL,NULL,'','0','0','','0','0','0',''),(339,'CON313',0,'',NULL,'308','','','3044583345','','',NULL,'0',NULL,NULL,NULL,NULL,'','0','0','','0','0','0',''),(340,'CON314',0,'',NULL,'309','','','3045729364','','',NULL,'0',NULL,NULL,NULL,NULL,'','0','0','','0','0','0',''),(341,'CON315',0,'',NULL,'Jimena Ros','','','3166299727','','',NULL,'0',NULL,NULL,NULL,NULL,'','0','0','','0','0','0',''),(342,'CON316',0,'',NULL,'311','','','3164061198','','',NULL,'0',NULL,NULL,NULL,NULL,'','0','0','','0','0','0',''),(343,'CON317',0,'',NULL,'312','','','3125584192','','',NULL,'0',NULL,NULL,NULL,NULL,'','0','0','','0','0','0',''),(344,'CON318',0,'',NULL,'313','','','3046670069','','',NULL,'0',NULL,NULL,NULL,NULL,'','0','0','','0','0','0',''),(345,'CON319',0,'',NULL,'314','','','3176461147','','',NULL,'0',NULL,NULL,NULL,NULL,'','0','0','','0','0','0',''),(346,'CON320',0,'',NULL,'315','','','3052488937','','',NULL,'0',NULL,NULL,NULL,NULL,'','0','0','','0','0','0',''),(347,'CON321',0,'',NULL,'316','','','3154288027','','',NULL,'0',NULL,NULL,NULL,NULL,'','0','0','','0','0','0',''),(348,'CON322',0,'',NULL,'317','','','3003477821','','',NULL,'0',NULL,NULL,NULL,NULL,'','0','0','','0','0','0',''),(349,'CON323',0,'',NULL,'318','','','3124592188','','',NULL,'0',NULL,NULL,NULL,NULL,'','0','0','','0','0','0',''),(350,'CON324',0,'',NULL,'319','','','3116025926','','',NULL,'0',NULL,NULL,NULL,NULL,'','0','0','','0','0','0',''),(351,'CON325',0,'',NULL,'320','','','3156956081','','',NULL,'0',NULL,NULL,NULL,NULL,'','0','0','','0','0','0',''),(352,'CON326',0,'',NULL,'321','','','3163147064','','',NULL,'0',NULL,NULL,NULL,NULL,'','0','0','','0','0','0',''),(353,'CON327',0,'',NULL,'322','','','3012817691','','',NULL,'0',NULL,NULL,NULL,NULL,'','0','0','','0','0','0',''),(354,'CON328',0,'',NULL,'323','','','3103536517','','',NULL,'0',NULL,NULL,NULL,NULL,'','0','0','','0','0','0',''),(355,'CON329',0,'',NULL,'Valeria Vanegas','','','3014513225','','',NULL,'0',NULL,NULL,NULL,NULL,'','0','0','','0','0','0',''),(356,'CON330',0,'',NULL,'325','','','3182288888','','',NULL,'0',NULL,NULL,NULL,NULL,'','0','0','','0','0','0',''),(357,'CON331',0,'',NULL,'Adriana Carvajal','','','3104027338','','',NULL,'0',NULL,NULL,NULL,NULL,'','0','0','','0','0','0',''),(358,'CON332',0,'',NULL,'Tatiana','','','3113436617','','',NULL,'0',NULL,NULL,NULL,NULL,'','0','0','','0','0','0',''),(359,'CON333',0,'',NULL,'328','','','3176488170','','',NULL,'0',NULL,NULL,NULL,NULL,'','0','0','','0','0','0',''),(360,'CON334',0,'',NULL,'Beatriz','','','3014650275','','',NULL,'0',NULL,NULL,NULL,NULL,'','0','0','','0','0','0',''),(361,'CON335',0,'',NULL,'330','','','3007775647','','',NULL,'0',NULL,NULL,NULL,NULL,'','0','0','','0','0','0',''),(362,'CON336',0,'',NULL,'331','','','3214082032','','',NULL,'0',NULL,NULL,NULL,NULL,'','0','0','','0','0','0',''),(363,'CON337',0,'',NULL,'332','','','3124236915','','',NULL,'0',NULL,NULL,NULL,NULL,'','0','0','','0','0','0',''),(364,'CON338',0,'',NULL,'333','','','3102727635','','',NULL,'0',NULL,NULL,NULL,NULL,'','0','0','','0','0','0',''),(365,'CON339',0,'',NULL,'334','','','3228857846','','',NULL,'0',NULL,NULL,NULL,NULL,'','0','0','','0','0','0',''),(366,'CON340',0,'',NULL,'335','','','3219364002','','',NULL,'0',NULL,NULL,NULL,NULL,'','0','0','','0','0','0',''),(367,'CON341',0,'',NULL,'Milena','','','3142509558','','',NULL,'0',NULL,NULL,NULL,NULL,'','0','0','','0','0','0',''),(368,'CON342',0,'',NULL,'Lina Maria Lopez','','','3206878301','','',NULL,'0',NULL,NULL,NULL,NULL,'','0','0','','0','0','0',''),(369,'CON343',0,'',NULL,'338','','','3165835093','','',NULL,'0',NULL,NULL,NULL,NULL,'','0','0','','0','0','0',''),(370,'CON344',0,'',NULL,'339','','','3207294535','','',NULL,'0',NULL,NULL,NULL,NULL,'','0','0','','0','0','0',''),(371,'CON345',0,'',NULL,'340','','','3103593685','','',NULL,'0',NULL,NULL,NULL,NULL,'','0','0','','0','0','0',''),(372,'CON346',0,'',NULL,'Sandra Briceo','','','3173836893','','',NULL,'0',NULL,NULL,NULL,NULL,'','0','0','','0','0','0',''),(373,'CON347',0,'',NULL,'342','','','3005730026','','',NULL,'0',NULL,NULL,NULL,NULL,'','0','0','','0','0','0',''),(374,'CON348',0,'',NULL,'343','','','3204895714','','',NULL,'0',NULL,NULL,NULL,NULL,'','0','0','','0','0','0',''),(375,'CON349',0,'',NULL,'344','','','3123454517','','',NULL,'0',NULL,NULL,NULL,NULL,'','0','0','','0','0','0',''),(376,'CON350',0,'',NULL,'345','','','3192873670','','',NULL,'0',NULL,NULL,NULL,NULL,'','0','0','','0','0','0',''),(377,'CON351',0,'',NULL,'346','','','3209377293','','',NULL,'0',NULL,NULL,NULL,NULL,'','0','0','','0','0','0',''),(378,'CON352',0,'',NULL,'347','','','3114268984','','',NULL,'0',NULL,NULL,NULL,NULL,'','0','0','','0','0','0',''),(379,'CON353',0,'',NULL,'348','','','3107903943','','',NULL,'0',NULL,NULL,NULL,NULL,'','0','0','','0','0','0',''),(380,'CON354',0,'',NULL,'349','','','3138002108','','',NULL,'0',NULL,NULL,NULL,NULL,'','0','0','','0','0','0',''),(381,'CON355',0,'',NULL,'350','','','3225720766','','',NULL,'0',NULL,NULL,NULL,NULL,'','0','0','','0','0','0',''),(382,'CON356',0,'',NULL,'Laura','','','3022986990','','',NULL,'0',NULL,NULL,NULL,NULL,'','0','0','','0','0','0',''),(383,'CON357',0,'',NULL,'Estefana','','','3007360996','','',NULL,'0',NULL,NULL,NULL,NULL,'','0','0','','0','0','0',''),(384,'CON358',0,'',NULL,'Erika Meja','','','3104547420','','',NULL,'0',NULL,NULL,NULL,NULL,'','0','0','','0','0','0',''),(385,'CON359',0,'',NULL,'Ruth','','','3143584772','','',NULL,'0',NULL,NULL,NULL,NULL,'','0','0','','0','0','0',''),(386,'CON360',0,'',NULL,'Cristina','','','3135498205','','',NULL,'0',NULL,NULL,NULL,NULL,'','0','0','','0','0','0',''),(387,'CON361',0,'',NULL,'Alexandra','','','3168650617','','',NULL,'0',NULL,NULL,NULL,NULL,'','0','0','','0','0','0',''),(388,'CON362',0,'',NULL,'357','','','3204107729','','',NULL,'0',NULL,NULL,NULL,NULL,'','0','0','','0','0','0',''),(389,'CON363',0,'',NULL,'Claudia','','','3152022222','','',NULL,'0',NULL,NULL,NULL,NULL,'','0','0','','0','0','0',''),(390,'CON364',0,'',NULL,'Shirley Rosas','','','3104530312','','',NULL,'0',NULL,NULL,NULL,NULL,'','0','0','','0','0','0',''),(391,'CON365',0,'',NULL,'360','','','3188118832','','',NULL,'0',NULL,NULL,NULL,NULL,'','0','0','','0','0','0',''),(392,'CON366',0,'',NULL,'361','','','3134854710','','',NULL,'0',NULL,NULL,NULL,NULL,'','0','0','','0','0','0',''),(393,'CON367',0,'',NULL,'362','','','3213668891','','',NULL,'0',NULL,NULL,NULL,NULL,'','0','0','','0','0','0',''),(394,'CON368',0,'',NULL,'363','','','3137210773','','',NULL,'0',NULL,NULL,NULL,NULL,'','0','0','','0','0','0',''),(395,'CON369',0,'',NULL,'364','','','3118849661','','',NULL,'0',NULL,NULL,NULL,NULL,'','0','0','','0','0','0',''),(396,'CON370',0,'',NULL,'365','','','3118658867','','',NULL,'0',NULL,NULL,NULL,NULL,'','0','0','','0','0','0',''),(397,'CON371',0,'',NULL,'366','','','3116143664','','',NULL,'0',NULL,NULL,NULL,NULL,'','0','0','','0','0','0',''),(398,'CON372',0,'',NULL,'367','','','3113504221','','',NULL,'0',NULL,NULL,NULL,NULL,'','0','0','','0','0','0',''),(399,'CON373',0,'',NULL,'368','','','3012711786','','',NULL,'0',NULL,NULL,NULL,NULL,'','0','0','','0','0','0',''),(400,'CON374',0,'',NULL,'369','','','3133775364','','',NULL,'0',NULL,NULL,NULL,NULL,'','0','0','','0','0','0',''),(401,'CON375',0,'',NULL,'370','','','3112816353','','',NULL,'0',NULL,NULL,NULL,NULL,'','0','0','','0','0','0',''),(402,'CON376',0,'',NULL,'371','','','3217900398','','',NULL,'0',NULL,NULL,NULL,NULL,'','0','0','','0','0','0',''),(403,'CON377',0,'',NULL,'372','','','3215884881','','',NULL,'0',NULL,NULL,NULL,NULL,'','0','0','','0','0','0',''),(404,'CON378',0,'',NULL,'373','','','3105145788','','',NULL,'0',NULL,NULL,NULL,NULL,'','0','0','','0','0','0',''),(405,'CON379',0,'',NULL,'374','','','3125410291','','',NULL,'0',NULL,NULL,NULL,NULL,'','0','0','','0','0','0',''),(406,'CON380',0,'',NULL,'375','','','3183777809','','',NULL,'0',NULL,NULL,NULL,NULL,'','0','0','','0','0','0',''),(407,'CON381',0,'',NULL,'376','','','3106662114','','',NULL,'0',NULL,NULL,NULL,NULL,'','0','0','','0','0','0',''),(408,'CON382',0,'',NULL,'377','','','3127221783','','',NULL,'0',NULL,NULL,NULL,NULL,'','0','0','','0','0','0',''),(409,'CON383',0,'',NULL,'Alejandro','','','3,93E+11','','',NULL,'0',NULL,NULL,NULL,NULL,'','0','0','','0','0','0',''),(410,'CON384',0,'',NULL,'379','','','3183458877','','',NULL,'0',NULL,NULL,NULL,NULL,'','0','0','','0','0','0',''),(411,'CON385',0,'',NULL,'Maria Fernanda','','','3177195298','','',NULL,'0',NULL,NULL,NULL,NULL,'','0','0','','0','0','0',''),(412,'CON386',0,'',NULL,'381','','','3106905482','','',NULL,'0',NULL,NULL,NULL,NULL,'','0','0','','0','0','0',''),(413,'CON387',0,'',NULL,'382','','','3228578748','','',NULL,'0',NULL,NULL,NULL,NULL,'','0','0','','0','0','0',''),(414,'CON388',0,'',NULL,'383','','','3214333605','','',NULL,'0',NULL,NULL,NULL,NULL,'','0','0','','0','0','0',''),(415,'CON389',0,'',NULL,'384','','','3128385533','','',NULL,'0',NULL,NULL,NULL,NULL,'','0','0','','0','0','0',''),(416,'CON390',0,'',NULL,'385','','','3022919145','','',NULL,'0',NULL,NULL,NULL,NULL,'','0','0','','0','0','0',''),(417,'CON391',0,'',NULL,'Bogot','','','3014251959','','',NULL,'0',NULL,NULL,NULL,NULL,'','0','0','','0','0','0',''),(418,'CON392',0,'',NULL,'Cali','','','3186504889','','',NULL,'0',NULL,NULL,NULL,NULL,'','0','0','','0','0','0',''),(419,'CON393',0,'',NULL,'388','','','3148749610','','',NULL,'0',NULL,NULL,NULL,NULL,'','0','0','','0','0','0',''),(420,'CON394',0,'',NULL,'389','','','3122836173','','',NULL,'0',NULL,NULL,NULL,NULL,'','0','0','','0','0','0',''),(421,'CON395',0,'',NULL,'390','','','3188919919','','',NULL,'0',NULL,NULL,NULL,NULL,'','0','0','','0','0','0',''),(422,'CON396',0,'',NULL,'Lucila','','','3174329252','','',NULL,'0',NULL,NULL,NULL,NULL,'','0','0','','0','0','0',''),(423,'CON397',0,'',NULL,'392','','','3232456673','','',NULL,'0',NULL,NULL,NULL,NULL,'','0','0','','0','0','0',''),(424,'CON398',0,'',NULL,'Olga','','','3127066048','','',NULL,'0',NULL,NULL,NULL,NULL,'','0','0','','0','0','0',''),(425,'CON399',0,'',NULL,'Urab','','','3105110493','','',NULL,'0',NULL,NULL,NULL,NULL,'','0','0','','0','0','0',''),(426,'CON400',0,'',NULL,'Martha Lucia Restrepo','','','3015496744','','',NULL,'0',NULL,NULL,NULL,NULL,'','0','0','','0','0','0',''),(427,'CON401',0,'',NULL,'396','','','3115872367','','',NULL,'0',NULL,NULL,NULL,NULL,'','0','0','','0','0','0',''),(428,'CON402',0,'',NULL,'Giovanna Ocampo','','','3104717599','','',NULL,'0',NULL,NULL,NULL,NULL,'','0','0','','0','0','0',''),(429,'CON403',0,'',NULL,'398','','','3017897651','','',NULL,'0',NULL,NULL,NULL,NULL,'','0','0','','0','0','0',''),(430,'CON404',0,'',NULL,'399','','','3108019717','','',NULL,'0',NULL,NULL,NULL,NULL,'','0','0','','0','0','0',''),(431,'CON405',0,'',NULL,'400','','','3008417140','','',NULL,'0',NULL,NULL,NULL,NULL,'','0','0','','0','0','0',''),(432,'CON406',0,'',NULL,'401','','','3008073182','','',NULL,'0',NULL,NULL,NULL,NULL,'','0','0','','0','0','0',''),(433,'CON407',0,'',NULL,'402','','','3007620753','','',NULL,'0',NULL,NULL,NULL,NULL,'','0','0','','0','0','0',''),(434,'CON408',0,'',NULL,'403','','','3005644371','','',NULL,'0',NULL,NULL,NULL,NULL,'','0','0','','0','0','0',''),(435,'CON409',0,'',NULL,'404','','','3164772531','','',NULL,'0',NULL,NULL,NULL,NULL,'','0','0','','0','0','0',''),(436,'CON410',0,'',NULL,'405','','','3175774223','','',NULL,'0',NULL,NULL,NULL,NULL,'','0','0','','0','0','0',''),(437,'CON411',0,'',NULL,'406','','','3184013213','','',NULL,'0',NULL,NULL,NULL,NULL,'','0','0','','0','0','0',''),(438,'CON412',0,'',NULL,'407','','','3008842914','','',NULL,'0',NULL,NULL,NULL,NULL,'','0','0','','0','0','0',''),(439,'CON413',0,'',NULL,'408','','','3122335613','','',NULL,'0',NULL,NULL,NULL,NULL,'','0','0','','0','0','0',''),(440,'CON414',0,'',NULL,'Viviana','','','3175105362','','',NULL,'0',NULL,NULL,NULL,NULL,'','0','0','','0','0','0',''),(441,'CON415',0,'',NULL,'Maria Esther Parrasalazar','','','3007119419','','',NULL,'0',NULL,NULL,NULL,NULL,'','0','0','','0','0','0',''),(442,'CON416',0,'',NULL,'Claudia Pilar Gonzalezbeltran','','','3016923920','','',NULL,'0',NULL,NULL,NULL,NULL,'','0','0','','0','0','0',''),(443,'CON417',0,'',NULL,'412','','','3207500200','','',NULL,'0',NULL,NULL,NULL,NULL,'','0','0','','0','0','0',''),(444,'CON418',0,'',NULL,'413','','','3158006083','','',NULL,'0',NULL,NULL,NULL,NULL,'','0','0','','0','0','0',''),(445,'CON419',0,'',NULL,'414','','','3124056525','','',NULL,'0',NULL,NULL,NULL,NULL,'','0','0','','0','0','0',''),(446,'CON420',0,'',NULL,'415','','','3163231731','','',NULL,'0',NULL,NULL,NULL,NULL,'','0','0','','0','0','0',''),(447,'CON421',0,'',NULL,'416','','','3135533314','','',NULL,'0',NULL,NULL,NULL,NULL,'','0','0','','0','0','0',''),(448,'CON422',0,'',NULL,'417','','','3106733463','','',NULL,'0',NULL,NULL,NULL,NULL,'','0','0','','0','0','0',''),(449,'CON423',0,'',NULL,'418','','','3132870745','','',NULL,'0',NULL,NULL,NULL,NULL,'','0','0','','0','0','0',''),(450,'CON424',0,'',NULL,'419','','','3006613231','','',NULL,'0',NULL,NULL,NULL,NULL,'','0','0','','0','0','0',''),(451,'CON425',0,'',NULL,'420','','','3104007914','','',NULL,'0',NULL,NULL,NULL,NULL,'','0','0','','0','0','0',''),(452,'CON426',0,'',NULL,'Diana','','','3148264677','','',NULL,'0',NULL,NULL,NULL,NULL,'','0','0','','0','0','0',''),(453,'CON427',0,'',NULL,'422','','','3135362855','','',NULL,'0',NULL,NULL,NULL,NULL,'','0','0','','0','0','0',''),(454,'CON428',0,'',NULL,'423','','','3162987985','','',NULL,'0',NULL,NULL,NULL,NULL,'','0','0','','0','0','0',''),(455,'CON429',0,'',NULL,'424','','','3142951958','','',NULL,'0',NULL,NULL,NULL,NULL,'','0','0','','0','0','0',''),(456,'CON430',0,'',NULL,'425','','','3142607047','','',NULL,'0',NULL,NULL,NULL,NULL,'','0','0','','0','0','0',''),(457,'CON431',0,'',NULL,'426','','','3017970428','','',NULL,'0',NULL,NULL,NULL,NULL,'','0','0','','0','0','0',''),(458,'CON432',0,'',NULL,'427','','','3212071490','','',NULL,'0',NULL,NULL,NULL,NULL,'','0','0','','0','0','0',''),(459,'CON433',0,'',NULL,'428','','','3003102965','','',NULL,'0',NULL,NULL,NULL,NULL,'','0','0','','0','0','0',''),(460,'CON434',0,'',NULL,'Manuela Garca','','','3218279646','','',NULL,'0',NULL,NULL,NULL,NULL,'','0','0','','0','0','0',''),(461,'CON435',0,'',NULL,'430','','','3006734488','','',NULL,'0',NULL,NULL,NULL,NULL,'','0','0','','0','0','0',''),(462,'CON436',0,'',NULL,'431','','','3022903214','','',NULL,'0',NULL,NULL,NULL,NULL,'','0','0','','0','0','0',''),(463,'CON437',0,'',NULL,'Graciela','','','3006863536','','',NULL,'0',NULL,NULL,NULL,NULL,'','0','0','','0','0','0',''),(464,'CON438',0,'',NULL,'433','','','3127246424','','',NULL,'0',NULL,NULL,NULL,NULL,'','0','0','','0','0','0',''),(465,'CON439',0,'',NULL,'434','','','3502983366','','',NULL,'0',NULL,NULL,NULL,NULL,'','0','0','','0','0','0',''),(466,'CON440',0,'',NULL,'435','','','3137984012','','',NULL,'0',NULL,NULL,NULL,NULL,'','0','0','','0','0','0',''),(467,'CON441',0,'',NULL,'Silvia Garca','','','3012996720','','',NULL,'0',NULL,NULL,NULL,NULL,'','0','0','','0','0','0',''),(468,'CON442',0,'',NULL,'437','','','3138727300','','',NULL,'0',NULL,NULL,NULL,NULL,'','0','0','','0','0','0',''),(469,'CON443',0,'',NULL,'438','','','3202560995','','',NULL,'0',NULL,NULL,NULL,NULL,'','0','0','','0','0','0',''),(470,'CON444',0,'',NULL,'439','','','3134638112','','',NULL,'0',NULL,NULL,NULL,NULL,'','0','0','','0','0','0',''),(471,'CON445',0,'',NULL,'440','','','3003383677','','',NULL,'0',NULL,NULL,NULL,NULL,'','0','0','','0','0','0',''),(472,'CON446',0,'',NULL,'441','','','3142939134','','',NULL,'0',NULL,NULL,NULL,NULL,'','0','0','','0','0','0',''),(473,'CON447',0,'',NULL,'442','','','3145954992','','',NULL,'0',NULL,NULL,NULL,NULL,'','0','0','','0','0','0',''),(474,'CON448',0,'',NULL,'443','','','3116062896','','',NULL,'0',NULL,NULL,NULL,NULL,'','0','0','','0','0','0',''),(475,'CON449',0,'',NULL,'444','','','3108813999','','',NULL,'0',NULL,NULL,NULL,NULL,'','0','0','','0','0','0',''),(476,'CON450',0,'',NULL,'445','','','3134588141','','',NULL,'0',NULL,NULL,NULL,NULL,'','0','0','','0','0','0',''),(477,'CON451',0,'',NULL,'446','','','3186943285','','',NULL,'0',NULL,NULL,NULL,NULL,'','0','0','','0','0','0',''),(478,'CON452',0,'',NULL,'447','','','3213714052','','',NULL,'0',NULL,NULL,NULL,NULL,'','0','0','','0','0','0',''),(479,'CON453',0,'',NULL,'Monica Msa','','','3104648058','','',NULL,'0',NULL,NULL,NULL,NULL,'','0','0','','0','0','0',''),(480,'CON454',0,'',NULL,'449','','','3103423132','','',NULL,'0',NULL,NULL,NULL,NULL,'','0','0','','0','0','0',''),(481,'CON455',0,'',NULL,'450','','','3003052014','','',NULL,'0',NULL,NULL,NULL,NULL,'','0','0','','0','0','0',''),(482,'CON456',0,'',NULL,'451','','','3208099436','','',NULL,'0',NULL,NULL,NULL,NULL,'','0','0','','0','0','0',''),(483,'CON457',0,'',NULL,'452','','','3193268855','','',NULL,'0',NULL,NULL,NULL,NULL,'','0','0','','0','0','0',''),(484,'CON458',0,'',NULL,'453','','','3133112240','','',NULL,'0',NULL,NULL,NULL,NULL,'','0','0','','0','0','0',''),(485,'CON459',0,'',NULL,'Martha Gonzlez','','','3128425119','','',NULL,'0',NULL,NULL,NULL,NULL,'','0','0','','0','0','0',''),(486,'CON460',0,'',NULL,'455','','','3137590376','','',NULL,'0',NULL,NULL,NULL,NULL,'','0','0','','0','0','0',''),(487,'CON461',0,'',NULL,'456','','','3014843203','','',NULL,'0',NULL,NULL,NULL,NULL,'','0','0','','0','0','0',''),(488,'CON462',0,'',NULL,'Ximena Mendoza','','','3128958899','','',NULL,'0',NULL,NULL,NULL,NULL,'','0','0','','0','0','0',''),(489,'CON463',0,'',NULL,'458','','','3104250382','','',NULL,'0',NULL,NULL,NULL,NULL,'','0','0','','0','0','0',''),(490,'CON464',0,'',NULL,'459','','','3508065512','','',NULL,'0',NULL,NULL,NULL,NULL,'','0','0','','0','0','0',''),(491,'CON465',0,'',NULL,'460','','','3142369029','','',NULL,'0',NULL,NULL,NULL,NULL,'','0','0','','0','0','0',''),(492,'CON466',0,'',NULL,'461','','','3006020823','','',NULL,'0',NULL,NULL,NULL,NULL,'','0','0','','0','0','0',''),(493,'CON467',0,'',NULL,'462','','','3105461985','','',NULL,'0',NULL,NULL,NULL,NULL,'','0','0','','0','0','0',''),(494,'CON468',0,'',NULL,'463','','','3216289387','','',NULL,'0',NULL,NULL,NULL,NULL,'','0','0','','0','0','0',''),(495,'CON469',0,'',NULL,'464','','','3125448643','','',NULL,'0',NULL,NULL,NULL,NULL,'','0','0','','0','0','0',''),(496,'CON470',0,'',NULL,'465','','','3226540081','','',NULL,'0',NULL,NULL,NULL,NULL,'','0','0','','0','0','0',''),(497,'CON471',0,'',NULL,'466','','','3104086060','','',NULL,'0',NULL,NULL,NULL,NULL,'','0','0','','0','0','0',''),(498,'CON472',0,'',NULL,'467','','','3192433136','','',NULL,'0',NULL,NULL,NULL,NULL,'','0','0','','0','0','0',''),(499,'CON473',0,'',NULL,'468','','','3168261992','','',NULL,'0',NULL,NULL,NULL,NULL,'','0','0','','0','0','0',''),(500,'CON474',0,'',NULL,'469','','','3212352373','','',NULL,'0',NULL,NULL,NULL,NULL,'','0','0','','0','0','0',''),(501,'CON475',0,'',NULL,'470','','','3234605500','','',NULL,'0',NULL,NULL,NULL,NULL,'','0','0','','0','0','0',''),(502,'CON476',0,'',NULL,'Claudia','','','3106413334','','',NULL,'0',NULL,NULL,NULL,NULL,'','0','0','','0','0','0',''),(503,'CON477',0,'',NULL,'472','','','3167581283','','',NULL,'0',NULL,NULL,NULL,NULL,'','0','0','','0','0','0',''),(504,'CON478',0,'',NULL,'473','','','3167488248','','',NULL,'0',NULL,NULL,NULL,NULL,'','0','0','','0','0','0',''),(505,'CON479',0,'',NULL,'Diana Reyes','','','3182299433','','',NULL,'0',NULL,NULL,NULL,NULL,'','0','0','','0','0','0',''),(506,'CON480',0,'',NULL,'475','','','3113005744','','',NULL,'0',NULL,NULL,NULL,NULL,'','0','0','','0','0','0',''),(507,'CON481',0,'',NULL,'476','','','3215390239','','',NULL,'0',NULL,NULL,NULL,NULL,'','0','0','','0','0','0',''),(508,'CON482',0,'',NULL,'Isabel','','','3122164084','','',NULL,'0',NULL,NULL,NULL,NULL,'','0','0','','0','0','0',''),(509,'CON483',0,'',NULL,'478','','','3142157258','','',NULL,'0',NULL,NULL,NULL,NULL,'','0','0','','0','0','0',''),(510,'CON484',0,'',NULL,'479','','','3117728789','','',NULL,'0',NULL,NULL,NULL,NULL,'','0','0','','0','0','0',''),(511,'CON485',0,'',NULL,'480','','','3165251375','','',NULL,'0',NULL,NULL,NULL,NULL,'','0','0','','0','0','0',''),(512,'CON486',0,'',NULL,'481','','','3218871963','','',NULL,'0',NULL,NULL,NULL,NULL,'','0','0','','0','0','0',''),(513,'CON487',0,'',NULL,'Manuela Rodriguez','','','3045504035','','',NULL,'0',NULL,NULL,NULL,NULL,'','0','0','','0','0','0',''),(514,'CON488',0,'',NULL,'483','','','3142916829','','',NULL,'0',NULL,NULL,NULL,NULL,'','0','0','','0','0','0',''),(515,'CON489',0,'',NULL,'484','','','3187800760','','',NULL,'0',NULL,NULL,NULL,NULL,'','0','0','','0','0','0',''),(516,'CON490',0,'',NULL,'485','','','3234463980','','',NULL,'0',NULL,NULL,NULL,NULL,'','0','0','','0','0','0',''),(517,'CON491',0,'',NULL,'486','','','3184338000','','',NULL,'0',NULL,NULL,NULL,NULL,'','0','0','','0','0','0',''),(518,'CON492',0,'',NULL,'487','','','3226138058','','',NULL,'0',NULL,NULL,NULL,NULL,'','0','0','','0','0','0',''),(519,'CON493',0,'',NULL,'488','','','3123691126','','',NULL,'0',NULL,NULL,NULL,NULL,'','0','0','','0','0','0',''),(520,'CON494',0,'',NULL,'489','','','3128851565','','',NULL,'0',NULL,NULL,NULL,NULL,'','0','0','','0','0','0',''),(521,'CON495',0,'',NULL,'490','','','3006842874','','',NULL,'0',NULL,NULL,NULL,NULL,'','0','0','','0','0','0',''),(522,'CON496',0,'',NULL,'Margarita Saldarriaga','','','3185219460','','',NULL,'0',NULL,NULL,NULL,NULL,'','0','0','','0','0','0',''),(523,'CON497',0,'',NULL,'Mary Orozco','','','3105828366','','',NULL,'0',NULL,NULL,NULL,NULL,'','0','0','','0','0','0',''),(524,'CON498',0,'',NULL,'Andrea Forero','','','3214705712','','',NULL,'0',NULL,NULL,NULL,NULL,'','0','0','','0','0','0',''),(525,'CON499',0,'',NULL,'494','','','3117602930','','',NULL,'0',NULL,NULL,NULL,NULL,'','0','0','','0','0','0',''),(526,'CON500',0,'',NULL,'495','','','3144282423','','',NULL,'0',NULL,NULL,NULL,NULL,'','0','0','','0','0','0',''),(527,'CON501',0,'',NULL,'496','','','3158363539','','',NULL,'0',NULL,NULL,NULL,NULL,'','0','0','','0','0','0',''),(528,'CON502',0,'',NULL,'497','','','3105092904','','',NULL,'0',NULL,NULL,NULL,NULL,'','0','0','','0','0','0',''),(529,'CON503',0,'',NULL,'Maria Patricia','','','3136520594','','',NULL,'0',NULL,NULL,NULL,NULL,'','0','0','','0','0','0',''),(530,'CON504',0,'',NULL,'499','','','3012314655','','',NULL,'0',NULL,NULL,NULL,NULL,'','0','0','','0','0','0',''),(531,'CON505',0,'',NULL,'500','','','3053312822','','',NULL,'0',NULL,NULL,NULL,NULL,'','0','0','','0','0','0',''),(532,'CON506',0,'',NULL,'501','','','3178912979','','',NULL,'0',NULL,NULL,NULL,NULL,'','0','0','','0','0','0',''),(533,'CON507',0,'',NULL,'502','','','3112666861','','',NULL,'0',NULL,NULL,NULL,NULL,'','0','0','','0','0','0',''),(534,'CON508',0,'',NULL,'Candelaria Manjarrez','','','3208128540','','',NULL,'0',NULL,NULL,NULL,NULL,'','0','0','','0','0','0',''),(535,'CON509',0,'',NULL,'504','','','3135089453','','',NULL,'0',NULL,NULL,NULL,NULL,'','0','0','','0','0','0',''),(536,'CON510',0,'',NULL,'505','','','3107773409','','',NULL,'0',NULL,NULL,NULL,NULL,'','0','0','','0','0','0',''),(537,'CON511',0,'',NULL,'506','','','3102861221','','',NULL,'0',NULL,NULL,NULL,NULL,'','0','0','','0','0','0',''),(538,'CON512',0,'',NULL,'507','','','3132850736','','',NULL,'0',NULL,NULL,NULL,NULL,'','0','0','','0','0','0',''),(539,'CON513',0,'',NULL,'508','','','3193164147','','',NULL,'0',NULL,NULL,NULL,NULL,'','0','0','','0','0','0',''),(540,'CON514',0,'',NULL,'509','','','3134218510','','',NULL,'0',NULL,NULL,NULL,NULL,'','0','0','','0','0','0',''),(541,'CON515',0,'',NULL,'510','','','3153192559','','',NULL,'0',NULL,NULL,NULL,NULL,'','0','0','','0','0','0',''),(542,'CON516',0,'',NULL,'511','','','3183696613','','',NULL,'0',NULL,NULL,NULL,NULL,'','0','0','','0','0','0',''),(543,'CON517',0,'',NULL,'512','','','3114334471','','',NULL,'0',NULL,NULL,NULL,NULL,'','0','0','','0','0','0',''),(544,'CON518',0,'',NULL,'513','','','3144693676','','',NULL,'0',NULL,NULL,NULL,NULL,'','0','0','','0','0','0',''),(545,'CON519',0,'',NULL,'514','','','3186447805','','',NULL,'0',NULL,NULL,NULL,NULL,'','0','0','','0','0','0',''),(546,'CON520',0,'',NULL,'515','','','3173672056','','',NULL,'0',NULL,NULL,NULL,NULL,'','0','0','','0','0','0',''),(547,'CON521',0,'',NULL,'516','','','3123496355','','',NULL,'0',NULL,NULL,NULL,NULL,'','0','0','','0','0','0',''),(548,'CON522',0,'',NULL,'Natalia Sarmiento','','','3122010750','','',NULL,'0',NULL,NULL,NULL,NULL,'','0','0','','0','0','0',''),(549,'CON523',0,'',NULL,'518','','','3205406827','','',NULL,'0',NULL,NULL,NULL,NULL,'','0','0','','0','0','0',''),(550,'CON524',0,'',NULL,'519','','','3007882904','','',NULL,'0',NULL,NULL,NULL,NULL,'','0','0','','0','0','0',''),(551,'CON525',0,'',NULL,'520','','','3126716654','','',NULL,'0',NULL,NULL,NULL,NULL,'','0','0','','0','0','0',''),(552,'CON526',0,'',NULL,'521','','','3007639818','','',NULL,'0',NULL,NULL,NULL,NULL,'','0','0','','0','0','0',''),(553,'CON527',0,'',NULL,'522','','','3138256213','','',NULL,'0',NULL,NULL,NULL,NULL,'','0','0','','0','0','0',''),(554,'CON528',0,'',NULL,'523','','','3123044790','','',NULL,'0',NULL,NULL,NULL,NULL,'','0','0','','0','0','0',''),(555,'CON529',0,'',NULL,'524','','','3194171974','','',NULL,'0',NULL,NULL,NULL,NULL,'','0','0','','0','0','0',''),(556,'CON530',0,'',NULL,'525','','','3012012059','','',NULL,'0',NULL,NULL,NULL,NULL,'','0','0','','0','0','0',''),(557,'CON531',0,'',NULL,'526','','','3012471051','','',NULL,'0',NULL,NULL,NULL,NULL,'','0','0','','0','0','0',''),(558,'CON532',0,'',NULL,'527','','','3164226532','','',NULL,'0',NULL,NULL,NULL,NULL,'','0','0','','0','0','0',''),(559,'CON533',0,'',NULL,'Gloria Jimnez','','','3234768898','','',NULL,'0',NULL,NULL,NULL,NULL,'','0','0','','0','0','0',''),(560,'CON534',0,'',NULL,'529','','','3215614579','','',NULL,'0',NULL,NULL,NULL,NULL,'','0','0','','0','0','0',''),(561,'CON535',0,'',NULL,'Miriam Flrez','','','3217579872','','',NULL,'0',NULL,NULL,NULL,NULL,'','0','0','','0','0','0',''),(562,'CON536',0,'',NULL,'531','','','3104105492','','',NULL,'0',NULL,NULL,NULL,NULL,'','0','0','','0','0','0',''),(563,'CON537',0,'',NULL,'Martha Henao','','','3104616947','','',NULL,'0',NULL,NULL,NULL,NULL,'','0','0','','0','0','0',''),(564,'CON538',0,'',NULL,'533','','','3147031915','','',NULL,'0',NULL,NULL,NULL,NULL,'','0','0','','0','0','0',''),(565,'CON539',0,'',NULL,'Diana','','','3015421880','','',NULL,'0',NULL,NULL,NULL,NULL,'','0','0','','0','0','0',''),(566,'CON540',0,'',NULL,'535','','','3004209293','','',NULL,'0',NULL,NULL,NULL,NULL,'','0','0','','0','0','0',''),(567,'CON541',0,'',NULL,'536','','','3166164995','','',NULL,'0',NULL,NULL,NULL,NULL,'','0','0','','0','0','0',''),(568,'CON542',0,'',NULL,'537','','','3156451729','','',NULL,'0',NULL,NULL,NULL,NULL,'','0','0','','0','0','0',''),(569,'CON543',0,'',NULL,'538','','','3002973459','','',NULL,'0',NULL,NULL,NULL,NULL,'','0','0','','0','0','0',''),(570,'CON544',0,'',NULL,'539','','','3147568509','','',NULL,'0',NULL,NULL,NULL,NULL,'','0','0','','0','0','0',''),(571,'CON545',0,'',NULL,'540','','','3203052651','','',NULL,'0',NULL,NULL,NULL,NULL,'','0','0','','0','0','0',''),(572,'CON546',0,'',NULL,'541','','','3104656966','','',NULL,'0',NULL,NULL,NULL,NULL,'','0','0','','0','0','0',''),(573,'CON547',0,'',NULL,'542','','','3212746416','','',NULL,'0',NULL,NULL,NULL,NULL,'','0','0','','0','0','0',''),(574,'CON548',0,'',NULL,'543','','','3016458652','','',NULL,'0',NULL,NULL,NULL,NULL,'','0','0','','0','0','0',''),(575,'CON549',0,'',NULL,'544','','','3024313547','','',NULL,'0',NULL,NULL,NULL,NULL,'','0','0','','0','0','0',''),(576,'CON550',0,'',NULL,'German Oviedo','','','3106564409','','',NULL,'0',NULL,NULL,NULL,NULL,'','0','0','','0','0','0',''),(577,'CON551',0,'',NULL,'Anny Locarno','','','3214445195','','',NULL,'0',NULL,NULL,NULL,NULL,'','0','0','','0','0','0',''),(578,'CON552',0,'',NULL,'547','','','3104190755','','',NULL,'0',NULL,NULL,NULL,NULL,'','0','0','','0','0','0',''),(579,'CON553',0,'',NULL,'548','','','3135401468','','',NULL,'0',NULL,NULL,NULL,NULL,'','0','0','','0','0','0',''),(580,'CON554',0,'',NULL,'549','','','3045703551','','',NULL,'0',NULL,NULL,NULL,NULL,'','0','0','','0','0','0',''),(581,'CON555',0,'',NULL,'550','','','3013736319','','',NULL,'0',NULL,NULL,NULL,NULL,'','0','0','','0','0','0',''),(582,'CON556',0,'',NULL,'551','','','3152256928','','',NULL,'0',NULL,NULL,NULL,NULL,'','0','0','','0','0','0',''),(583,'CON557',0,'',NULL,'552','','','3153906332','','',NULL,'0',NULL,NULL,NULL,NULL,'','0','0','','0','0','0',''),(584,'CON558',0,'',NULL,'Carolina','','','3127579248','','',NULL,'0',NULL,NULL,NULL,NULL,'','0','0','','0','0','0',''),(585,'CON559',0,'',NULL,'Claudia Vengochea','','','3126031365','','',NULL,'0',NULL,NULL,NULL,NULL,'','0','0','','0','0','0',''),(586,'CON560',0,'',NULL,'Elizabeth','','','3103942188','','',NULL,'0',NULL,NULL,NULL,NULL,'','0','0','','0','0','0',''),(587,'CON561',0,'',NULL,'556','','','3166897158','','',NULL,'0',NULL,NULL,NULL,NULL,'','0','0','','0','0','0',''),(588,'CON562',0,'',NULL,'Silvia Valencia','','','3118540913','','',NULL,'0',NULL,NULL,NULL,NULL,'','0','0','','0','0','0',''),(589,'CON563',0,'',NULL,'558','','','3127487376','','',NULL,'0',NULL,NULL,NULL,NULL,'','0','0','','0','0','0',''),(590,'CON564',0,'',NULL,'559','','','3126876975','','',NULL,'0',NULL,NULL,NULL,NULL,'','0','0','','0','0','0',''),(591,'CON565',0,'',NULL,'560','','','3137082298','','',NULL,'0',NULL,NULL,NULL,NULL,'','0','0','','0','0','0',''),(592,'CON566',0,'',NULL,'561','','','3006648974','','',NULL,'0',NULL,NULL,NULL,NULL,'','0','0','','0','0','0',''),(593,'CON567',0,'',NULL,'562','','','3138998464','','',NULL,'0',NULL,NULL,NULL,NULL,'','0','0','','0','0','0',''),(594,'CON568',0,'',NULL,'563','','','3204424183','','',NULL,'0',NULL,NULL,NULL,NULL,'','0','0','','0','0','0',''),(595,'CON569',0,'',NULL,'564','','','3192575529','','',NULL,'0',NULL,NULL,NULL,NULL,'','0','0','','0','0','0',''),(596,'CON570',0,'',NULL,'565','','','3214627582','','',NULL,'0',NULL,NULL,NULL,NULL,'','0','0','','0','0','0',''),(597,'CON571',0,'',NULL,'566','','','3042074709','','',NULL,'0',NULL,NULL,NULL,NULL,'','0','0','','0','0','0',''),(598,'CON572',0,'',NULL,'567','','','3116036189','','',NULL,'0',NULL,NULL,NULL,NULL,'','0','0','','0','0','0',''),(599,'CON573',0,'',NULL,'568','','','3014928466','','',NULL,'0',NULL,NULL,NULL,NULL,'','0','0','','0','0','0',''),(600,'CON574',0,'',NULL,'569','','','3008474037','','',NULL,'0',NULL,NULL,NULL,NULL,'','0','0','','0','0','0',''),(601,'CON575',0,'',NULL,'Olga Lucia Velzquez','','','3127576413','','',NULL,'0',NULL,NULL,NULL,NULL,'','0','0','','0','0','0',''),(602,'CON576',0,'',NULL,'571','','','3106644975','','',NULL,'0',NULL,NULL,NULL,NULL,'','0','0','','0','0','0',''),(603,'CON577',0,'',NULL,'572','','','3123702340','','',NULL,'0',NULL,NULL,NULL,NULL,'','0','0','','0','0','0',''),(604,'CON578',0,'',NULL,'573','','','3136389535','','',NULL,'0',NULL,NULL,NULL,NULL,'','0','0','','0','0','0',''),(605,'CON579',0,'',NULL,'574','','','3108795113','','',NULL,'0',NULL,NULL,NULL,NULL,'','0','0','','0','0','0',''),(606,'CON580',0,'',NULL,'575','','','3104360423','','',NULL,'0',NULL,NULL,NULL,NULL,'','0','0','','0','0','0',''),(607,'CON581',0,'',NULL,'576','','','3157138997','','',NULL,'0',NULL,NULL,NULL,NULL,'','0','0','','0','0','0',''),(608,'CON582',0,'',NULL,'577','','','3224380986','','',NULL,'0',NULL,NULL,NULL,NULL,'','0','0','','0','0','0',''),(609,'CON583',0,'',NULL,'578','','','3042188709','','',NULL,'0',NULL,NULL,NULL,NULL,'','0','0','','0','0','0',''),(610,'CON584',0,'',NULL,'579','','','3166649499','','',NULL,'0',NULL,NULL,NULL,NULL,'','0','0','','0','0','0',''),(611,'CON585',0,'',NULL,'Juliana Marmolejo Ziga','','','3186938041','','',NULL,'0',NULL,NULL,NULL,NULL,'','0','0','','0','0','0',''),(612,'CON586',0,'',NULL,'581','','','3224600872','','',NULL,'0',NULL,NULL,NULL,NULL,'','0','0','','0','0','0',''),(613,'CON587',0,'',NULL,'582','','','3156786903','','',NULL,'0',NULL,NULL,NULL,NULL,'','0','0','','0','0','0',''),(614,'CON588',0,'',NULL,'Ivn','','','3103690373','','',NULL,'0',NULL,NULL,NULL,NULL,'','0','0','','0','0','0',''),(615,'CON589',0,'',NULL,'Gladys Gmez','','','3012648768','','',NULL,'0',NULL,NULL,NULL,NULL,'','0','0','','0','0','0',''),(616,'CON590',0,'',NULL,'585','','','3007421429','','',NULL,'0',NULL,NULL,NULL,NULL,'','0','0','','0','0','0',''),(617,'CON591',0,'',NULL,'586','','','3206134888','','',NULL,'0',NULL,NULL,NULL,NULL,'','0','0','','0','0','0',''),(618,'CON592',0,'',NULL,'587','','','3142024430','','',NULL,'0',NULL,NULL,NULL,NULL,'','0','0','','0','0','0',''),(619,'CON593',0,'',NULL,'588','','','3106925386','','',NULL,'0',NULL,NULL,NULL,NULL,'','0','0','','0','0','0',''),(620,'CON594',0,'',NULL,'589','','','3046315378','','',NULL,'0',NULL,NULL,NULL,NULL,'','0','0','','0','0','0',''),(621,'CON595',0,'',NULL,'590','','','3218550678','','',NULL,'0',NULL,NULL,NULL,NULL,'','0','0','','0','0','0',''),(622,'CON596',0,'',NULL,'591','','','3104986414','','',NULL,'0',NULL,NULL,NULL,NULL,'','0','0','','0','0','0',''),(623,'CON597',0,'',NULL,'592','','','3154332888','','',NULL,'0',NULL,NULL,NULL,NULL,'','0','0','','0','0','0',''),(624,'CON598',0,'',NULL,'593','','','3217051224','','',NULL,'0',NULL,NULL,NULL,NULL,'','0','0','','0','0','0',''),(625,'CON599',0,'',NULL,'594','','','3002073321','','',NULL,'0',NULL,NULL,NULL,NULL,'','0','0','','0','0','0',''),(626,'CON600',0,'',NULL,'595','','','3133952603','','',NULL,'0',NULL,NULL,NULL,NULL,'','0','0','','0','0','0',''),(627,'CON601',0,'',NULL,'596','','','3126791375','','',NULL,'0',NULL,NULL,NULL,NULL,'','0','0','','0','0','0',''),(628,'CON602',0,'',NULL,'597','','','3108986598','','',NULL,'0',NULL,NULL,NULL,NULL,'','0','0','','0','0','0',''),(629,'CON603',0,'',NULL,'598','','','3128615141','','',NULL,'0',NULL,NULL,NULL,NULL,'','0','0','','0','0','0',''),(630,'CON604',0,'',NULL,'599','','','3203307741','','',NULL,'0',NULL,NULL,NULL,NULL,'','0','0','','0','0','0',''),(631,'CON605',0,'',NULL,'600','','','3114968587','','',NULL,'0',NULL,NULL,NULL,NULL,'','0','0','','0','0','0',''),(632,'CON606',0,'',NULL,'601','','','3157059807','','',NULL,'0',NULL,NULL,NULL,NULL,'','0','0','','0','0','0',''),(633,'CON607',0,'',NULL,'602','','','3058156148','','',NULL,'0',NULL,NULL,NULL,NULL,'','0','0','','0','0','0',''),(634,'CON608',0,'',NULL,'603','','','3174420125','','',NULL,'0',NULL,NULL,NULL,NULL,'','0','0','','0','0','0',''),(635,'CON609',0,'',NULL,'604','','','3148863457','','',NULL,'0',NULL,NULL,NULL,NULL,'','0','0','','0','0','0',''),(636,'CON610',0,'',NULL,'605','','','3186428903','','',NULL,'0',NULL,NULL,NULL,NULL,'','0','0','','0','0','0',''),(637,'CON611',0,'',NULL,'606','','','3103641901','','',NULL,'0',NULL,NULL,NULL,NULL,'','0','0','','0','0','0',''),(638,'CON612',0,'',NULL,'607','','','3156590191','','',NULL,'0',NULL,NULL,NULL,NULL,'','0','0','','0','0','0',''),(639,'CON613',0,'',NULL,'Carolina Vitola Moncada,','','','3106488897','','',NULL,'0',NULL,NULL,NULL,NULL,'','0','0','','0','0','0',''),(640,'CON614',0,'',NULL,'609','','','3206865173','','',NULL,'0',NULL,NULL,NULL,NULL,'','0','0','','0','0','0',''),(641,'CON615',0,'',NULL,'610','','','3114179366','','',NULL,'0',NULL,NULL,NULL,NULL,'','0','0','','0','0','0',''),(642,'CON616',0,'',NULL,'611','','','3157343147','','',NULL,'0',NULL,NULL,NULL,NULL,'','0','0','','0','0','0',''),(643,'CON617',0,'',NULL,'612','','','3007240598','','',NULL,'0',NULL,NULL,NULL,NULL,'','0','0','','0','0','0',''),(644,'CON618',0,'',NULL,'613','','','3105301081','','',NULL,'0',NULL,NULL,NULL,NULL,'','0','0','','0','0','0',''),(645,'CON619',0,'',NULL,'614','','','3116462525','','',NULL,'0',NULL,NULL,NULL,NULL,'','0','0','','0','0','0',''),(646,'CON620',0,'',NULL,'Sandra Romero','','','3219573757','','',NULL,'0',NULL,NULL,NULL,NULL,'','0','0','','0','0','0',''),(647,'CON621',0,'',NULL,'616','','','3168313190','','',NULL,'0',NULL,NULL,NULL,NULL,'','0','0','','0','0','0',''),(648,'CON622',0,'',NULL,'617','','','3137913732','','',NULL,'0',NULL,NULL,NULL,NULL,'','0','0','','0','0','0',''),(649,'CON623',0,'',NULL,'618','','','3205653569','','',NULL,'0',NULL,NULL,NULL,NULL,'','0','0','','0','0','0',''),(650,'CON624',0,'',NULL,'619','','','3006748997','','',NULL,'0',NULL,NULL,NULL,NULL,'','0','0','','0','0','0',''),(651,'CON625',0,'',NULL,'Adriana','','','3159270782','','',NULL,'0',NULL,NULL,NULL,NULL,'','0','0','','0','0','0',''),(652,'CON626',0,'',NULL,'Diana Carolina Senz lvarez','','','3142634680','','',NULL,'0',NULL,NULL,NULL,NULL,'','0','0','','0','0','0',''),(653,'CON627',0,'',NULL,'622','','','3115399776','','',NULL,'0',NULL,NULL,NULL,NULL,'','0','0','','0','0','0',''),(654,'CON628',0,'',NULL,'Natalia Ortiz','','','3104152149','','',NULL,'0',NULL,NULL,NULL,NULL,'','0','0','','0','0','0',''),(655,'CON629',0,'',NULL,'624','','','3113286683','','',NULL,'0',NULL,NULL,NULL,NULL,'','0','0','','0','0','0',''),(656,'CON630',0,'',NULL,'625','','','3176672146','','',NULL,'0',NULL,NULL,NULL,NULL,'','0','0','','0','0','0',''),(657,'CON631',0,'',NULL,'626','','','3118112669','','',NULL,'0',NULL,NULL,NULL,NULL,'','0','0','','0','0','0',''),(658,'CON632',0,'',NULL,'627','','','3172920598','','',NULL,'0',NULL,NULL,NULL,NULL,'','0','0','','0','0','0',''),(659,'CON633',0,'',NULL,'628','','','3176474991','','',NULL,'0',NULL,NULL,NULL,NULL,'','0','0','','0','0','0',''),(660,'CON634',0,'',NULL,'629','','','3182206109','','',NULL,'0',NULL,NULL,NULL,NULL,'','0','0','','0','0','0',''),(661,'CON635',0,'',NULL,'Liliana','','','3502367810','','',NULL,'0',NULL,NULL,NULL,NULL,'','0','0','','0','0','0',''),(662,'CON636',0,'',NULL,'631','','','3127629150','','',NULL,'0',NULL,NULL,NULL,NULL,'','0','0','','0','0','0',''),(663,'CON637',0,'',NULL,'632','','','3023300995','','',NULL,'0',NULL,NULL,NULL,NULL,'','0','0','','0','0','0',''),(664,'CON638',0,'',NULL,'Diana Muoz','','','3002064109','','',NULL,'0',NULL,NULL,NULL,NULL,'','0','0','','0','0','0',''),(665,'CON639',0,'',NULL,'634','','','3106131161','','',NULL,'0',NULL,NULL,NULL,NULL,'','0','0','','0','0','0',''),(666,'CON640',0,'',NULL,'635','','','3137482948','','',NULL,'0',NULL,NULL,NULL,NULL,'','0','0','','0','0','0',''),(667,'CON641',0,'',NULL,'Martha Isabel','','','3172316934','','',NULL,'0',NULL,NULL,NULL,NULL,'','0','0','','0','0','0',''),(668,'CON642',0,'',NULL,'637','','','3233937958','','',NULL,'0',NULL,NULL,NULL,NULL,'','0','0','','0','0','0',''),(669,'CON643',0,'',NULL,'638','','','3163064258','','',NULL,'0',NULL,NULL,NULL,NULL,'','0','0','','0','0','0',''),(670,'CON644',0,'',NULL,'639','','','3182502205','','',NULL,'0',NULL,NULL,NULL,NULL,'','0','0','','0','0','0',''),(671,'CON645',0,'',NULL,'640','','','3207493313','','',NULL,'0',NULL,NULL,NULL,NULL,'','0','0','','0','0','0',''),(672,'CON646',0,'',NULL,'641','','','3127339368','','',NULL,'0',NULL,NULL,NULL,NULL,'','0','0','','0','0','0',''),(673,'CON647',0,'',NULL,'642','','','3174639088','','',NULL,'0',NULL,NULL,NULL,NULL,'','0','0','','0','0','0',''),(674,'CON648',0,'',NULL,'643','','','3113351186','','',NULL,'0',NULL,NULL,NULL,NULL,'','0','0','','0','0','0',''),(675,'CON649',0,'',NULL,'644','','','3015086656','','',NULL,'0',NULL,NULL,NULL,NULL,'','0','0','','0','0','0',''),(676,'CON650',0,'',NULL,'Johana','','','3168734769','','',NULL,'0',NULL,NULL,NULL,NULL,'','0','0','','0','0','0',''),(677,'CON651',0,'',NULL,'Eliana','','','3183620053','','',NULL,'0',NULL,NULL,NULL,NULL,'','0','0','','0','0','0',''),(678,'CON652',0,'',NULL,'Olga Vlez','','','3158277360','','',NULL,'0',NULL,NULL,NULL,NULL,'','0','0','','0','0','0',''),(679,'CON653',0,'',NULL,'648','','','3132766094','','',NULL,'0',NULL,NULL,NULL,NULL,'','0','0','','0','0','0',''),(680,'CON654',0,'',NULL,'Dorelly Espinosa','','','3136261943','','',NULL,'0',NULL,NULL,NULL,NULL,'','0','0','','0','0','0',''),(681,'CON655',0,'',NULL,'650','','','3147283645','','',NULL,'0',NULL,NULL,NULL,NULL,'','0','0','','0','0','0',''),(682,'CON656',0,'',NULL,'651','','','3148890253','','',NULL,'0',NULL,NULL,NULL,NULL,'','0','0','','0','0','0',''),(683,'CON657',0,'',NULL,'652','','','3216182111','','',NULL,'0',NULL,NULL,NULL,NULL,'','0','0','','0','0','0',''),(684,'CON658',0,'',NULL,'Gabriela Martnez','','','3044133869','','',NULL,'0',NULL,NULL,NULL,NULL,'','0','0','','0','0','0',''),(685,'CON659',0,'',NULL,'654','','','3125974159','','',NULL,'0',NULL,NULL,NULL,NULL,'','0','0','','0','0','0',''),(686,'CON660',0,'',NULL,'655','','','3165410001','','',NULL,'0',NULL,NULL,NULL,NULL,'','0','0','','0','0','0',''),(687,'CON661',0,'',NULL,'656','','','3148728563','','',NULL,'0',NULL,NULL,NULL,NULL,'','0','0','','0','0','0',''),(688,'CON662',0,'',NULL,'657','','','3168659239','','',NULL,'0',NULL,NULL,NULL,NULL,'','0','0','','0','0','0',''),(689,'CON663',0,'',NULL,'Martha','','','3167060507','','',NULL,'0',NULL,NULL,NULL,NULL,'','0','0','','0','0','0',''),(690,'CON664',0,'',NULL,'659','','','3136351519','','',NULL,'0',NULL,NULL,NULL,NULL,'','0','0','','0','0','0',''),(691,'CON665',0,'',NULL,'Sucre','','','3214440967','','',NULL,'0',NULL,NULL,NULL,NULL,'','0','0','','0','0','0',''),(692,'CON666',0,'',NULL,'661','','','3012079255','','',NULL,'0',NULL,NULL,NULL,NULL,'','0','0','','0','0','0',''),(693,'CON667',0,'',NULL,'662','','','3172389364','','',NULL,'0',NULL,NULL,NULL,NULL,'','0','0','','0','0','0',''),(694,'CON668',0,'',NULL,'663','','','3003962946','','',NULL,'0',NULL,NULL,NULL,NULL,'','0','0','','0','0','0',''),(695,'CON669',0,'',NULL,'Katrina Saieh','','','3178953308','','',NULL,'0',NULL,NULL,NULL,NULL,'','0','0','','0','0','0',''),(696,'CON670',0,'',NULL,'665','','','3202742264','','',NULL,'0',NULL,NULL,NULL,NULL,'','0','0','','0','0','0',''),(697,'CON671',0,'',NULL,'666','','','3135160409','','',NULL,'0',NULL,NULL,NULL,NULL,'','0','0','','0','0','0',''),(698,'CON672',0,'',NULL,'667','','','3182828270','','',NULL,'0',NULL,NULL,NULL,NULL,'','0','0','','0','0','0',''),(699,'CON673',0,'',NULL,'668','','','3176455178','','',NULL,'0',NULL,NULL,NULL,NULL,'','0','0','','0','0','0',''),(700,'CON674',0,'',NULL,'669','','','3007349729','','',NULL,'0',NULL,NULL,NULL,NULL,'','0','0','','0','0','0',''),(701,'CON675',0,'',NULL,'670','','','3006179333','','',NULL,'0',NULL,NULL,NULL,NULL,'','0','0','','0','0','0',''),(702,'CON676',0,'',NULL,'671','','','3014648650','','',NULL,'0',NULL,NULL,NULL,NULL,'','0','0','','0','0','0',''),(703,'CON677',0,'',NULL,'672','','','3116541269','','',NULL,'0',NULL,NULL,NULL,NULL,'','0','0','','0','0','0',''),(704,'CON678',0,'',NULL,'673','','','3225420463','','',NULL,'0',NULL,NULL,NULL,NULL,'','0','0','','0','0','0',''),(705,'CON679',0,'',NULL,'674','','','3206807160','','',NULL,'0',NULL,NULL,NULL,NULL,'','0','0','','0','0','0',''),(706,'CON680',0,'',NULL,'675','','','3164261608','','',NULL,'0',NULL,NULL,NULL,NULL,'','0','0','','0','0','0',''),(707,'CON681',0,'',NULL,'Karina Pea','','','3158897156','','',NULL,'0',NULL,NULL,NULL,NULL,'','0','0','','0','0','0',''),(708,'CON682',0,'',NULL,'677','','','3046449419','','',NULL,'0',NULL,NULL,NULL,NULL,'','0','0','','0','0','0',''),(709,'CON683',0,'',NULL,'678','','','3046753181','','',NULL,'0',NULL,NULL,NULL,NULL,'','0','0','','0','0','0',''),(710,'CON684',0,'',NULL,'679','','','3012864272','','',NULL,'0',NULL,NULL,NULL,NULL,'','0','0','','0','0','0',''),(711,'CON685',0,'',NULL,'Daniela Hernndez Lpez','','','3144336716','','',NULL,'0',NULL,NULL,NULL,NULL,'','0','0','','0','0','0',''),(712,'CON686',0,'',NULL,'Kelly','','','3188224321','','',NULL,'0',NULL,NULL,NULL,NULL,'','0','0','','0','0','0',''),(713,'CON687',0,'',NULL,'682','','','3112305455','','',NULL,'0',NULL,NULL,NULL,NULL,'','0','0','','0','0','0',''),(714,'CON688',0,'',NULL,'683','','','3214179334','','',NULL,'0',NULL,NULL,NULL,NULL,'','0','0','','0','0','0',''),(715,'CON689',0,'',NULL,'684','','','3052647681','','',NULL,'0',NULL,NULL,NULL,NULL,'','0','0','','0','0','0',''),(716,'CON690',0,'',NULL,'685','','','3185082779','','',NULL,'0',NULL,NULL,NULL,NULL,'','0','0','','0','0','0',''),(717,'CON691',0,'',NULL,'686','','','3186215752','','',NULL,'0',NULL,NULL,NULL,NULL,'','0','0','','0','0','0',''),(718,'CON692',0,'',NULL,'687','','','3012505355','','',NULL,'0',NULL,NULL,NULL,NULL,'','0','0','','0','0','0',''),(719,'CON693',0,'',NULL,'688','','','3163893757','','',NULL,'0',NULL,NULL,NULL,NULL,'','0','0','','0','0','0',''),(720,'CON694',0,'',NULL,'689','','','3208330943','','',NULL,'0',NULL,NULL,NULL,NULL,'','0','0','','0','0','0',''),(721,'CON695',0,'',NULL,'690','','','3126390721','','',NULL,'0',NULL,NULL,NULL,NULL,'','0','0','','0','0','0',''),(722,'CON696',0,'',NULL,'691','','','3045236587','','',NULL,'0',NULL,NULL,NULL,NULL,'','0','0','','0','0','0',''),(723,'CON697',0,'',NULL,'692','','','3003545920','','',NULL,'0',NULL,NULL,NULL,NULL,'','0','0','','0','0','0',''),(724,'CON698',0,'',NULL,'693','','','3112554995','','',NULL,'0',NULL,NULL,NULL,NULL,'','0','0','','0','0','0',''),(725,'CON699',0,'',NULL,'694','','','3012689945','','',NULL,'0',NULL,NULL,NULL,NULL,'','0','0','','0','0','0',''),(726,'CON700',0,'',NULL,'695','','','3122954805','','',NULL,'0',NULL,NULL,NULL,NULL,'','0','0','','0','0','0',''),(727,'CON701',0,'',NULL,'696','','','3124901071','','',NULL,'0',NULL,NULL,NULL,NULL,'','0','0','','0','0','0',''),(728,'CON702',0,'',NULL,'697','','','3006786486','','',NULL,'0',NULL,NULL,NULL,NULL,'','0','0','','0','0','0',''),(729,'CON703',0,'',NULL,'698','','','3023760697','','',NULL,'0',NULL,NULL,NULL,NULL,'','0','0','','0','0','0',''),(730,'CON704',0,'',NULL,'Yenny Diaz','','','3108626086','','',NULL,'0',NULL,NULL,NULL,NULL,'','0','0','','0','0','0',''),(731,'CON705',0,'',NULL,'Alejandra','','','5071474','','',NULL,'0',NULL,NULL,NULL,NULL,'','0','0','','0','0','0',''),(732,'CON706',0,'',NULL,'701','','','3183766041','','',NULL,'0',NULL,NULL,NULL,NULL,'','0','0','','0','0','0',''),(733,'CON707',0,'',NULL,'Viviana','','','3108057030','','',NULL,'0',NULL,NULL,NULL,NULL,'','0','0','','0','0','0',''),(734,'CON708',0,'',NULL,'703','','','3219794867','','',NULL,'0',NULL,NULL,NULL,NULL,'','0','0','','0','0','0',''),(735,'CON709',0,'',NULL,'704','','','3218130966','','',NULL,'0',NULL,NULL,NULL,NULL,'','0','0','','0','0','0',''),(736,'CON710',0,'',NULL,'705','','','3104017153','','',NULL,'0',NULL,NULL,NULL,NULL,'','0','0','','0','0','0',''),(737,'CON711',0,'',NULL,'Paola Bravo','','','3017438676','','',NULL,'0',NULL,NULL,NULL,NULL,'','0','0','','0','0','0',''),(738,'CON712',0,'',NULL,'707','','','3142697860','','',NULL,'0',NULL,NULL,NULL,NULL,'','0','0','','0','0','0',''),(739,'CON713',0,'',NULL,'708','','','3216784597','','',NULL,'0',NULL,NULL,NULL,NULL,'','0','0','','0','0','0',''),(740,'CON714',0,'',NULL,'709','','','3175360978','','',NULL,'0',NULL,NULL,NULL,NULL,'','0','0','','0','0','0',''),(741,'CON715',0,'',NULL,'710','','','3103341088','','',NULL,'0',NULL,NULL,NULL,NULL,'','0','0','','0','0','0',''),(742,'CON716',0,'',NULL,'711','','','3015509449','','',NULL,'0',NULL,NULL,NULL,NULL,'','0','0','','0','0','0',''),(743,'CON717',0,'',NULL,'712','','','3146626188','','',NULL,'0',NULL,NULL,NULL,NULL,'','0','0','','0','0','0',''),(744,'CON718',0,'',NULL,'713','','','3153652677','','',NULL,'0',NULL,NULL,NULL,NULL,'','0','0','','0','0','0',''),(745,'CON719',0,'',NULL,'714','','','3105208661','','',NULL,'0',NULL,NULL,NULL,NULL,'','0','0','','0','0','0',''),(746,'CON720',0,'',NULL,'715','','','3185904871','','',NULL,'0',NULL,NULL,NULL,NULL,'','0','0','','0','0','0',''),(747,'CON721',0,'',NULL,'716','','','3215388334','','',NULL,'0',NULL,NULL,NULL,NULL,'','0','0','','0','0','0',''),(748,'CON722',0,'',NULL,'717','','','3168745145','','',NULL,'0',NULL,NULL,NULL,NULL,'','0','0','','0','0','0',''),(749,'CON723',0,'',NULL,'718','','','3137234809','','',NULL,'0',NULL,NULL,NULL,NULL,'','0','0','','0','0','0',''),(750,'CON724',0,'',NULL,'719','','','3005788372','','',NULL,'0',NULL,NULL,NULL,NULL,'','0','0','','0','0','0',''),(751,'CON725',0,'',NULL,'Karina Salazar','','','3217113481','','',NULL,'0',NULL,NULL,NULL,NULL,'','0','0','','0','0','0',''),(752,'CON726',0,'',NULL,'721','','','3158161372','','',NULL,'0',NULL,NULL,NULL,NULL,'','0','0','','0','0','0',''),(753,'CON727',0,'',NULL,'722','','','3125971422','','',NULL,'0',NULL,NULL,NULL,NULL,'','0','0','','0','0','0',''),(754,'CON728',0,'',NULL,'Claudia','','','3008508314','','',NULL,'0',NULL,NULL,NULL,NULL,'','0','0','','0','0','0',''),(755,'CON729',0,'',NULL,'Maritza Cleves','','','3185160189','','',NULL,'0',NULL,NULL,NULL,NULL,'','0','0','','0','0','0',''),(756,'CON730',0,'',NULL,'725','','','3134615314','','',NULL,'0',NULL,NULL,NULL,NULL,'','0','0','','0','0','0',''),(757,'CON731',0,'',NULL,'726','','','+1(908)930-3837','','',NULL,'0',NULL,NULL,NULL,NULL,'','0','0','','0','0','0',''),(758,'CON732',0,'',NULL,'727','','','3014812995','','',NULL,'0',NULL,NULL,NULL,NULL,'','0','0','','0','0','0',''),(759,'CON733',0,'',NULL,'728','','','3114099462','','',NULL,'0',NULL,NULL,NULL,NULL,'','0','0','','0','0','0',''),(760,'CON734',0,'',NULL,'729','','','3003377568','','',NULL,'0',NULL,NULL,NULL,NULL,'','0','0','','0','0','0',''),(761,'CON735',0,'',NULL,'730','','','3133367520','','',NULL,'0',NULL,NULL,NULL,NULL,'','0','0','','0','0','0',''),(762,'CON736',0,'',NULL,'731','','','3172432188','','',NULL,'0',NULL,NULL,NULL,NULL,'','0','0','','0','0','0',''),(763,'CON737',0,'',NULL,'Mara Del Pilar Medina','','','3208596793','','',NULL,'0',NULL,NULL,NULL,NULL,'','0','0','','0','0','0',''),(764,'CON738',0,'',NULL,'733','','','3016780346','','',NULL,'0',NULL,NULL,NULL,NULL,'','0','0','','0','0','0',''),(765,'CON739',0,'',NULL,'734','','','3003122053','','',NULL,'0',NULL,NULL,NULL,NULL,'','0','0','','0','0','0',''),(766,'CON740',0,'',NULL,'Wanda Yineth Mosquera Gamboa','','','3207212918','','',NULL,'0',NULL,NULL,NULL,NULL,'','0','0','','0','0','0',''),(767,'CON741',0,'',NULL,'Andrea Gmez Escobar','','','3002037809','','',NULL,'0',NULL,NULL,NULL,NULL,'','0','0','','0','0','0',''),(768,'CON742',0,'',NULL,'Yiset','','','3114206597','','',NULL,'0',NULL,NULL,NULL,NULL,'','0','0','','0','0','0',''),(769,'CON743',0,'',NULL,'Licet Aristizbal','','','3127948977','','',NULL,'0',NULL,NULL,NULL,NULL,'','0','0','','0','0','0',''),(770,'CON744',0,'',NULL,'739','','','3122197077','','',NULL,'0',NULL,NULL,NULL,NULL,'','0','0','','0','0','0',''),(771,'CON745',0,'',NULL,'740','','','3158011321','','',NULL,'0',NULL,NULL,NULL,NULL,'','0','0','','0','0','0',''),(772,'CON746',0,'',NULL,'741','','','3013763686','','',NULL,'0',NULL,NULL,NULL,NULL,'','0','0','','0','0','0',''),(773,'CON747',0,'',NULL,'742','','','3128432093','','',NULL,'0',NULL,NULL,NULL,NULL,'','0','0','','0','0','0',''),(774,'CON748',0,'',NULL,'743','','','3147795063','','',NULL,'0',NULL,NULL,NULL,NULL,'','0','0','','0','0','0',''),(775,'CON749',0,'',NULL,'744','','','3012100548','','',NULL,'0',NULL,NULL,NULL,NULL,'','0','0','','0','0','0',''),(776,'CON750',0,'',NULL,'Le Compro A Su Esposa','','','34604105877','','',NULL,'0',NULL,NULL,NULL,NULL,'','0','0','','0','0','0',''),(777,'CON751',0,'',NULL,'746','','','3012562994','','',NULL,'0',NULL,NULL,NULL,NULL,'','0','0','','0','0','0',''),(778,'CON752',0,'',NULL,'747','','','3112421434','','',NULL,'0',NULL,NULL,NULL,NULL,'','0','0','','0','0','0',''),(779,'CON753',0,'',NULL,'Beatriz Julieta Garca Gallego','','','3166250368','','',NULL,'0',NULL,NULL,NULL,NULL,'','0','0','','0','0','0',''),(780,'CON754',0,'',NULL,'749','','','3102717961','','',NULL,'0',NULL,NULL,NULL,NULL,'','0','0','','0','0','0',''),(781,'CON755',0,'',NULL,'Mnica Andrea Malaver Fuentes','','','3222429555','','',NULL,'0',NULL,NULL,NULL,NULL,'','0','0','','0','0','0',''),(782,'CON756',0,'',NULL,'Mara Teresa Vlez Lecompte','','','3135860316','','',NULL,'0',NULL,NULL,NULL,NULL,'','0','0','','0','0','0',''),(783,'CON757',0,'',NULL,'752','','','3215220611','','',NULL,'0',NULL,NULL,NULL,NULL,'','0','0','','0','0','0',''),(784,'CON758',0,'',NULL,'753','','','3183621573','','',NULL,'0',NULL,NULL,NULL,NULL,'','0','0','','0','0','0',''),(785,'CON759',0,'',NULL,'754','','','3207814927','','',NULL,'0',NULL,NULL,NULL,NULL,'','0','0','','0','0','0',''),(786,'CON760',0,'',NULL,'755','','','3103405631','','',NULL,'0',NULL,NULL,NULL,NULL,'','0','0','','0','0','0',''),(787,'CON761',0,'',NULL,'756','','','3105395635','','',NULL,'0',NULL,NULL,NULL,NULL,'','0','0','','0','0','0',''),(788,'CON762',0,'',NULL,'757','','','3127812167','','',NULL,'0',NULL,NULL,NULL,NULL,'','0','0','','0','0','0',''),(789,'CON763',0,'',NULL,'758','','','3008858497','','',NULL,'0',NULL,NULL,NULL,NULL,'','0','0','','0','0','0',''),(790,'CON764',0,'',NULL,'Olga Giraldo Ramirez','','','3127837956','','',NULL,'0',NULL,NULL,NULL,NULL,'','0','0','','0','0','0',''),(791,'CON765',0,'',NULL,'760','','','3122885378','','',NULL,'0',NULL,NULL,NULL,NULL,'','0','0','','0','0','0',''),(792,'CON766',0,'',NULL,'761','','','3145599343','','',NULL,'0',NULL,NULL,NULL,NULL,'','0','0','','0','0','0',''),(793,'CON767',0,'',NULL,'762','','','3124832630','','',NULL,'0',NULL,NULL,NULL,NULL,'','0','0','','0','0','0',''),(794,'CON768',0,'',NULL,'763','','','3205669802','','',NULL,'0',NULL,NULL,NULL,NULL,'','0','0','','0','0','0',''),(795,'CON769',0,'',NULL,'764','','','3184187112','','',NULL,'0',NULL,NULL,NULL,NULL,'','0','0','','0','0','0',''),(796,'CON770',0,'',NULL,'765','','','3193093656','','',NULL,'0',NULL,NULL,NULL,NULL,'','0','0','','0','0','0',''),(797,'CON771',0,'',NULL,'766','','','3155891797','','',NULL,'0',NULL,NULL,NULL,NULL,'','0','0','','0','0','0',''),(798,'CON772',0,'',NULL,'767','','','3104080350','','',NULL,'0',NULL,NULL,NULL,NULL,'','0','0','','0','0','0',''),(799,'CON773',0,'',NULL,'768','','','3136445372','','',NULL,'0',NULL,NULL,NULL,NULL,'','0','0','','0','0','0',''),(800,'CON774',0,'',NULL,'769','','','3166260985','','',NULL,'0',NULL,NULL,NULL,NULL,'','0','0','','0','0','0',''),(801,'CON775',0,'',NULL,'770','','','3146413085','','',NULL,'0',NULL,NULL,NULL,NULL,'','0','0','','0','0','0',''),(802,'CON776',0,'',NULL,'771','','','3107327513','','',NULL,'0',NULL,NULL,NULL,NULL,'','0','0','','0','0','0',''),(803,'CON777',0,'',NULL,'Darlyn','','','3015299897','','',NULL,'0',NULL,NULL,NULL,NULL,'','0','0','','0','0','0',''),(804,'CON778',0,'',NULL,'773','','','3167518240','','',NULL,'0',NULL,NULL,NULL,NULL,'','0','0','','0','0','0',''),(805,'CON779',0,'',NULL,'774','','','3178614243','','',NULL,'0',NULL,NULL,NULL,NULL,'','0','0','','0','0','0',''),(806,'CON780',0,'',NULL,'775','','','3208368480','','',NULL,'0',NULL,NULL,NULL,NULL,'','0','0','','0','0','0',''),(807,'CON781',0,'',NULL,'776','','','3225995830','','',NULL,'0',NULL,NULL,NULL,NULL,'','0','0','','0','0','0',''),(808,'CON782',0,'',NULL,'777','','','3185533996','','',NULL,'0',NULL,NULL,NULL,NULL,'','0','0','','0','0','0',''),(809,'CON783',0,'',NULL,'Surith Helena Buenda Yepez','','','3116569619','','',NULL,'0',NULL,NULL,NULL,NULL,'','0','0','','0','0','0',''),(810,'CON784',0,'',NULL,'Edith Margarita Silva Ayube','','','3166261512','','',NULL,'0',NULL,NULL,NULL,NULL,'','0','0','','0','0','0',''),(811,'CON785',0,'',NULL,'Susana Ros Ortega','','','3144307731','','',NULL,'0',NULL,NULL,NULL,NULL,'','0','0','','0','0','0',''),(812,'CON786',0,'',NULL,'Mnica Restrepo','','','3114654077','','',NULL,'0',NULL,NULL,NULL,NULL,'','0','0','','0','0','0',''),(813,'CON787',0,'',NULL,'782','','','3003361527','','',NULL,'0',NULL,NULL,NULL,NULL,'','0','0','','0','0','0',''),(814,'CON788',0,'',NULL,'Xiomara Diaz','','','3188938346','','',NULL,'0',NULL,NULL,NULL,NULL,'','0','0','','0','0','0',''),(815,'CON789',0,'',NULL,'Leidy Giraldo','','','3128201155','','',NULL,'0',NULL,NULL,NULL,NULL,'','0','0','','0','0','0',''),(816,'CON790',0,'',NULL,'Andrs Vargas Osorio','','','3003875938','','',NULL,'0',NULL,NULL,NULL,NULL,'','0','0','','0','0','0',''),(817,'CON791',0,'',NULL,'Natalia','','','3216397147','','',NULL,'0',NULL,NULL,NULL,NULL,'','0','0','','0','0','0',''),(818,'CON792',0,'',NULL,'787','','','3015523006','','',NULL,'0',NULL,NULL,NULL,NULL,'','0','0','','0','0','0',''),(819,'CON793',0,'',NULL,'788','','','3013382507','','',NULL,'0',NULL,NULL,NULL,NULL,'','0','0','','0','0','0',''),(820,'CON794',0,'',NULL,'789','','','3005655738','','',NULL,'0',NULL,NULL,NULL,NULL,'','0','0','','0','0','0',''),(821,'CON795',0,'',NULL,'790','','','3013197605','','',NULL,'0',NULL,NULL,NULL,NULL,'','0','0','','0','0','0',''),(822,'CON796',0,'',NULL,'Claudia Patricia Aguirre Guzmn','','','3108425228','','',NULL,'0',NULL,NULL,NULL,NULL,'','0','0','','0','0','0',''),(823,'CON797',0,'',NULL,'792','','','3154238992','','',NULL,'0',NULL,NULL,NULL,NULL,'','0','0','','0','0','0',''),(824,'CON798',0,'',NULL,'793','','','3508901447','','',NULL,'0',NULL,NULL,NULL,NULL,'','0','0','','0','0','0',''),(825,'CON799',0,'',NULL,'794','','','3006197050','','',NULL,'0',NULL,NULL,NULL,NULL,'','0','0','','0','0','0',''),(826,'CON800',0,'',NULL,'795','','','3017553599','','',NULL,'0',NULL,NULL,NULL,NULL,'','0','0','','0','0','0',''),(827,'CON801',0,'',NULL,'Liliana Colorado Hurtado','','','3107174239','','',NULL,'0',NULL,NULL,NULL,NULL,'','0','0','','0','0','0',''),(828,'CON802',0,'',NULL,'Maibelis','','','3023330834','','',NULL,'0',NULL,NULL,NULL,NULL,'','0','0','','0','0','0',''),(829,'CON803',0,'',NULL,'798','','','31615962865','','',NULL,'0',NULL,NULL,NULL,NULL,'','0','0','','0','0','0',''),(830,'CON804',0,'',NULL,'799','','','3044122283','','',NULL,'0',NULL,NULL,NULL,NULL,'','0','0','','0','0','0',''),(831,'CON805',0,'',NULL,'800','','','3015591047','','',NULL,'0',NULL,NULL,NULL,NULL,'','0','0','','0','0','0',''),(832,'CON806',0,'',NULL,'801','','','3127161479','','',NULL,'0',NULL,NULL,NULL,NULL,'','0','0','','0','0','0',''),(833,'CON807',0,'',NULL,'802','','','3148880762','','',NULL,'0',NULL,NULL,NULL,NULL,'','0','0','','0','0','0',''),(834,'CON808',0,'',NULL,'Juan Carlos Lopez','','','3184871935','','',NULL,'0',NULL,NULL,NULL,NULL,'','0','0','','0','0','0',''),(835,'CON809',0,'',NULL,'Ivonne Cruz Castro','','','3116104886','','',NULL,'0',NULL,NULL,NULL,NULL,'','0','0','','0','0','0',''),(836,'CON810',0,'',NULL,'Jimena Mendoza','','','3132950174','','',NULL,'0',NULL,NULL,NULL,NULL,'','0','0','','0','0','0',''),(837,'CON811',0,'',NULL,'806','','','3146555102','','',NULL,'0',NULL,NULL,NULL,NULL,'','0','0','','0','0','0',''),(838,'CON812',0,'',NULL,'807','','','3144148126','','',NULL,'0',NULL,NULL,NULL,NULL,'','0','0','','0','0','0',''),(839,'CON813',0,'',NULL,'808','','','3192684056','','',NULL,'0',NULL,NULL,NULL,NULL,'','0','0','','0','0','0',''),(840,'CON814',0,'',NULL,'809','','','3015928423','','',NULL,'0',NULL,NULL,NULL,NULL,'','0','0','','0','0','0',''),(841,'CON815',0,'',NULL,'810','','','3054590494','','',NULL,'0',NULL,NULL,NULL,NULL,'','0','0','','0','0','0',''),(842,'CON816',0,'',NULL,'811','','','3015485878','','',NULL,'0',NULL,NULL,NULL,NULL,'','0','0','','0','0','0',''),(843,'CON817',0,'',NULL,'812','','','3162486313','','',NULL,'0',NULL,NULL,NULL,NULL,'','0','0','','0','0','0',''),(844,'CON818',0,'',NULL,'813','','','3148947491','','',NULL,'0',NULL,NULL,NULL,NULL,'','0','0','','0','0','0',''),(845,'CON819',0,'',NULL,'814','','','3206554748','','',NULL,'0',NULL,NULL,NULL,NULL,'','0','0','','0','0','0',''),(846,'CON820',0,'',NULL,'Maira Alejandra Hernndez','','','3202836407','','',NULL,'0',NULL,NULL,NULL,NULL,'','0','0','','0','0','0',''),(847,'CON821',0,'',NULL,'Maria Taborda Ramrez','','','3006032488','','',NULL,'0',NULL,NULL,NULL,NULL,'','0','0','','0','0','0',''),(848,'CON822',0,'',NULL,'817','','','3155904854','','',NULL,'0',NULL,NULL,NULL,NULL,'','0','0','','0','0','0',''),(849,'CON823',0,'',NULL,'818','','','3167105228','','',NULL,'0',NULL,NULL,NULL,NULL,'','0','0','','0','0','0',''),(850,'CON824',0,'',NULL,'Natalia Monsalve','','','3186638214','','',NULL,'0',NULL,NULL,NULL,NULL,'','0','0','','0','0','0',''),(851,'CON825',0,'',NULL,'820','','','3164698023','','',NULL,'0',NULL,NULL,NULL,NULL,'','0','0','','0','0','0',''),(852,'CON826',0,'',NULL,'821','','','3102170146','','',NULL,'0',NULL,NULL,NULL,NULL,'','0','0','','0','0','0',''),(853,'CON827',0,'',NULL,'Maria Elvira Mendoza','','','3144765720','','',NULL,'0',NULL,NULL,NULL,NULL,'','0','0','','0','0','0',''),(854,'CON828',0,'',NULL,'823','','','3143014494','','',NULL,'0',NULL,NULL,NULL,NULL,'','0','0','','0','0','0',''),(855,'CON829',0,'',NULL,'824','','','3006862208','','',NULL,'0',NULL,NULL,NULL,NULL,'','0','0','','0','0','0',''),(856,'CON830',0,'',NULL,'Berly Martnez Torres','','','3135652353','','',NULL,'0',NULL,NULL,NULL,NULL,'','0','0','','0','0','0',''),(857,'CON831',0,'',NULL,'826','','','3229093792','','',NULL,'0',NULL,NULL,NULL,NULL,'','0','0','','0','0','0',''),(858,'CON832',0,'',NULL,'827','','','3005072932','','',NULL,'0',NULL,NULL,NULL,NULL,'','0','0','','0','0','0',''),(859,'CON833',0,'',NULL,'828','','','3152625204','','',NULL,'0',NULL,NULL,NULL,NULL,'','0','0','','0','0','0',''),(860,'CON834',0,'',NULL,'829','','','3043937561','','',NULL,'0',NULL,NULL,NULL,NULL,'','0','0','','0','0','0',''),(861,'CON835',0,'',NULL,'830','','','+1(407)435-9638','','',NULL,'0',NULL,NULL,NULL,NULL,'','0','0','','0','0','0',''),(862,'CON836',0,'',NULL,'831','','','3015164016','','',NULL,'0',NULL,NULL,NULL,NULL,'','0','0','','0','0','0',''),(863,'CON837',0,'',NULL,'832','','','3166271197','','',NULL,'0',NULL,NULL,NULL,NULL,'','0','0','','0','0','0',''),(864,'CON838',0,'',NULL,'Dora Lis Correa','','','3024693537','','',NULL,'0',NULL,NULL,NULL,NULL,'','0','0','','0','0','0',''),(865,'CON839',0,'',NULL,'834','','','3024072163','','',NULL,'0',NULL,NULL,NULL,NULL,'','0','0','','0','0','0',''),(866,'CON840',0,'',NULL,'Diana Galvis','','','3003428500','','',NULL,'0',NULL,NULL,NULL,NULL,'','0','0','','0','0','0',''),(867,'CON841',0,'',NULL,'836','','','3146376421','','',NULL,'0',NULL,NULL,NULL,NULL,'','0','0','','0','0','0',''),(868,'CON842',0,'',NULL,'837','','','3177765918','','',NULL,'0',NULL,NULL,NULL,NULL,'','0','0','','0','0','0',''),(869,'CON843',0,'',NULL,'838','','','3132676914','','',NULL,'0',NULL,NULL,NULL,NULL,'','0','0','','0','0','0',''),(870,'CON844',0,'',NULL,'Luisa Fernanda Restrepo Villa','','','3108213321','','',NULL,'0',NULL,NULL,NULL,NULL,'','0','0','','0','0','0',''),(871,'CON845',0,'',NULL,'840','','','3175160840','','',NULL,'0',NULL,NULL,NULL,NULL,'','0','0','','0','0','0',''),(872,'CON846',0,'',NULL,'841','','','3212158217','','',NULL,'0',NULL,NULL,NULL,NULL,'','0','0','','0','0','0',''),(873,'CON847',0,'',NULL,'842','','','3045823517','','',NULL,'0',NULL,NULL,NULL,NULL,'','0','0','','0','0','0',''),(874,'CON848',0,'',NULL,'843','','','3002407283','','',NULL,'0',NULL,NULL,NULL,NULL,'','0','0','','0','0','0',''),(875,'CON849',0,'',NULL,'Priscila Molina','','','3105906312','','',NULL,'0',NULL,NULL,NULL,NULL,'','0','0','','0','0','0',''),(876,'CON850',0,'',NULL,'Sharik','','','3014891117','','',NULL,'0',NULL,NULL,NULL,NULL,'','0','0','','0','0','0',''),(877,'CON851',0,'',NULL,'Gladys','','','3103932944','','',NULL,'0',NULL,NULL,NULL,NULL,'','0','0','','0','0','0',''),(878,'CON852',0,'',NULL,'847','','','3192729001','','',NULL,'0',NULL,NULL,NULL,NULL,'','0','0','','0','0','0',''),(879,'CON853',0,'',NULL,'Isabel','','','3057666004','','',NULL,'0',NULL,NULL,NULL,NULL,'','0','0','','0','0','0',''),(880,'CON854',0,'',NULL,'849','','','3008780832','','',NULL,'0',NULL,NULL,NULL,NULL,'','0','0','','0','0','0',''),(881,'CON855',0,'',NULL,'Cantina La 15','','','3104720165','','',NULL,'0',NULL,NULL,NULL,NULL,'','0','0','','0','0','0',''),(882,'CON856',0,'',NULL,'851','','','3014233594','','',NULL,'0',NULL,NULL,NULL,NULL,'','0','0','','0','0','0',''),(883,'CON857',0,'',NULL,'852','','','3176045008','','',NULL,'0',NULL,NULL,NULL,NULL,'','0','0','','0','0','0',''),(884,'CON858',0,'',NULL,'Zaray','','','3145698622','','',NULL,'0',NULL,NULL,NULL,NULL,'','0','0','','0','0','0',''),(885,'CON859',0,'',NULL,'Catalina Hernndez Carvajal','','','3145485673','','',NULL,'0',NULL,NULL,NULL,NULL,'','0','0','','0','0','0',''),(886,'CON860',0,'',NULL,'855','','','3153038408','','',NULL,'0',NULL,NULL,NULL,NULL,'','0','0','','0','0','0',''),(887,'CON861',0,'',NULL,'Helen Santamara','','','3125342657','','',NULL,'0',NULL,NULL,NULL,NULL,'','0','0','','0','0','0',''),(888,'CON862',0,'',NULL,'857','','','3113886628','','',NULL,'0',NULL,NULL,NULL,NULL,'','0','0','','0','0','0',''),(889,'CON863',0,'',NULL,'Nathalia Erazo Meneses','','','3225378015','','',NULL,'0',NULL,NULL,NULL,NULL,'','0','0','','0','0','0',''),(890,'CON864',0,'',NULL,'859','','','3192869603','','',NULL,'0',NULL,NULL,NULL,NULL,'','0','0','','0','0','0',''),(891,'CON865',0,'',NULL,'Julia Andre Suarez','','','3177949099','','',NULL,'0',NULL,NULL,NULL,NULL,'','0','0','','0','0','0',''),(892,'CON866',0,'',NULL,'Angelica Vargas','','','3173652069','','',NULL,'0',NULL,NULL,NULL,NULL,'','0','0','','0','0','0',''),(893,'CON867',0,'',NULL,'862','','','3112125594','','',NULL,'0',NULL,NULL,NULL,NULL,'','0','0','','0','0','0',''),(894,'CON868',0,'',NULL,'Esttica','','','3202895534','','',NULL,'0',NULL,NULL,NULL,NULL,'','0','0','','0','0','0',''),(895,'CON869',0,'',NULL,'864','','','549104782','','',NULL,'0',NULL,NULL,NULL,NULL,'','0','0','','0','0','0',''),(896,'CON870',0,'',NULL,'Katherine Carvajal','','','3183119153','','',NULL,'0',NULL,NULL,NULL,NULL,'','0','0','','0','0','0',''),(897,'CON871',0,'',NULL,'Leidy','','','3209366950','','',NULL,'0',NULL,NULL,NULL,NULL,'','0','0','','0','0','0',''),(898,'CON872',0,'',NULL,'Berenice Hernndez','','','3008055083','','',NULL,'0',NULL,NULL,NULL,NULL,'','0','0','','0','0','0',''),(899,'CON873',0,'',NULL,'868','','','3106197871','','',NULL,'0',NULL,NULL,NULL,NULL,'','0','0','','0','0','0',''),(900,'CON874',0,'',NULL,'869','','','3137867407','','',NULL,'0',NULL,NULL,NULL,NULL,'','0','0','','0','0','0',''),(901,'CON875',0,'',NULL,'870','','','3163017100','','',NULL,'0',NULL,NULL,NULL,NULL,'','0','0','','0','0','0',''),(902,'CON876',0,'',NULL,'871','','','3165066182','','',NULL,'0',NULL,NULL,NULL,NULL,'','0','0','','0','0','0',''),(903,'CON877',0,'',NULL,'872','','','3142564000','','',NULL,'0',NULL,NULL,NULL,NULL,'','0','0','','0','0','0',''),(904,'CON878',0,'',NULL,'873','','','3113471608','','',NULL,'0',NULL,NULL,NULL,NULL,'','0','0','','0','0','0',''),(905,'CON879',0,'',NULL,'Daniela','','','3173435223','','',NULL,'0',NULL,NULL,NULL,NULL,'','0','0','','0','0','0',''),(906,'CON880',0,'',NULL,'875','','','3146746815','','',NULL,'0',NULL,NULL,NULL,NULL,'','0','0','','0','0','0',''),(907,'CON881',0,'',NULL,'876','','','3172955740','','',NULL,'0',NULL,NULL,NULL,NULL,'','0','0','','0','0','0',''),(908,'CON882',0,'',NULL,'877','','','3107796547','','',NULL,'0',NULL,NULL,NULL,NULL,'','0','0','','0','0','0',''),(909,'CON883',0,'',NULL,'878','','','3132887021','','',NULL,'0',NULL,NULL,NULL,NULL,'','0','0','','0','0','0',''),(910,'CON884',0,'',NULL,'879','','','3145304522','','',NULL,'0',NULL,NULL,NULL,NULL,'','0','0','','0','0','0',''),(911,'CON885',0,'',NULL,'880','','','3502675535','','',NULL,'0',NULL,NULL,NULL,NULL,'','0','0','','0','0','0',''),(912,'CON886',0,'',NULL,'881','','','3013230146','','',NULL,'0',NULL,NULL,NULL,NULL,'','0','0','','0','0','0',''),(913,'CON887',0,'',NULL,'Ana Carolina Torres','','','3015185229','','',NULL,'0',NULL,NULL,NULL,NULL,'','0','0','','0','0','0',''),(914,'CON888',0,'',NULL,'Mayerly Hernndez','','','3142053447','','',NULL,'0',NULL,NULL,NULL,NULL,'','0','0','','0','0','0',''),(915,'CON889',0,'',NULL,'884','','','3012508737','','',NULL,'0',NULL,NULL,NULL,NULL,'','0','0','','0','0','0',''),(916,'CON890',0,'',NULL,'Michele Pietrantonio Carrera','','','3112783640','','',NULL,'0',NULL,NULL,NULL,NULL,'','0','0','','0','0','0',''),(917,'CON891',0,'',NULL,'Jennifer','','','3176411815','','',NULL,'0',NULL,NULL,NULL,NULL,'','0','0','','0','0','0',''),(918,'CON892',0,'',NULL,'887','','','3116596608','','',NULL,'0',NULL,NULL,NULL,NULL,'','0','0','','0','0','0',''),(919,'CON893',0,'',NULL,'888','','','3127570340','','',NULL,'0',NULL,NULL,NULL,NULL,'','0','0','','0','0','0',''),(920,'CON894',0,'',NULL,'889','','','3172323756','','',NULL,'0',NULL,NULL,NULL,NULL,'','0','0','','0','0','0',''),(921,'CON895',0,'',NULL,'890','','','3219841340','','',NULL,'0',NULL,NULL,NULL,NULL,'','0','0','','0','0','0',''),(922,'CON896',0,'',NULL,'891','','','3004736378','','',NULL,'0',NULL,NULL,NULL,NULL,'','0','0','','0','0','0',''),(923,'CON897',0,'',NULL,'892','','','3126513780','','',NULL,'0',NULL,NULL,NULL,NULL,'','0','0','','0','0','0',''),(924,'CON898',0,'',NULL,'Ana Luca Lpez','','','3128458114','','',NULL,'0',NULL,NULL,NULL,NULL,'','0','0','','0','0','0',''),(925,'CON899',0,'',NULL,'Luisa Fernanda Alfonso','','','3138451487','','',NULL,'0',NULL,NULL,NULL,NULL,'','0','0','','0','0','0',''),(926,'CON900',0,'',NULL,'Geovanna Delgado','','','3234101858','','',NULL,'0',NULL,NULL,NULL,NULL,'','0','0','','0','0','0',''),(927,'CON901',0,'',NULL,'896','','','3164467480','','',NULL,'0',NULL,NULL,NULL,NULL,'','0','0','','0','0','0',''),(928,'CON902',0,'',NULL,'Yenni','','','+1(407)361-9451','','',NULL,'0',NULL,NULL,NULL,NULL,'','0','0','','0','0','0',''),(929,'CON903',0,'',NULL,'898','','','3164805706','','',NULL,'0',NULL,NULL,NULL,NULL,'','0','0','','0','0','0',''),(930,'CON904',0,'',NULL,'899','','','3103729983','','',NULL,'0',NULL,NULL,NULL,NULL,'','0','0','','0','0','0',''),(931,'CON905',0,'',NULL,'900','','','3106654301','','',NULL,'0',NULL,NULL,NULL,NULL,'','0','0','','0','0','0',''),(932,'CON906',0,'',NULL,'901','','','3215443918','','',NULL,'0',NULL,NULL,NULL,NULL,'','0','0','','0','0','0',''),(933,'CON907',0,'',NULL,'902','','','3125243666','','',NULL,'0',NULL,NULL,NULL,NULL,'','0','0','','0','0','0',''),(934,'CON908',0,'',NULL,'903','','','3008130345','','',NULL,'0',NULL,NULL,NULL,NULL,'','0','0','','0','0','0',''),(935,'CON909',0,'',NULL,'Academia Unicornio','','','3155732920','','',NULL,'0',NULL,NULL,NULL,NULL,'','0','0','','0','0','0',''),(936,'CON910',0,'',NULL,'905','','','3152845428','','',NULL,'0',NULL,NULL,NULL,NULL,'','0','0','','0','0','0',''),(937,'CON911',0,'',NULL,'Isabel Alejandra Yaruro Neira','','','3173009682','','',NULL,'0',NULL,NULL,NULL,NULL,'','0','0','','0','0','0',''),(938,'CON912',0,'',NULL,'907','','','3145730379','','',NULL,'0',NULL,NULL,NULL,NULL,'','0','0','','0','0','0',''),(939,'CON913',0,'',NULL,'908','','','3203650279','','',NULL,'0',NULL,NULL,NULL,NULL,'','0','0','','0','0','0',''),(940,'CON914',0,'',NULL,'Isabella','','','3184043677','','',NULL,'0',NULL,NULL,NULL,NULL,'','0','0','','0','0','0',''),(941,'CON915',0,'',NULL,'910','','','3174613312','','',NULL,'0',NULL,NULL,NULL,NULL,'','0','0','','0','0','0',''),(942,'CON916',0,'',NULL,'911','','','3046197163','','',NULL,'0',NULL,NULL,NULL,NULL,'','0','0','','0','0','0',''),(943,'CON917',0,'',NULL,'912','','','3146830357','','',NULL,'0',NULL,NULL,NULL,NULL,'','0','0','','0','0','0',''),(944,'CON918',0,'',NULL,'Dulia','','','3235828135','','',NULL,'0',NULL,NULL,NULL,NULL,'','0','0','','0','0','0',''),(945,'CON919',0,'',NULL,'914','','','3017946215','','',NULL,'0',NULL,NULL,NULL,NULL,'','0','0','','0','0','0',''),(946,'CON920',0,'',NULL,'915','','','3108308858','','',NULL,'0',NULL,NULL,NULL,NULL,'','0','0','','0','0','0',''),(947,'CON921',0,'',NULL,'916','','','3175140108','','',NULL,'0',NULL,NULL,NULL,NULL,'','0','0','','0','0','0',''),(948,'CON922',0,'',NULL,'Luisa','','','3117125229','','',NULL,'0',NULL,NULL,NULL,NULL,'','0','0','','0','0','0',''),(949,'CON923',0,'',NULL,'918','','','3168320739','','',NULL,'0',NULL,NULL,NULL,NULL,'','0','0','','0','0','0',''),(950,'CON924',0,'',NULL,'919','','','3137960914','','',NULL,'0',NULL,NULL,NULL,NULL,'','0','0','','0','0','0',''),(951,'CON925',0,'',NULL,'Carolina Vlez','','','3153491072','','',NULL,'0',NULL,NULL,NULL,NULL,'','0','0','','0','0','0',''),(952,'CON926',0,'',NULL,'921','','','3153143050','','',NULL,'0',NULL,NULL,NULL,NULL,'','0','0','','0','0','0',''),(953,'CON927',0,'',NULL,'922','','','3004607793','','',NULL,'0',NULL,NULL,NULL,NULL,'','0','0','','0','0','0',''),(954,'CON928',0,'',NULL,'923','','','3002872765','','',NULL,'0',NULL,NULL,NULL,NULL,'','0','0','','0','0','0',''),(955,'CON929',0,'',NULL,'Oliver','','','3016691084','','',NULL,'0',NULL,NULL,NULL,NULL,'','0','0','','0','0','0',''),(956,'CON930',0,'',NULL,'925','','','3223428310','','',NULL,'0',NULL,NULL,NULL,NULL,'','0','0','','0','0','0',''),(957,'CON931',0,'',NULL,'926','','','3218577593','','',NULL,'0',NULL,NULL,NULL,NULL,'','0','0','','0','0','0',''),(958,'CON932',0,'',NULL,'927','','','3187942063','','',NULL,'0',NULL,NULL,NULL,NULL,'','0','0','','0','0','0',''),(959,'CON933',0,'',NULL,'928','','','3147725284','','',NULL,'0',NULL,NULL,NULL,NULL,'','0','0','','0','0','0',''),(960,'CON934',0,'',NULL,'929','','','3015534565','','',NULL,'0',NULL,NULL,NULL,NULL,'','0','0','','0','0','0',''),(961,'CON935',0,'',NULL,'930','','','56983706782','','',NULL,'0',NULL,NULL,NULL,NULL,'','0','0','','0','0','0',''),(962,'CON936',0,'',NULL,'931','','','3127614554','','',NULL,'0',NULL,NULL,NULL,NULL,'','0','0','','0','0','0',''),(963,'CON937',0,'',NULL,'Vanessa Gamez','','','3116997744','','',NULL,'0',NULL,NULL,NULL,NULL,'','0','0','','0','0','0',''),(964,'CON938',0,'',NULL,'933','','','3107455631','','',NULL,'0',NULL,NULL,NULL,NULL,'','0','0','','0','0','0',''),(965,'CON939',0,'',NULL,'934','','','3164452177','','',NULL,'0',NULL,NULL,NULL,NULL,'','0','0','','0','0','0',''),(966,'CON940',0,'',NULL,'935','','','50253087558','','',NULL,'0',NULL,NULL,NULL,NULL,'','0','0','','0','0','0',''),(967,'CON941',0,'',NULL,'936','','','+1(954)826-6649','','',NULL,'0',NULL,NULL,NULL,NULL,'','0','0','','0','0','0',''),(968,'CON942',0,'',NULL,'937','','','+1(202)603-8726','','',NULL,'0',NULL,NULL,NULL,NULL,'','0','0','','0','0','0',''),(969,'CON943',0,'',NULL,'938','','','3176408408','','',NULL,'0',NULL,NULL,NULL,NULL,'','0','0','','0','0','0',''),(970,'CON944',0,'',NULL,'939','','','3165637052','','',NULL,'0',NULL,NULL,NULL,NULL,'','0','0','','0','0','0',''),(971,'CON945',0,'',NULL,'940','','','3105450270','','',NULL,'0',NULL,NULL,NULL,NULL,'','0','0','','0','0','0',''),(972,'CON946',0,'',NULL,'Omaira Soto Garca','','','3045417343','','',NULL,'0',NULL,NULL,NULL,NULL,'','0','0','','0','0','0',''),(973,'CON947',0,'',NULL,'Diana Ramrez','','','3216268860','','',NULL,'0',NULL,NULL,NULL,NULL,'','0','0','','0','0','0',''),(974,'CON948',0,'',NULL,'Diana Gmez','','','3005280690','','',NULL,'0',NULL,NULL,NULL,NULL,'','0','0','','0','0','0',''),(975,'CON949',0,'',NULL,'944','','','3108010941','','',NULL,'0',NULL,NULL,NULL,NULL,'','0','0','','0','0','0',''),(976,'CON950',0,'',NULL,'945','','','3013384698','','',NULL,'0',NULL,NULL,NULL,NULL,'','0','0','','0','0','0',''),(977,'CON951',0,'',NULL,'946','','','3114046682','','',NULL,'0',NULL,NULL,NULL,NULL,'','0','0','','0','0','0',''),(978,'CON952',0,'',NULL,'Patricia Ramos','','','3125230894','','',NULL,'0',NULL,NULL,NULL,NULL,'','0','0','','0','0','0',''),(979,'CON953',0,'',NULL,'948','','','3172784374','','',NULL,'0',NULL,NULL,NULL,NULL,'','0','0','','0','0','0',''),(980,'CON954',0,'',NULL,'949','','','3002356152','','',NULL,'0',NULL,NULL,NULL,NULL,'','0','0','','0','0','0',''),(981,'CON955',0,'',NULL,'950','','','3002668210','','',NULL,'0',NULL,NULL,NULL,NULL,'','0','0','','0','0','0',''),(982,'CON956',0,'',NULL,'951','','','3002189766','','',NULL,'0',NULL,NULL,NULL,NULL,'','0','0','','0','0','0',''),(983,'CON957',0,'',NULL,'952','','','3112126834','','',NULL,'0',NULL,NULL,NULL,NULL,'','0','0','','0','0','0',''),(984,'CON958',0,'',NULL,'Patricia Ochoa','','','3136127249','','',NULL,'0',NULL,NULL,NULL,NULL,'','0','0','','0','0','0',''),(985,'CON959',0,'',NULL,'954','','','5,22E+12','','',NULL,'0',NULL,NULL,NULL,NULL,'','0','0','','0','0','0',''),(986,'CON960',0,'',NULL,'955','','','3002248024','','',NULL,'0',NULL,NULL,NULL,NULL,'','0','0','','0','0','0',''),(987,'CON961',0,'',NULL,'Ximena Palacios Ramos','','','3168323299','','',NULL,'0',NULL,NULL,NULL,NULL,'','0','0','','0','0','0',''),(988,'CON962',0,'',NULL,'957','','','3152692494','','',NULL,'0',NULL,NULL,NULL,NULL,'','0','0','','0','0','0',''),(989,'CON963',0,'',NULL,'958','','','+1(347)261-6317','','',NULL,'0',NULL,NULL,NULL,NULL,'','0','0','','0','0','0',''),(990,'CON964',0,'',NULL,'959','','','3176383441','','',NULL,'0',NULL,NULL,NULL,NULL,'','0','0','','0','0','0',''),(991,'CON965',0,'',NULL,'960','','','3206779843','','',NULL,'0',NULL,NULL,NULL,NULL,'','0','0','','0','0','0',''),(992,'CON966',0,'',NULL,'961','','','3183593053','','',NULL,'0',NULL,NULL,NULL,NULL,'','0','0','','0','0','0',''),(993,'CON967',0,'',NULL,'962','','','3115541549','','',NULL,'0',NULL,NULL,NULL,NULL,'','0','0','','0','0','0',''),(994,'CON968',0,'',NULL,'Bibiana Mesa','','','3004851709','','',NULL,'0',NULL,NULL,NULL,NULL,'','0','0','','0','0','0',''),(995,'CON969',0,'',NULL,'964','','','3125232061','','',NULL,'0',NULL,NULL,NULL,NULL,'','0','0','','0','0','0',''),(996,'CON970',0,'',NULL,'965','','','3167598852','','',NULL,'0',NULL,NULL,NULL,NULL,'','0','0','','0','0','0',''),(997,'CON971',0,'',NULL,'966','','','3006137212','','',NULL,'0',NULL,NULL,NULL,NULL,'','0','0','','0','0','0',''),(998,'CON972',0,'',NULL,'967','','','3126056149','','',NULL,'0',NULL,NULL,NULL,NULL,'','0','0','','0','0','0',''),(999,'CON973',0,'',NULL,'Doralba Bedoya','','','3506929962','','',NULL,'0',NULL,NULL,NULL,NULL,'','0','0','','0','0','0',''),(1000,'CON974',0,'',NULL,'969','','','3053354441','','',NULL,'0',NULL,NULL,NULL,NULL,'','0','0','','0','0','0',''),(1001,'CON975',0,'',NULL,'970','','','3137533990','','',NULL,'0',NULL,NULL,NULL,NULL,'','0','0','','0','0','0',''),(1002,'CON976',0,'',NULL,'Mara Ruby Daz Rodrguez','','','3225183760','','',NULL,'0',NULL,NULL,NULL,NULL,'','0','0','','0','0','0',''),(1003,'CON977',0,'',NULL,'Luis Edison Trejo Castiblanco','','','3218994697','','',NULL,'0',NULL,NULL,NULL,NULL,'','0','0','','0','0','0',''),(1004,'CON978',0,'',NULL,'973','','','3017959578','','',NULL,'0',NULL,NULL,NULL,NULL,'','0','0','','0','0','0',''),(1005,'CON979',0,'',NULL,'974','','','3137330793','','',NULL,'0',NULL,NULL,NULL,NULL,'','0','0','','0','0','0',''),(1006,'CON980',0,'',NULL,'Lizeth','','','3173521461','','',NULL,'0',NULL,NULL,NULL,NULL,'','0','0','','0','0','0',''),(1007,'CON981',0,'',NULL,'976','','','3182961932','','',NULL,'0',NULL,NULL,NULL,NULL,'','0','0','','0','0','0',''),(1008,'CON982',0,'',NULL,'977','','','3003525048','','',NULL,'0',NULL,NULL,NULL,NULL,'','0','0','','0','0','0',''),(1009,'CON983',0,'',NULL,'978','','','3126788603','','',NULL,'0',NULL,NULL,NULL,NULL,'','0','0','','0','0','0',''),(1010,'CON984',0,'',NULL,'Yaneth Mondragn Snchez','','','3154548539','','',NULL,'0',NULL,NULL,NULL,NULL,'','0','0','','0','0','0',''),(1011,'CON985',0,'',NULL,'980','','','3174374229','','',NULL,'0',NULL,NULL,NULL,NULL,'','0','0','','0','0','0',''),(1012,'CON986',0,'',NULL,'981','','','3127930017','','',NULL,'0',NULL,NULL,NULL,NULL,'','0','0','','0','0','0',''),(1013,'CON987',0,'',NULL,'982','','','3117878008','','',NULL,'0',NULL,NULL,NULL,NULL,'','0','0','','0','0','0',''),(1014,'CON988',0,'',NULL,'983','','','3144401621','','',NULL,'0',NULL,NULL,NULL,NULL,'','0','0','','0','0','0',''),(1015,'CON989',0,'',NULL,'984','','','3232424937','','',NULL,'0',NULL,NULL,NULL,NULL,'','0','0','','0','0','0',''),(1016,'CON990',0,'',NULL,'985','','','3224611515','','',NULL,'0',NULL,NULL,NULL,NULL,'','0','0','','0','0','0',''),(1017,'CON991',0,'',NULL,'986','','','3195490133','','',NULL,'0',NULL,NULL,NULL,NULL,'','0','0','','0','0','0',''),(1018,'CON992',0,'',NULL,'987','','','3004404732','','',NULL,'0',NULL,NULL,NULL,NULL,'','0','0','','0','0','0',''),(1019,'CON993',0,'',NULL,'988','','','3108470062','','',NULL,'0',NULL,NULL,NULL,NULL,'','0','0','','0','0','0',''),(1020,'CON994',0,'',NULL,'989','','','3197427190','','',NULL,'0',NULL,NULL,NULL,NULL,'','0','0','','0','0','0',''),(1021,'CON995',0,'',NULL,'990','','','3125011526','','',NULL,'0',NULL,NULL,NULL,NULL,'','0','0','','0','0','0',''),(1022,'CON996',0,'',NULL,'991','','','3155379790','','',NULL,'0',NULL,NULL,NULL,NULL,'','0','0','','0','0','0',''),(1023,'CON997',0,'',NULL,'Jackeline','','','3183979711','','',NULL,'0',NULL,NULL,NULL,NULL,'','0','0','','0','0','0',''),(1024,'CON998',0,'',NULL,'Heydy Gaviria Beltrn','','','3014682335','','',NULL,'0',NULL,NULL,NULL,NULL,'','0','0','','0','0','0',''),(1025,'CON999',0,'',NULL,'994','','','3041106189','','',NULL,'0',NULL,NULL,NULL,NULL,'','0','0','','0','0','0',''),(1026,'CON1000',0,'',NULL,'Yenny','','','3157839715','','',NULL,'0',NULL,NULL,NULL,NULL,'','0','0','','0','0','0',''),(1027,'CON1001',0,'',NULL,'996','','','3147010171','','',NULL,'0',NULL,NULL,NULL,NULL,'','0','0','','0','0','0',''),(1028,'CON1002',0,'',NULL,'997','','','3004805036','','',NULL,'0',NULL,NULL,NULL,NULL,'','0','0','','0','0','0',''),(1029,'CON1003',0,'',NULL,'998','','','3115117478','','',NULL,'0',NULL,NULL,NULL,NULL,'','0','0','','0','0','0',''),(1030,'CON1004',0,'',NULL,'Gloria Eugenia Jaramillo Henao','','','3177898188','','',NULL,'0',NULL,NULL,NULL,NULL,'','0','0','','0','0','0',''),(1031,'CON1005',0,'',NULL,'1000','','','3162845505','','',NULL,'0',NULL,NULL,NULL,NULL,'','0','0','','0','0','0',''),(1032,'CON1006',0,'',NULL,'1001','','','+1(754)802-1160','','',NULL,'0',NULL,NULL,NULL,NULL,'','0','0','','0','0','0',''),(1033,'CON1007',0,'',NULL,'1002','','','3219576037','','',NULL,'0',NULL,NULL,NULL,NULL,'','0','0','','0','0','0',''),(1034,'CON1008',0,'',NULL,'1003','','','3175754063','','',NULL,'0',NULL,NULL,NULL,NULL,'','0','0','','0','0','0',''),(1035,'CON1009',0,'',NULL,'1004','','','3142296397','','',NULL,'0',NULL,NULL,NULL,NULL,'','0','0','','0','0','0',''),(1036,'CON1010',0,'',NULL,'1005','','','3045874940','','',NULL,'0',NULL,NULL,NULL,NULL,'','0','0','','0','0','0',''),(1037,'CON1011',0,'',NULL,'Mabel Angelica Pea Gonzlez','','','3166845509','','',NULL,'0',NULL,NULL,NULL,NULL,'','0','0','','0','0','0',''),(1038,'CON1012',0,'',NULL,'1007','','','+1(352)777-6001','','',NULL,'0',NULL,NULL,NULL,NULL,'','0','0','','0','0','0',''),(1039,'CON1013',0,'',NULL,'1008','','','3128898618','','',NULL,'0',NULL,NULL,NULL,NULL,'','0','0','','0','0','0',''),(1040,'CON1014',0,'',NULL,'1009','','','3117444434','','',NULL,'0',NULL,NULL,NULL,NULL,'','0','0','','0','0','0',''),(1041,'CON1015',0,'',NULL,'1010','','','3194215654','','',NULL,'0',NULL,NULL,NULL,NULL,'','0','0','','0','0','0',''),(1042,'CON1016',0,'',NULL,'Ledis Caro Ortiz','','','3043812285','','',NULL,'0',NULL,NULL,NULL,NULL,'','0','0','','0','0','0',''),(1043,'CON1017',0,'',NULL,'1012','','','3103734033','','',NULL,'0',NULL,NULL,NULL,NULL,'','0','0','','0','0','0',''),(1044,'CON1018',0,'',NULL,'1013','','','3103852458','','',NULL,'0',NULL,NULL,NULL,NULL,'','0','0','','0','0','0',''),(1045,'CON1019',0,'',NULL,'1014','','','3152879234','','',NULL,'0',NULL,NULL,NULL,NULL,'','0','0','','0','0','0',''),(1046,'CON1020',0,'',NULL,'1015','','','3219730955','','',NULL,'0',NULL,NULL,NULL,NULL,'','0','0','','0','0','0',''),(1047,'CON1021',0,'',NULL,'Catalina Mndez','','','3105433266','','',NULL,'0',NULL,NULL,NULL,NULL,'','0','0','','0','0','0',''),(1048,'CON1022',0,'',NULL,'Viviana Valencia','','','3105433266','','',NULL,'0',NULL,NULL,NULL,NULL,'','0','0','','0','0','0',''),(1049,'CON1023',0,'',NULL,'Viviana','','','3173734318','','',NULL,'0',NULL,NULL,NULL,NULL,'','0','0','','0','0','0',''),(1050,'CON1024',0,'',NULL,'1019','','','3178740095','','',NULL,'0',NULL,NULL,NULL,NULL,'','0','0','','0','0','0',''),(1051,'CON1025',0,'',NULL,'1020','','','3138988068','','',NULL,'0',NULL,NULL,NULL,NULL,'','0','0','','0','0','0',''),(1052,'CON1026',0,'',NULL,'1021','','','3218747888','','',NULL,'0',NULL,NULL,NULL,NULL,'','0','0','','0','0','0',''),(1053,'CON1027',0,'',NULL,'1022','','','3125642855','','',NULL,'0',NULL,NULL,NULL,NULL,'','0','0','','0','0','0',''),(1054,'CON1028',0,'',NULL,'Diana Patricia Surez','','','3167284468','','',NULL,'0',NULL,NULL,NULL,NULL,'','0','0','','0','0','0',''),(1055,'CON1029',0,'',NULL,'1024','','','3164771295','','',NULL,'0',NULL,NULL,NULL,NULL,'','0','0','','0','0','0',''),(1056,'CON1030',0,'',NULL,'Simn Aristizbal Garca.','','','3192347878','','',NULL,'0',NULL,NULL,NULL,NULL,'','0','0','','0','0','0',''),(1057,'CON1031',0,'',NULL,'1026','','','3142968709','','',NULL,'0',NULL,NULL,NULL,NULL,'','0','0','','0','0','0',''),(1058,'CON1032',0,'',NULL,'Rubn Daro Gonzales','','','3166311615','','',NULL,'0',NULL,NULL,NULL,NULL,'','0','0','','0','0','0',''),(1074,'CON1033',0,'',NULL,'DAVID','DIRECTOR@MEDIOSEFECTIVOS.CO','','3183937427','','',NULL,'0',NULL,NULL,NULL,NULL,'','0','0','','0','0','1',''),(1076,'CON1034',0,'',NULL,'Andrea Vera','andreita.vera15@gmail.com',NULL,'3134183846',NULL,NULL,NULL,NULL,NULL,NULL,NULL,NULL,NULL,'0','0','',NULL,'0','0',''),(1078,'CON1035',0,'',NULL,'Adriana castao','',NULL,'3165751494',NULL,NULL,NULL,NULL,NULL,NULL,NULL,NULL,NULL,'0','0','',NULL,'0','0',''),(1079,'CON1036',0,'',NULL,'Leidy Daiana Pasichana Alarcn','dava8531@hotmail.com',NULL,'3207629601',NULL,NULL,NULL,NULL,NULL,NULL,NULL,NULL,NULL,'0','0','',NULL,'0','0',''),(1082,'CON1037',0,'',NULL,'Orquidea obregon ortiz.','',NULL,'3004349426',NULL,NULL,NULL,NULL,NULL,NULL,NULL,NULL,NULL,'0','0','',NULL,'0','0',''),(1091,'CON1038',0,'',NULL,'karen yohana Rodrguez','kren255@hotmail.com',NULL,'3125722499',NULL,NULL,NULL,NULL,NULL,NULL,NULL,NULL,NULL,'0','0','',NULL,'0','0',''),(1094,'CON1039',0,'',NULL,'Yolima Hidalgo  Martinez','Yo.lima.hidalgo@hotmail.com',NULL,'3164570351',NULL,NULL,NULL,NULL,NULL,NULL,NULL,NULL,NULL,'0','0','',NULL,'0','0',''),(1095,'CON1040',0,'',NULL,'Dannia Taborda Durango','',NULL,'3206580780',NULL,NULL,NULL,NULL,NULL,NULL,NULL,NULL,NULL,'0','0','',NULL,'0','0',''),(1098,'CON1041',0,'',NULL,'Eunice Jaramillo Gomez','nicho-jg@hotmail.com',NULL,'3128019854',NULL,NULL,NULL,NULL,NULL,NULL,NULL,NULL,NULL,'0','0','',NULL,'0','0',''),(1105,'CON1042',0,'',NULL,'Lilibeth Alexandra Ache Rocca','alexandraacherocca@gmail.com',NULL,'3015497415',NULL,NULL,NULL,NULL,NULL,NULL,NULL,NULL,NULL,'0','0','',NULL,'0','0',''),(1107,'CON1043',0,'',NULL,'Janelly Corts Arredondo','janellycortes75@gmail.com',NULL,'317 336 56 81',NULL,NULL,NULL,NULL,NULL,NULL,NULL,NULL,NULL,'0','0','',NULL,'0','0',''),(1109,'CON1044',0,'',NULL,'Katerine cardona','',NULL,'310 4205082',NULL,NULL,NULL,NULL,NULL,NULL,NULL,NULL,NULL,'0','0','',NULL,'0','0',''),(1111,'CON1045',0,'',NULL,'ngela Mara Snchez','',NULL,'3156276200',NULL,NULL,NULL,NULL,NULL,NULL,NULL,NULL,NULL,'0','0','',NULL,'0','0',''),(1117,'CON1046',0,'',NULL,'Claudia Milena Garca','claumi21@gmail.com',NULL,'3165391191',NULL,NULL,NULL,NULL,NULL,NULL,NULL,NULL,NULL,'0','0','',NULL,'0','0',''),(1121,'CON1047',0,'',NULL,'Stefanny rodriguez camacho','s_te_fa25@hotmail.com',NULL,'3112159939',NULL,NULL,NULL,NULL,NULL,NULL,NULL,NULL,NULL,'0','0','',NULL,'0','0',''),(1123,'CON1048',0,'',NULL,'Yessica ospina','jessicaospinaramirez@gmail.com',NULL,'3214417959',NULL,NULL,NULL,NULL,NULL,NULL,NULL,NULL,NULL,'0','0','',NULL,'0','0',''),(1146,'CON1049',0,'',NULL,'Testing','programador@mediosefectivos.co',NULL,'',NULL,NULL,NULL,NULL,NULL,NULL,NULL,NULL,NULL,'0','0','',NULL,'0','0',''),(1147,'CON1050',0,'',NULL,'Testing','programador@mediosefectivos.co',NULL,'',NULL,NULL,NULL,NULL,NULL,NULL,NULL,NULL,NULL,'0','0','',NULL,'0','0',''),(1148,'CON1051',0,'',NULL,'Juan Santander','programador@mediosefectivos.co',NULL,'',NULL,NULL,NULL,NULL,NULL,NULL,NULL,NULL,NULL,'0','0','',NULL,'0','0',''),(1149,'CON1052',0,'',NULL,'Testing','test@mediosefectivos.co',NULL,'',NULL,NULL,NULL,NULL,NULL,NULL,NULL,NULL,NULL,'0','0','',NULL,'0','0',''),(1150,'CON1053',0,'',NULL,' ','',NULL,'',NULL,NULL,NULL,NULL,NULL,NULL,NULL,NULL,NULL,'0','0','',NULL,'0','0',''),(1151,'CON1054',0,'',NULL,' ','',NULL,'',NULL,NULL,NULL,NULL,NULL,NULL,NULL,NULL,NULL,'0','0','',NULL,'0','0',''),(1152,'CON1055',0,'',NULL,' ','',NULL,'',NULL,NULL,NULL,NULL,NULL,NULL,NULL,NULL,NULL,'0','0','',NULL,'0','0',''),(1153,'CON1056',0,'',NULL,' ','',NULL,'',NULL,NULL,NULL,NULL,NULL,NULL,NULL,NULL,NULL,'0','0','',NULL,'0','0',''),(1154,'CON1057',0,'',NULL,'new','',NULL,'',NULL,NULL,NULL,NULL,NULL,NULL,NULL,NULL,NULL,'0','0','',NULL,'0','0',''),(1155,'CON1058',0,'',NULL,'Juan Santander','nuevotest@mediosefectivos.co',NULL,'123456789',NULL,NULL,NULL,NULL,NULL,NULL,NULL,NULL,NULL,'0','0','',NULL,'0','0',''),(1156,'CON1059',9,'',NULL,'Juan Santander','nuevotest@mediosefectivos.co',NULL,'123456789',NULL,NULL,NULL,NULL,NULL,NULL,NULL,NULL,NULL,'0','0','',NULL,'0','0',''),(1157,'CON1060',0,'',NULL,'Juan Santander','nuevotest@mediosefectivos.co',NULL,'123456789',NULL,NULL,NULL,NULL,NULL,NULL,NULL,NULL,NULL,'0','0','',NULL,'0','0',''),(1158,'CON1061',0,'',NULL,'Juan Santander','nuevotest@mediosefectivos.co',NULL,'123456789',NULL,NULL,NULL,NULL,NULL,NULL,NULL,NULL,NULL,'0','0','',NULL,'0','0',''),(1159,'CON1062',0,'',NULL,'Juan Santander','nuevotest@mediosefectivos.co',NULL,'123456789',NULL,NULL,NULL,NULL,NULL,NULL,NULL,NULL,NULL,'0','0','',NULL,'0','0','');
/*!40000 ALTER TABLE `vtiger_contactdetails` ENABLE KEYS */;
UNLOCK TABLES;

--
-- Table structure for table `vtiger_contactscf`
--

DROP TABLE IF EXISTS `vtiger_contactscf`;
/*!40101 SET @saved_cs_client     = @@character_set_client */;
/*!40101 SET character_set_client = utf8 */;
CREATE TABLE `vtiger_contactscf` (
  `contactid` int(19) NOT NULL DEFAULT '0',
  `ee_google_search` varchar(100) DEFAULT NULL,
  `cf_863` varchar(20) DEFAULT '',
  PRIMARY KEY (`contactid`),
  CONSTRAINT `fk_1_vtiger_contactscf` FOREIGN KEY (`contactid`) REFERENCES `vtiger_contactdetails` (`contactid`) ON DELETE CASCADE
) ENGINE=InnoDB DEFAULT CHARSET=utf8;
/*!40101 SET character_set_client = @saved_cs_client */;

--
-- Dumping data for table `vtiger_contactscf`
--

LOCK TABLES `vtiger_contactscf` WRITE;
/*!40000 ALTER TABLE `vtiger_contactscf` DISABLE KEYS */;
INSERT INTO `vtiger_contactscf` VALUES (5,NULL,''),(6,NULL,''),(10,NULL,''),(12,NULL,''),(29,'',''),(32,'','1'),(33,'','2'),(34,'','3'),(35,'','4'),(36,'','5'),(37,'','6'),(38,'','7'),(39,'','8'),(40,'','9'),(41,'','10'),(42,'','11'),(43,'','12'),(44,'','13'),(45,'','14'),(46,'','15'),(47,'','16'),(48,'','17'),(49,'','18'),(50,'','19'),(51,'','20'),(52,'','21'),(53,'','22'),(54,'','23'),(55,'','24'),(56,'','25'),(57,'','26'),(58,'','27'),(59,'','28'),(60,'','29'),(61,'','30'),(62,'','31'),(63,'','32'),(64,'','33'),(65,'','34'),(66,'','35'),(67,'','36'),(68,'','37'),(69,'','38'),(70,'','39'),(71,'','40'),(72,'','41'),(73,'','42'),(74,'','43'),(75,'','44'),(76,'','45'),(77,'','46'),(78,'','47'),(79,'','48'),(80,'','49'),(81,'','50'),(82,'','51'),(83,'','52'),(84,'','53'),(85,'','54'),(86,'','55'),(87,'','56'),(88,'','57'),(89,'','58'),(90,'','59'),(91,'','60'),(92,'','61'),(93,'','62'),(94,'','63'),(95,'','64'),(96,'','65'),(97,'','66'),(98,'','67'),(99,'','68'),(100,'','69'),(101,'','70'),(102,'','71'),(103,'','72'),(104,'','73'),(105,'','74'),(106,'','75'),(107,'','76'),(108,'','77'),(109,'','78'),(110,'','79'),(111,'','80'),(112,'','81'),(113,'','82'),(114,'','83'),(115,'','84'),(116,'','85'),(117,'','86'),(118,'','87'),(119,'','88'),(120,'','89'),(121,'','90'),(122,'','91'),(123,'','92'),(124,'','93'),(125,'','94'),(126,'','95'),(127,'','96'),(128,'','97'),(129,'','98'),(130,'','99'),(131,'','100'),(132,'','101'),(133,'','102'),(134,'','103'),(135,'','104'),(136,'','105'),(137,'','106'),(138,'','107'),(139,'','108'),(140,'','109'),(141,'','110'),(142,'','111'),(143,'','112'),(144,'','113'),(145,'','114'),(146,'','115'),(147,'','116'),(148,'','117'),(149,'','118'),(150,'','119'),(151,'','120'),(152,'','121'),(153,'','122'),(154,'','123'),(155,'','124'),(156,'','125'),(157,'','126'),(158,'','127'),(159,'','128'),(160,'','129'),(161,'','130'),(162,'','131'),(163,'','132'),(164,'','133'),(165,'','134'),(166,'','135'),(167,'','136'),(168,'','137'),(169,'','138'),(170,'','139'),(171,'','140'),(172,'','141'),(173,'','142'),(174,'','143'),(175,'','144'),(176,'','145'),(177,'','146'),(178,'','147'),(179,'','148'),(180,'','149'),(181,'','150'),(182,'','151'),(183,'','152'),(184,'','153'),(185,'','154'),(186,'','155'),(187,'','156'),(188,'','157'),(189,'','158'),(190,'','159'),(191,'','160'),(192,'','161'),(193,'','162'),(194,'','163'),(195,'','164'),(196,'','165'),(197,'','166'),(198,'','167'),(199,'','168'),(200,'','169'),(201,'','170'),(202,'','171'),(203,'','172'),(204,'','173'),(205,'','174'),(206,'','175'),(207,'','176'),(208,'','177'),(209,'','178'),(210,'','179'),(211,'','180'),(212,'','181'),(213,'','182'),(214,'','183'),(215,'','184'),(216,'','185'),(217,'','186'),(218,'','187'),(219,'','188'),(220,'','189'),(221,'','190'),(222,'','191'),(223,'','192'),(224,'','193'),(225,'','194'),(226,'','195'),(227,'','196'),(228,'','197'),(229,'','198'),(230,'','199'),(231,'','200'),(232,'','201'),(233,'','202'),(234,'','203'),(235,'','204'),(236,'','205'),(237,'','206'),(238,'','207'),(239,'','208'),(240,'','209'),(241,'','210'),(242,'','211'),(243,'','212'),(244,'','213'),(245,'','214'),(246,'','215'),(247,'','216'),(248,'','217'),(249,'','218'),(250,'','219'),(251,'','220'),(252,'','221'),(253,'','222'),(254,'','223'),(255,'','224'),(256,'','225'),(257,'','226'),(258,'','227'),(259,'','228'),(260,'','229'),(261,'','230'),(262,'','231'),(263,'','232'),(264,'','233'),(265,'','234'),(266,'','235'),(267,'','236'),(268,'','237'),(269,'','238'),(270,'','239'),(271,'','240'),(272,'','241'),(273,'','242'),(274,'','243'),(275,'','244'),(276,'','245'),(277,'','246'),(278,'','247'),(279,'','248'),(280,'','249'),(281,'','250'),(282,'','251'),(283,'','252'),(284,'','253'),(285,'','254'),(286,'','255'),(287,'','256'),(288,'','257'),(289,'','258'),(290,'','259'),(291,'','260'),(292,'','261'),(293,'','262'),(294,'','263'),(295,'','264'),(296,'','265'),(297,'','266'),(298,'','267'),(299,'','268'),(300,'','269'),(301,'','270'),(302,'','271'),(303,'','272'),(304,'','273'),(305,'','274'),(306,'','275'),(307,'','276'),(308,'','277'),(309,'','278'),(310,'','279'),(311,'','280'),(312,'','281'),(313,'','282'),(314,'','283'),(315,'','284'),(316,'','285'),(317,'','286'),(318,'','287'),(319,'','288'),(320,'','289'),(321,'','290'),(322,'','291'),(323,'','292'),(324,'','293'),(325,'','294'),(326,'','295'),(327,'','296'),(328,'','297'),(329,'','298'),(330,'','299'),(331,'','300'),(332,'','301'),(333,'','302'),(334,'','303'),(335,'','304'),(336,'','305'),(337,'','306'),(338,'','307'),(339,'','308'),(340,'','309'),(341,'','310'),(342,'','311'),(343,'','312'),(344,'','313'),(345,'','314'),(346,'','315'),(347,'','316'),(348,'','317'),(349,'','318'),(350,'','319'),(351,'','320'),(352,'','321'),(353,'','322'),(354,'','323'),(355,'','324'),(356,'','325'),(357,'','326'),(358,'','327'),(359,'','328'),(360,'','329'),(361,'','330'),(362,'','331'),(363,'','332'),(364,'','333'),(365,'','334'),(366,'','335'),(367,'','336'),(368,'','337'),(369,'','338'),(370,'','339'),(371,'','340'),(372,'','341'),(373,'','342'),(374,'','343'),(375,'','344'),(376,'','345'),(377,'','346'),(378,'','347'),(379,'','348'),(380,'','349'),(381,'','350'),(382,'','351'),(383,'','352'),(384,'','353'),(385,'','354'),(386,'','355'),(387,'','356'),(388,'','357'),(389,'','358'),(390,'','359'),(391,'','360'),(392,'','361'),(393,'','362'),(394,'','363'),(395,'','364'),(396,'','365'),(397,'','366'),(398,'','367'),(399,'','368'),(400,'','369'),(401,'','370'),(402,'','371'),(403,'','372'),(404,'','373'),(405,'','374'),(406,'','375'),(407,'','376'),(408,'','377'),(409,'','378'),(410,'','379'),(411,'','380'),(412,'','381'),(413,'','382'),(414,'','383'),(415,'','384'),(416,'','385'),(417,'','386'),(418,'','387'),(419,'','388'),(420,'','389'),(421,'','390'),(422,'','391'),(423,'','392'),(424,'','393'),(425,'','394'),(426,'','395'),(427,'','396'),(428,'','397'),(429,'','398'),(430,'','399'),(431,'','400'),(432,'','401'),(433,'','402'),(434,'','403'),(435,'','404'),(436,'','405'),(437,'','406'),(438,'','407'),(439,'','408'),(440,'','409'),(441,'','410'),(442,'','411'),(443,'','412'),(444,'','413'),(445,'','414'),(446,'','415'),(447,'','416'),(448,'','417'),(449,'','418'),(450,'','419'),(451,'','420'),(452,'','421'),(453,'','422'),(454,'','423'),(455,'','424'),(456,'','425'),(457,'','426'),(458,'','427'),(459,'','428'),(460,'','429'),(461,'','430'),(462,'','431'),(463,'','432'),(464,'','433'),(465,'','434'),(466,'','435'),(467,'','436'),(468,'','437'),(469,'','438'),(470,'','439'),(471,'','440'),(472,'','441'),(473,'','442'),(474,'','443'),(475,'','444'),(476,'','445'),(477,'','446'),(478,'','447'),(479,'','448'),(480,'','449'),(481,'','450'),(482,'','451'),(483,'','452'),(484,'','453'),(485,'','454'),(486,'','455'),(487,'','456'),(488,'','457'),(489,'','458'),(490,'','459'),(491,'','460'),(492,'','461'),(493,'','462'),(494,'','463'),(495,'','464'),(496,'','465'),(497,'','466'),(498,'','467'),(499,'','468'),(500,'','469'),(501,'','470'),(502,'','471'),(503,'','472'),(504,'','473'),(505,'','474'),(506,'','475'),(507,'','476'),(508,'','477'),(509,'','478'),(510,'','479'),(511,'','480'),(512,'','481'),(513,'','482'),(514,'','483'),(515,'','484'),(516,'','485'),(517,'','486'),(518,'','487'),(519,'','488'),(520,'','489'),(521,'','490'),(522,'','491'),(523,'','492'),(524,'','493'),(525,'','494'),(526,'','495'),(527,'','496'),(528,'','497'),(529,'','498'),(530,'','499'),(531,'','500'),(532,'','501'),(533,'','502'),(534,'','503'),(535,'','504'),(536,'','505'),(537,'','506'),(538,'','507'),(539,'','508'),(540,'','509'),(541,'','510'),(542,'','511'),(543,'','512'),(544,'','513'),(545,'','514'),(546,'','515'),(547,'','516'),(548,'','517'),(549,'','518'),(550,'','519'),(551,'','520'),(552,'','521'),(553,'','522'),(554,'','523'),(555,'','524'),(556,'','525'),(557,'','526'),(558,'','527'),(559,'','528'),(560,'','529'),(561,'','530'),(562,'','531'),(563,'','532'),(564,'','533'),(565,'','534'),(566,'','535'),(567,'','536'),(568,'','537'),(569,'','538'),(570,'','539'),(571,'','540'),(572,'','541'),(573,'','542'),(574,'','543'),(575,'','544'),(576,'','545'),(577,'','546'),(578,'','547'),(579,'','548'),(580,'','549'),(581,'','550'),(582,'','551'),(583,'','552'),(584,'','553'),(585,'','554'),(586,'','555'),(587,'','556'),(588,'','557'),(589,'','558'),(590,'','559'),(591,'','560'),(592,'','561'),(593,'','562'),(594,'','563'),(595,'','564'),(596,'','565'),(597,'','566'),(598,'','567'),(599,'','568'),(600,'','569'),(601,'','570'),(602,'','571'),(603,'','572'),(604,'','573'),(605,'','574'),(606,'','575'),(607,'','576'),(608,'','577'),(609,'','578'),(610,'','579'),(611,'','580'),(612,'','581'),(613,'','582'),(614,'','583'),(615,'','584'),(616,'','585'),(617,'','586'),(618,'','587'),(619,'','588'),(620,'','589'),(621,'','590'),(622,'','591'),(623,'','592'),(624,'','593'),(625,'','594'),(626,'','595'),(627,'','596'),(628,'','597'),(629,'','598'),(630,'','599'),(631,'','600'),(632,'','601'),(633,'','602'),(634,'','603'),(635,'','604'),(636,'','605'),(637,'','606'),(638,'','607'),(639,'','608'),(640,'','609'),(641,'','610'),(642,'','611'),(643,'','612'),(644,'','613'),(645,'','614'),(646,'','615'),(647,'','616'),(648,'','617'),(649,'','618'),(650,'','619'),(651,'','620'),(652,'','621'),(653,'','622'),(654,'','623'),(655,'','624'),(656,'','625'),(657,'','626'),(658,'','627'),(659,'','628'),(660,'','629'),(661,'','630'),(662,'','631'),(663,'','632'),(664,'','633'),(665,'','634'),(666,'','635'),(667,'','636'),(668,'','637'),(669,'','638'),(670,'','639'),(671,'','640'),(672,'','641'),(673,'','642'),(674,'','643'),(675,'','644'),(676,'','645'),(677,'','646'),(678,'','647'),(679,'','648'),(680,'','649'),(681,'','650'),(682,'','651'),(683,'','652'),(684,'','653'),(685,'','654'),(686,'','655'),(687,'','656'),(688,'','657'),(689,'','658'),(690,'','659'),(691,'','660'),(692,'','661'),(693,'','662'),(694,'','663'),(695,'','664'),(696,'','665'),(697,'','666'),(698,'','667'),(699,'','668'),(700,'','669'),(701,'','670'),(702,'','671'),(703,'','672'),(704,'','673'),(705,'','674'),(706,'','675'),(707,'','676'),(708,'','677'),(709,'','678'),(710,'','679'),(711,'','680'),(712,'','681'),(713,'','682'),(714,'','683'),(715,'','684'),(716,'','685'),(717,'','686'),(718,'','687'),(719,'','688'),(720,'','689'),(721,'','690'),(722,'','691'),(723,'','692'),(724,'','693'),(725,'','694'),(726,'','695'),(727,'','696'),(728,'','697'),(729,'','698'),(730,'','699'),(731,'','700'),(732,'','701'),(733,'','702'),(734,'','703'),(735,'','704'),(736,'','705'),(737,'','706'),(738,'','707'),(739,'','708'),(740,'','709'),(741,'','710'),(742,'','711'),(743,'','712'),(744,'','713'),(745,'','714'),(746,'','715'),(747,'','716'),(748,'','717'),(749,'','718'),(750,'','719'),(751,'','720'),(752,'','721'),(753,'','722'),(754,'','723'),(755,'','724'),(756,'','725'),(757,'','726'),(758,'','727'),(759,'','728'),(760,'','729'),(761,'','730'),(762,'','731'),(763,'','732'),(764,'','733'),(765,'','734'),(766,'','735'),(767,'','736'),(768,'','737'),(769,'','738'),(770,'','739'),(771,'','740'),(772,'','741'),(773,'','742'),(774,'','743'),(775,'','744'),(776,'','745'),(777,'','746'),(778,'','747'),(779,'','748'),(780,'','749'),(781,'','750'),(782,'','751'),(783,'','752'),(784,'','753'),(785,'','754'),(786,'','755'),(787,'','756'),(788,'','757'),(789,'','758'),(790,'','759'),(791,'','760'),(792,'','761'),(793,'','762'),(794,'','763'),(795,'','764'),(796,'','765'),(797,'','766'),(798,'','767'),(799,'','768'),(800,'','769'),(801,'','770'),(802,'','771'),(803,'','772'),(804,'','773'),(805,'','774'),(806,'','775'),(807,'','776'),(808,'','777'),(809,'','778'),(810,'','779'),(811,'','780'),(812,'','781'),(813,'','782'),(814,'','783'),(815,'','784'),(816,'','785'),(817,'','786'),(818,'','787'),(819,'','788'),(820,'','789'),(821,'','790'),(822,'','791'),(823,'','792'),(824,'','793'),(825,'','794'),(826,'','795'),(827,'','796'),(828,'','797'),(829,'','798'),(830,'','799'),(831,'','800'),(832,'','801'),(833,'','802'),(834,'','803'),(835,'','804'),(836,'','805'),(837,'','806'),(838,'','807'),(839,'','808'),(840,'','809'),(841,'','810'),(842,'','811'),(843,'','812'),(844,'','813'),(845,'','814'),(846,'','815'),(847,'','816'),(848,'','817'),(849,'','818'),(850,'','819'),(851,'','820'),(852,'','821'),(853,'','822'),(854,'','823'),(855,'','824'),(856,'','825'),(857,'','826'),(858,'','827'),(859,'','828'),(860,'','829'),(861,'','830'),(862,'','831'),(863,'','832'),(864,'','833'),(865,'','834'),(866,'','835'),(867,'','836'),(868,'','837'),(869,'','838'),(870,'','839'),(871,'','840'),(872,'','841'),(873,'','842'),(874,'','843'),(875,'','844'),(876,'','845'),(877,'','846'),(878,'','847'),(879,'','848'),(880,'','849'),(881,'','850'),(882,'','851'),(883,'','852'),(884,'','853'),(885,'','854'),(886,'','855'),(887,'','856'),(888,'','857'),(889,'','858'),(890,'','859'),(891,'','860'),(892,'','861'),(893,'','862'),(894,'','863'),(895,'','864'),(896,'','865'),(897,'','866'),(898,'','867'),(899,'','868'),(900,'','869'),(901,'','870'),(902,'','871'),(903,'','872'),(904,'','873'),(905,'','874'),(906,'','875'),(907,'','876'),(908,'','877'),(909,'','878'),(910,'','879'),(911,'','880'),(912,'','881'),(913,'','882'),(914,'','883'),(915,'','884'),(916,'','885'),(917,'','886'),(918,'','887'),(919,'','888'),(920,'','889'),(921,'','890'),(922,'','891'),(923,'','892'),(924,'','893'),(925,'','894'),(926,'','895'),(927,'','896'),(928,'','897'),(929,'','898'),(930,'','899'),(931,'','900'),(932,'','901'),(933,'','902'),(934,'','903'),(935,'','904'),(936,'','905'),(937,'','906'),(938,'','907'),(939,'','908'),(940,'','909'),(941,'','910'),(942,'','911'),(943,'','912'),(944,'','913'),(945,'','914'),(946,'','915'),(947,'','916'),(948,'','917'),(949,'','918'),(950,'','919'),(951,'','920'),(952,'','921'),(953,'','922'),(954,'','923'),(955,'','924'),(956,'','925'),(957,'','926'),(958,'','927'),(959,'','928'),(960,'','929'),(961,'','930'),(962,'','931'),(963,'','932'),(964,'','933'),(965,'','934'),(966,'','935'),(967,'','936'),(968,'','937'),(969,'','938'),(970,'','939'),(971,'','940'),(972,'','941'),(973,'','942'),(974,'','943'),(975,'','944'),(976,'','945'),(977,'','946'),(978,'','947'),(979,'','948'),(980,'','949'),(981,'','950'),(982,'','951'),(983,'','952'),(984,'','953'),(985,'','954'),(986,'','955'),(987,'','956'),(988,'','957'),(989,'','958'),(990,'','959'),(991,'','960'),(992,'','961'),(993,'','962'),(994,'','963'),(995,'','964'),(996,'','965'),(997,'','966'),(998,'','967'),(999,'','968'),(1000,'','969'),(1001,'','970'),(1002,'','971'),(1003,'','972'),(1004,'','973'),(1005,'','974'),(1006,'','975'),(1007,'','976'),(1008,'','977'),(1009,'','978'),(1010,'','979'),(1011,'','980'),(1012,'','981'),(1013,'','982'),(1014,'','983'),(1015,'','984'),(1016,'','985'),(1017,'','986'),(1018,'','987'),(1019,'','988'),(1020,'','989'),(1021,'','990'),(1022,'','991'),(1023,'','992'),(1024,'','993'),(1025,'','994'),(1026,'','995'),(1027,'','996'),(1028,'','997'),(1029,'','998'),(1030,'','999'),(1031,'','1000'),(1032,'','1001'),(1033,'','1002'),(1034,'','1003'),(1035,'','1004'),(1036,'','1005'),(1037,'','1006'),(1038,'','1007'),(1039,'','1008'),(1040,'','1009'),(1041,'','1010'),(1042,'','1011'),(1043,'','1012'),(1044,'','1013'),(1045,'','1014'),(1046,'','1015'),(1047,'','1016'),(1048,'','1017'),(1049,'','1018'),(1050,'','1019'),(1051,'','1020'),(1052,'','1021'),(1053,'','1022'),(1054,'','1023'),(1055,'','1024'),(1056,'','1025'),(1057,'','1026'),(1058,'','1027'),(1074,'','P'),(1076,'',''),(1078,'',''),(1079,'',''),(1082,'',''),(1091,'',''),(1094,'',''),(1095,'',''),(1098,'',''),(1105,'',''),(1107,'',''),(1109,'',''),(1111,'',''),(1117,'',''),(1121,'',''),(1123,'',''),(1146,'',''),(1147,'',''),(1148,'',''),(1149,'',''),(1150,'',''),(1151,'',''),(1152,'',''),(1153,'',''),(1154,'',''),(1155,'',''),(1156,'',''),(1157,'76001',''),(1158,'76001',''),(1159,'76001','');
/*!40000 ALTER TABLE `vtiger_contactscf` ENABLE KEYS */;
UNLOCK TABLES;

--
-- Table structure for table `vtiger_contactsubdetails`
--

DROP TABLE IF EXISTS `vtiger_contactsubdetails`;
/*!40101 SET @saved_cs_client     = @@character_set_client */;
/*!40101 SET character_set_client = utf8 */;
CREATE TABLE `vtiger_contactsubdetails` (
  `contactsubscriptionid` int(19) NOT NULL DEFAULT '0',
  `homephone` varchar(50) DEFAULT NULL,
  `otherphone` varchar(50) DEFAULT NULL,
  `assistant` varchar(30) DEFAULT NULL,
  `assistantphone` varchar(50) DEFAULT NULL,
  `birthday` date DEFAULT NULL,
  `laststayintouchrequest` int(30) DEFAULT '0',
  `laststayintouchsavedate` int(19) DEFAULT '0',
  `leadsource` varchar(200) DEFAULT NULL,
  PRIMARY KEY (`contactsubscriptionid`),
  CONSTRAINT `fk_1_vtiger_contactsubdetails` FOREIGN KEY (`contactsubscriptionid`) REFERENCES `vtiger_contactdetails` (`contactid`) ON DELETE CASCADE
) ENGINE=InnoDB DEFAULT CHARSET=utf8;
/*!40101 SET character_set_client = @saved_cs_client */;

--
-- Dumping data for table `vtiger_contactsubdetails`
--

LOCK TABLES `vtiger_contactsubdetails` WRITE;
/*!40000 ALTER TABLE `vtiger_contactsubdetails` DISABLE KEYS */;
INSERT INTO `vtiger_contactsubdetails` VALUES (5,'','','','',NULL,0,0,''),(6,'','','','',NULL,0,0,''),(10,'','',NULL,'',NULL,0,0,''),(12,'','',NULL,'',NULL,0,0,''),(29,'','',NULL,'',NULL,0,0,'Other'),(32,'','',NULL,'',NULL,0,0,'Other'),(33,'','',NULL,'',NULL,0,0,'Other'),(34,'','',NULL,'',NULL,0,0,'Other'),(35,'','',NULL,'',NULL,0,0,'Other'),(36,'','',NULL,'',NULL,0,0,'Other'),(37,'','',NULL,'',NULL,0,0,'Other'),(38,'','',NULL,'',NULL,0,0,'Other'),(39,'','',NULL,'',NULL,0,0,'Other'),(40,'','',NULL,'',NULL,0,0,'Other'),(41,'','',NULL,'',NULL,0,0,'Other'),(42,'','',NULL,'',NULL,0,0,'Other'),(43,'','',NULL,'',NULL,0,0,'Other'),(44,'','',NULL,'',NULL,0,0,'Other'),(45,'','',NULL,'',NULL,0,0,'Other'),(46,'','',NULL,'',NULL,0,0,'Other'),(47,'','',NULL,'',NULL,0,0,'Other'),(48,'','',NULL,'',NULL,0,0,'Other'),(49,'','',NULL,'',NULL,0,0,'Other'),(50,'','',NULL,'',NULL,0,0,'Other'),(51,'','',NULL,'',NULL,0,0,'Other'),(52,'','',NULL,'',NULL,0,0,'Other'),(53,'','',NULL,'',NULL,0,0,'Other'),(54,'','',NULL,'',NULL,0,0,'Other'),(55,'','',NULL,'',NULL,0,0,'Other'),(56,'','',NULL,'',NULL,0,0,'Other'),(57,'','',NULL,'',NULL,0,0,'Other'),(58,'','',NULL,'',NULL,0,0,'Other'),(59,'','',NULL,'',NULL,0,0,'Other'),(60,'','',NULL,'',NULL,0,0,'Other'),(61,'','',NULL,'',NULL,0,0,'Other'),(62,'','',NULL,'',NULL,0,0,'Other'),(63,'','',NULL,'',NULL,0,0,'Other'),(64,'','',NULL,'',NULL,0,0,'Other'),(65,'','',NULL,'',NULL,0,0,'Other'),(66,'','',NULL,'',NULL,0,0,'Other'),(67,'','',NULL,'',NULL,0,0,'Other'),(68,'','',NULL,'',NULL,0,0,'Other'),(69,'','',NULL,'',NULL,0,0,'Other'),(70,'','',NULL,'',NULL,0,0,'Other'),(71,'','',NULL,'',NULL,0,0,'Other'),(72,'','',NULL,'',NULL,0,0,'Other'),(73,'','',NULL,'',NULL,0,0,'Other'),(74,'','',NULL,'',NULL,0,0,'Other'),(75,'','',NULL,'',NULL,0,0,'Other'),(76,'','',NULL,'',NULL,0,0,'Other'),(77,'','',NULL,'',NULL,0,0,'Other'),(78,'','',NULL,'',NULL,0,0,'Other'),(79,'','',NULL,'',NULL,0,0,'Other'),(80,'','',NULL,'',NULL,0,0,'Other'),(81,'','',NULL,'',NULL,0,0,'Other'),(82,'','',NULL,'',NULL,0,0,'Other'),(83,'','',NULL,'',NULL,0,0,'Other'),(84,'','',NULL,'',NULL,0,0,'Other'),(85,'','',NULL,'',NULL,0,0,'Other'),(86,'','',NULL,'',NULL,0,0,'Other'),(87,'','',NULL,'',NULL,0,0,'Other'),(88,'','',NULL,'',NULL,0,0,'Other'),(89,'','',NULL,'',NULL,0,0,'Other'),(90,'','',NULL,'',NULL,0,0,'Other'),(91,'','',NULL,'',NULL,0,0,'Other'),(92,'','',NULL,'',NULL,0,0,'Other'),(93,'','',NULL,'',NULL,0,0,'Other'),(94,'','',NULL,'',NULL,0,0,'Other'),(95,'','',NULL,'',NULL,0,0,'Other'),(96,'','',NULL,'',NULL,0,0,'Other'),(97,'','',NULL,'',NULL,0,0,'Other'),(98,'','',NULL,'',NULL,0,0,'Other'),(99,'','',NULL,'',NULL,0,0,'Other'),(100,'','',NULL,'',NULL,0,0,'Other'),(101,'','',NULL,'',NULL,0,0,'Other'),(102,'','',NULL,'',NULL,0,0,'Other'),(103,'','',NULL,'',NULL,0,0,'Other'),(104,'','',NULL,'',NULL,0,0,'Other'),(105,'','',NULL,'',NULL,0,0,'Other'),(106,'','',NULL,'',NULL,0,0,'Other'),(107,'','',NULL,'',NULL,0,0,'Other'),(108,'','',NULL,'',NULL,0,0,'Other'),(109,'','',NULL,'',NULL,0,0,'Other'),(110,'','',NULL,'',NULL,0,0,'Other'),(111,'','',NULL,'',NULL,0,0,'Other'),(112,'','',NULL,'',NULL,0,0,'Other'),(113,'','',NULL,'',NULL,0,0,'Other'),(114,'','',NULL,'',NULL,0,0,'Other'),(115,'','',NULL,'',NULL,0,0,'Other'),(116,'','',NULL,'',NULL,0,0,'Other'),(117,'','',NULL,'',NULL,0,0,'Other'),(118,'','',NULL,'',NULL,0,0,'Other'),(119,'','',NULL,'',NULL,0,0,'Other'),(120,'','',NULL,'',NULL,0,0,'Other'),(121,'','',NULL,'',NULL,0,0,'Other'),(122,'','',NULL,'',NULL,0,0,'Other'),(123,'','',NULL,'',NULL,0,0,'Other'),(124,'','',NULL,'',NULL,0,0,'Other'),(125,'','',NULL,'',NULL,0,0,'Other'),(126,'','',NULL,'',NULL,0,0,'Other'),(127,'','',NULL,'',NULL,0,0,'Other'),(128,'','',NULL,'',NULL,0,0,'Other'),(129,'','',NULL,'',NULL,0,0,'Other'),(130,'','',NULL,'',NULL,0,0,'Other'),(131,'','',NULL,'',NULL,0,0,'Other'),(132,'','',NULL,'',NULL,0,0,'Other'),(133,'','',NULL,'',NULL,0,0,'Other'),(134,'','',NULL,'',NULL,0,0,'Other'),(135,'','',NULL,'',NULL,0,0,'Other'),(136,'','',NULL,'',NULL,0,0,'Other'),(137,'','',NULL,'',NULL,0,0,'Other'),(138,'','',NULL,'',NULL,0,0,'Other'),(139,'','',NULL,'',NULL,0,0,'Other'),(140,'','',NULL,'',NULL,0,0,'Other'),(141,'','',NULL,'',NULL,0,0,'Other'),(142,'','',NULL,'',NULL,0,0,'Other'),(143,'','',NULL,'',NULL,0,0,'Other'),(144,'','',NULL,'',NULL,0,0,'Other'),(145,'','',NULL,'',NULL,0,0,'Other'),(146,'','',NULL,'',NULL,0,0,'Other'),(147,'','',NULL,'',NULL,0,0,'Other'),(148,'','',NULL,'',NULL,0,0,'Other'),(149,'','',NULL,'',NULL,0,0,'Other'),(150,'','',NULL,'',NULL,0,0,'Other'),(151,'','',NULL,'',NULL,0,0,'Other'),(152,'','',NULL,'',NULL,0,0,'Other'),(153,'','',NULL,'',NULL,0,0,'Other'),(154,'','',NULL,'',NULL,0,0,'Other'),(155,'','',NULL,'',NULL,0,0,'Other'),(156,'','',NULL,'',NULL,0,0,'Other'),(157,'','',NULL,'',NULL,0,0,'Other'),(158,'','',NULL,'',NULL,0,0,'Other'),(159,'','',NULL,'',NULL,0,0,'Other'),(160,'','',NULL,'',NULL,0,0,'Other'),(161,'','',NULL,'',NULL,0,0,'Other'),(162,'','',NULL,'',NULL,0,0,'Other'),(163,'','',NULL,'',NULL,0,0,'Other'),(164,'','',NULL,'',NULL,0,0,'Other'),(165,'','',NULL,'',NULL,0,0,'Other'),(166,'','',NULL,'',NULL,0,0,'Other'),(167,'','',NULL,'',NULL,0,0,'Other'),(168,'','',NULL,'',NULL,0,0,'Other'),(169,'','',NULL,'',NULL,0,0,'Other'),(170,'','',NULL,'',NULL,0,0,'Other'),(171,'','',NULL,'',NULL,0,0,'Other'),(172,'','',NULL,'',NULL,0,0,'Other'),(173,'','',NULL,'',NULL,0,0,'Other'),(174,'','',NULL,'',NULL,0,0,'Other'),(175,'','',NULL,'',NULL,0,0,'Other'),(176,'','',NULL,'',NULL,0,0,'Other'),(177,'','',NULL,'',NULL,0,0,'Other'),(178,'','',NULL,'',NULL,0,0,'Other'),(179,'','',NULL,'',NULL,0,0,'Other'),(180,'','',NULL,'',NULL,0,0,'Other'),(181,'','',NULL,'',NULL,0,0,'Other'),(182,'','',NULL,'',NULL,0,0,'Other'),(183,'','',NULL,'',NULL,0,0,'Other'),(184,'','',NULL,'',NULL,0,0,'Other'),(185,'','',NULL,'',NULL,0,0,'Other'),(186,'','',NULL,'',NULL,0,0,'Other'),(187,'','',NULL,'',NULL,0,0,'Other'),(188,'','',NULL,'',NULL,0,0,'Other'),(189,'','',NULL,'',NULL,0,0,'Other'),(190,'','',NULL,'',NULL,0,0,'Other'),(191,'','',NULL,'',NULL,0,0,'Other'),(192,'','',NULL,'',NULL,0,0,'Other'),(193,'','',NULL,'',NULL,0,0,'Other'),(194,'','',NULL,'',NULL,0,0,'Other'),(195,'','',NULL,'',NULL,0,0,'Other'),(196,'','',NULL,'',NULL,0,0,'Other'),(197,'','',NULL,'',NULL,0,0,'Other'),(198,'','',NULL,'',NULL,0,0,'Other'),(199,'','',NULL,'',NULL,0,0,'Other'),(200,'','',NULL,'',NULL,0,0,'Other'),(201,'','',NULL,'',NULL,0,0,'Other'),(202,'','',NULL,'',NULL,0,0,'Other'),(203,'','',NULL,'',NULL,0,0,'Other'),(204,'','',NULL,'',NULL,0,0,'Other'),(205,'','',NULL,'',NULL,0,0,'Other'),(206,'','',NULL,'',NULL,0,0,'Other'),(207,'','',NULL,'',NULL,0,0,'Other'),(208,'','',NULL,'',NULL,0,0,'Other'),(209,'','',NULL,'',NULL,0,0,'Other'),(210,'','',NULL,'',NULL,0,0,'Other'),(211,'','',NULL,'',NULL,0,0,'Other'),(212,'','',NULL,'',NULL,0,0,'Other'),(213,'','',NULL,'',NULL,0,0,'Other'),(214,'','',NULL,'',NULL,0,0,'Other'),(215,'','',NULL,'',NULL,0,0,'Other'),(216,'','',NULL,'',NULL,0,0,'Other'),(217,'','',NULL,'',NULL,0,0,'Other'),(218,'','',NULL,'',NULL,0,0,'Other'),(219,'','',NULL,'',NULL,0,0,'Other'),(220,'','',NULL,'',NULL,0,0,'Other'),(221,'','',NULL,'',NULL,0,0,'Other'),(222,'','',NULL,'',NULL,0,0,'Other'),(223,'','',NULL,'',NULL,0,0,'Other'),(224,'','',NULL,'',NULL,0,0,'Other'),(225,'','',NULL,'',NULL,0,0,'Other'),(226,'','',NULL,'',NULL,0,0,'Other'),(227,'','',NULL,'',NULL,0,0,'Other'),(228,'','',NULL,'',NULL,0,0,'Other'),(229,'','',NULL,'',NULL,0,0,'Other'),(230,'','',NULL,'',NULL,0,0,'Other'),(231,'','',NULL,'',NULL,0,0,'Other'),(232,'','',NULL,'',NULL,0,0,'Other'),(233,'','',NULL,'',NULL,0,0,'Other'),(234,'','',NULL,'',NULL,0,0,'Other'),(235,'','',NULL,'',NULL,0,0,'Other'),(236,'','',NULL,'',NULL,0,0,'Other'),(237,'','',NULL,'',NULL,0,0,'Other'),(238,'','',NULL,'',NULL,0,0,'Other'),(239,'','',NULL,'',NULL,0,0,'Other'),(240,'','',NULL,'',NULL,0,0,'Other'),(241,'','',NULL,'',NULL,0,0,'Other'),(242,'','',NULL,'',NULL,0,0,'Other'),(243,'','',NULL,'',NULL,0,0,'Other'),(244,'','',NULL,'',NULL,0,0,'Other'),(245,'','',NULL,'',NULL,0,0,'Other'),(246,'','',NULL,'',NULL,0,0,'Other'),(247,'','',NULL,'',NULL,0,0,'Other'),(248,'','',NULL,'',NULL,0,0,'Other'),(249,'','',NULL,'',NULL,0,0,'Other'),(250,'','',NULL,'',NULL,0,0,'Other'),(251,'','',NULL,'',NULL,0,0,'Other'),(252,'','',NULL,'',NULL,0,0,'Other'),(253,'','',NULL,'',NULL,0,0,'Other'),(254,'','',NULL,'',NULL,0,0,'Other'),(255,'','',NULL,'',NULL,0,0,'Other'),(256,'','',NULL,'',NULL,0,0,'Other'),(257,'','',NULL,'',NULL,0,0,'Other'),(258,'','',NULL,'',NULL,0,0,'Other'),(259,'','',NULL,'',NULL,0,0,'Other'),(260,'','',NULL,'',NULL,0,0,'Other'),(261,'','',NULL,'',NULL,0,0,'Other'),(262,'','',NULL,'',NULL,0,0,'Other'),(263,'','',NULL,'',NULL,0,0,'Other'),(264,'','',NULL,'',NULL,0,0,'Other'),(265,'','',NULL,'',NULL,0,0,'Other'),(266,'','',NULL,'',NULL,0,0,'Other'),(267,'','',NULL,'',NULL,0,0,'Other'),(268,'','',NULL,'',NULL,0,0,'Other'),(269,'','',NULL,'',NULL,0,0,'Other'),(270,'','',NULL,'',NULL,0,0,'Other'),(271,'','',NULL,'',NULL,0,0,'Other'),(272,'','',NULL,'',NULL,0,0,'Other'),(273,'','',NULL,'',NULL,0,0,'Other'),(274,'','',NULL,'',NULL,0,0,'Other'),(275,'','',NULL,'',NULL,0,0,'Other'),(276,'','',NULL,'',NULL,0,0,'Other'),(277,'','',NULL,'',NULL,0,0,'Other'),(278,'','',NULL,'',NULL,0,0,'Other'),(279,'','',NULL,'',NULL,0,0,'Other'),(280,'','',NULL,'',NULL,0,0,'Other'),(281,'','',NULL,'',NULL,0,0,'Other'),(282,'','',NULL,'',NULL,0,0,'Other'),(283,'','',NULL,'',NULL,0,0,'Other'),(284,'','',NULL,'',NULL,0,0,'Other'),(285,'','',NULL,'',NULL,0,0,'Other'),(286,'','',NULL,'',NULL,0,0,'Other'),(287,'','',NULL,'',NULL,0,0,'Other'),(288,'','',NULL,'',NULL,0,0,'Other'),(289,'','',NULL,'',NULL,0,0,'Other'),(290,'','',NULL,'',NULL,0,0,'Other'),(291,'','',NULL,'',NULL,0,0,'Other'),(292,'','',NULL,'',NULL,0,0,'Other'),(293,'','',NULL,'',NULL,0,0,'Other'),(294,'','',NULL,'',NULL,0,0,'Other'),(295,'','',NULL,'',NULL,0,0,'Other'),(296,'','',NULL,'',NULL,0,0,'Other'),(297,'','',NULL,'',NULL,0,0,'Other'),(298,'','',NULL,'',NULL,0,0,'Other'),(299,'','',NULL,'',NULL,0,0,'Other'),(300,'','',NULL,'',NULL,0,0,'Other'),(301,'','',NULL,'',NULL,0,0,'Other'),(302,'','',NULL,'',NULL,0,0,'Other'),(303,'','',NULL,'',NULL,0,0,'Other'),(304,'','',NULL,'',NULL,0,0,'Other'),(305,'','',NULL,'',NULL,0,0,'Other'),(306,'','',NULL,'',NULL,0,0,'Other'),(307,'','',NULL,'',NULL,0,0,'Other'),(308,'','',NULL,'',NULL,0,0,'Other'),(309,'','',NULL,'',NULL,0,0,'Other'),(310,'','',NULL,'',NULL,0,0,'Other'),(311,'','',NULL,'',NULL,0,0,'Other'),(312,'','',NULL,'',NULL,0,0,'Other'),(313,'','',NULL,'',NULL,0,0,'Other'),(314,'','',NULL,'',NULL,0,0,'Other'),(315,'','',NULL,'',NULL,0,0,'Other'),(316,'','',NULL,'',NULL,0,0,'Other'),(317,'','',NULL,'',NULL,0,0,'Other'),(318,'','',NULL,'',NULL,0,0,'Other'),(319,'','',NULL,'',NULL,0,0,'Other'),(320,'','',NULL,'',NULL,0,0,'Other'),(321,'','',NULL,'',NULL,0,0,'Other'),(322,'','',NULL,'',NULL,0,0,'Other'),(323,'','',NULL,'',NULL,0,0,'Other'),(324,'','',NULL,'',NULL,0,0,'Other'),(325,'','',NULL,'',NULL,0,0,'Other'),(326,'','',NULL,'',NULL,0,0,'Other'),(327,'','',NULL,'',NULL,0,0,'Other'),(328,'','',NULL,'',NULL,0,0,'Other'),(329,'','',NULL,'',NULL,0,0,'Other'),(330,'','',NULL,'',NULL,0,0,'Other'),(331,'','',NULL,'',NULL,0,0,'Other'),(332,'','',NULL,'',NULL,0,0,'Other'),(333,'','',NULL,'',NULL,0,0,'Other'),(334,'','',NULL,'',NULL,0,0,'Other'),(335,'','',NULL,'',NULL,0,0,'Other'),(336,'','',NULL,'',NULL,0,0,'Other'),(337,'','',NULL,'',NULL,0,0,'Other'),(338,'','',NULL,'',NULL,0,0,'Other'),(339,'','',NULL,'',NULL,0,0,'Other'),(340,'','',NULL,'',NULL,0,0,'Other'),(341,'','',NULL,'',NULL,0,0,'Other'),(342,'','',NULL,'',NULL,0,0,'Other'),(343,'','',NULL,'',NULL,0,0,'Other'),(344,'','',NULL,'',NULL,0,0,'Other'),(345,'','',NULL,'',NULL,0,0,'Other'),(346,'','',NULL,'',NULL,0,0,'Other'),(347,'','',NULL,'',NULL,0,0,'Other'),(348,'','',NULL,'',NULL,0,0,'Other'),(349,'','',NULL,'',NULL,0,0,'Other'),(350,'','',NULL,'',NULL,0,0,'Other'),(351,'','',NULL,'',NULL,0,0,'Other'),(352,'','',NULL,'',NULL,0,0,'Other'),(353,'','',NULL,'',NULL,0,0,'Other'),(354,'','',NULL,'',NULL,0,0,'Other'),(355,'','',NULL,'',NULL,0,0,'Other'),(356,'','',NULL,'',NULL,0,0,'Other'),(357,'','',NULL,'',NULL,0,0,'Other'),(358,'','',NULL,'',NULL,0,0,'Other'),(359,'','',NULL,'',NULL,0,0,'Other'),(360,'','',NULL,'',NULL,0,0,'Other'),(361,'','',NULL,'',NULL,0,0,'Other'),(362,'','',NULL,'',NULL,0,0,'Other'),(363,'','',NULL,'',NULL,0,0,'Other'),(364,'','',NULL,'',NULL,0,0,'Other'),(365,'','',NULL,'',NULL,0,0,'Other'),(366,'','',NULL,'',NULL,0,0,'Other'),(367,'','',NULL,'',NULL,0,0,'Other'),(368,'','',NULL,'',NULL,0,0,'Other'),(369,'','',NULL,'',NULL,0,0,'Other'),(370,'','',NULL,'',NULL,0,0,'Other'),(371,'','',NULL,'',NULL,0,0,'Other'),(372,'','',NULL,'',NULL,0,0,'Other'),(373,'','',NULL,'',NULL,0,0,'Other'),(374,'','',NULL,'',NULL,0,0,'Other'),(375,'','',NULL,'',NULL,0,0,'Other'),(376,'','',NULL,'',NULL,0,0,'Other'),(377,'','',NULL,'',NULL,0,0,'Other'),(378,'','',NULL,'',NULL,0,0,'Other'),(379,'','',NULL,'',NULL,0,0,'Other'),(380,'','',NULL,'',NULL,0,0,'Other'),(381,'','',NULL,'',NULL,0,0,'Other'),(382,'','',NULL,'',NULL,0,0,'Other'),(383,'','',NULL,'',NULL,0,0,'Other'),(384,'','',NULL,'',NULL,0,0,'Other'),(385,'','',NULL,'',NULL,0,0,'Other'),(386,'','',NULL,'',NULL,0,0,'Other'),(387,'','',NULL,'',NULL,0,0,'Other'),(388,'','',NULL,'',NULL,0,0,'Other'),(389,'','',NULL,'',NULL,0,0,'Other'),(390,'','',NULL,'',NULL,0,0,'Other'),(391,'','',NULL,'',NULL,0,0,'Other'),(392,'','',NULL,'',NULL,0,0,'Other'),(393,'','',NULL,'',NULL,0,0,'Other'),(394,'','',NULL,'',NULL,0,0,'Other'),(395,'','',NULL,'',NULL,0,0,'Other'),(396,'','',NULL,'',NULL,0,0,'Other'),(397,'','',NULL,'',NULL,0,0,'Other'),(398,'','',NULL,'',NULL,0,0,'Other'),(399,'','',NULL,'',NULL,0,0,'Other'),(400,'','',NULL,'',NULL,0,0,'Other'),(401,'','',NULL,'',NULL,0,0,'Other'),(402,'','',NULL,'',NULL,0,0,'Other'),(403,'','',NULL,'',NULL,0,0,'Other'),(404,'','',NULL,'',NULL,0,0,'Other'),(405,'','',NULL,'',NULL,0,0,'Other'),(406,'','',NULL,'',NULL,0,0,'Other'),(407,'','',NULL,'',NULL,0,0,'Other'),(408,'','',NULL,'',NULL,0,0,'Other'),(409,'','',NULL,'',NULL,0,0,'Other'),(410,'','',NULL,'',NULL,0,0,'Other'),(411,'','',NULL,'',NULL,0,0,'Other'),(412,'','',NULL,'',NULL,0,0,'Other'),(413,'','',NULL,'',NULL,0,0,'Other'),(414,'','',NULL,'',NULL,0,0,'Other'),(415,'','',NULL,'',NULL,0,0,'Other'),(416,'','',NULL,'',NULL,0,0,'Other'),(417,'','',NULL,'',NULL,0,0,'Other'),(418,'','',NULL,'',NULL,0,0,'Other'),(419,'','',NULL,'',NULL,0,0,'Other'),(420,'','',NULL,'',NULL,0,0,'Other'),(421,'','',NULL,'',NULL,0,0,'Other'),(422,'','',NULL,'',NULL,0,0,'Other'),(423,'','',NULL,'',NULL,0,0,'Other'),(424,'','',NULL,'',NULL,0,0,'Other'),(425,'','',NULL,'',NULL,0,0,'Other'),(426,'','',NULL,'',NULL,0,0,'Other'),(427,'','',NULL,'',NULL,0,0,'Other'),(428,'','',NULL,'',NULL,0,0,'Other'),(429,'','',NULL,'',NULL,0,0,'Other'),(430,'','',NULL,'',NULL,0,0,'Other'),(431,'','',NULL,'',NULL,0,0,'Other'),(432,'','',NULL,'',NULL,0,0,'Other'),(433,'','',NULL,'',NULL,0,0,'Other'),(434,'','',NULL,'',NULL,0,0,'Other'),(435,'','',NULL,'',NULL,0,0,'Other'),(436,'','',NULL,'',NULL,0,0,'Other'),(437,'','',NULL,'',NULL,0,0,'Other'),(438,'','',NULL,'',NULL,0,0,'Other'),(439,'','',NULL,'',NULL,0,0,'Other'),(440,'','',NULL,'',NULL,0,0,'Other'),(441,'','',NULL,'',NULL,0,0,'Other'),(442,'','',NULL,'',NULL,0,0,'Other'),(443,'','',NULL,'',NULL,0,0,'Other'),(444,'','',NULL,'',NULL,0,0,'Other'),(445,'','',NULL,'',NULL,0,0,'Other'),(446,'','',NULL,'',NULL,0,0,'Other'),(447,'','',NULL,'',NULL,0,0,'Other'),(448,'','',NULL,'',NULL,0,0,'Other'),(449,'','',NULL,'',NULL,0,0,'Other'),(450,'','',NULL,'',NULL,0,0,'Other'),(451,'','',NULL,'',NULL,0,0,'Other'),(452,'','',NULL,'',NULL,0,0,'Other'),(453,'','',NULL,'',NULL,0,0,'Other'),(454,'','',NULL,'',NULL,0,0,'Other'),(455,'','',NULL,'',NULL,0,0,'Other'),(456,'','',NULL,'',NULL,0,0,'Other'),(457,'','',NULL,'',NULL,0,0,'Other'),(458,'','',NULL,'',NULL,0,0,'Other'),(459,'','',NULL,'',NULL,0,0,'Other'),(460,'','',NULL,'',NULL,0,0,'Other'),(461,'','',NULL,'',NULL,0,0,'Other'),(462,'','',NULL,'',NULL,0,0,'Other'),(463,'','',NULL,'',NULL,0,0,'Other'),(464,'','',NULL,'',NULL,0,0,'Other'),(465,'','',NULL,'',NULL,0,0,'Other'),(466,'','',NULL,'',NULL,0,0,'Other'),(467,'','',NULL,'',NULL,0,0,'Other'),(468,'','',NULL,'',NULL,0,0,'Other'),(469,'','',NULL,'',NULL,0,0,'Other'),(470,'','',NULL,'',NULL,0,0,'Other'),(471,'','',NULL,'',NULL,0,0,'Other'),(472,'','',NULL,'',NULL,0,0,'Other'),(473,'','',NULL,'',NULL,0,0,'Other'),(474,'','',NULL,'',NULL,0,0,'Other'),(475,'','',NULL,'',NULL,0,0,'Other'),(476,'','',NULL,'',NULL,0,0,'Other'),(477,'','',NULL,'',NULL,0,0,'Other'),(478,'','',NULL,'',NULL,0,0,'Other'),(479,'','',NULL,'',NULL,0,0,'Other'),(480,'','',NULL,'',NULL,0,0,'Other'),(481,'','',NULL,'',NULL,0,0,'Other'),(482,'','',NULL,'',NULL,0,0,'Other'),(483,'','',NULL,'',NULL,0,0,'Other'),(484,'','',NULL,'',NULL,0,0,'Other'),(485,'','',NULL,'',NULL,0,0,'Other'),(486,'','',NULL,'',NULL,0,0,'Other'),(487,'','',NULL,'',NULL,0,0,'Other'),(488,'','',NULL,'',NULL,0,0,'Other'),(489,'','',NULL,'',NULL,0,0,'Other'),(490,'','',NULL,'',NULL,0,0,'Other'),(491,'','',NULL,'',NULL,0,0,'Other'),(492,'','',NULL,'',NULL,0,0,'Other'),(493,'','',NULL,'',NULL,0,0,'Other'),(494,'','',NULL,'',NULL,0,0,'Other'),(495,'','',NULL,'',NULL,0,0,'Other'),(496,'','',NULL,'',NULL,0,0,'Other'),(497,'','',NULL,'',NULL,0,0,'Other'),(498,'','',NULL,'',NULL,0,0,'Other'),(499,'','',NULL,'',NULL,0,0,'Other'),(500,'','',NULL,'',NULL,0,0,'Other'),(501,'','',NULL,'',NULL,0,0,'Other'),(502,'','',NULL,'',NULL,0,0,'Other'),(503,'','',NULL,'',NULL,0,0,'Other'),(504,'','',NULL,'',NULL,0,0,'Other'),(505,'','',NULL,'',NULL,0,0,'Other'),(506,'','',NULL,'',NULL,0,0,'Other'),(507,'','',NULL,'',NULL,0,0,'Other'),(508,'','',NULL,'',NULL,0,0,'Other'),(509,'','',NULL,'',NULL,0,0,'Other'),(510,'','',NULL,'',NULL,0,0,'Other'),(511,'','',NULL,'',NULL,0,0,'Other'),(512,'','',NULL,'',NULL,0,0,'Other'),(513,'','',NULL,'',NULL,0,0,'Other'),(514,'','',NULL,'',NULL,0,0,'Other'),(515,'','',NULL,'',NULL,0,0,'Other'),(516,'','',NULL,'',NULL,0,0,'Other'),(517,'','',NULL,'',NULL,0,0,'Other'),(518,'','',NULL,'',NULL,0,0,'Other'),(519,'','',NULL,'',NULL,0,0,'Other'),(520,'','',NULL,'',NULL,0,0,'Other'),(521,'','',NULL,'',NULL,0,0,'Other'),(522,'','',NULL,'',NULL,0,0,'Other'),(523,'','',NULL,'',NULL,0,0,'Other'),(524,'','',NULL,'',NULL,0,0,'Other'),(525,'','',NULL,'',NULL,0,0,'Other'),(526,'','',NULL,'',NULL,0,0,'Other'),(527,'','',NULL,'',NULL,0,0,'Other'),(528,'','',NULL,'',NULL,0,0,'Other'),(529,'','',NULL,'',NULL,0,0,'Other'),(530,'','',NULL,'',NULL,0,0,'Other'),(531,'','',NULL,'',NULL,0,0,'Other'),(532,'','',NULL,'',NULL,0,0,'Other'),(533,'','',NULL,'',NULL,0,0,'Other'),(534,'','',NULL,'',NULL,0,0,'Other'),(535,'','',NULL,'',NULL,0,0,'Other'),(536,'','',NULL,'',NULL,0,0,'Other'),(537,'','',NULL,'',NULL,0,0,'Other'),(538,'','',NULL,'',NULL,0,0,'Other'),(539,'','',NULL,'',NULL,0,0,'Other'),(540,'','',NULL,'',NULL,0,0,'Other'),(541,'','',NULL,'',NULL,0,0,'Other'),(542,'','',NULL,'',NULL,0,0,'Other'),(543,'','',NULL,'',NULL,0,0,'Other'),(544,'','',NULL,'',NULL,0,0,'Other'),(545,'','',NULL,'',NULL,0,0,'Other'),(546,'','',NULL,'',NULL,0,0,'Other'),(547,'','',NULL,'',NULL,0,0,'Other'),(548,'','',NULL,'',NULL,0,0,'Other'),(549,'','',NULL,'',NULL,0,0,'Other'),(550,'','',NULL,'',NULL,0,0,'Other'),(551,'','',NULL,'',NULL,0,0,'Other'),(552,'','',NULL,'',NULL,0,0,'Other'),(553,'','',NULL,'',NULL,0,0,'Other'),(554,'','',NULL,'',NULL,0,0,'Other'),(555,'','',NULL,'',NULL,0,0,'Other'),(556,'','',NULL,'',NULL,0,0,'Other'),(557,'','',NULL,'',NULL,0,0,'Other'),(558,'','',NULL,'',NULL,0,0,'Other'),(559,'','',NULL,'',NULL,0,0,'Other'),(560,'','',NULL,'',NULL,0,0,'Other'),(561,'','',NULL,'',NULL,0,0,'Other'),(562,'','',NULL,'',NULL,0,0,'Other'),(563,'','',NULL,'',NULL,0,0,'Other'),(564,'','',NULL,'',NULL,0,0,'Other'),(565,'','',NULL,'',NULL,0,0,'Other'),(566,'','',NULL,'',NULL,0,0,'Other'),(567,'','',NULL,'',NULL,0,0,'Other'),(568,'','',NULL,'',NULL,0,0,'Other'),(569,'','',NULL,'',NULL,0,0,'Other'),(570,'','',NULL,'',NULL,0,0,'Other'),(571,'','',NULL,'',NULL,0,0,'Other'),(572,'','',NULL,'',NULL,0,0,'Other'),(573,'','',NULL,'',NULL,0,0,'Other'),(574,'','',NULL,'',NULL,0,0,'Other'),(575,'','',NULL,'',NULL,0,0,'Other'),(576,'','',NULL,'',NULL,0,0,'Other'),(577,'','',NULL,'',NULL,0,0,'Other'),(578,'','',NULL,'',NULL,0,0,'Other'),(579,'','',NULL,'',NULL,0,0,'Other'),(580,'','',NULL,'',NULL,0,0,'Other'),(581,'','',NULL,'',NULL,0,0,'Other'),(582,'','',NULL,'',NULL,0,0,'Other'),(583,'','',NULL,'',NULL,0,0,'Other'),(584,'','',NULL,'',NULL,0,0,'Other'),(585,'','',NULL,'',NULL,0,0,'Other'),(586,'','',NULL,'',NULL,0,0,'Other'),(587,'','',NULL,'',NULL,0,0,'Other'),(588,'','',NULL,'',NULL,0,0,'Other'),(589,'','',NULL,'',NULL,0,0,'Other'),(590,'','',NULL,'',NULL,0,0,'Other'),(591,'','',NULL,'',NULL,0,0,'Other'),(592,'','',NULL,'',NULL,0,0,'Other'),(593,'','',NULL,'',NULL,0,0,'Other'),(594,'','',NULL,'',NULL,0,0,'Other'),(595,'','',NULL,'',NULL,0,0,'Other'),(596,'','',NULL,'',NULL,0,0,'Other'),(597,'','',NULL,'',NULL,0,0,'Other'),(598,'','',NULL,'',NULL,0,0,'Other'),(599,'','',NULL,'',NULL,0,0,'Other'),(600,'','',NULL,'',NULL,0,0,'Other'),(601,'','',NULL,'',NULL,0,0,'Other'),(602,'','',NULL,'',NULL,0,0,'Other'),(603,'','',NULL,'',NULL,0,0,'Other'),(604,'','',NULL,'',NULL,0,0,'Other'),(605,'','',NULL,'',NULL,0,0,'Other'),(606,'','',NULL,'',NULL,0,0,'Other'),(607,'','',NULL,'',NULL,0,0,'Other'),(608,'','',NULL,'',NULL,0,0,'Other'),(609,'','',NULL,'',NULL,0,0,'Other'),(610,'','',NULL,'',NULL,0,0,'Other'),(611,'','',NULL,'',NULL,0,0,'Other'),(612,'','',NULL,'',NULL,0,0,'Other'),(613,'','',NULL,'',NULL,0,0,'Other'),(614,'','',NULL,'',NULL,0,0,'Other'),(615,'','',NULL,'',NULL,0,0,'Other'),(616,'','',NULL,'',NULL,0,0,'Other'),(617,'','',NULL,'',NULL,0,0,'Other'),(618,'','',NULL,'',NULL,0,0,'Other'),(619,'','',NULL,'',NULL,0,0,'Other'),(620,'','',NULL,'',NULL,0,0,'Other'),(621,'','',NULL,'',NULL,0,0,'Other'),(622,'','',NULL,'',NULL,0,0,'Other'),(623,'','',NULL,'',NULL,0,0,'Other'),(624,'','',NULL,'',NULL,0,0,'Other'),(625,'','',NULL,'',NULL,0,0,'Other'),(626,'','',NULL,'',NULL,0,0,'Other'),(627,'','',NULL,'',NULL,0,0,'Other'),(628,'','',NULL,'',NULL,0,0,'Other'),(629,'','',NULL,'',NULL,0,0,'Other'),(630,'','',NULL,'',NULL,0,0,'Other'),(631,'','',NULL,'',NULL,0,0,'Other'),(632,'','',NULL,'',NULL,0,0,'Other'),(633,'','',NULL,'',NULL,0,0,'Other'),(634,'','',NULL,'',NULL,0,0,'Other'),(635,'','',NULL,'',NULL,0,0,'Other'),(636,'','',NULL,'',NULL,0,0,'Other'),(637,'','',NULL,'',NULL,0,0,'Other'),(638,'','',NULL,'',NULL,0,0,'Other'),(639,'','',NULL,'',NULL,0,0,'Other'),(640,'','',NULL,'',NULL,0,0,'Other'),(641,'','',NULL,'',NULL,0,0,'Other'),(642,'','',NULL,'',NULL,0,0,'Other'),(643,'','',NULL,'',NULL,0,0,'Other'),(644,'','',NULL,'',NULL,0,0,'Other'),(645,'','',NULL,'',NULL,0,0,'Other'),(646,'','',NULL,'',NULL,0,0,'Other'),(647,'','',NULL,'',NULL,0,0,'Other'),(648,'','',NULL,'',NULL,0,0,'Other'),(649,'','',NULL,'',NULL,0,0,'Other'),(650,'','',NULL,'',NULL,0,0,'Other'),(651,'','',NULL,'',NULL,0,0,'Other'),(652,'','',NULL,'',NULL,0,0,'Other'),(653,'','',NULL,'',NULL,0,0,'Other'),(654,'','',NULL,'',NULL,0,0,'Other'),(655,'','',NULL,'',NULL,0,0,'Other'),(656,'','',NULL,'',NULL,0,0,'Other'),(657,'','',NULL,'',NULL,0,0,'Other'),(658,'','',NULL,'',NULL,0,0,'Other'),(659,'','',NULL,'',NULL,0,0,'Other'),(660,'','',NULL,'',NULL,0,0,'Other'),(661,'','',NULL,'',NULL,0,0,'Other'),(662,'','',NULL,'',NULL,0,0,'Other'),(663,'','',NULL,'',NULL,0,0,'Other'),(664,'','',NULL,'',NULL,0,0,'Other'),(665,'','',NULL,'',NULL,0,0,'Other'),(666,'','',NULL,'',NULL,0,0,'Other'),(667,'','',NULL,'',NULL,0,0,'Other'),(668,'','',NULL,'',NULL,0,0,'Other'),(669,'','',NULL,'',NULL,0,0,'Other'),(670,'','',NULL,'',NULL,0,0,'Other'),(671,'','',NULL,'',NULL,0,0,'Other'),(672,'','',NULL,'',NULL,0,0,'Other'),(673,'','',NULL,'',NULL,0,0,'Other'),(674,'','',NULL,'',NULL,0,0,'Other'),(675,'','',NULL,'',NULL,0,0,'Other'),(676,'','',NULL,'',NULL,0,0,'Other'),(677,'','',NULL,'',NULL,0,0,'Other'),(678,'','',NULL,'',NULL,0,0,'Other'),(679,'','',NULL,'',NULL,0,0,'Other'),(680,'','',NULL,'',NULL,0,0,'Other'),(681,'','',NULL,'',NULL,0,0,'Other'),(682,'','',NULL,'',NULL,0,0,'Other'),(683,'','',NULL,'',NULL,0,0,'Other'),(684,'','',NULL,'',NULL,0,0,'Other'),(685,'','',NULL,'',NULL,0,0,'Other'),(686,'','',NULL,'',NULL,0,0,'Other'),(687,'','',NULL,'',NULL,0,0,'Other'),(688,'','',NULL,'',NULL,0,0,'Other'),(689,'','',NULL,'',NULL,0,0,'Other'),(690,'','',NULL,'',NULL,0,0,'Other'),(691,'','',NULL,'',NULL,0,0,'Other'),(692,'','',NULL,'',NULL,0,0,'Other'),(693,'','',NULL,'',NULL,0,0,'Other'),(694,'','',NULL,'',NULL,0,0,'Other'),(695,'','',NULL,'',NULL,0,0,'Other'),(696,'','',NULL,'',NULL,0,0,'Other'),(697,'','',NULL,'',NULL,0,0,'Other'),(698,'','',NULL,'',NULL,0,0,'Other'),(699,'','',NULL,'',NULL,0,0,'Other'),(700,'','',NULL,'',NULL,0,0,'Other'),(701,'','',NULL,'',NULL,0,0,'Other'),(702,'','',NULL,'',NULL,0,0,'Other'),(703,'','',NULL,'',NULL,0,0,'Other'),(704,'','',NULL,'',NULL,0,0,'Other'),(705,'','',NULL,'',NULL,0,0,'Other'),(706,'','',NULL,'',NULL,0,0,'Other'),(707,'','',NULL,'',NULL,0,0,'Other'),(708,'','',NULL,'',NULL,0,0,'Other'),(709,'','',NULL,'',NULL,0,0,'Other'),(710,'','',NULL,'',NULL,0,0,'Other'),(711,'','',NULL,'',NULL,0,0,'Other'),(712,'','',NULL,'',NULL,0,0,'Other'),(713,'','',NULL,'',NULL,0,0,'Other'),(714,'','',NULL,'',NULL,0,0,'Other'),(715,'','',NULL,'',NULL,0,0,'Other'),(716,'','',NULL,'',NULL,0,0,'Other'),(717,'','',NULL,'',NULL,0,0,'Other'),(718,'','',NULL,'',NULL,0,0,'Other'),(719,'','',NULL,'',NULL,0,0,'Other'),(720,'','',NULL,'',NULL,0,0,'Other'),(721,'','',NULL,'',NULL,0,0,'Other'),(722,'','',NULL,'',NULL,0,0,'Other'),(723,'','',NULL,'',NULL,0,0,'Other'),(724,'','',NULL,'',NULL,0,0,'Other'),(725,'','',NULL,'',NULL,0,0,'Other'),(726,'','',NULL,'',NULL,0,0,'Other'),(727,'','',NULL,'',NULL,0,0,'Other'),(728,'','',NULL,'',NULL,0,0,'Other'),(729,'','',NULL,'',NULL,0,0,'Other'),(730,'','',NULL,'',NULL,0,0,'Other'),(731,'','',NULL,'',NULL,0,0,'Other'),(732,'','',NULL,'',NULL,0,0,'Other'),(733,'','',NULL,'',NULL,0,0,'Other'),(734,'','',NULL,'',NULL,0,0,'Other'),(735,'','',NULL,'',NULL,0,0,'Other'),(736,'','',NULL,'',NULL,0,0,'Other'),(737,'','',NULL,'',NULL,0,0,'Other'),(738,'','',NULL,'',NULL,0,0,'Other'),(739,'','',NULL,'',NULL,0,0,'Other'),(740,'','',NULL,'',NULL,0,0,'Other'),(741,'','',NULL,'',NULL,0,0,'Other'),(742,'','',NULL,'',NULL,0,0,'Other'),(743,'','',NULL,'',NULL,0,0,'Other'),(744,'','',NULL,'',NULL,0,0,'Other'),(745,'','',NULL,'',NULL,0,0,'Other'),(746,'','',NULL,'',NULL,0,0,'Other'),(747,'','',NULL,'',NULL,0,0,'Other'),(748,'','',NULL,'',NULL,0,0,'Other'),(749,'','',NULL,'',NULL,0,0,'Other'),(750,'','',NULL,'',NULL,0,0,'Other'),(751,'','',NULL,'',NULL,0,0,'Other'),(752,'','',NULL,'',NULL,0,0,'Other'),(753,'','',NULL,'',NULL,0,0,'Other'),(754,'','',NULL,'',NULL,0,0,'Other'),(755,'','',NULL,'',NULL,0,0,'Other'),(756,'','',NULL,'',NULL,0,0,'Other'),(757,'','',NULL,'',NULL,0,0,'Other'),(758,'','',NULL,'',NULL,0,0,'Other'),(759,'','',NULL,'',NULL,0,0,'Other'),(760,'','',NULL,'',NULL,0,0,'Other'),(761,'','',NULL,'',NULL,0,0,'Other'),(762,'','',NULL,'',NULL,0,0,'Other'),(763,'','',NULL,'',NULL,0,0,'Other'),(764,'','',NULL,'',NULL,0,0,'Other'),(765,'','',NULL,'',NULL,0,0,'Other'),(766,'','',NULL,'',NULL,0,0,'Other'),(767,'','',NULL,'',NULL,0,0,'Other'),(768,'','',NULL,'',NULL,0,0,'Other'),(769,'','',NULL,'',NULL,0,0,'Other'),(770,'','',NULL,'',NULL,0,0,'Other'),(771,'','',NULL,'',NULL,0,0,'Other'),(772,'','',NULL,'',NULL,0,0,'Other'),(773,'','',NULL,'',NULL,0,0,'Other'),(774,'','',NULL,'',NULL,0,0,'Other'),(775,'','',NULL,'',NULL,0,0,'Other'),(776,'','',NULL,'',NULL,0,0,'Other'),(777,'','',NULL,'',NULL,0,0,'Other'),(778,'','',NULL,'',NULL,0,0,'Other'),(779,'','',NULL,'',NULL,0,0,'Other'),(780,'','',NULL,'',NULL,0,0,'Other'),(781,'','',NULL,'',NULL,0,0,'Other'),(782,'','',NULL,'',NULL,0,0,'Other'),(783,'','',NULL,'',NULL,0,0,'Other'),(784,'','',NULL,'',NULL,0,0,'Other'),(785,'','',NULL,'',NULL,0,0,'Other'),(786,'','',NULL,'',NULL,0,0,'Other'),(787,'','',NULL,'',NULL,0,0,'Other'),(788,'','',NULL,'',NULL,0,0,'Other'),(789,'','',NULL,'',NULL,0,0,'Other'),(790,'','',NULL,'',NULL,0,0,'Other'),(791,'','',NULL,'',NULL,0,0,'Other'),(792,'','',NULL,'',NULL,0,0,'Other'),(793,'','',NULL,'',NULL,0,0,'Other'),(794,'','',NULL,'',NULL,0,0,'Other'),(795,'','',NULL,'',NULL,0,0,'Other'),(796,'','',NULL,'',NULL,0,0,'Other'),(797,'','',NULL,'',NULL,0,0,'Other'),(798,'','',NULL,'',NULL,0,0,'Other'),(799,'','',NULL,'',NULL,0,0,'Other'),(800,'','',NULL,'',NULL,0,0,'Other'),(801,'','',NULL,'',NULL,0,0,'Other'),(802,'','',NULL,'',NULL,0,0,'Other'),(803,'','',NULL,'',NULL,0,0,'Other'),(804,'','',NULL,'',NULL,0,0,'Other'),(805,'','',NULL,'',NULL,0,0,'Other'),(806,'','',NULL,'',NULL,0,0,'Other'),(807,'','',NULL,'',NULL,0,0,'Other'),(808,'','',NULL,'',NULL,0,0,'Other'),(809,'','',NULL,'',NULL,0,0,'Other'),(810,'','',NULL,'',NULL,0,0,'Other'),(811,'','',NULL,'',NULL,0,0,'Other'),(812,'','',NULL,'',NULL,0,0,'Other'),(813,'','',NULL,'',NULL,0,0,'Other'),(814,'','',NULL,'',NULL,0,0,'Other'),(815,'','',NULL,'',NULL,0,0,'Other'),(816,'','',NULL,'',NULL,0,0,'Other'),(817,'','',NULL,'',NULL,0,0,'Other'),(818,'','',NULL,'',NULL,0,0,'Other'),(819,'','',NULL,'',NULL,0,0,'Other'),(820,'','',NULL,'',NULL,0,0,'Other'),(821,'','',NULL,'',NULL,0,0,'Other'),(822,'','',NULL,'',NULL,0,0,'Other'),(823,'','',NULL,'',NULL,0,0,'Other'),(824,'','',NULL,'',NULL,0,0,'Other'),(825,'','',NULL,'',NULL,0,0,'Other'),(826,'','',NULL,'',NULL,0,0,'Other'),(827,'','',NULL,'',NULL,0,0,'Other'),(828,'','',NULL,'',NULL,0,0,'Other'),(829,'','',NULL,'',NULL,0,0,'Other'),(830,'','',NULL,'',NULL,0,0,'Other'),(831,'','',NULL,'',NULL,0,0,'Other'),(832,'','',NULL,'',NULL,0,0,'Other'),(833,'','',NULL,'',NULL,0,0,'Other'),(834,'','',NULL,'',NULL,0,0,'Other'),(835,'','',NULL,'',NULL,0,0,'Other'),(836,'','',NULL,'',NULL,0,0,'Other'),(837,'','',NULL,'',NULL,0,0,'Other'),(838,'','',NULL,'',NULL,0,0,'Other'),(839,'','',NULL,'',NULL,0,0,'Other'),(840,'','',NULL,'',NULL,0,0,'Other'),(841,'','',NULL,'',NULL,0,0,'Other'),(842,'','',NULL,'',NULL,0,0,'Other'),(843,'','',NULL,'',NULL,0,0,'Other'),(844,'','',NULL,'',NULL,0,0,'Other'),(845,'','',NULL,'',NULL,0,0,'Other'),(846,'','',NULL,'',NULL,0,0,'Other'),(847,'','',NULL,'',NULL,0,0,'Other'),(848,'','',NULL,'',NULL,0,0,'Other'),(849,'','',NULL,'',NULL,0,0,'Other'),(850,'','',NULL,'',NULL,0,0,'Other'),(851,'','',NULL,'',NULL,0,0,'Other'),(852,'','',NULL,'',NULL,0,0,'Other'),(853,'','',NULL,'',NULL,0,0,'Other'),(854,'','',NULL,'',NULL,0,0,'Other'),(855,'','',NULL,'',NULL,0,0,'Other'),(856,'','',NULL,'',NULL,0,0,'Other'),(857,'','',NULL,'',NULL,0,0,'Other'),(858,'','',NULL,'',NULL,0,0,'Other'),(859,'','',NULL,'',NULL,0,0,'Other'),(860,'','',NULL,'',NULL,0,0,'Other'),(861,'','',NULL,'',NULL,0,0,'Other'),(862,'','',NULL,'',NULL,0,0,'Other'),(863,'','',NULL,'',NULL,0,0,'Other'),(864,'','',NULL,'',NULL,0,0,'Other'),(865,'','',NULL,'',NULL,0,0,'Other'),(866,'','',NULL,'',NULL,0,0,'Other'),(867,'','',NULL,'',NULL,0,0,'Other'),(868,'','',NULL,'',NULL,0,0,'Other'),(869,'','',NULL,'',NULL,0,0,'Other'),(870,'','',NULL,'',NULL,0,0,'Other'),(871,'','',NULL,'',NULL,0,0,'Other'),(872,'','',NULL,'',NULL,0,0,'Other'),(873,'','',NULL,'',NULL,0,0,'Other'),(874,'','',NULL,'',NULL,0,0,'Other'),(875,'','',NULL,'',NULL,0,0,'Other'),(876,'','',NULL,'',NULL,0,0,'Other'),(877,'','',NULL,'',NULL,0,0,'Other'),(878,'','',NULL,'',NULL,0,0,'Other'),(879,'','',NULL,'',NULL,0,0,'Other'),(880,'','',NULL,'',NULL,0,0,'Other'),(881,'','',NULL,'',NULL,0,0,'Other'),(882,'','',NULL,'',NULL,0,0,'Other'),(883,'','',NULL,'',NULL,0,0,'Other'),(884,'','',NULL,'',NULL,0,0,'Other'),(885,'','',NULL,'',NULL,0,0,'Other'),(886,'','',NULL,'',NULL,0,0,'Other'),(887,'','',NULL,'',NULL,0,0,'Other'),(888,'','',NULL,'',NULL,0,0,'Other'),(889,'','',NULL,'',NULL,0,0,'Other'),(890,'','',NULL,'',NULL,0,0,'Other'),(891,'','',NULL,'',NULL,0,0,'Other'),(892,'','',NULL,'',NULL,0,0,'Other'),(893,'','',NULL,'',NULL,0,0,'Other'),(894,'','',NULL,'',NULL,0,0,'Other'),(895,'','',NULL,'',NULL,0,0,'Other'),(896,'','',NULL,'',NULL,0,0,'Other'),(897,'','',NULL,'',NULL,0,0,'Other'),(898,'','',NULL,'',NULL,0,0,'Other'),(899,'','',NULL,'',NULL,0,0,'Other'),(900,'','',NULL,'',NULL,0,0,'Other'),(901,'','',NULL,'',NULL,0,0,'Other'),(902,'','',NULL,'',NULL,0,0,'Other'),(903,'','',NULL,'',NULL,0,0,'Other'),(904,'','',NULL,'',NULL,0,0,'Other'),(905,'','',NULL,'',NULL,0,0,'Other'),(906,'','',NULL,'',NULL,0,0,'Other'),(907,'','',NULL,'',NULL,0,0,'Other'),(908,'','',NULL,'',NULL,0,0,'Other'),(909,'','',NULL,'',NULL,0,0,'Other'),(910,'','',NULL,'',NULL,0,0,'Other'),(911,'','',NULL,'',NULL,0,0,'Other'),(912,'','',NULL,'',NULL,0,0,'Other'),(913,'','',NULL,'',NULL,0,0,'Other'),(914,'','',NULL,'',NULL,0,0,'Other'),(915,'','',NULL,'',NULL,0,0,'Other'),(916,'','',NULL,'',NULL,0,0,'Other'),(917,'','',NULL,'',NULL,0,0,'Other'),(918,'','',NULL,'',NULL,0,0,'Other'),(919,'','',NULL,'',NULL,0,0,'Other'),(920,'','',NULL,'',NULL,0,0,'Other'),(921,'','',NULL,'',NULL,0,0,'Other'),(922,'','',NULL,'',NULL,0,0,'Other'),(923,'','',NULL,'',NULL,0,0,'Other'),(924,'','',NULL,'',NULL,0,0,'Other'),(925,'','',NULL,'',NULL,0,0,'Other'),(926,'','',NULL,'',NULL,0,0,'Other'),(927,'','',NULL,'',NULL,0,0,'Other'),(928,'','',NULL,'',NULL,0,0,'Other'),(929,'','',NULL,'',NULL,0,0,'Other'),(930,'','',NULL,'',NULL,0,0,'Other'),(931,'','',NULL,'',NULL,0,0,'Other'),(932,'','',NULL,'',NULL,0,0,'Other'),(933,'','',NULL,'',NULL,0,0,'Other'),(934,'','',NULL,'',NULL,0,0,'Other'),(935,'','',NULL,'',NULL,0,0,'Other'),(936,'','',NULL,'',NULL,0,0,'Other'),(937,'','',NULL,'',NULL,0,0,'Other'),(938,'','',NULL,'',NULL,0,0,'Other'),(939,'','',NULL,'',NULL,0,0,'Other'),(940,'','',NULL,'',NULL,0,0,'Other'),(941,'','',NULL,'',NULL,0,0,'Other'),(942,'','',NULL,'',NULL,0,0,'Other'),(943,'','',NULL,'',NULL,0,0,'Other'),(944,'','',NULL,'',NULL,0,0,'Other'),(945,'','',NULL,'',NULL,0,0,'Other'),(946,'','',NULL,'',NULL,0,0,'Other'),(947,'','',NULL,'',NULL,0,0,'Other'),(948,'','',NULL,'',NULL,0,0,'Other'),(949,'','',NULL,'',NULL,0,0,'Other'),(950,'','',NULL,'',NULL,0,0,'Other'),(951,'','',NULL,'',NULL,0,0,'Other'),(952,'','',NULL,'',NULL,0,0,'Other'),(953,'','',NULL,'',NULL,0,0,'Other'),(954,'','',NULL,'',NULL,0,0,'Other'),(955,'','',NULL,'',NULL,0,0,'Other'),(956,'','',NULL,'',NULL,0,0,'Other'),(957,'','',NULL,'',NULL,0,0,'Other'),(958,'','',NULL,'',NULL,0,0,'Other'),(959,'','',NULL,'',NULL,0,0,'Other'),(960,'','',NULL,'',NULL,0,0,'Other'),(961,'','',NULL,'',NULL,0,0,'Other'),(962,'','',NULL,'',NULL,0,0,'Other'),(963,'','',NULL,'',NULL,0,0,'Other'),(964,'','',NULL,'',NULL,0,0,'Other'),(965,'','',NULL,'',NULL,0,0,'Other'),(966,'','',NULL,'',NULL,0,0,'Other'),(967,'','',NULL,'',NULL,0,0,'Other'),(968,'','',NULL,'',NULL,0,0,'Other'),(969,'','',NULL,'',NULL,0,0,'Other'),(970,'','',NULL,'',NULL,0,0,'Other'),(971,'','',NULL,'',NULL,0,0,'Other'),(972,'','',NULL,'',NULL,0,0,'Other'),(973,'','',NULL,'',NULL,0,0,'Other'),(974,'','',NULL,'',NULL,0,0,'Other'),(975,'','',NULL,'',NULL,0,0,'Other'),(976,'','',NULL,'',NULL,0,0,'Other'),(977,'','',NULL,'',NULL,0,0,'Other'),(978,'','',NULL,'',NULL,0,0,'Other'),(979,'','',NULL,'',NULL,0,0,'Other'),(980,'','',NULL,'',NULL,0,0,'Other'),(981,'','',NULL,'',NULL,0,0,'Other'),(982,'','',NULL,'',NULL,0,0,'Other'),(983,'','',NULL,'',NULL,0,0,'Other'),(984,'','',NULL,'',NULL,0,0,'Other'),(985,'','',NULL,'',NULL,0,0,'Other'),(986,'','',NULL,'',NULL,0,0,'Other'),(987,'','',NULL,'',NULL,0,0,'Other'),(988,'','',NULL,'',NULL,0,0,'Other'),(989,'','',NULL,'',NULL,0,0,'Other'),(990,'','',NULL,'',NULL,0,0,'Other'),(991,'','',NULL,'',NULL,0,0,'Other'),(992,'','',NULL,'',NULL,0,0,'Other'),(993,'','',NULL,'',NULL,0,0,'Other'),(994,'','',NULL,'',NULL,0,0,'Other'),(995,'','',NULL,'',NULL,0,0,'Other'),(996,'','',NULL,'',NULL,0,0,'Other'),(997,'','',NULL,'',NULL,0,0,'Other'),(998,'','',NULL,'',NULL,0,0,'Other'),(999,'','',NULL,'',NULL,0,0,'Other'),(1000,'','',NULL,'',NULL,0,0,'Other'),(1001,'','',NULL,'',NULL,0,0,'Other'),(1002,'','',NULL,'',NULL,0,0,'Other'),(1003,'','',NULL,'',NULL,0,0,'Other'),(1004,'','',NULL,'',NULL,0,0,'Other'),(1005,'','',NULL,'',NULL,0,0,'Other'),(1006,'','',NULL,'',NULL,0,0,'Other'),(1007,'','',NULL,'',NULL,0,0,'Other'),(1008,'','',NULL,'',NULL,0,0,'Other'),(1009,'','',NULL,'',NULL,0,0,'Other'),(1010,'','',NULL,'',NULL,0,0,'Other'),(1011,'','',NULL,'',NULL,0,0,'Other'),(1012,'','',NULL,'',NULL,0,0,'Other'),(1013,'','',NULL,'',NULL,0,0,'Other'),(1014,'','',NULL,'',NULL,0,0,'Other'),(1015,'','',NULL,'',NULL,0,0,'Other'),(1016,'','',NULL,'',NULL,0,0,'Other'),(1017,'','',NULL,'',NULL,0,0,'Other'),(1018,'','',NULL,'',NULL,0,0,'Other'),(1019,'','',NULL,'',NULL,0,0,'Other'),(1020,'','',NULL,'',NULL,0,0,'Other'),(1021,'','',NULL,'',NULL,0,0,'Other'),(1022,'','',NULL,'',NULL,0,0,'Other'),(1023,'','',NULL,'',NULL,0,0,'Other'),(1024,'','',NULL,'',NULL,0,0,'Other'),(1025,'','',NULL,'',NULL,0,0,'Other'),(1026,'','',NULL,'',NULL,0,0,'Other'),(1027,'','',NULL,'',NULL,0,0,'Other'),(1028,'','',NULL,'',NULL,0,0,'Other'),(1029,'','',NULL,'',NULL,0,0,'Other'),(1030,'','',NULL,'',NULL,0,0,'Other'),(1031,'','',NULL,'',NULL,0,0,'Other'),(1032,'','',NULL,'',NULL,0,0,'Other'),(1033,'','',NULL,'',NULL,0,0,'Other'),(1034,'','',NULL,'',NULL,0,0,'Other'),(1035,'','',NULL,'',NULL,0,0,'Other'),(1036,'','',NULL,'',NULL,0,0,'Other'),(1037,'','',NULL,'',NULL,0,0,'Other'),(1038,'','',NULL,'',NULL,0,0,'Other'),(1039,'','',NULL,'',NULL,0,0,'Other'),(1040,'','',NULL,'',NULL,0,0,'Other'),(1041,'','',NULL,'',NULL,0,0,'Other'),(1042,'','',NULL,'',NULL,0,0,'Other'),(1043,'','',NULL,'',NULL,0,0,'Other'),(1044,'','',NULL,'',NULL,0,0,'Other'),(1045,'','',NULL,'',NULL,0,0,'Other'),(1046,'','',NULL,'',NULL,0,0,'Other'),(1047,'','',NULL,'',NULL,0,0,'Other'),(1048,'','',NULL,'',NULL,0,0,'Other'),(1049,'','',NULL,'',NULL,0,0,'Other'),(1050,'','',NULL,'',NULL,0,0,'Other'),(1051,'','',NULL,'',NULL,0,0,'Other'),(1052,'','',NULL,'',NULL,0,0,'Other'),(1053,'','',NULL,'',NULL,0,0,'Other'),(1054,'','',NULL,'',NULL,0,0,'Other'),(1055,'','',NULL,'',NULL,0,0,'Other'),(1056,'','',NULL,'',NULL,0,0,'Other'),(1057,'','',NULL,'',NULL,0,0,'Other'),(1058,'','',NULL,'',NULL,0,0,'Other'),(1074,'','',NULL,'',NULL,0,0,'Conference'),(1076,NULL,NULL,NULL,NULL,NULL,0,0,''),(1078,NULL,NULL,NULL,NULL,NULL,0,0,'Other'),(1079,NULL,NULL,NULL,NULL,NULL,0,0,''),(1082,NULL,NULL,NULL,NULL,NULL,0,0,''),(1091,NULL,NULL,NULL,NULL,NULL,0,0,''),(1094,NULL,NULL,NULL,NULL,NULL,0,0,''),(1095,NULL,NULL,NULL,NULL,NULL,0,0,''),(1098,NULL,NULL,NULL,NULL,NULL,0,0,''),(1105,NULL,NULL,NULL,NULL,NULL,0,0,''),(1107,NULL,NULL,NULL,NULL,NULL,0,0,''),(1109,NULL,NULL,NULL,NULL,NULL,0,0,''),(1111,NULL,NULL,NULL,NULL,NULL,0,0,''),(1117,NULL,NULL,NULL,NULL,NULL,0,0,''),(1121,NULL,NULL,NULL,NULL,NULL,0,0,''),(1123,NULL,NULL,NULL,NULL,NULL,0,0,''),(1146,NULL,NULL,NULL,NULL,NULL,0,0,''),(1147,NULL,NULL,NULL,NULL,NULL,0,0,''),(1148,NULL,NULL,NULL,NULL,NULL,0,0,'Sitio Web'),(1149,NULL,NULL,NULL,NULL,NULL,0,0,''),(1150,NULL,NULL,NULL,NULL,NULL,0,0,''),(1151,NULL,NULL,NULL,NULL,NULL,0,0,''),(1152,NULL,NULL,NULL,NULL,NULL,0,0,''),(1153,NULL,NULL,NULL,NULL,NULL,0,0,'Sitio Web'),(1154,NULL,NULL,NULL,NULL,NULL,0,0,''),(1155,NULL,NULL,NULL,NULL,NULL,0,0,''),(1156,NULL,NULL,NULL,NULL,NULL,0,0,'Web Site'),(1157,NULL,NULL,NULL,NULL,NULL,0,0,'Sitio Web'),(1158,NULL,NULL,NULL,NULL,NULL,0,0,'Sitio Web'),(1159,NULL,NULL,NULL,NULL,NULL,0,0,'Sitio Web');
/*!40000 ALTER TABLE `vtiger_contactsubdetails` ENABLE KEYS */;
UNLOCK TABLES;

--
-- Table structure for table `vtiger_contpotentialrel`
--

DROP TABLE IF EXISTS `vtiger_contpotentialrel`;
/*!40101 SET @saved_cs_client     = @@character_set_client */;
/*!40101 SET character_set_client = utf8 */;
CREATE TABLE `vtiger_contpotentialrel` (
  `contactid` int(19) NOT NULL DEFAULT '0',
  `potentialid` int(19) NOT NULL DEFAULT '0',
  PRIMARY KEY (`contactid`,`potentialid`),
  KEY `contpotentialrel_potentialid_idx` (`potentialid`),
  KEY `contpotentialrel_contactid_idx` (`contactid`),
  CONSTRAINT `fk_2_vtiger_contpotentialrel` FOREIGN KEY (`potentialid`) REFERENCES `vtiger_potential` (`potentialid`) ON DELETE CASCADE
) ENGINE=InnoDB DEFAULT CHARSET=utf8;
/*!40101 SET character_set_client = @saved_cs_client */;

--
-- Dumping data for table `vtiger_contpotentialrel`
--

LOCK TABLES `vtiger_contpotentialrel` WRITE;
/*!40000 ALTER TABLE `vtiger_contpotentialrel` DISABLE KEYS */;
/*!40000 ALTER TABLE `vtiger_contpotentialrel` ENABLE KEYS */;
UNLOCK TABLES;

--
-- Table structure for table `vtiger_contract_priority`
--

DROP TABLE IF EXISTS `vtiger_contract_priority`;
/*!40101 SET @saved_cs_client     = @@character_set_client */;
/*!40101 SET character_set_client = utf8 */;
CREATE TABLE `vtiger_contract_priority` (
  `contract_priorityid` int(11) NOT NULL AUTO_INCREMENT,
  `contract_priority` varchar(200) NOT NULL,
  `presence` int(1) NOT NULL DEFAULT '1',
  `picklist_valueid` int(11) NOT NULL DEFAULT '0',
  `sortorderid` int(11) DEFAULT '0',
  `color` varchar(10) DEFAULT NULL,
  PRIMARY KEY (`contract_priorityid`)
) ENGINE=InnoDB AUTO_INCREMENT=4 DEFAULT CHARSET=utf8;
/*!40101 SET character_set_client = @saved_cs_client */;

--
-- Dumping data for table `vtiger_contract_priority`
--

LOCK TABLES `vtiger_contract_priority` WRITE;
/*!40000 ALTER TABLE `vtiger_contract_priority` DISABLE KEYS */;
INSERT INTO `vtiger_contract_priority` VALUES (1,'Low',1,229,1,NULL),(2,'Normal',1,230,2,NULL),(3,'High',1,231,3,NULL);
/*!40000 ALTER TABLE `vtiger_contract_priority` ENABLE KEYS */;
UNLOCK TABLES;

--
-- Table structure for table `vtiger_contract_priority_seq`
--

DROP TABLE IF EXISTS `vtiger_contract_priority_seq`;
/*!40101 SET @saved_cs_client     = @@character_set_client */;
/*!40101 SET character_set_client = utf8 */;
CREATE TABLE `vtiger_contract_priority_seq` (
  `id` int(11) NOT NULL
) ENGINE=InnoDB DEFAULT CHARSET=utf8;
/*!40101 SET character_set_client = @saved_cs_client */;

--
-- Dumping data for table `vtiger_contract_priority_seq`
--

LOCK TABLES `vtiger_contract_priority_seq` WRITE;
/*!40000 ALTER TABLE `vtiger_contract_priority_seq` DISABLE KEYS */;
INSERT INTO `vtiger_contract_priority_seq` VALUES (3);
/*!40000 ALTER TABLE `vtiger_contract_priority_seq` ENABLE KEYS */;
UNLOCK TABLES;

--
-- Table structure for table `vtiger_contract_status`
--

DROP TABLE IF EXISTS `vtiger_contract_status`;
/*!40101 SET @saved_cs_client     = @@character_set_client */;
/*!40101 SET character_set_client = utf8 */;
CREATE TABLE `vtiger_contract_status` (
  `contract_statusid` int(11) NOT NULL AUTO_INCREMENT,
  `contract_status` varchar(200) NOT NULL,
  `presence` int(1) NOT NULL DEFAULT '1',
  `picklist_valueid` int(11) NOT NULL DEFAULT '0',
  `sortorderid` int(11) DEFAULT '0',
  `color` varchar(10) DEFAULT NULL,
  PRIMARY KEY (`contract_statusid`)
) ENGINE=InnoDB AUTO_INCREMENT=7 DEFAULT CHARSET=utf8;
/*!40101 SET character_set_client = @saved_cs_client */;

--
-- Dumping data for table `vtiger_contract_status`
--

LOCK TABLES `vtiger_contract_status` WRITE;
/*!40000 ALTER TABLE `vtiger_contract_status` DISABLE KEYS */;
INSERT INTO `vtiger_contract_status` VALUES (1,'Undefined',1,223,1,NULL),(2,'In Planning',1,224,2,NULL),(3,'In Progress',1,225,3,NULL),(4,'On Hold',1,226,4,NULL),(5,'Complete',0,227,5,NULL),(6,'Archived',1,228,6,NULL);
/*!40000 ALTER TABLE `vtiger_contract_status` ENABLE KEYS */;
UNLOCK TABLES;

--
-- Table structure for table `vtiger_contract_status_seq`
--

DROP TABLE IF EXISTS `vtiger_contract_status_seq`;
/*!40101 SET @saved_cs_client     = @@character_set_client */;
/*!40101 SET character_set_client = utf8 */;
CREATE TABLE `vtiger_contract_status_seq` (
  `id` int(11) NOT NULL
) ENGINE=InnoDB DEFAULT CHARSET=utf8;
/*!40101 SET character_set_client = @saved_cs_client */;

--
-- Dumping data for table `vtiger_contract_status_seq`
--

LOCK TABLES `vtiger_contract_status_seq` WRITE;
/*!40000 ALTER TABLE `vtiger_contract_status_seq` DISABLE KEYS */;
INSERT INTO `vtiger_contract_status_seq` VALUES (6);
/*!40000 ALTER TABLE `vtiger_contract_status_seq` ENABLE KEYS */;
UNLOCK TABLES;

--
-- Table structure for table `vtiger_contract_type`
--

DROP TABLE IF EXISTS `vtiger_contract_type`;
/*!40101 SET @saved_cs_client     = @@character_set_client */;
/*!40101 SET character_set_client = utf8 */;
CREATE TABLE `vtiger_contract_type` (
  `contract_typeid` int(11) NOT NULL AUTO_INCREMENT,
  `contract_type` varchar(200) NOT NULL,
  `presence` int(1) NOT NULL DEFAULT '1',
  `picklist_valueid` int(11) NOT NULL DEFAULT '0',
  `sortorderid` int(11) DEFAULT '0',
  `color` varchar(10) DEFAULT NULL,
  PRIMARY KEY (`contract_typeid`)
) ENGINE=InnoDB AUTO_INCREMENT=4 DEFAULT CHARSET=utf8;
/*!40101 SET character_set_client = @saved_cs_client */;

--
-- Dumping data for table `vtiger_contract_type`
--

LOCK TABLES `vtiger_contract_type` WRITE;
/*!40000 ALTER TABLE `vtiger_contract_type` DISABLE KEYS */;
INSERT INTO `vtiger_contract_type` VALUES (1,'Support',1,232,1,NULL),(2,'Services',1,233,2,NULL),(3,'Administrative',1,234,3,NULL);
/*!40000 ALTER TABLE `vtiger_contract_type` ENABLE KEYS */;
UNLOCK TABLES;

--
-- Table structure for table `vtiger_contract_type_seq`
--

DROP TABLE IF EXISTS `vtiger_contract_type_seq`;
/*!40101 SET @saved_cs_client     = @@character_set_client */;
/*!40101 SET character_set_client = utf8 */;
CREATE TABLE `vtiger_contract_type_seq` (
  `id` int(11) NOT NULL
) ENGINE=InnoDB DEFAULT CHARSET=utf8;
/*!40101 SET character_set_client = @saved_cs_client */;

--
-- Dumping data for table `vtiger_contract_type_seq`
--

LOCK TABLES `vtiger_contract_type_seq` WRITE;
/*!40000 ALTER TABLE `vtiger_contract_type_seq` DISABLE KEYS */;
INSERT INTO `vtiger_contract_type_seq` VALUES (3);
/*!40000 ALTER TABLE `vtiger_contract_type_seq` ENABLE KEYS */;
UNLOCK TABLES;

--
-- Table structure for table `vtiger_convertleadmapping`
--

DROP TABLE IF EXISTS `vtiger_convertleadmapping`;
/*!40101 SET @saved_cs_client     = @@character_set_client */;
/*!40101 SET character_set_client = utf8 */;
CREATE TABLE `vtiger_convertleadmapping` (
  `cfmid` int(19) NOT NULL AUTO_INCREMENT,
  `leadfid` int(19) NOT NULL,
  `accountfid` int(19) DEFAULT NULL,
  `contactfid` int(19) DEFAULT NULL,
  `potentialfid` int(19) DEFAULT NULL,
  `editable` int(19) DEFAULT '1',
  PRIMARY KEY (`cfmid`)
) ENGINE=InnoDB AUTO_INCREMENT=31 DEFAULT CHARSET=utf8;
/*!40101 SET character_set_client = @saved_cs_client */;

--
-- Dumping data for table `vtiger_convertleadmapping`
--

LOCK TABLES `vtiger_convertleadmapping` WRITE;
/*!40000 ALTER TABLE `vtiger_convertleadmapping` DISABLE KEYS */;
INSERT INTO `vtiger_convertleadmapping` VALUES (1,43,1,0,110,0),(2,49,14,0,0,1),(3,40,3,69,0,1),(4,44,5,77,0,1),(5,52,13,0,0,1),(6,46,9,80,0,0),(7,48,4,0,0,1),(8,61,26,98,0,1),(9,60,30,0,0,1),(10,62,32,104,0,1),(11,63,28,100,0,1),(12,59,24,96,0,1),(13,64,34,106,0,1),(14,61,27,0,0,1),(15,60,31,0,0,1),(16,62,33,0,0,1),(17,63,29,0,0,1),(18,59,25,0,0,1),(19,64,35,0,0,1),(20,65,36,109,125,1),(21,37,0,66,0,1),(22,38,0,67,0,0),(23,41,0,70,0,0),(24,42,0,71,0,1),(25,45,0,76,0,1),(26,55,0,83,0,1),(27,47,0,74,117,1),(28,50,0,0,0,1),(29,53,10,0,0,1),(30,51,17,0,0,1);
/*!40000 ALTER TABLE `vtiger_convertleadmapping` ENABLE KEYS */;
UNLOCK TABLES;

--
-- Table structure for table `vtiger_convertpotentialmapping`
--

DROP TABLE IF EXISTS `vtiger_convertpotentialmapping`;
/*!40101 SET @saved_cs_client     = @@character_set_client */;
/*!40101 SET character_set_client = utf8 */;
CREATE TABLE `vtiger_convertpotentialmapping` (
  `cfmid` int(19) NOT NULL AUTO_INCREMENT,
  `potentialfid` int(19) NOT NULL,
  `projectfid` int(19) DEFAULT NULL,
  `editable` int(11) DEFAULT '1',
  PRIMARY KEY (`cfmid`)
) ENGINE=InnoDB AUTO_INCREMENT=3 DEFAULT CHARSET=utf8;
/*!40101 SET character_set_client = @saved_cs_client */;

--
-- Dumping data for table `vtiger_convertpotentialmapping`
--

LOCK TABLES `vtiger_convertpotentialmapping` WRITE;
/*!40000 ALTER TABLE `vtiger_convertpotentialmapping` DISABLE KEYS */;
INSERT INTO `vtiger_convertpotentialmapping` VALUES (1,110,619,NULL),(2,125,635,NULL);
/*!40000 ALTER TABLE `vtiger_convertpotentialmapping` ENABLE KEYS */;
UNLOCK TABLES;

--
-- Table structure for table `vtiger_crmentity`
--

DROP TABLE IF EXISTS `vtiger_crmentity`;
/*!40101 SET @saved_cs_client     = @@character_set_client */;
/*!40101 SET character_set_client = utf8 */;
CREATE TABLE `vtiger_crmentity` (
  `crmid` int(19) NOT NULL,
  `smcreatorid` int(19) NOT NULL DEFAULT '0',
  `smownerid` int(19) NOT NULL DEFAULT '0',
  `modifiedby` int(19) NOT NULL DEFAULT '0',
  `setype` varchar(100) DEFAULT NULL,
  `description` mediumtext,
  `createdtime` datetime NOT NULL,
  `modifiedtime` datetime NOT NULL,
  `viewedtime` datetime DEFAULT NULL,
  `status` varchar(50) DEFAULT NULL,
  `version` int(19) NOT NULL DEFAULT '0',
  `presence` int(1) DEFAULT '1',
  `deleted` int(1) NOT NULL DEFAULT '0',
  `smgroupid` int(19) DEFAULT NULL,
  `source` varchar(100) DEFAULT NULL,
  `label` varchar(255) DEFAULT NULL,
  PRIMARY KEY (`crmid`),
  KEY `crmentity_smcreatorid_idx` (`smcreatorid`),
  KEY `crmentity_modifiedby_idx` (`modifiedby`),
  KEY `crmentity_deleted_idx` (`deleted`),
  KEY `crm_ownerid_del_setype_idx` (`smownerid`,`deleted`,`setype`),
  KEY `vtiger_crmentity_labelidx` (`label`)
) ENGINE=InnoDB DEFAULT CHARSET=utf8;
/*!40101 SET character_set_client = @saved_cs_client */;

--
-- Dumping data for table `vtiger_crmentity`
--

LOCK TABLES `vtiger_crmentity` WRITE;
/*!40000 ALTER TABLE `vtiger_crmentity` DISABLE KEYS */;
INSERT INTO `vtiger_crmentity` VALUES (5,1,1,1,'Contacts','','2021-08-21 17:43:15','2022-01-25 23:19:28',NULL,NULL,0,1,1,0,'WEBFORM','Wladimir Diaz'),(6,1,1,1,'Contacts','','2021-08-21 17:43:19','2022-01-25 23:19:28',NULL,NULL,0,1,1,0,'WEBFORM',' Sears'),(7,1,1,1,'Leads','','2021-08-21 17:45:52','2021-08-26 21:24:50',NULL,NULL,0,1,1,0,'WEBFORM',' Duque'),(8,1,1,1,'Leads','','2021-08-21 17:46:02','2022-01-25 23:18:52',NULL,NULL,0,1,1,0,'WEBFORM',' Wladimir Diaz2'),(9,1,1,1,'Accounts','','2021-09-09 14:10:27','2021-09-09 14:10:27',NULL,NULL,0,1,0,0,'CRM','LA 14'),(10,1,1,1,'Contacts','','2021-11-25 20:28:55','2022-01-25 23:19:28',NULL,NULL,0,1,1,0,'CRM','victor prueba prueba'),(11,1,1,1,'Leads','','2021-11-26 01:24:59','2022-01-25 23:18:52',NULL,NULL,0,1,1,0,'CRM',' torvic'),(12,1,1,1,'Contacts','','2021-11-26 01:36:03','2022-01-25 23:19:28',NULL,NULL,0,1,1,0,'CRM',' Diaz eee'),(13,1,1,0,'Users Image','','2022-01-21 20:40:50','2022-01-21 20:40:50',NULL,NULL,0,1,0,NULL,NULL,NULL),(14,1,1,1,'Products','Alfahidroxicidos y colgeno, que reparan tu piel.','2022-01-21 21:34:00','2022-05-13 01:10:53',NULL,NULL,0,1,0,0,'CRM','Srum Intensivo de la Noche'),(15,1,1,1,'Products','Ilumina y previene los signos del envejecimiento.','2022-01-21 21:34:38','2022-05-13 01:10:35',NULL,NULL,0,1,0,0,'CRM','Srum de Vitamina C'),(16,1,1,1,'Products','Eliminan las impurezas, nutre y humecta tu piel.','2022-01-21 21:35:00','2022-05-08 02:56:36',NULL,NULL,0,1,0,0,'CRM','Gel Limpiador'),(17,1,1,1,'Products','Atena arrugas, bolsas y ojeras.','2022-01-21 21:35:32','2022-05-08 02:56:36',NULL,NULL,0,1,0,0,'CRM','Contorno de Ojos (cido Hialurnico)'),(18,1,1,1,'Products','Repara y rejuvenece tu Piel con el Srum Intensivo de la Noche y el Srum de Vitamina C.','2022-01-21 21:36:01','2022-05-13 01:08:42',NULL,NULL,0,1,0,0,'CRM','Duo Glow'),(19,1,1,1,'Products','Cuida tu piel con nuestro Kit Completo. Lo hacemos por tu piel.','2022-01-21 21:36:23','2022-05-13 01:09:13',NULL,NULL,0,1,0,0,'CRM','Blue Box'),(20,1,1,1,'Products','Protege la piel de los rayos UV Y UVA sin dejar sensacin grasosa.','2022-01-21 21:36:44','2022-05-08 02:56:36',NULL,NULL,0,1,0,0,'CRM','Pantalla Solar en Gel'),(21,1,1,1,'Products','Do control grasa + Gel Limpiador.','2022-01-21 21:37:04','2022-05-13 01:08:18',NULL,NULL,0,1,0,0,'CRM','Kit Control Grasa y Acne'),(22,1,1,1,'Leads','Greetings. \n \nI am looking to work with you to engage in a profit oriented ventures in your country and perhaps with your assistance, we could get good ROI.I have the directive of Sheikh Mubarak AL-Thani to source for a partner abroad who can accommodate 7M USD and 10M USD for Investment. \n \nThe sum is derived from a Supply Contract by a foreign company with Qatar Petroleum Company in Doha - Qatar. We shall reassign the necessary documents to reflect your name and also ensure payment is done by Qatar Petroleum Company. I guaranty we shall implement this transaction under a legitimate arrangement without breaking the law. \n \nMore details will follow upon your reply to van.gurt111@gmail.com \n \nRegards, \n \nVan Gurt \nvan.gurt111@gmail.com','2022-01-25 22:15:59','2022-01-26 16:07:38',NULL,NULL,0,1,1,0,'WEBFORM',' Van Gurt'),(23,1,1,1,'Leads','Hello \n \nWe all know the importance that dofollow link have on any website`s ranks. \nHaving most of your linkbase filled with nofollow ones is of no good for your ranks and SEO metrics. \n \nBuy quality dofollow links from us, that will impact your ranks in a positive way \nhttps://www.digital-x-press.com/product/150-dofollow-backlinks/ \n \nBest regards \nMike Wayne\n \nsupport@digital-x-press.com','2022-01-26 00:34:58','2022-01-26 16:07:38',NULL,NULL,0,1,1,0,'WEBFORM',' Mike Wayne\n'),(24,1,1,1,'Leads','Prueba EME','2022-01-26 14:29:43','2022-01-26 16:07:38',NULL,NULL,0,1,1,0,'WEBFORM',' victor diaz prueba'),(25,1,1,1,'Leads','prueba','2022-01-26 14:52:06','2022-01-26 16:07:38',NULL,NULL,0,1,1,0,'WEBFORM',' victor diaz prueba'),(26,1,1,1,'Leads','Hello \n \nI have just took a look on your SEO for  detupiel.co for  the current search visibility and saw that your website could use a push. \n \nWe will enhance your SEO metrics and ranks organically and safely, using only whitehat methods, while providing monthly reports and outstanding support. \n \nPlease check our services below, we offer SEO at cheap rates. \nhttps://www.hilkom-digital.de/cheap-seo-packages/ \n \nStart improving your sales and leads with us, today! \n \n \nregards \nMike Forman\n \nHilkom Digital Team \nsupport@hilkom-digital.de','2022-01-27 18:42:15','2022-01-29 15:44:28',NULL,NULL,0,1,1,0,'WEBFORM',' Mike Forman\n'),(27,1,1,1,'Leads','PRUE','2022-01-28 16:22:08','2022-01-29 15:44:28',NULL,NULL,0,1,1,0,'WEBFORM',' Diaz'),(28,1,1,1,'Leads','Hi, this is Jenny. I am sending you my intimate photos as I promised. https://tinyurl.com/y9gedupr','2022-01-30 21:04:10','2022-02-03 22:20:08',NULL,NULL,0,1,1,0,'WEBFORM',' NotGZ'),(29,1,1,1,'Contacts','','2022-02-02 16:02:01','2022-02-02 16:20:03',NULL,NULL,0,1,0,0,'CRM',' Cindy Natalia Vega Rivera'),(30,1,1,1,'Emails','An Contact has been assigned to you on vtigerCRM<br>Details of Contact are :<br><br>Contact Id:<b>CON5</b><br>LastName:<b>Cindy Natalia Vega Rivera</b><br>FirstName:<b></b><br>Lead Source:<b>Otro</b><br>Department:<b></b><br>Description:<b></b><br><br><br>And <b>CustomerPortal Login Details</b> is sent to the EmailID :-<br><br>Thank You<br>Admin<br><br>','2022-02-02 16:05:01','2022-02-02 16:05:01',NULL,NULL,0,1,0,0,'CRM','Regarding Contact Assignment'),(31,1,1,1,'Emails','An Contact has been assigned to you on vtigerCRM<br>Details of Contact are :<br><br>Contact Id:<b>CON5</b><br>LastName:<b>Cindy Natalia Vega Rivera</b><br>FirstName:<b></b><br>Lead Source:<b>Otro</b><br>Department:<b></b><br>Description:<b></b><br><br><br>And <b>CustomerPortal Login Details</b> is sent to the EmailID :-<br><br>Thank You<br>Admin<br><br>','2022-02-02 16:20:01','2022-02-02 16:20:01',NULL,NULL,0,1,0,0,'CRM','Regarding Contact Assignment'),(32,1,1,1,'Contacts','','2022-02-02 17:09:29','2022-02-02 17:09:29',NULL,NULL,0,1,0,0,'IMPORT','Stefanie Ortiz '),(33,1,1,1,'Contacts','','2022-02-02 17:21:33','2022-02-02 17:21:33',NULL,NULL,0,1,0,0,'IMPORT','Ana M Jacobo'),(34,1,1,1,'Contacts','','2022-02-02 17:21:33','2022-02-02 17:21:33',NULL,NULL,0,1,0,0,'IMPORT','Alejandra Gonzlez'),(35,1,1,1,'Contacts','','2022-02-02 17:21:33','2022-02-02 17:21:33',NULL,NULL,0,1,0,0,'IMPORT','Estefana Molinar'),(36,1,1,1,'Contacts','','2022-02-02 17:21:33','2022-02-02 17:21:33',NULL,NULL,0,1,0,0,'IMPORT','Isabel Salas'),(37,1,1,1,'Contacts','','2022-02-02 17:21:33','2022-02-02 17:21:33',NULL,NULL,0,1,0,0,'IMPORT','Patricia Gonzlez'),(38,1,1,1,'Contacts','','2022-02-02 17:21:33','2022-02-02 17:21:33',NULL,NULL,0,1,0,0,'IMPORT','Bryan Herrn'),(39,1,1,1,'Contacts','','2022-02-02 17:21:33','2022-02-02 17:21:33',NULL,NULL,0,1,0,0,'IMPORT','Antonella Molinar'),(40,1,1,1,'Contacts','','2022-02-02 17:21:33','2022-02-02 17:21:33',NULL,NULL,0,1,0,0,'IMPORT','Sofia Gaviria'),(41,1,1,1,'Contacts','','2022-02-02 17:21:33','2022-02-02 17:21:33',NULL,NULL,0,1,0,0,'IMPORT','Camila Chavista'),(42,1,1,1,'Contacts','','2022-02-02 17:21:33','2022-02-02 17:21:33',NULL,NULL,0,1,0,0,'IMPORT','Vanlli Reyes'),(43,1,1,1,'Contacts','','2022-02-02 17:21:33','2022-02-02 17:21:33',NULL,NULL,0,1,0,0,'IMPORT','Ana Guerrero'),(44,1,1,1,'Contacts','','2022-02-02 17:21:33','2022-02-02 17:21:33',NULL,NULL,0,1,0,0,'IMPORT','Adriana Zambrano'),(45,1,1,1,'Contacts','','2022-02-02 17:21:33','2022-02-02 17:21:33',NULL,NULL,0,1,0,0,'IMPORT','Joana Reyes'),(46,1,1,1,'Contacts','','2022-02-02 17:21:33','2022-02-02 17:21:33',NULL,NULL,0,1,0,0,'IMPORT','Ana Maria Carrascal'),(47,1,1,1,'Contacts','','2022-02-02 17:21:33','2022-02-02 17:21:33',NULL,NULL,0,1,0,0,'IMPORT','Carolina Trivio'),(48,1,1,1,'Contacts','','2022-02-02 17:21:33','2022-02-02 17:21:33',NULL,NULL,0,1,0,0,'IMPORT','Ana Maria Gil'),(49,1,1,1,'Contacts','','2022-02-02 17:21:33','2022-02-02 17:21:33',NULL,NULL,0,1,0,0,'IMPORT','Nancy Mabel Martnez'),(50,1,1,1,'Contacts','','2022-02-02 17:21:33','2022-02-02 17:21:33',NULL,NULL,0,1,0,0,'IMPORT','Angela Virginia Escobar'),(51,1,1,1,'Contacts','','2022-02-02 17:21:33','2022-02-02 17:21:33',NULL,NULL,0,1,0,0,'IMPORT','Carolina Rico'),(52,1,1,1,'Contacts','','2022-02-02 17:21:33','2022-02-02 17:21:33',NULL,NULL,0,1,0,0,'IMPORT','Lorena Duarte'),(53,1,1,1,'Contacts','','2022-02-02 17:21:33','2022-02-02 17:21:33',NULL,NULL,0,1,0,0,'IMPORT','Aurora Bohrquez'),(54,1,1,1,'Contacts','','2022-02-02 17:21:33','2022-02-02 17:21:33',NULL,NULL,0,1,0,0,'IMPORT','Angelica Pineda'),(55,1,1,1,'Contacts','','2022-02-02 17:21:33','2022-02-02 17:21:33',NULL,NULL,0,1,0,0,'IMPORT','Johana'),(56,1,1,1,'Contacts','','2022-02-02 17:21:33','2022-02-02 17:21:33',NULL,NULL,0,1,0,0,'IMPORT','Maria Laura Amaya Vega'),(57,1,1,1,'Contacts','','2022-02-02 17:21:33','2022-02-02 17:21:33',NULL,NULL,0,1,0,0,'IMPORT','Stevan Martnez'),(58,1,1,1,'Contacts','','2022-02-02 17:21:33','2022-02-02 17:21:33',NULL,NULL,0,1,0,0,'IMPORT','Claudia Patricia Zapata Rojas'),(59,1,1,1,'Contacts','','2022-02-02 17:21:33','2022-02-02 17:21:33',NULL,NULL,0,1,0,0,'IMPORT','Mara Del Pilar Bermeo'),(60,1,1,1,'Contacts','','2022-02-02 17:21:33','2022-02-02 17:21:33',NULL,NULL,0,1,0,0,'IMPORT','Carolina Beltrn'),(61,1,1,1,'Contacts','','2022-02-02 17:21:33','2022-02-02 17:21:33',NULL,NULL,0,1,0,0,'IMPORT','Maria Jos'),(62,1,1,1,'Contacts','','2022-02-02 17:21:33','2022-02-02 17:21:33',NULL,NULL,0,1,0,0,'IMPORT','Carolina Trivio'),(63,1,1,1,'Contacts','','2022-02-02 17:21:33','2022-02-02 17:21:33',NULL,NULL,0,1,0,0,'IMPORT','Mariela Moreira Macas'),(64,1,1,1,'Contacts','','2022-02-02 17:21:33','2022-02-02 17:21:33',NULL,NULL,0,1,0,0,'IMPORT','Avixxa Karina lvarez Snchez'),(65,1,1,1,'Contacts','','2022-02-02 17:21:33','2022-02-02 17:21:33',NULL,NULL,0,1,0,0,'IMPORT','Yerica Gacha'),(66,1,1,1,'Contacts','','2022-02-02 17:21:33','2022-02-02 17:21:33',NULL,NULL,0,1,0,0,'IMPORT','Adriana Castao'),(67,1,1,1,'Contacts','','2022-02-02 17:21:33','2022-02-02 17:21:33',NULL,NULL,0,1,0,0,'IMPORT','Doris Babilonia Luna'),(68,1,1,1,'Contacts','','2022-02-02 17:21:34','2022-02-02 17:21:34',NULL,NULL,0,1,0,0,'IMPORT','Nelly Arcila'),(69,1,1,1,'Contacts','','2022-02-02 17:21:34','2022-02-02 17:21:34',NULL,NULL,0,1,0,0,'IMPORT','Kenedy Salazar'),(70,1,1,1,'Contacts','','2022-02-02 17:21:34','2022-02-02 17:21:34',NULL,NULL,0,1,0,0,'IMPORT','Martha Kathy'),(71,1,1,1,'Contacts','','2022-02-02 17:21:34','2022-02-02 17:21:34',NULL,NULL,0,1,0,0,'IMPORT','Nohora Realpe'),(72,1,1,1,'Contacts','','2022-02-02 17:21:34','2022-02-02 17:21:34',NULL,NULL,0,1,0,0,'IMPORT','Jhoana Paola Rosero'),(73,1,1,1,'Contacts','','2022-02-02 17:21:34','2022-02-02 17:21:34',NULL,NULL,0,1,0,0,'IMPORT','Mara Jhoanna Lpez'),(74,1,1,1,'Contacts','','2022-02-02 17:21:34','2022-02-02 17:21:34',NULL,NULL,0,1,0,0,'IMPORT','Catalina Ospina'),(75,1,1,1,'Contacts','','2022-02-02 17:21:34','2022-02-02 17:21:34',NULL,NULL,0,1,0,0,'IMPORT','Olga Etiquetas'),(76,1,1,1,'Contacts','','2022-02-02 17:21:34','2022-02-02 17:21:34',NULL,NULL,0,1,0,0,'IMPORT','Carolina Rico'),(77,1,1,1,'Contacts','','2022-02-02 17:21:34','2022-02-02 17:21:34',NULL,NULL,0,1,0,0,'IMPORT','Melisa Rengifo'),(78,1,1,1,'Contacts','','2022-02-02 17:21:34','2022-02-02 17:21:34',NULL,NULL,0,1,0,0,'IMPORT','Melisa Rengifo'),(79,1,1,1,'Contacts','','2022-02-02 17:21:34','2022-02-02 17:21:34',NULL,NULL,0,1,0,0,'IMPORT','Carolina Pea'),(80,1,1,1,'Contacts','','2022-02-02 17:21:34','2022-02-02 17:21:34',NULL,NULL,0,1,0,0,'IMPORT','Johana Ruiz'),(81,1,1,1,'Contacts','','2022-02-02 17:21:34','2022-02-02 17:21:34',NULL,NULL,0,1,0,0,'IMPORT','Jesika Yuri Arias Arteaga'),(82,1,1,1,'Contacts','','2022-02-02 17:21:34','2022-02-02 17:21:34',NULL,NULL,0,1,0,0,'IMPORT','Lili Meza'),(83,1,1,1,'Contacts','','2022-02-02 17:21:34','2022-02-02 17:21:34',NULL,NULL,0,1,0,0,'IMPORT','Mabel Cartagena'),(84,1,1,1,'Contacts','','2022-02-02 17:21:34','2022-02-02 17:21:34',NULL,NULL,0,1,0,0,'IMPORT','Dianteh'),(85,1,1,1,'Contacts','','2022-02-02 17:21:34','2022-02-02 17:21:34',NULL,NULL,0,1,0,0,'IMPORT','Luz Maria Diaz'),(86,1,1,1,'Contacts','','2022-02-02 17:21:34','2022-02-02 17:21:34',NULL,NULL,0,1,0,0,'IMPORT','Dyana Lpez Y Lpez'),(87,1,1,1,'Contacts','','2022-02-02 17:21:34','2022-02-02 17:21:34',NULL,NULL,0,1,0,0,'IMPORT','Lucero Villarreal'),(88,1,1,1,'Contacts','','2022-02-02 17:21:34','2022-02-02 17:21:34',NULL,NULL,0,1,0,0,'IMPORT','Bertha Cristina Granados Pantoja'),(89,1,1,1,'Contacts','','2022-02-02 17:21:34','2022-02-02 17:21:34',NULL,NULL,0,1,0,0,'IMPORT','Lorena Duque'),(90,1,1,1,'Contacts','','2022-02-02 17:21:34','2022-02-02 17:21:34',NULL,NULL,0,1,0,0,'IMPORT','Andrea Sinisterra Molina'),(91,1,1,1,'Contacts','','2022-02-02 17:21:34','2022-02-02 17:21:34',NULL,NULL,0,1,0,0,'IMPORT','Edna Viviana Torres Rodrguez'),(92,1,1,1,'Contacts','','2022-02-02 17:21:34','2022-02-02 17:21:34',NULL,NULL,0,1,0,0,'IMPORT','Johana Valencia'),(93,1,1,1,'Contacts','','2022-02-02 17:21:34','2022-02-02 17:21:34',NULL,NULL,0,1,0,0,'IMPORT','Leydy Reyes'),(94,1,1,1,'Contacts','','2022-02-02 17:21:34','2022-02-02 17:21:34',NULL,NULL,0,1,0,0,'IMPORT','Stephanie Barrera Segura'),(95,1,1,1,'Contacts','','2022-02-02 17:21:34','2022-02-02 17:21:34',NULL,NULL,0,1,0,0,'IMPORT','Maria Lorenza Carrillo'),(96,1,1,1,'Contacts','','2022-02-02 17:21:34','2022-02-02 17:21:34',NULL,NULL,0,1,0,0,'IMPORT','Sara Meza Vsquez'),(97,1,1,1,'Contacts','','2022-02-02 17:21:34','2022-02-02 17:21:34',NULL,NULL,0,1,0,0,'IMPORT','Luz Stella Rubio'),(98,1,1,1,'Contacts','','2022-02-02 17:21:34','2022-02-02 17:21:34',NULL,NULL,0,1,0,0,'IMPORT','Beatriz Vargas Ortiz'),(99,1,1,1,'Contacts','','2022-02-02 17:21:34','2022-02-02 17:21:34',NULL,NULL,0,1,0,0,'IMPORT','Mnica Manzano'),(100,1,1,1,'Contacts','','2022-02-02 17:21:34','2022-02-02 17:21:34',NULL,NULL,0,1,0,0,'IMPORT','Maryory Carmona'),(101,1,1,1,'Contacts','','2022-02-02 17:21:34','2022-02-02 17:21:34',NULL,NULL,0,1,0,0,'IMPORT','Ana Corina Buchaar'),(102,1,1,1,'Contacts','','2022-02-02 17:21:34','2022-02-02 17:21:34',NULL,NULL,0,1,0,0,'IMPORT','Maira Mrelo'),(103,1,1,1,'Contacts','','2022-02-02 17:21:34','2022-02-02 17:21:34',NULL,NULL,0,1,0,0,'IMPORT','Contreras Mosquera Elizabeth'),(104,1,1,1,'Contacts','','2022-02-02 17:21:34','2022-02-02 17:21:34',NULL,NULL,0,1,0,0,'IMPORT','Yuly Andrea Gil Meja'),(105,1,1,1,'Contacts','','2022-02-02 17:21:34','2022-02-02 17:21:34',NULL,NULL,0,1,0,0,'IMPORT','Dannia Taborda Durango'),(106,1,1,1,'Contacts','','2022-02-02 17:21:34','2022-02-02 17:21:34',NULL,NULL,0,1,0,0,'IMPORT','Natalia Vlez Hernndez'),(107,1,1,1,'Contacts','','2022-02-02 17:21:34','2022-02-02 17:21:34',NULL,NULL,0,1,0,0,'IMPORT','Isabel Cristina Gallego Hurtado'),(108,1,1,1,'Contacts','','2022-02-02 17:21:34','2022-02-02 17:21:34',NULL,NULL,0,1,0,0,'IMPORT','Johanna Forero Rincn'),(109,1,1,1,'Contacts','','2022-02-02 17:21:34','2022-02-02 17:21:34',NULL,NULL,0,1,0,0,'IMPORT','Michell Gonzlez Ramrez'),(110,1,1,1,'Contacts','','2022-02-02 17:21:34','2022-02-02 17:21:34',NULL,NULL,0,1,0,0,'IMPORT','Alejo Amigo De Andres'),(111,1,1,1,'Contacts','','2022-02-02 17:21:34','2022-02-02 17:21:34',NULL,NULL,0,1,0,0,'IMPORT','Lorena Gamez Cardozo'),(112,1,1,1,'Contacts','','2022-02-02 17:21:34','2022-02-02 17:21:34',NULL,NULL,0,1,0,0,'IMPORT','Laura Sofia Diaz'),(113,1,1,1,'Contacts','','2022-02-02 17:21:34','2022-02-02 17:21:34',NULL,NULL,0,1,0,0,'IMPORT','Laura Cuartas Henao'),(114,1,1,1,'Contacts','','2022-02-02 17:21:34','2022-02-02 17:21:34',NULL,NULL,0,1,0,0,'IMPORT','Natalia Ocampo Castaeda'),(115,1,1,1,'Contacts','','2022-02-02 17:21:34','2022-02-02 17:21:34',NULL,NULL,0,1,0,0,'IMPORT','Laura Ceballos'),(116,1,1,1,'Contacts','','2022-02-02 17:21:34','2022-02-02 17:21:34',NULL,NULL,0,1,0,0,'IMPORT','Eydy Yulieth Rojas Ferreira'),(117,1,1,1,'Contacts','','2022-02-02 17:21:34','2022-02-02 17:21:34',NULL,NULL,0,1,0,0,'IMPORT','Yuliana Marcela ngel Guzmn'),(118,1,1,1,'Contacts','','2022-02-02 17:21:34','2022-02-02 17:21:34',NULL,NULL,0,1,0,0,'IMPORT','Yuranis Moreno Vergara'),(119,1,1,1,'Contacts','','2022-02-02 17:21:34','2022-02-02 17:21:34',NULL,NULL,0,1,0,0,'IMPORT','Katherin Caarete Batista'),(120,1,1,1,'Contacts','','2022-02-02 17:21:34','2022-02-02 17:21:34',NULL,NULL,0,1,0,0,'IMPORT','Julin Pinilla'),(121,1,1,1,'Contacts','','2022-02-02 17:21:34','2022-02-02 17:21:34',NULL,NULL,0,1,0,0,'IMPORT','Manuela Henao Crdenas'),(122,1,1,1,'Contacts','','2022-02-02 17:21:34','2022-02-02 17:21:34',NULL,NULL,0,1,0,0,'IMPORT','Mariana Loaiza Fernndez'),(123,1,1,1,'Contacts','','2022-02-02 17:21:34','2022-02-02 17:21:34',NULL,NULL,0,1,0,0,'IMPORT','Cliente Luz De Andres'),(124,1,1,1,'Contacts','','2022-02-02 17:21:34','2022-02-02 17:21:34',NULL,NULL,0,1,0,0,'IMPORT','Sonia Ruth Caballero Surez'),(125,1,1,1,'Contacts','','2022-02-02 17:21:34','2022-02-02 17:21:34',NULL,NULL,0,1,0,0,'IMPORT','Jessica'),(126,1,1,1,'Contacts','','2022-02-02 17:21:34','2022-02-02 17:21:34',NULL,NULL,0,1,0,0,'IMPORT','Marcela Fajardo Arias'),(127,1,1,1,'Contacts','','2022-02-02 17:21:34','2022-02-02 17:21:34',NULL,NULL,0,1,0,0,'IMPORT','Nancy Flrez'),(128,1,1,1,'Contacts','','2022-02-02 17:21:34','2022-02-02 17:21:34',NULL,NULL,0,1,0,0,'IMPORT','Julian Naranjo Caldern'),(129,1,1,1,'Contacts','','2022-02-02 17:21:34','2022-02-02 17:21:34',NULL,NULL,0,1,0,0,'IMPORT','Karol Lizarazo Cabezas'),(130,1,1,1,'Contacts','','2022-02-02 17:21:34','2022-02-02 17:21:34',NULL,NULL,0,1,0,0,'IMPORT','Maria Johana Jaraba Nez'),(131,1,1,1,'Contacts','','2022-02-02 17:21:34','2022-02-02 17:21:34',NULL,NULL,0,1,0,0,'IMPORT','Helda'),(132,1,1,1,'Contacts','','2022-02-02 17:21:34','2022-02-02 17:21:34',NULL,NULL,0,1,0,0,'IMPORT','Adriana Zambrano'),(133,1,1,1,'Contacts','','2022-02-02 17:21:34','2022-02-02 17:21:34',NULL,NULL,0,1,0,0,'IMPORT','Laura Carranza Nez'),(134,1,1,1,'Contacts','','2022-02-02 17:21:34','2022-02-02 17:21:34',NULL,NULL,0,1,0,0,'IMPORT','Lady Diana Borrero'),(135,1,1,1,'Contacts','','2022-02-02 17:21:34','2022-02-02 17:21:34',NULL,NULL,0,1,0,0,'IMPORT','Jeidy Mabel Palacios Pea'),(136,1,1,1,'Contacts','','2022-02-02 17:21:34','2022-02-02 17:21:34',NULL,NULL,0,1,0,0,'IMPORT','Julin Santiago Nez'),(137,1,1,1,'Contacts','','2022-02-02 17:21:34','2022-02-02 17:21:34',NULL,NULL,0,1,0,0,'IMPORT','Yuri Viviana Q'),(138,1,1,1,'Contacts','','2022-02-02 17:21:34','2022-02-02 17:21:34',NULL,NULL,0,1,0,0,'IMPORT','Sandra Abada'),(139,1,1,1,'Contacts','','2022-02-02 17:21:34','2022-02-02 17:21:34',NULL,NULL,0,1,0,0,'IMPORT','Diana Marcela Insuasty'),(140,1,1,1,'Contacts','','2022-02-02 17:21:34','2022-02-02 17:21:34',NULL,NULL,0,1,0,0,'IMPORT','Hilda Luca lvarez'),(141,1,1,1,'Contacts','','2022-02-02 17:21:34','2022-02-02 17:21:34',NULL,NULL,0,1,0,0,'IMPORT','Erika Quintero Pereira'),(142,1,1,1,'Contacts','','2022-02-02 17:21:34','2022-02-02 17:21:34',NULL,NULL,0,1,0,0,'IMPORT','Claudia'),(143,1,1,1,'Contacts','','2022-02-02 17:21:34','2022-02-02 17:21:34',NULL,NULL,0,1,0,0,'IMPORT','Darly Yiceth Herrera Casallas'),(144,1,1,1,'Contacts','','2022-02-02 17:21:34','2022-02-02 17:21:34',NULL,NULL,0,1,0,0,'IMPORT','Geraldine'),(145,1,1,1,'Contacts','','2022-02-02 17:21:34','2022-02-02 17:21:34',NULL,NULL,0,1,0,0,'IMPORT','Sandra Milena Moreno'),(146,1,1,1,'Contacts','','2022-02-02 17:21:34','2022-02-02 17:21:34',NULL,NULL,0,1,0,0,'IMPORT','Carolina Borrero'),(147,1,1,1,'Contacts','','2022-02-02 17:21:34','2022-02-02 17:21:34',NULL,NULL,0,1,0,0,'IMPORT','Carolina Aristizbal'),(148,1,1,1,'Contacts','','2022-02-02 17:21:34','2022-02-02 17:21:34',NULL,NULL,0,1,0,0,'IMPORT','Maria Mnica Izquierdo'),(149,1,1,1,'Contacts','','2022-02-02 17:21:34','2022-02-02 17:21:34',NULL,NULL,0,1,0,0,'IMPORT','Eli Hernndez'),(150,1,1,1,'Contacts','','2022-02-02 17:21:34','2022-02-02 17:21:34',NULL,NULL,0,1,0,0,'IMPORT','Mabel Kremer'),(151,1,1,1,'Contacts','','2022-02-02 17:21:34','2022-02-02 17:21:34',NULL,NULL,0,1,0,0,'IMPORT','Catalina Tamayo Murillo'),(152,1,1,1,'Contacts','','2022-02-02 17:21:34','2022-02-02 17:21:34',NULL,NULL,0,1,0,0,'IMPORT','Laura Jimena Hernndez Colorado'),(153,1,1,1,'Contacts','','2022-02-02 17:21:34','2022-02-02 17:21:34',NULL,NULL,0,1,0,0,'IMPORT','Diana Cepeda'),(154,1,1,1,'Contacts','','2022-02-02 17:21:34','2022-02-02 17:21:34',NULL,NULL,0,1,0,0,'IMPORT','Karol Montero'),(155,1,1,1,'Contacts','','2022-02-02 17:21:34','2022-02-02 17:21:34',NULL,NULL,0,1,0,0,'IMPORT','Marcela Fajardo Arias'),(156,1,1,1,'Contacts','','2022-02-02 17:21:34','2022-02-02 17:21:34',NULL,NULL,0,1,0,0,'IMPORT','Xiomara Marchena Navas'),(157,1,1,1,'Contacts','','2022-02-02 17:21:34','2022-02-02 17:21:34',NULL,NULL,0,1,0,0,'IMPORT','Cindy Zarante'),(158,1,1,1,'Contacts','','2022-02-02 17:21:34','2022-02-02 17:21:34',NULL,NULL,0,1,0,0,'IMPORT','Leidy Johana Agudelo Ramirez'),(159,1,1,1,'Contacts','','2022-02-02 17:21:34','2022-02-02 17:21:34',NULL,NULL,0,1,0,0,'IMPORT','Laura Mazo Flrez'),(160,1,1,1,'Contacts','','2022-02-02 17:21:34','2022-02-02 17:21:34',NULL,NULL,0,1,0,0,'IMPORT','Maria Cecilia Valencia'),(161,1,1,1,'Contacts','','2022-02-02 17:21:34','2022-02-02 17:21:34',NULL,NULL,0,1,0,0,'IMPORT','Carolina Sanchez'),(162,1,1,1,'Contacts','','2022-02-02 17:21:34','2022-02-02 17:21:34',NULL,NULL,0,1,0,0,'IMPORT','131'),(163,1,1,1,'Contacts','','2022-02-02 17:21:34','2022-02-02 17:21:34',NULL,NULL,0,1,0,0,'IMPORT','132'),(164,1,1,1,'Contacts','','2022-02-02 17:21:34','2022-02-02 17:21:34',NULL,NULL,0,1,0,0,'IMPORT','Luz Stellacossio'),(165,1,1,1,'Contacts','','2022-02-02 17:21:34','2022-02-02 17:21:34',NULL,NULL,0,1,0,0,'IMPORT','Claudia Patricia Moreno'),(166,1,1,1,'Contacts','','2022-02-02 17:21:34','2022-02-02 17:21:34',NULL,NULL,0,1,0,0,'IMPORT','135'),(167,1,1,1,'Contacts','','2022-02-02 17:21:34','2022-02-02 17:21:34',NULL,NULL,0,1,0,0,'IMPORT','136'),(168,1,1,1,'Contacts','','2022-02-02 17:21:34','2022-02-02 17:21:34',NULL,NULL,0,1,0,0,'IMPORT','137'),(169,1,1,1,'Contacts','','2022-02-02 17:21:34','2022-02-02 17:21:34',NULL,NULL,0,1,0,0,'IMPORT','138'),(170,1,1,1,'Contacts','','2022-02-02 17:21:34','2022-02-02 17:21:34',NULL,NULL,0,1,0,0,'IMPORT','Sandra Carvajal'),(171,1,1,1,'Contacts','','2022-02-02 17:21:34','2022-02-02 17:21:34',NULL,NULL,0,1,0,0,'IMPORT','140'),(172,1,1,1,'Contacts','','2022-02-02 17:21:34','2022-02-02 17:21:34',NULL,NULL,0,1,0,0,'IMPORT','141'),(173,1,1,1,'Contacts','','2022-02-02 17:21:34','2022-02-02 17:21:34',NULL,NULL,0,1,0,0,'IMPORT','142'),(174,1,1,1,'Contacts','','2022-02-02 17:21:34','2022-02-02 17:21:34',NULL,NULL,0,1,0,0,'IMPORT','143'),(175,1,1,1,'Contacts','','2022-02-02 17:21:34','2022-02-02 17:21:34',NULL,NULL,0,1,0,0,'IMPORT','144'),(176,1,1,1,'Contacts','','2022-02-02 17:21:34','2022-02-02 17:21:34',NULL,NULL,0,1,0,0,'IMPORT','145'),(177,1,1,1,'Contacts','','2022-02-02 17:21:34','2022-02-02 17:21:34',NULL,NULL,0,1,0,0,'IMPORT','146'),(178,1,1,1,'Contacts','','2022-02-02 17:21:34','2022-02-02 17:21:34',NULL,NULL,0,1,0,0,'IMPORT','Claudia Chaux'),(179,1,1,1,'Contacts','','2022-02-02 17:21:34','2022-02-02 17:21:34',NULL,NULL,0,1,0,0,'IMPORT','148'),(180,1,1,1,'Contacts','','2022-02-02 17:21:34','2022-02-02 17:21:34',NULL,NULL,0,1,0,0,'IMPORT','149'),(181,1,1,1,'Contacts','','2022-02-02 17:21:34','2022-02-02 17:21:34',NULL,NULL,0,1,0,0,'IMPORT','Ayda'),(182,1,1,1,'Contacts','','2022-02-02 17:21:34','2022-02-02 17:21:34',NULL,NULL,0,1,0,0,'IMPORT','151'),(183,1,1,1,'Contacts','','2022-02-02 17:21:34','2022-02-02 17:21:34',NULL,NULL,0,1,0,0,'IMPORT','Marisol'),(184,1,1,1,'Contacts','','2022-02-02 17:21:34','2022-02-02 17:21:34',NULL,NULL,0,1,0,0,'IMPORT','Carolina'),(185,1,1,1,'Contacts','','2022-02-02 17:21:34','2022-02-02 17:21:34',NULL,NULL,0,1,0,0,'IMPORT','154'),(186,1,1,1,'Contacts','','2022-02-02 17:21:34','2022-02-02 17:21:34',NULL,NULL,0,1,0,0,'IMPORT','Luisa Aranguren'),(187,1,1,1,'Contacts','','2022-02-02 17:21:34','2022-02-02 17:21:34',NULL,NULL,0,1,0,0,'IMPORT','156'),(188,1,1,1,'Contacts','','2022-02-02 17:21:34','2022-02-02 17:21:34',NULL,NULL,0,1,0,0,'IMPORT','157'),(189,1,1,1,'Contacts','','2022-02-02 17:21:34','2022-02-02 17:21:34',NULL,NULL,0,1,0,0,'IMPORT','158'),(190,1,1,1,'Contacts','','2022-02-02 17:21:34','2022-02-02 17:21:34',NULL,NULL,0,1,0,0,'IMPORT','159'),(191,1,1,1,'Contacts','','2022-02-02 17:21:34','2022-02-02 17:21:34',NULL,NULL,0,1,0,0,'IMPORT','Sandra'),(192,1,1,1,'Contacts','','2022-02-02 17:21:34','2022-02-02 17:21:34',NULL,NULL,0,1,0,0,'IMPORT','161'),(193,1,1,1,'Contacts','','2022-02-02 17:21:34','2022-02-02 17:21:34',NULL,NULL,0,1,0,0,'IMPORT','Kimberly Restrepo'),(194,1,1,1,'Contacts','','2022-02-02 17:21:34','2022-02-02 17:21:34',NULL,NULL,0,1,0,0,'IMPORT','163'),(195,1,1,1,'Contacts','','2022-02-02 17:21:34','2022-02-02 17:21:34',NULL,NULL,0,1,0,0,'IMPORT','164'),(196,1,1,1,'Contacts','','2022-02-02 17:21:34','2022-02-02 17:21:34',NULL,NULL,0,1,0,0,'IMPORT','165'),(197,1,1,1,'Contacts','','2022-02-02 17:21:34','2022-02-02 17:21:34',NULL,NULL,0,1,0,0,'IMPORT','166'),(198,1,1,1,'Contacts','','2022-02-02 17:21:34','2022-02-02 17:21:34',NULL,NULL,0,1,0,0,'IMPORT','Wilmar'),(199,1,1,1,'Contacts','','2022-02-02 17:21:34','2022-02-02 17:21:34',NULL,NULL,0,1,0,0,'IMPORT','168'),(200,1,1,1,'Contacts','','2022-02-02 17:21:34','2022-02-02 17:21:34',NULL,NULL,0,1,0,0,'IMPORT','Karen'),(201,1,1,1,'Contacts','','2022-02-02 17:21:34','2022-02-02 17:21:34',NULL,NULL,0,1,0,0,'IMPORT','170'),(202,1,1,1,'Contacts','','2022-02-02 17:21:34','2022-02-02 17:21:34',NULL,NULL,0,1,0,0,'IMPORT','Nina'),(203,1,1,1,'Contacts','','2022-02-02 17:21:34','2022-02-02 17:21:34',NULL,NULL,0,1,0,0,'IMPORT','172'),(204,1,1,1,'Contacts','','2022-02-02 17:21:34','2022-02-02 17:21:34',NULL,NULL,0,1,0,0,'IMPORT','173'),(205,1,1,1,'Contacts','','2022-02-02 17:21:34','2022-02-02 17:21:34',NULL,NULL,0,1,0,0,'IMPORT','174'),(206,1,1,1,'Contacts','','2022-02-02 17:21:34','2022-02-02 17:21:34',NULL,NULL,0,1,0,0,'IMPORT','175'),(207,1,1,1,'Contacts','','2022-02-02 17:21:34','2022-02-02 17:21:34',NULL,NULL,0,1,0,0,'IMPORT','176'),(208,1,1,1,'Contacts','','2022-02-02 17:21:34','2022-02-02 17:21:34',NULL,NULL,0,1,0,0,'IMPORT','Diana Rojas'),(209,1,1,1,'Contacts','','2022-02-02 17:21:34','2022-02-02 17:21:34',NULL,NULL,0,1,0,0,'IMPORT','178'),(210,1,1,1,'Contacts','','2022-02-02 17:21:34','2022-02-02 17:21:34',NULL,NULL,0,1,0,0,'IMPORT','179'),(211,1,1,1,'Contacts','','2022-02-02 17:21:34','2022-02-02 17:21:34',NULL,NULL,0,1,0,0,'IMPORT','David'),(212,1,1,1,'Contacts','','2022-02-02 17:21:34','2022-02-02 17:21:34',NULL,NULL,0,1,0,0,'IMPORT','181'),(213,1,1,1,'Contacts','','2022-02-02 17:21:34','2022-02-02 17:21:34',NULL,NULL,0,1,0,0,'IMPORT','182'),(214,1,1,1,'Contacts','','2022-02-02 17:21:34','2022-02-02 17:21:34',NULL,NULL,0,1,0,0,'IMPORT','183'),(215,1,1,1,'Contacts','','2022-02-02 17:21:34','2022-02-02 17:21:34',NULL,NULL,0,1,0,0,'IMPORT','184'),(216,1,1,1,'Contacts','','2022-02-02 17:21:34','2022-02-02 17:21:34',NULL,NULL,0,1,0,0,'IMPORT','185'),(217,1,1,1,'Contacts','','2022-02-02 17:21:34','2022-02-02 17:21:34',NULL,NULL,0,1,0,0,'IMPORT','186'),(218,1,1,1,'Contacts','','2022-02-02 17:21:34','2022-02-02 17:21:34',NULL,NULL,0,1,0,0,'IMPORT','187'),(219,1,1,1,'Contacts','','2022-02-02 17:21:34','2022-02-02 17:21:34',NULL,NULL,0,1,0,0,'IMPORT','Adriana'),(220,1,1,1,'Contacts','','2022-02-02 17:21:34','2022-02-02 17:21:34',NULL,NULL,0,1,0,0,'IMPORT','189'),(221,1,1,1,'Contacts','','2022-02-02 17:21:34','2022-02-02 17:21:34',NULL,NULL,0,1,0,0,'IMPORT','190'),(222,1,1,1,'Contacts','','2022-02-02 17:21:34','2022-02-02 17:21:34',NULL,NULL,0,1,0,0,'IMPORT','191'),(223,1,1,1,'Contacts','','2022-02-02 17:21:34','2022-02-02 17:21:34',NULL,NULL,0,1,0,0,'IMPORT','192'),(224,1,1,1,'Contacts','','2022-02-02 17:21:34','2022-02-02 17:21:34',NULL,NULL,0,1,0,0,'IMPORT','193'),(225,1,1,1,'Contacts','','2022-02-02 17:21:34','2022-02-02 17:21:34',NULL,NULL,0,1,0,0,'IMPORT','194'),(226,1,1,1,'Contacts','','2022-02-02 17:21:34','2022-02-02 17:21:34',NULL,NULL,0,1,0,0,'IMPORT','195'),(227,1,1,1,'Contacts','','2022-02-02 17:21:34','2022-02-02 17:21:34',NULL,NULL,0,1,0,0,'IMPORT','196'),(228,1,1,1,'Contacts','','2022-02-02 17:21:34','2022-02-02 17:21:34',NULL,NULL,0,1,0,0,'IMPORT','197'),(229,1,1,1,'Contacts','','2022-02-02 17:21:34','2022-02-02 17:21:34',NULL,NULL,0,1,0,0,'IMPORT','198'),(230,1,1,1,'Contacts','','2022-02-02 17:21:34','2022-02-02 17:21:34',NULL,NULL,0,1,0,0,'IMPORT','199'),(231,1,1,1,'Contacts','','2022-02-02 17:21:34','2022-02-02 17:21:34',NULL,NULL,0,1,0,0,'IMPORT','200'),(232,1,1,1,'Contacts','','2022-02-02 17:21:34','2022-02-02 17:21:34',NULL,NULL,0,1,0,0,'IMPORT','201'),(233,1,1,1,'Contacts','','2022-02-02 17:21:34','2022-02-02 17:21:34',NULL,NULL,0,1,0,0,'IMPORT','202'),(234,1,1,1,'Contacts','','2022-02-02 17:21:34','2022-02-02 17:21:34',NULL,NULL,0,1,0,0,'IMPORT','203'),(235,1,1,1,'Contacts','','2022-02-02 17:21:34','2022-02-02 17:21:34',NULL,NULL,0,1,0,0,'IMPORT','204'),(236,1,1,1,'Contacts','','2022-02-02 17:21:34','2022-02-02 17:21:34',NULL,NULL,0,1,0,0,'IMPORT','205'),(237,1,1,1,'Contacts','','2022-02-02 17:21:34','2022-02-02 17:21:34',NULL,NULL,0,1,0,0,'IMPORT','206'),(238,1,1,1,'Contacts','','2022-02-02 17:21:34','2022-02-02 17:21:34',NULL,NULL,0,1,0,0,'IMPORT','207'),(239,1,1,1,'Contacts','','2022-02-02 17:21:34','2022-02-02 17:21:34',NULL,NULL,0,1,0,0,'IMPORT','208'),(240,1,1,1,'Contacts','','2022-02-02 17:21:34','2022-02-02 17:21:34',NULL,NULL,0,1,0,0,'IMPORT','209'),(241,1,1,1,'Contacts','','2022-02-02 17:21:34','2022-02-02 17:21:34',NULL,NULL,0,1,0,0,'IMPORT','Diana Andres Galvis Muoz'),(242,1,1,1,'Contacts','','2022-02-02 17:21:34','2022-02-02 17:21:34',NULL,NULL,0,1,0,0,'IMPORT','211'),(243,1,1,1,'Contacts','','2022-02-02 17:21:34','2022-02-02 17:21:34',NULL,NULL,0,1,0,0,'IMPORT','212'),(244,1,1,1,'Contacts','','2022-02-02 17:21:34','2022-02-02 17:21:34',NULL,NULL,0,1,0,0,'IMPORT','213'),(245,1,1,1,'Contacts','','2022-02-02 17:21:34','2022-02-02 17:21:34',NULL,NULL,0,1,0,0,'IMPORT','214'),(246,1,1,1,'Contacts','','2022-02-02 17:21:34','2022-02-02 17:21:34',NULL,NULL,0,1,0,0,'IMPORT','215'),(247,1,1,1,'Contacts','','2022-02-02 17:21:35','2022-02-02 17:21:35',NULL,NULL,0,1,0,0,'IMPORT','216'),(248,1,1,1,'Contacts','','2022-02-02 17:21:35','2022-02-02 17:21:35',NULL,NULL,0,1,0,0,'IMPORT','217'),(249,1,1,1,'Contacts','','2022-02-02 17:21:35','2022-02-02 17:21:35',NULL,NULL,0,1,0,0,'IMPORT','218'),(250,1,1,1,'Contacts','','2022-02-02 17:21:35','2022-02-02 17:21:35',NULL,NULL,0,1,0,0,'IMPORT','219'),(251,1,1,1,'Contacts','','2022-02-02 17:21:35','2022-02-02 17:21:35',NULL,NULL,0,1,0,0,'IMPORT','220'),(252,1,1,1,'Contacts','','2022-02-02 17:21:35','2022-02-02 17:21:35',NULL,NULL,0,1,0,0,'IMPORT','221'),(253,1,1,1,'Contacts','','2022-02-02 17:21:35','2022-02-02 17:21:35',NULL,NULL,0,1,0,0,'IMPORT','222'),(254,1,1,1,'Contacts','','2022-02-02 17:21:35','2022-02-02 17:21:35',NULL,NULL,0,1,0,0,'IMPORT','223'),(255,1,1,1,'Contacts','','2022-02-02 17:21:35','2022-02-02 17:21:35',NULL,NULL,0,1,0,0,'IMPORT','224'),(256,1,1,1,'Contacts','','2022-02-02 17:21:35','2022-02-02 17:21:35',NULL,NULL,0,1,0,0,'IMPORT','225'),(257,1,1,1,'Contacts','','2022-02-02 17:21:35','2022-02-02 17:21:35',NULL,NULL,0,1,0,0,'IMPORT','226'),(258,1,1,1,'Contacts','','2022-02-02 17:21:35','2022-02-02 17:21:35',NULL,NULL,0,1,0,0,'IMPORT','227'),(259,1,1,1,'Contacts','','2022-02-02 17:21:35','2022-02-02 17:21:35',NULL,NULL,0,1,0,0,'IMPORT','228'),(260,1,1,1,'Contacts','','2022-02-02 17:21:35','2022-02-02 17:21:35',NULL,NULL,0,1,0,0,'IMPORT','229'),(261,1,1,1,'Contacts','','2022-02-02 17:21:35','2022-02-02 17:21:35',NULL,NULL,0,1,0,0,'IMPORT','230'),(262,1,1,1,'Contacts','','2022-02-02 17:21:35','2022-02-02 17:21:35',NULL,NULL,0,1,0,0,'IMPORT','231'),(263,1,1,1,'Contacts','','2022-02-02 17:21:35','2022-02-02 17:21:35',NULL,NULL,0,1,0,0,'IMPORT','Fanny Ruiz'),(264,1,1,1,'Contacts','','2022-02-02 17:21:35','2022-02-02 17:21:35',NULL,NULL,0,1,0,0,'IMPORT','Nayibe Sanchez'),(265,1,1,1,'Contacts','','2022-02-02 17:21:35','2022-02-02 17:21:35',NULL,NULL,0,1,0,0,'IMPORT','234'),(266,1,1,1,'Contacts','','2022-02-02 17:21:35','2022-02-02 17:21:35',NULL,NULL,0,1,0,0,'IMPORT','235'),(267,1,1,1,'Contacts','','2022-02-02 17:21:35','2022-02-02 17:21:35',NULL,NULL,0,1,0,0,'IMPORT','236'),(268,1,1,1,'Contacts','','2022-02-02 17:21:35','2022-02-02 17:21:35',NULL,NULL,0,1,0,0,'IMPORT','237'),(269,1,1,1,'Contacts','','2022-02-02 17:21:35','2022-02-02 17:21:35',NULL,NULL,0,1,0,0,'IMPORT','238'),(270,1,1,1,'Contacts','','2022-02-02 17:21:35','2022-02-02 17:21:35',NULL,NULL,0,1,0,0,'IMPORT','239'),(271,1,1,1,'Contacts','','2022-02-02 17:21:35','2022-02-02 17:21:35',NULL,NULL,0,1,0,0,'IMPORT','240'),(272,1,1,1,'Contacts','','2022-02-02 17:21:35','2022-02-02 17:21:35',NULL,NULL,0,1,0,0,'IMPORT','241'),(273,1,1,1,'Contacts','','2022-02-02 17:21:35','2022-02-02 17:21:35',NULL,NULL,0,1,0,0,'IMPORT','242'),(274,1,1,1,'Contacts','','2022-02-02 17:21:35','2022-02-02 17:21:35',NULL,NULL,0,1,0,0,'IMPORT','243'),(275,1,1,1,'Contacts','','2022-02-02 17:21:35','2022-02-02 17:21:35',NULL,NULL,0,1,0,0,'IMPORT','244'),(276,1,1,1,'Contacts','','2022-02-02 17:21:35','2022-02-02 17:21:35',NULL,NULL,0,1,0,0,'IMPORT','245'),(277,1,1,1,'Contacts','','2022-02-02 17:21:35','2022-02-02 17:21:35',NULL,NULL,0,1,0,0,'IMPORT','246'),(278,1,1,1,'Contacts','','2022-02-02 17:21:35','2022-02-02 17:21:35',NULL,NULL,0,1,0,0,'IMPORT','247'),(279,1,1,1,'Contacts','','2022-02-02 17:21:35','2022-02-02 17:21:35',NULL,NULL,0,1,0,0,'IMPORT','248'),(280,1,1,1,'Contacts','','2022-02-02 17:21:35','2022-02-02 17:21:35',NULL,NULL,0,1,0,0,'IMPORT','249'),(281,1,1,1,'Contacts','','2022-02-02 17:21:35','2022-02-02 17:21:35',NULL,NULL,0,1,0,0,'IMPORT','250'),(282,1,1,1,'Contacts','','2022-02-02 17:21:35','2022-02-02 17:21:35',NULL,NULL,0,1,0,0,'IMPORT','251'),(283,1,1,1,'Contacts','','2022-02-02 17:21:41','2022-02-02 17:21:41',NULL,NULL,0,1,0,0,'IMPORT','252'),(284,1,1,1,'Contacts','','2022-02-02 17:21:41','2022-02-02 17:21:41',NULL,NULL,0,1,0,0,'IMPORT','253'),(285,1,1,1,'Contacts','','2022-02-02 17:21:41','2022-02-02 17:21:41',NULL,NULL,0,1,0,0,'IMPORT','254'),(286,1,1,1,'Contacts','','2022-02-02 17:21:41','2022-02-02 17:21:41',NULL,NULL,0,1,0,0,'IMPORT','255'),(287,1,1,1,'Contacts','','2022-02-02 17:21:41','2022-02-02 17:21:41',NULL,NULL,0,1,0,0,'IMPORT','256'),(288,1,1,1,'Contacts','','2022-02-02 17:21:41','2022-02-02 17:21:41',NULL,NULL,0,1,0,0,'IMPORT','257'),(289,1,1,1,'Contacts','','2022-02-02 17:21:41','2022-02-02 17:21:41',NULL,NULL,0,1,0,0,'IMPORT','258'),(290,1,1,1,'Contacts','','2022-02-02 17:21:41','2022-02-02 17:21:41',NULL,NULL,0,1,0,0,'IMPORT','259'),(291,1,1,1,'Contacts','','2022-02-02 17:21:41','2022-02-02 17:21:41',NULL,NULL,0,1,0,0,'IMPORT','260'),(292,1,1,1,'Contacts','','2022-02-02 17:21:41','2022-02-02 17:21:41',NULL,NULL,0,1,0,0,'IMPORT','261'),(293,1,1,1,'Contacts','','2022-02-02 17:21:41','2022-02-02 17:21:41',NULL,NULL,0,1,0,0,'IMPORT','262'),(294,1,1,1,'Contacts','','2022-02-02 17:21:41','2022-02-02 17:21:41',NULL,NULL,0,1,0,0,'IMPORT','263'),(295,1,1,1,'Contacts','','2022-02-02 17:21:41','2022-02-02 17:21:41',NULL,NULL,0,1,0,0,'IMPORT','264'),(296,1,1,1,'Contacts','','2022-02-02 17:21:41','2022-02-02 17:21:41',NULL,NULL,0,1,0,0,'IMPORT','265'),(297,1,1,1,'Contacts','','2022-02-02 17:21:41','2022-02-02 17:21:41',NULL,NULL,0,1,0,0,'IMPORT','266'),(298,1,1,1,'Contacts','','2022-02-02 17:21:41','2022-02-02 17:21:41',NULL,NULL,0,1,0,0,'IMPORT','267'),(299,1,1,1,'Contacts','','2022-02-02 17:21:41','2022-02-02 17:21:41',NULL,NULL,0,1,0,0,'IMPORT','268'),(300,1,1,1,'Contacts','','2022-02-02 17:21:41','2022-02-02 17:21:41',NULL,NULL,0,1,0,0,'IMPORT','269'),(301,1,1,1,'Contacts','','2022-02-02 17:21:41','2022-02-02 17:21:41',NULL,NULL,0,1,0,0,'IMPORT','270'),(302,1,1,1,'Contacts','','2022-02-02 17:21:41','2022-02-02 17:21:41',NULL,NULL,0,1,0,0,'IMPORT','Adriana Meja Martnez'),(303,1,1,1,'Contacts','','2022-02-02 17:21:41','2022-02-02 17:21:41',NULL,NULL,0,1,0,0,'IMPORT','272'),(304,1,1,1,'Contacts','','2022-02-02 17:21:41','2022-02-02 17:21:41',NULL,NULL,0,1,0,0,'IMPORT','273'),(305,1,1,1,'Contacts','','2022-02-02 17:21:41','2022-02-02 17:21:41',NULL,NULL,0,1,0,0,'IMPORT','274'),(306,1,1,1,'Contacts','','2022-02-02 17:21:41','2022-02-02 17:21:41',NULL,NULL,0,1,0,0,'IMPORT','275'),(307,1,1,1,'Contacts','','2022-02-02 17:21:41','2022-02-02 17:21:41',NULL,NULL,0,1,0,0,'IMPORT','276'),(308,1,1,1,'Contacts','','2022-02-02 17:21:41','2022-02-02 17:21:41',NULL,NULL,0,1,0,0,'IMPORT','277'),(309,1,1,1,'Contacts','','2022-02-02 17:21:41','2022-02-02 17:21:41',NULL,NULL,0,1,0,0,'IMPORT','278'),(310,1,1,1,'Contacts','','2022-02-02 17:21:41','2022-02-02 17:21:41',NULL,NULL,0,1,0,0,'IMPORT','279'),(311,1,1,1,'Contacts','','2022-02-02 17:21:41','2022-02-02 17:21:41',NULL,NULL,0,1,0,0,'IMPORT','280'),(312,1,1,1,'Contacts','','2022-02-02 17:21:41','2022-02-02 17:21:41',NULL,NULL,0,1,0,0,'IMPORT','281'),(313,1,1,1,'Contacts','','2022-02-02 17:21:41','2022-02-02 17:21:41',NULL,NULL,0,1,0,0,'IMPORT','282'),(314,1,1,1,'Contacts','','2022-02-02 17:21:41','2022-02-02 17:21:41',NULL,NULL,0,1,0,0,'IMPORT','283'),(315,1,1,1,'Contacts','','2022-02-02 17:21:41','2022-02-02 17:21:41',NULL,NULL,0,1,0,0,'IMPORT','284'),(316,1,1,1,'Contacts','','2022-02-02 17:21:41','2022-02-02 17:21:41',NULL,NULL,0,1,0,0,'IMPORT','285'),(317,1,1,1,'Contacts','','2022-02-02 17:21:41','2022-02-02 17:21:41',NULL,NULL,0,1,0,0,'IMPORT','286'),(318,1,1,1,'Contacts','','2022-02-02 17:21:41','2022-02-02 17:21:41',NULL,NULL,0,1,0,0,'IMPORT','287'),(319,1,1,1,'Contacts','','2022-02-02 17:21:41','2022-02-02 17:21:41',NULL,NULL,0,1,0,0,'IMPORT','288'),(320,1,1,1,'Contacts','','2022-02-02 17:21:41','2022-02-02 17:21:41',NULL,NULL,0,1,0,0,'IMPORT','289'),(321,1,1,1,'Contacts','','2022-02-02 17:21:41','2022-02-02 17:21:41',NULL,NULL,0,1,0,0,'IMPORT','290'),(322,1,1,1,'Contacts','','2022-02-02 17:21:41','2022-02-02 17:21:41',NULL,NULL,0,1,0,0,'IMPORT','291'),(323,1,1,1,'Contacts','','2022-02-02 17:21:41','2022-02-02 17:21:41',NULL,NULL,0,1,0,0,'IMPORT','Catalina Bastidas'),(324,1,1,1,'Contacts','','2022-02-02 17:21:41','2022-02-02 17:21:41',NULL,NULL,0,1,0,0,'IMPORT','293'),(325,1,1,1,'Contacts','','2022-02-02 17:21:41','2022-02-02 17:21:41',NULL,NULL,0,1,0,0,'IMPORT','Camila'),(326,1,1,1,'Contacts','','2022-02-02 17:21:41','2022-02-02 17:21:41',NULL,NULL,0,1,0,0,'IMPORT','295'),(327,1,1,1,'Contacts','','2022-02-02 17:21:41','2022-02-02 17:21:41',NULL,NULL,0,1,0,0,'IMPORT','Spa Y Belleza Alma Paz'),(328,1,1,1,'Contacts','','2022-02-02 17:21:41','2022-02-02 17:21:41',NULL,NULL,0,1,0,0,'IMPORT','297'),(329,1,1,1,'Contacts','','2022-02-02 17:21:41','2022-02-02 17:21:41',NULL,NULL,0,1,0,0,'IMPORT','298'),(330,1,1,1,'Contacts','','2022-02-02 17:21:41','2022-02-02 17:21:41',NULL,NULL,0,1,0,0,'IMPORT','Alexandra'),(331,1,1,1,'Contacts','','2022-02-02 17:21:41','2022-02-02 17:21:41',NULL,NULL,0,1,0,0,'IMPORT','Angelica'),(332,1,1,1,'Contacts','','2022-02-02 17:21:41','2022-02-02 17:21:41',NULL,NULL,0,1,0,0,'IMPORT','301'),(333,1,1,1,'Contacts','','2022-02-02 17:21:41','2022-02-02 17:21:41',NULL,NULL,0,1,0,0,'IMPORT','Karina Cruz'),(334,1,1,1,'Contacts','','2022-02-02 17:21:41','2022-02-02 17:21:41',NULL,NULL,0,1,0,0,'IMPORT','303'),(335,1,1,1,'Contacts','','2022-02-02 17:21:41','2022-02-02 17:21:41',NULL,NULL,0,1,0,0,'IMPORT','304'),(336,1,1,1,'Contacts','','2022-02-02 17:21:41','2022-02-02 17:21:41',NULL,NULL,0,1,0,0,'IMPORT','305'),(337,1,1,1,'Contacts','','2022-02-02 17:21:41','2022-02-02 17:21:41',NULL,NULL,0,1,0,0,'IMPORT','306'),(338,1,1,1,'Contacts','','2022-02-02 17:21:41','2022-02-02 17:21:41',NULL,NULL,0,1,0,0,'IMPORT','307'),(339,1,1,1,'Contacts','','2022-02-02 17:21:41','2022-02-02 17:21:41',NULL,NULL,0,1,0,0,'IMPORT','308'),(340,1,1,1,'Contacts','','2022-02-02 17:21:41','2022-02-02 17:21:41',NULL,NULL,0,1,0,0,'IMPORT','309'),(341,1,1,1,'Contacts','','2022-02-02 17:21:41','2022-02-02 17:21:41',NULL,NULL,0,1,0,0,'IMPORT','Jimena Ros'),(342,1,1,1,'Contacts','','2022-02-02 17:21:41','2022-02-02 17:21:41',NULL,NULL,0,1,0,0,'IMPORT','311'),(343,1,1,1,'Contacts','','2022-02-02 17:21:41','2022-02-02 17:21:41',NULL,NULL,0,1,0,0,'IMPORT','312'),(344,1,1,1,'Contacts','','2022-02-02 17:21:41','2022-02-02 17:21:41',NULL,NULL,0,1,0,0,'IMPORT','313'),(345,1,1,1,'Contacts','','2022-02-02 17:21:41','2022-02-02 17:21:41',NULL,NULL,0,1,0,0,'IMPORT','314'),(346,1,1,1,'Contacts','','2022-02-02 17:21:41','2022-02-02 17:21:41',NULL,NULL,0,1,0,0,'IMPORT','315'),(347,1,1,1,'Contacts','','2022-02-02 17:21:41','2022-02-02 17:21:41',NULL,NULL,0,1,0,0,'IMPORT','316'),(348,1,1,1,'Contacts','','2022-02-02 17:21:41','2022-02-02 17:21:41',NULL,NULL,0,1,0,0,'IMPORT','317'),(349,1,1,1,'Contacts','','2022-02-02 17:21:41','2022-02-02 17:21:41',NULL,NULL,0,1,0,0,'IMPORT','318'),(350,1,1,1,'Contacts','','2022-02-02 17:21:41','2022-02-02 17:21:41',NULL,NULL,0,1,0,0,'IMPORT','319'),(351,1,1,1,'Contacts','','2022-02-02 17:21:41','2022-02-02 17:21:41',NULL,NULL,0,1,0,0,'IMPORT','320'),(352,1,1,1,'Contacts','','2022-02-02 17:21:41','2022-02-02 17:21:41',NULL,NULL,0,1,0,0,'IMPORT','321'),(353,1,1,1,'Contacts','','2022-02-02 17:21:41','2022-02-02 17:21:41',NULL,NULL,0,1,0,0,'IMPORT','322'),(354,1,1,1,'Contacts','','2022-02-02 17:21:41','2022-02-02 17:21:41',NULL,NULL,0,1,0,0,'IMPORT','323'),(355,1,1,1,'Contacts','','2022-02-02 17:21:41','2022-02-02 17:21:41',NULL,NULL,0,1,0,0,'IMPORT','Valeria Vanegas'),(356,1,1,1,'Contacts','','2022-02-02 17:21:41','2022-02-02 17:21:41',NULL,NULL,0,1,0,0,'IMPORT','325'),(357,1,1,1,'Contacts','','2022-02-02 17:21:41','2022-02-02 17:21:41',NULL,NULL,0,1,0,0,'IMPORT','Adriana Carvajal'),(358,1,1,1,'Contacts','','2022-02-02 17:21:41','2022-02-02 17:21:41',NULL,NULL,0,1,0,0,'IMPORT','Tatiana'),(359,1,1,1,'Contacts','','2022-02-02 17:21:41','2022-02-02 17:21:41',NULL,NULL,0,1,0,0,'IMPORT','328'),(360,1,1,1,'Contacts','','2022-02-02 17:21:41','2022-02-02 17:21:41',NULL,NULL,0,1,0,0,'IMPORT','Beatriz'),(361,1,1,1,'Contacts','','2022-02-02 17:21:41','2022-02-02 17:21:41',NULL,NULL,0,1,0,0,'IMPORT','330'),(362,1,1,1,'Contacts','','2022-02-02 17:21:41','2022-02-02 17:21:41',NULL,NULL,0,1,0,0,'IMPORT','331'),(363,1,1,1,'Contacts','','2022-02-02 17:21:41','2022-02-02 17:21:41',NULL,NULL,0,1,0,0,'IMPORT','332'),(364,1,1,1,'Contacts','','2022-02-02 17:21:41','2022-02-02 17:21:41',NULL,NULL,0,1,0,0,'IMPORT','333'),(365,1,1,1,'Contacts','','2022-02-02 17:21:41','2022-02-02 17:21:41',NULL,NULL,0,1,0,0,'IMPORT','334'),(366,1,1,1,'Contacts','','2022-02-02 17:21:41','2022-02-02 17:21:41',NULL,NULL,0,1,0,0,'IMPORT','335'),(367,1,1,1,'Contacts','','2022-02-02 17:21:41','2022-02-02 17:21:41',NULL,NULL,0,1,0,0,'IMPORT','Milena'),(368,1,1,1,'Contacts','','2022-02-02 17:21:41','2022-02-02 17:21:41',NULL,NULL,0,1,0,0,'IMPORT','Lina Maria Lopez'),(369,1,1,1,'Contacts','','2022-02-02 17:21:41','2022-02-02 17:21:41',NULL,NULL,0,1,0,0,'IMPORT','338'),(370,1,1,1,'Contacts','','2022-02-02 17:21:41','2022-02-02 17:21:41',NULL,NULL,0,1,0,0,'IMPORT','339'),(371,1,1,1,'Contacts','','2022-02-02 17:21:41','2022-02-02 17:21:41',NULL,NULL,0,1,0,0,'IMPORT','340'),(372,1,1,1,'Contacts','','2022-02-02 17:21:41','2022-02-02 17:21:41',NULL,NULL,0,1,0,0,'IMPORT','Sandra Briceo'),(373,1,1,1,'Contacts','','2022-02-02 17:21:41','2022-02-02 17:21:41',NULL,NULL,0,1,0,0,'IMPORT','342'),(374,1,1,1,'Contacts','','2022-02-02 17:21:41','2022-02-02 17:21:41',NULL,NULL,0,1,0,0,'IMPORT','343'),(375,1,1,1,'Contacts','','2022-02-02 17:21:41','2022-02-02 17:21:41',NULL,NULL,0,1,0,0,'IMPORT','344'),(376,1,1,1,'Contacts','','2022-02-02 17:21:41','2022-02-02 17:21:41',NULL,NULL,0,1,0,0,'IMPORT','345'),(377,1,1,1,'Contacts','','2022-02-02 17:21:41','2022-02-02 17:21:41',NULL,NULL,0,1,0,0,'IMPORT','346'),(378,1,1,1,'Contacts','','2022-02-02 17:21:41','2022-02-02 17:21:41',NULL,NULL,0,1,0,0,'IMPORT','347'),(379,1,1,1,'Contacts','','2022-02-02 17:21:41','2022-02-02 17:21:41',NULL,NULL,0,1,0,0,'IMPORT','348'),(380,1,1,1,'Contacts','','2022-02-02 17:21:41','2022-02-02 17:21:41',NULL,NULL,0,1,0,0,'IMPORT','349'),(381,1,1,1,'Contacts','','2022-02-02 17:21:41','2022-02-02 17:21:41',NULL,NULL,0,1,0,0,'IMPORT','350'),(382,1,1,1,'Contacts','','2022-02-02 17:21:41','2022-02-02 17:21:41',NULL,NULL,0,1,0,0,'IMPORT','Laura'),(383,1,1,1,'Contacts','','2022-02-02 17:21:41','2022-02-02 17:21:41',NULL,NULL,0,1,0,0,'IMPORT','Estefana'),(384,1,1,1,'Contacts','','2022-02-02 17:21:41','2022-02-02 17:21:41',NULL,NULL,0,1,0,0,'IMPORT','Erika Meja'),(385,1,1,1,'Contacts','','2022-02-02 17:21:41','2022-02-02 17:21:41',NULL,NULL,0,1,0,0,'IMPORT','Ruth'),(386,1,1,1,'Contacts','','2022-02-02 17:21:41','2022-02-02 17:21:41',NULL,NULL,0,1,0,0,'IMPORT','Cristina'),(387,1,1,1,'Contacts','','2022-02-02 17:21:41','2022-02-02 17:21:41',NULL,NULL,0,1,0,0,'IMPORT','Alexandra'),(388,1,1,1,'Contacts','','2022-02-02 17:21:41','2022-02-02 17:21:41',NULL,NULL,0,1,0,0,'IMPORT','357'),(389,1,1,1,'Contacts','','2022-02-02 17:21:41','2022-02-02 17:21:41',NULL,NULL,0,1,0,0,'IMPORT','Claudia'),(390,1,1,1,'Contacts','','2022-02-02 17:21:41','2022-02-02 17:21:41',NULL,NULL,0,1,0,0,'IMPORT','Shirley Rosas'),(391,1,1,1,'Contacts','','2022-02-02 17:21:41','2022-02-02 17:21:41',NULL,NULL,0,1,0,0,'IMPORT','360'),(392,1,1,1,'Contacts','','2022-02-02 17:21:41','2022-02-02 17:21:41',NULL,NULL,0,1,0,0,'IMPORT','361'),(393,1,1,1,'Contacts','','2022-02-02 17:21:41','2022-02-02 17:21:41',NULL,NULL,0,1,0,0,'IMPORT','362'),(394,1,1,1,'Contacts','','2022-02-02 17:21:41','2022-02-02 17:21:41',NULL,NULL,0,1,0,0,'IMPORT','363'),(395,1,1,1,'Contacts','','2022-02-02 17:21:41','2022-02-02 17:21:41',NULL,NULL,0,1,0,0,'IMPORT','364'),(396,1,1,1,'Contacts','','2022-02-02 17:21:41','2022-02-02 17:21:41',NULL,NULL,0,1,0,0,'IMPORT','365'),(397,1,1,1,'Contacts','','2022-02-02 17:21:41','2022-02-02 17:21:41',NULL,NULL,0,1,0,0,'IMPORT','366'),(398,1,1,1,'Contacts','','2022-02-02 17:21:41','2022-02-02 17:21:41',NULL,NULL,0,1,0,0,'IMPORT','367'),(399,1,1,1,'Contacts','','2022-02-02 17:21:41','2022-02-02 17:21:41',NULL,NULL,0,1,0,0,'IMPORT','368'),(400,1,1,1,'Contacts','','2022-02-02 17:21:41','2022-02-02 17:21:41',NULL,NULL,0,1,0,0,'IMPORT','369'),(401,1,1,1,'Contacts','','2022-02-02 17:21:41','2022-02-02 17:21:41',NULL,NULL,0,1,0,0,'IMPORT','370'),(402,1,1,1,'Contacts','','2022-02-02 17:21:41','2022-02-02 17:21:41',NULL,NULL,0,1,0,0,'IMPORT','371'),(403,1,1,1,'Contacts','','2022-02-02 17:21:41','2022-02-02 17:21:41',NULL,NULL,0,1,0,0,'IMPORT','372'),(404,1,1,1,'Contacts','','2022-02-02 17:21:41','2022-02-02 17:21:41',NULL,NULL,0,1,0,0,'IMPORT','373'),(405,1,1,1,'Contacts','','2022-02-02 17:21:41','2022-02-02 17:21:41',NULL,NULL,0,1,0,0,'IMPORT','374'),(406,1,1,1,'Contacts','','2022-02-02 17:21:41','2022-02-02 17:21:41',NULL,NULL,0,1,0,0,'IMPORT','375'),(407,1,1,1,'Contacts','','2022-02-02 17:21:41','2022-02-02 17:21:41',NULL,NULL,0,1,0,0,'IMPORT','376'),(408,1,1,1,'Contacts','','2022-02-02 17:21:41','2022-02-02 17:21:41',NULL,NULL,0,1,0,0,'IMPORT','377'),(409,1,1,1,'Contacts','','2022-02-02 17:21:41','2022-02-02 17:21:41',NULL,NULL,0,1,0,0,'IMPORT','Alejandro'),(410,1,1,1,'Contacts','','2022-02-02 17:21:41','2022-02-02 17:21:41',NULL,NULL,0,1,0,0,'IMPORT','379'),(411,1,1,1,'Contacts','','2022-02-02 17:21:41','2022-02-02 17:21:41',NULL,NULL,0,1,0,0,'IMPORT','Maria Fernanda'),(412,1,1,1,'Contacts','','2022-02-02 17:21:41','2022-02-02 17:21:41',NULL,NULL,0,1,0,0,'IMPORT','381'),(413,1,1,1,'Contacts','','2022-02-02 17:21:41','2022-02-02 17:21:41',NULL,NULL,0,1,0,0,'IMPORT','382'),(414,1,1,1,'Contacts','','2022-02-02 17:21:41','2022-02-02 17:21:41',NULL,NULL,0,1,0,0,'IMPORT','383'),(415,1,1,1,'Contacts','','2022-02-02 17:21:41','2022-02-02 17:21:41',NULL,NULL,0,1,0,0,'IMPORT','384'),(416,1,1,1,'Contacts','','2022-02-02 17:21:41','2022-02-02 17:21:41',NULL,NULL,0,1,0,0,'IMPORT','385'),(417,1,1,1,'Contacts','','2022-02-02 17:21:41','2022-02-02 17:21:41',NULL,NULL,0,1,0,0,'IMPORT','Bogot'),(418,1,1,1,'Contacts','','2022-02-02 17:21:41','2022-02-02 17:21:41',NULL,NULL,0,1,0,0,'IMPORT','Cali'),(419,1,1,1,'Contacts','','2022-02-02 17:21:41','2022-02-02 17:21:41',NULL,NULL,0,1,0,0,'IMPORT','388'),(420,1,1,1,'Contacts','','2022-02-02 17:21:41','2022-02-02 17:21:41',NULL,NULL,0,1,0,0,'IMPORT','389'),(421,1,1,1,'Contacts','','2022-02-02 17:21:41','2022-02-02 17:21:41',NULL,NULL,0,1,0,0,'IMPORT','390'),(422,1,1,1,'Contacts','','2022-02-02 17:21:41','2022-02-02 17:21:41',NULL,NULL,0,1,0,0,'IMPORT','Lucila'),(423,1,1,1,'Contacts','','2022-02-02 17:21:41','2022-02-02 17:21:41',NULL,NULL,0,1,0,0,'IMPORT','392'),(424,1,1,1,'Contacts','','2022-02-02 17:21:41','2022-02-02 17:21:41',NULL,NULL,0,1,0,0,'IMPORT','Olga'),(425,1,1,1,'Contacts','','2022-02-02 17:21:41','2022-02-02 17:21:41',NULL,NULL,0,1,0,0,'IMPORT','Urab'),(426,1,1,1,'Contacts','','2022-02-02 17:21:41','2022-02-02 17:21:41',NULL,NULL,0,1,0,0,'IMPORT','Martha Lucia Restrepo'),(427,1,1,1,'Contacts','','2022-02-02 17:21:41','2022-02-02 17:21:41',NULL,NULL,0,1,0,0,'IMPORT','396'),(428,1,1,1,'Contacts','','2022-02-02 17:21:41','2022-02-02 17:21:41',NULL,NULL,0,1,0,0,'IMPORT','Giovanna Ocampo'),(429,1,1,1,'Contacts','','2022-02-02 17:21:41','2022-02-02 17:21:41',NULL,NULL,0,1,0,0,'IMPORT','398'),(430,1,1,1,'Contacts','','2022-02-02 17:21:41','2022-02-02 17:21:41',NULL,NULL,0,1,0,0,'IMPORT','399'),(431,1,1,1,'Contacts','','2022-02-02 17:21:41','2022-02-02 17:21:41',NULL,NULL,0,1,0,0,'IMPORT','400'),(432,1,1,1,'Contacts','','2022-02-02 17:21:41','2022-02-02 17:21:41',NULL,NULL,0,1,0,0,'IMPORT','401'),(433,1,1,1,'Contacts','','2022-02-02 17:21:41','2022-02-02 17:21:41',NULL,NULL,0,1,0,0,'IMPORT','402'),(434,1,1,1,'Contacts','','2022-02-02 17:21:41','2022-02-02 17:21:41',NULL,NULL,0,1,0,0,'IMPORT','403'),(435,1,1,1,'Contacts','','2022-02-02 17:21:41','2022-02-02 17:21:41',NULL,NULL,0,1,0,0,'IMPORT','404'),(436,1,1,1,'Contacts','','2022-02-02 17:21:41','2022-02-02 17:21:41',NULL,NULL,0,1,0,0,'IMPORT','405'),(437,1,1,1,'Contacts','','2022-02-02 17:21:41','2022-02-02 17:21:41',NULL,NULL,0,1,0,0,'IMPORT','406'),(438,1,1,1,'Contacts','','2022-02-02 17:21:41','2022-02-02 17:21:41',NULL,NULL,0,1,0,0,'IMPORT','407'),(439,1,1,1,'Contacts','','2022-02-02 17:21:41','2022-02-02 17:21:41',NULL,NULL,0,1,0,0,'IMPORT','408'),(440,1,1,1,'Contacts','','2022-02-02 17:21:41','2022-02-02 17:21:41',NULL,NULL,0,1,0,0,'IMPORT','Viviana'),(441,1,1,1,'Contacts','','2022-02-02 17:21:41','2022-02-02 17:21:41',NULL,NULL,0,1,0,0,'IMPORT','Maria Esther Parrasalazar'),(442,1,1,1,'Contacts','','2022-02-02 17:21:41','2022-02-02 17:21:41',NULL,NULL,0,1,0,0,'IMPORT','Claudia Pilar Gonzalezbeltran'),(443,1,1,1,'Contacts','','2022-02-02 17:21:41','2022-02-02 17:21:41',NULL,NULL,0,1,0,0,'IMPORT','412'),(444,1,1,1,'Contacts','','2022-02-02 17:21:41','2022-02-02 17:21:41',NULL,NULL,0,1,0,0,'IMPORT','413'),(445,1,1,1,'Contacts','','2022-02-02 17:21:41','2022-02-02 17:21:41',NULL,NULL,0,1,0,0,'IMPORT','414'),(446,1,1,1,'Contacts','','2022-02-02 17:21:41','2022-02-02 17:21:41',NULL,NULL,0,1,0,0,'IMPORT','415'),(447,1,1,1,'Contacts','','2022-02-02 17:21:41','2022-02-02 17:21:41',NULL,NULL,0,1,0,0,'IMPORT','416'),(448,1,1,1,'Contacts','','2022-02-02 17:21:41','2022-02-02 17:21:41',NULL,NULL,0,1,0,0,'IMPORT','417'),(449,1,1,1,'Contacts','','2022-02-02 17:21:41','2022-02-02 17:21:41',NULL,NULL,0,1,0,0,'IMPORT','418'),(450,1,1,1,'Contacts','','2022-02-02 17:21:41','2022-02-02 17:21:41',NULL,NULL,0,1,0,0,'IMPORT','419'),(451,1,1,1,'Contacts','','2022-02-02 17:21:41','2022-02-02 17:21:41',NULL,NULL,0,1,0,0,'IMPORT','420'),(452,1,1,1,'Contacts','','2022-02-02 17:21:41','2022-02-02 17:21:41',NULL,NULL,0,1,0,0,'IMPORT','Diana'),(453,1,1,1,'Contacts','','2022-02-02 17:21:42','2022-02-02 17:21:42',NULL,NULL,0,1,0,0,'IMPORT','422'),(454,1,1,1,'Contacts','','2022-02-02 17:21:42','2022-02-02 17:21:42',NULL,NULL,0,1,0,0,'IMPORT','423'),(455,1,1,1,'Contacts','','2022-02-02 17:21:42','2022-02-02 17:21:42',NULL,NULL,0,1,0,0,'IMPORT','424'),(456,1,1,1,'Contacts','','2022-02-02 17:21:42','2022-02-02 17:21:42',NULL,NULL,0,1,0,0,'IMPORT','425'),(457,1,1,1,'Contacts','','2022-02-02 17:21:42','2022-02-02 17:21:42',NULL,NULL,0,1,0,0,'IMPORT','426'),(458,1,1,1,'Contacts','','2022-02-02 17:21:42','2022-02-02 17:21:42',NULL,NULL,0,1,0,0,'IMPORT','427'),(459,1,1,1,'Contacts','','2022-02-02 17:21:42','2022-02-02 17:21:42',NULL,NULL,0,1,0,0,'IMPORT','428'),(460,1,1,1,'Contacts','','2022-02-02 17:21:42','2022-02-02 17:21:42',NULL,NULL,0,1,0,0,'IMPORT','Manuela Garca'),(461,1,1,1,'Contacts','','2022-02-02 17:21:42','2022-02-02 17:21:42',NULL,NULL,0,1,0,0,'IMPORT','430'),(462,1,1,1,'Contacts','','2022-02-02 17:21:42','2022-02-02 17:21:42',NULL,NULL,0,1,0,0,'IMPORT','431'),(463,1,1,1,'Contacts','','2022-02-02 17:21:42','2022-02-02 17:21:42',NULL,NULL,0,1,0,0,'IMPORT','Graciela'),(464,1,1,1,'Contacts','','2022-02-02 17:21:42','2022-02-02 17:21:42',NULL,NULL,0,1,0,0,'IMPORT','433'),(465,1,1,1,'Contacts','','2022-02-02 17:21:42','2022-02-02 17:21:42',NULL,NULL,0,1,0,0,'IMPORT','434'),(466,1,1,1,'Contacts','','2022-02-02 17:21:42','2022-02-02 17:21:42',NULL,NULL,0,1,0,0,'IMPORT','435'),(467,1,1,1,'Contacts','','2022-02-02 17:21:42','2022-02-02 17:21:42',NULL,NULL,0,1,0,0,'IMPORT','Silvia Garca'),(468,1,1,1,'Contacts','','2022-02-02 17:21:42','2022-02-02 17:21:42',NULL,NULL,0,1,0,0,'IMPORT','437'),(469,1,1,1,'Contacts','','2022-02-02 17:21:42','2022-02-02 17:21:42',NULL,NULL,0,1,0,0,'IMPORT','438'),(470,1,1,1,'Contacts','','2022-02-02 17:21:42','2022-02-02 17:21:42',NULL,NULL,0,1,0,0,'IMPORT','439'),(471,1,1,1,'Contacts','','2022-02-02 17:21:42','2022-02-02 17:21:42',NULL,NULL,0,1,0,0,'IMPORT','440'),(472,1,1,1,'Contacts','','2022-02-02 17:21:42','2022-02-02 17:21:42',NULL,NULL,0,1,0,0,'IMPORT','441'),(473,1,1,1,'Contacts','','2022-02-02 17:21:42','2022-02-02 17:21:42',NULL,NULL,0,1,0,0,'IMPORT','442'),(474,1,1,1,'Contacts','','2022-02-02 17:21:42','2022-02-02 17:21:42',NULL,NULL,0,1,0,0,'IMPORT','443'),(475,1,1,1,'Contacts','','2022-02-02 17:21:42','2022-02-02 17:21:42',NULL,NULL,0,1,0,0,'IMPORT','444'),(476,1,1,1,'Contacts','','2022-02-02 17:21:42','2022-02-02 17:21:42',NULL,NULL,0,1,0,0,'IMPORT','445'),(477,1,1,1,'Contacts','','2022-02-02 17:21:42','2022-02-02 17:21:42',NULL,NULL,0,1,0,0,'IMPORT','446'),(478,1,1,1,'Contacts','','2022-02-02 17:21:42','2022-02-02 17:21:42',NULL,NULL,0,1,0,0,'IMPORT','447'),(479,1,1,1,'Contacts','','2022-02-02 17:21:42','2022-02-02 17:21:42',NULL,NULL,0,1,0,0,'IMPORT','Monica Msa'),(480,1,1,1,'Contacts','','2022-02-02 17:21:42','2022-02-02 17:21:42',NULL,NULL,0,1,0,0,'IMPORT','449'),(481,1,1,1,'Contacts','','2022-02-02 17:21:42','2022-02-02 17:21:42',NULL,NULL,0,1,0,0,'IMPORT','450'),(482,1,1,1,'Contacts','','2022-02-02 17:21:42','2022-02-02 17:21:42',NULL,NULL,0,1,0,0,'IMPORT','451'),(483,1,1,1,'Contacts','','2022-02-02 17:21:42','2022-02-02 17:21:42',NULL,NULL,0,1,0,0,'IMPORT','452'),(484,1,1,1,'Contacts','','2022-02-02 17:21:42','2022-02-02 17:21:42',NULL,NULL,0,1,0,0,'IMPORT','453'),(485,1,1,1,'Contacts','','2022-02-02 17:21:42','2022-02-02 17:21:42',NULL,NULL,0,1,0,0,'IMPORT','Martha Gonzlez'),(486,1,1,1,'Contacts','','2022-02-02 17:21:42','2022-02-02 17:21:42',NULL,NULL,0,1,0,0,'IMPORT','455'),(487,1,1,1,'Contacts','','2022-02-02 17:21:42','2022-02-02 17:21:42',NULL,NULL,0,1,0,0,'IMPORT','456'),(488,1,1,1,'Contacts','','2022-02-02 17:21:42','2022-02-02 17:21:42',NULL,NULL,0,1,0,0,'IMPORT','Ximena Mendoza'),(489,1,1,1,'Contacts','','2022-02-02 17:21:42','2022-02-02 17:21:42',NULL,NULL,0,1,0,0,'IMPORT','458'),(490,1,1,1,'Contacts','','2022-02-02 17:21:42','2022-02-02 17:21:42',NULL,NULL,0,1,0,0,'IMPORT','459'),(491,1,1,1,'Contacts','','2022-02-02 17:21:42','2022-02-02 17:21:42',NULL,NULL,0,1,0,0,'IMPORT','460'),(492,1,1,1,'Contacts','','2022-02-02 17:21:42','2022-02-02 17:21:42',NULL,NULL,0,1,0,0,'IMPORT','461'),(493,1,1,1,'Contacts','','2022-02-02 17:21:42','2022-02-02 17:21:42',NULL,NULL,0,1,0,0,'IMPORT','462'),(494,1,1,1,'Contacts','','2022-02-02 17:21:42','2022-02-02 17:21:42',NULL,NULL,0,1,0,0,'IMPORT','463'),(495,1,1,1,'Contacts','','2022-02-02 17:21:42','2022-02-02 17:21:42',NULL,NULL,0,1,0,0,'IMPORT','464'),(496,1,1,1,'Contacts','','2022-02-02 17:21:42','2022-02-02 17:21:42',NULL,NULL,0,1,0,0,'IMPORT','465'),(497,1,1,1,'Contacts','','2022-02-02 17:21:42','2022-02-02 17:21:42',NULL,NULL,0,1,0,0,'IMPORT','466'),(498,1,1,1,'Contacts','','2022-02-02 17:21:42','2022-02-02 17:21:42',NULL,NULL,0,1,0,0,'IMPORT','467'),(499,1,1,1,'Contacts','','2022-02-02 17:21:42','2022-02-02 17:21:42',NULL,NULL,0,1,0,0,'IMPORT','468'),(500,1,1,1,'Contacts','','2022-02-02 17:21:42','2022-02-02 17:21:42',NULL,NULL,0,1,0,0,'IMPORT','469'),(501,1,1,1,'Contacts','','2022-02-02 17:21:42','2022-02-02 17:21:42',NULL,NULL,0,1,0,0,'IMPORT','470'),(502,1,1,1,'Contacts','','2022-02-02 17:21:42','2022-02-02 17:21:42',NULL,NULL,0,1,0,0,'IMPORT','Claudia'),(503,1,1,1,'Contacts','','2022-02-02 17:21:42','2022-02-02 17:21:42',NULL,NULL,0,1,0,0,'IMPORT','472'),(504,1,1,1,'Contacts','','2022-02-02 17:21:42','2022-02-02 17:21:42',NULL,NULL,0,1,0,0,'IMPORT','473'),(505,1,1,1,'Contacts','','2022-02-02 17:21:42','2022-02-02 17:21:42',NULL,NULL,0,1,0,0,'IMPORT','Diana Reyes'),(506,1,1,1,'Contacts','','2022-02-02 17:21:42','2022-02-02 17:21:42',NULL,NULL,0,1,0,0,'IMPORT','475'),(507,1,1,1,'Contacts','','2022-02-02 17:21:42','2022-02-02 17:21:42',NULL,NULL,0,1,0,0,'IMPORT','476'),(508,1,1,1,'Contacts','','2022-02-02 17:21:42','2022-02-02 17:21:42',NULL,NULL,0,1,0,0,'IMPORT','Isabel'),(509,1,1,1,'Contacts','','2022-02-02 17:21:42','2022-02-02 17:21:42',NULL,NULL,0,1,0,0,'IMPORT','478'),(510,1,1,1,'Contacts','','2022-02-02 17:21:42','2022-02-02 17:21:42',NULL,NULL,0,1,0,0,'IMPORT','479'),(511,1,1,1,'Contacts','','2022-02-02 17:21:42','2022-02-02 17:21:42',NULL,NULL,0,1,0,0,'IMPORT','480'),(512,1,1,1,'Contacts','','2022-02-02 17:21:42','2022-02-02 17:21:42',NULL,NULL,0,1,0,0,'IMPORT','481'),(513,1,1,1,'Contacts','','2022-02-02 17:21:42','2022-02-02 17:21:42',NULL,NULL,0,1,0,0,'IMPORT','Manuela Rodriguez'),(514,1,1,1,'Contacts','','2022-02-02 17:21:42','2022-02-02 17:21:42',NULL,NULL,0,1,0,0,'IMPORT','483'),(515,1,1,1,'Contacts','','2022-02-02 17:21:42','2022-02-02 17:21:42',NULL,NULL,0,1,0,0,'IMPORT','484'),(516,1,1,1,'Contacts','','2022-02-02 17:21:42','2022-02-02 17:21:42',NULL,NULL,0,1,0,0,'IMPORT','485'),(517,1,1,1,'Contacts','','2022-02-02 17:21:42','2022-02-02 17:21:42',NULL,NULL,0,1,0,0,'IMPORT','486'),(518,1,1,1,'Contacts','','2022-02-02 17:21:42','2022-02-02 17:21:42',NULL,NULL,0,1,0,0,'IMPORT','487'),(519,1,1,1,'Contacts','','2022-02-02 17:21:42','2022-02-02 17:21:42',NULL,NULL,0,1,0,0,'IMPORT','488'),(520,1,1,1,'Contacts','','2022-02-02 17:21:42','2022-02-02 17:21:42',NULL,NULL,0,1,0,0,'IMPORT','489'),(521,1,1,1,'Contacts','','2022-02-02 17:21:42','2022-02-02 17:21:42',NULL,NULL,0,1,0,0,'IMPORT','490'),(522,1,1,1,'Contacts','','2022-02-02 17:21:42','2022-02-02 17:21:42',NULL,NULL,0,1,0,0,'IMPORT','Margarita Saldarriaga'),(523,1,1,1,'Contacts','','2022-02-02 17:21:42','2022-02-02 17:21:42',NULL,NULL,0,1,0,0,'IMPORT','Mary Orozco'),(524,1,1,1,'Contacts','','2022-02-02 17:21:42','2022-02-02 17:21:42',NULL,NULL,0,1,0,0,'IMPORT','Andrea Forero'),(525,1,1,1,'Contacts','','2022-02-02 17:21:42','2022-02-02 17:21:42',NULL,NULL,0,1,0,0,'IMPORT','494'),(526,1,1,1,'Contacts','','2022-02-02 17:21:42','2022-02-02 17:21:42',NULL,NULL,0,1,0,0,'IMPORT','495'),(527,1,1,1,'Contacts','','2022-02-02 17:21:42','2022-02-02 17:21:42',NULL,NULL,0,1,0,0,'IMPORT','496'),(528,1,1,1,'Contacts','','2022-02-02 17:21:42','2022-02-02 17:21:42',NULL,NULL,0,1,0,0,'IMPORT','497'),(529,1,1,1,'Contacts','','2022-02-02 17:21:42','2022-02-02 17:21:42',NULL,NULL,0,1,0,0,'IMPORT','Maria Patricia'),(530,1,1,1,'Contacts','','2022-02-02 17:21:42','2022-02-02 17:21:42',NULL,NULL,0,1,0,0,'IMPORT','499'),(531,1,1,1,'Contacts','','2022-02-02 17:21:42','2022-02-02 17:21:42',NULL,NULL,0,1,0,0,'IMPORT','500'),(532,1,1,1,'Contacts','','2022-02-02 17:21:42','2022-02-02 17:21:42',NULL,NULL,0,1,0,0,'IMPORT','501'),(533,1,1,1,'Contacts','','2022-02-02 17:22:33','2022-02-02 17:22:33',NULL,NULL,0,1,0,0,'IMPORT','502'),(534,1,1,1,'Contacts','','2022-02-02 17:22:33','2022-02-02 17:22:33',NULL,NULL,0,1,0,0,'IMPORT','Candelaria Manjarrez'),(535,1,1,1,'Contacts','','2022-02-02 17:22:33','2022-02-02 17:22:33',NULL,NULL,0,1,0,0,'IMPORT','504'),(536,1,1,1,'Contacts','','2022-02-02 17:22:33','2022-02-02 17:22:33',NULL,NULL,0,1,0,0,'IMPORT','505'),(537,1,1,1,'Contacts','','2022-02-02 17:22:33','2022-02-02 17:22:33',NULL,NULL,0,1,0,0,'IMPORT','506'),(538,1,1,1,'Contacts','','2022-02-02 17:22:33','2022-02-02 17:22:33',NULL,NULL,0,1,0,0,'IMPORT','507'),(539,1,1,1,'Contacts','','2022-02-02 17:22:33','2022-02-02 17:22:33',NULL,NULL,0,1,0,0,'IMPORT','508'),(540,1,1,1,'Contacts','','2022-02-02 17:22:33','2022-02-02 17:22:33',NULL,NULL,0,1,0,0,'IMPORT','509'),(541,1,1,1,'Contacts','','2022-02-02 17:22:33','2022-02-02 17:22:33',NULL,NULL,0,1,0,0,'IMPORT','510'),(542,1,1,1,'Contacts','','2022-02-02 17:22:33','2022-02-02 17:22:33',NULL,NULL,0,1,0,0,'IMPORT','511'),(543,1,1,1,'Contacts','','2022-02-02 17:22:33','2022-02-02 17:22:33',NULL,NULL,0,1,0,0,'IMPORT','512'),(544,1,1,1,'Contacts','','2022-02-02 17:22:33','2022-02-02 17:22:33',NULL,NULL,0,1,0,0,'IMPORT','513'),(545,1,1,1,'Contacts','','2022-02-02 17:22:33','2022-02-02 17:22:33',NULL,NULL,0,1,0,0,'IMPORT','514'),(546,1,1,1,'Contacts','','2022-02-02 17:22:33','2022-02-02 17:22:33',NULL,NULL,0,1,0,0,'IMPORT','515'),(547,1,1,1,'Contacts','','2022-02-02 17:22:33','2022-02-02 17:22:33',NULL,NULL,0,1,0,0,'IMPORT','516'),(548,1,1,1,'Contacts','','2022-02-02 17:22:33','2022-02-02 17:22:33',NULL,NULL,0,1,0,0,'IMPORT','Natalia Sarmiento'),(549,1,1,1,'Contacts','','2022-02-02 17:22:33','2022-02-02 17:22:33',NULL,NULL,0,1,0,0,'IMPORT','518'),(550,1,1,1,'Contacts','','2022-02-02 17:22:33','2022-02-02 17:22:33',NULL,NULL,0,1,0,0,'IMPORT','519'),(551,1,1,1,'Contacts','','2022-02-02 17:22:33','2022-02-02 17:22:33',NULL,NULL,0,1,0,0,'IMPORT','520'),(552,1,1,1,'Contacts','','2022-02-02 17:22:33','2022-02-02 17:22:33',NULL,NULL,0,1,0,0,'IMPORT','521'),(553,1,1,1,'Contacts','','2022-02-02 17:22:33','2022-02-02 17:22:33',NULL,NULL,0,1,0,0,'IMPORT','522'),(554,1,1,1,'Contacts','','2022-02-02 17:22:33','2022-02-02 17:22:33',NULL,NULL,0,1,0,0,'IMPORT','523'),(555,1,1,1,'Contacts','','2022-02-02 17:22:33','2022-02-02 17:22:33',NULL,NULL,0,1,0,0,'IMPORT','524'),(556,1,1,1,'Contacts','','2022-02-02 17:22:33','2022-02-02 17:22:33',NULL,NULL,0,1,0,0,'IMPORT','525'),(557,1,1,1,'Contacts','','2022-02-02 17:22:33','2022-02-02 17:22:33',NULL,NULL,0,1,0,0,'IMPORT','526'),(558,1,1,1,'Contacts','','2022-02-02 17:22:33','2022-02-02 17:22:33',NULL,NULL,0,1,0,0,'IMPORT','527'),(559,1,1,1,'Contacts','','2022-02-02 17:22:33','2022-02-02 17:22:33',NULL,NULL,0,1,0,0,'IMPORT','Gloria Jimnez'),(560,1,1,1,'Contacts','','2022-02-02 17:22:33','2022-02-02 17:22:33',NULL,NULL,0,1,0,0,'IMPORT','529'),(561,1,1,1,'Contacts','','2022-02-02 17:22:33','2022-02-02 17:22:33',NULL,NULL,0,1,0,0,'IMPORT','Miriam Flrez'),(562,1,1,1,'Contacts','','2022-02-02 17:22:33','2022-02-02 17:22:33',NULL,NULL,0,1,0,0,'IMPORT','531'),(563,1,1,1,'Contacts','','2022-02-02 17:22:33','2022-02-02 17:22:33',NULL,NULL,0,1,0,0,'IMPORT','Martha Henao'),(564,1,1,1,'Contacts','','2022-02-02 17:22:33','2022-02-02 17:22:33',NULL,NULL,0,1,0,0,'IMPORT','533'),(565,1,1,1,'Contacts','','2022-02-02 17:22:33','2022-02-02 17:22:33',NULL,NULL,0,1,0,0,'IMPORT','Diana'),(566,1,1,1,'Contacts','','2022-02-02 17:22:33','2022-02-02 17:22:33',NULL,NULL,0,1,0,0,'IMPORT','535'),(567,1,1,1,'Contacts','','2022-02-02 17:22:33','2022-02-02 17:22:33',NULL,NULL,0,1,0,0,'IMPORT','536'),(568,1,1,1,'Contacts','','2022-02-02 17:22:33','2022-02-02 17:22:33',NULL,NULL,0,1,0,0,'IMPORT','537'),(569,1,1,1,'Contacts','','2022-02-02 17:22:33','2022-02-02 17:22:33',NULL,NULL,0,1,0,0,'IMPORT','538'),(570,1,1,1,'Contacts','','2022-02-02 17:22:33','2022-02-02 17:22:33',NULL,NULL,0,1,0,0,'IMPORT','539'),(571,1,1,1,'Contacts','','2022-02-02 17:22:33','2022-02-02 17:22:33',NULL,NULL,0,1,0,0,'IMPORT','540'),(572,1,1,1,'Contacts','','2022-02-02 17:22:33','2022-02-02 17:22:33',NULL,NULL,0,1,0,0,'IMPORT','541'),(573,1,1,1,'Contacts','','2022-02-02 17:22:33','2022-02-02 17:22:33',NULL,NULL,0,1,0,0,'IMPORT','542'),(574,1,1,1,'Contacts','','2022-02-02 17:22:33','2022-02-02 17:22:33',NULL,NULL,0,1,0,0,'IMPORT','543'),(575,1,1,1,'Contacts','','2022-02-02 17:22:33','2022-02-02 17:22:33',NULL,NULL,0,1,0,0,'IMPORT','544'),(576,1,1,1,'Contacts','','2022-02-02 17:22:33','2022-02-02 17:22:33',NULL,NULL,0,1,0,0,'IMPORT','German Oviedo'),(577,1,1,1,'Contacts','','2022-02-02 17:22:33','2022-02-02 17:22:33',NULL,NULL,0,1,0,0,'IMPORT','Anny Locarno'),(578,1,1,1,'Contacts','','2022-02-02 17:22:33','2022-02-02 17:22:33',NULL,NULL,0,1,0,0,'IMPORT','547'),(579,1,1,1,'Contacts','','2022-02-02 17:22:33','2022-02-02 17:22:33',NULL,NULL,0,1,0,0,'IMPORT','548'),(580,1,1,1,'Contacts','','2022-02-02 17:22:33','2022-02-02 17:22:33',NULL,NULL,0,1,0,0,'IMPORT','549'),(581,1,1,1,'Contacts','','2022-02-02 17:22:33','2022-02-02 17:22:33',NULL,NULL,0,1,0,0,'IMPORT','550'),(582,1,1,1,'Contacts','','2022-02-02 17:22:33','2022-02-02 17:22:33',NULL,NULL,0,1,0,0,'IMPORT','551'),(583,1,1,1,'Contacts','','2022-02-02 17:22:33','2022-02-02 17:22:33',NULL,NULL,0,1,0,0,'IMPORT','552'),(584,1,1,1,'Contacts','','2022-02-02 17:22:33','2022-02-02 17:22:33',NULL,NULL,0,1,0,0,'IMPORT','Carolina'),(585,1,1,1,'Contacts','','2022-02-02 17:22:33','2022-02-02 17:22:33',NULL,NULL,0,1,0,0,'IMPORT','Claudia Vengochea'),(586,1,1,1,'Contacts','','2022-02-02 17:22:33','2022-02-02 17:22:33',NULL,NULL,0,1,0,0,'IMPORT','Elizabeth'),(587,1,1,1,'Contacts','','2022-02-02 17:22:33','2022-02-02 17:22:33',NULL,NULL,0,1,0,0,'IMPORT','556'),(588,1,1,1,'Contacts','','2022-02-02 17:22:33','2022-02-02 17:22:33',NULL,NULL,0,1,0,0,'IMPORT','Silvia Valencia'),(589,1,1,1,'Contacts','','2022-02-02 17:22:33','2022-02-02 17:22:33',NULL,NULL,0,1,0,0,'IMPORT','558'),(590,1,1,1,'Contacts','','2022-02-02 17:22:33','2022-02-02 17:22:33',NULL,NULL,0,1,0,0,'IMPORT','559'),(591,1,1,1,'Contacts','','2022-02-02 17:22:33','2022-02-02 17:22:33',NULL,NULL,0,1,0,0,'IMPORT','560'),(592,1,1,1,'Contacts','','2022-02-02 17:22:33','2022-02-02 17:22:33',NULL,NULL,0,1,0,0,'IMPORT','561'),(593,1,1,1,'Contacts','','2022-02-02 17:22:33','2022-02-02 17:22:33',NULL,NULL,0,1,0,0,'IMPORT','562'),(594,1,1,1,'Contacts','','2022-02-02 17:22:33','2022-02-02 17:22:33',NULL,NULL,0,1,0,0,'IMPORT','563'),(595,1,1,1,'Contacts','','2022-02-02 17:22:33','2022-02-02 17:22:33',NULL,NULL,0,1,0,0,'IMPORT','564'),(596,1,1,1,'Contacts','','2022-02-02 17:22:33','2022-02-02 17:22:33',NULL,NULL,0,1,0,0,'IMPORT','565'),(597,1,1,1,'Contacts','','2022-02-02 17:22:33','2022-02-02 17:22:33',NULL,NULL,0,1,0,0,'IMPORT','566'),(598,1,1,1,'Contacts','','2022-02-02 17:22:33','2022-02-02 17:22:33',NULL,NULL,0,1,0,0,'IMPORT','567'),(599,1,1,1,'Contacts','','2022-02-02 17:22:33','2022-02-02 17:22:33',NULL,NULL,0,1,0,0,'IMPORT','568'),(600,1,1,1,'Contacts','','2022-02-02 17:22:33','2022-02-02 17:22:33',NULL,NULL,0,1,0,0,'IMPORT','569'),(601,1,1,1,'Contacts','','2022-02-02 17:22:33','2022-02-02 17:22:33',NULL,NULL,0,1,0,0,'IMPORT','Olga Lucia Velzquez'),(602,1,1,1,'Contacts','','2022-02-02 17:22:33','2022-02-02 17:22:33',NULL,NULL,0,1,0,0,'IMPORT','571'),(603,1,1,1,'Contacts','','2022-02-02 17:22:33','2022-02-02 17:22:33',NULL,NULL,0,1,0,0,'IMPORT','572'),(604,1,1,1,'Contacts','','2022-02-02 17:22:33','2022-02-02 17:22:33',NULL,NULL,0,1,0,0,'IMPORT','573'),(605,1,1,1,'Contacts','','2022-02-02 17:22:33','2022-02-02 17:22:33',NULL,NULL,0,1,0,0,'IMPORT','574'),(606,1,1,1,'Contacts','','2022-02-02 17:22:33','2022-02-02 17:22:33',NULL,NULL,0,1,0,0,'IMPORT','575'),(607,1,1,1,'Contacts','','2022-02-02 17:22:33','2022-02-02 17:22:33',NULL,NULL,0,1,0,0,'IMPORT','576'),(608,1,1,1,'Contacts','','2022-02-02 17:22:33','2022-02-02 17:22:33',NULL,NULL,0,1,0,0,'IMPORT','577'),(609,1,1,1,'Contacts','','2022-02-02 17:22:33','2022-02-02 17:22:33',NULL,NULL,0,1,0,0,'IMPORT','578'),(610,1,1,1,'Contacts','','2022-02-02 17:22:33','2022-02-02 17:22:33',NULL,NULL,0,1,0,0,'IMPORT','579'),(611,1,1,1,'Contacts','','2022-02-02 17:22:33','2022-02-02 17:22:33',NULL,NULL,0,1,0,0,'IMPORT','Juliana Marmolejo Ziga'),(612,1,1,1,'Contacts','','2022-02-02 17:22:33','2022-02-02 17:22:33',NULL,NULL,0,1,0,0,'IMPORT','581'),(613,1,1,1,'Contacts','','2022-02-02 17:22:33','2022-02-02 17:22:33',NULL,NULL,0,1,0,0,'IMPORT','582'),(614,1,1,1,'Contacts','','2022-02-02 17:22:33','2022-02-02 17:22:33',NULL,NULL,0,1,0,0,'IMPORT','Ivn'),(615,1,1,1,'Contacts','','2022-02-02 17:22:33','2022-02-02 17:22:33',NULL,NULL,0,1,0,0,'IMPORT','Gladys Gmez'),(616,1,1,1,'Contacts','','2022-02-02 17:22:33','2022-02-02 17:22:33',NULL,NULL,0,1,0,0,'IMPORT','585'),(617,1,1,1,'Contacts','','2022-02-02 17:22:33','2022-02-02 17:22:33',NULL,NULL,0,1,0,0,'IMPORT','586'),(618,1,1,1,'Contacts','','2022-02-02 17:22:33','2022-02-02 17:22:33',NULL,NULL,0,1,0,0,'IMPORT','587'),(619,1,1,1,'Contacts','','2022-02-02 17:22:33','2022-02-02 17:22:33',NULL,NULL,0,1,0,0,'IMPORT','588'),(620,1,1,1,'Contacts','','2022-02-02 17:22:33','2022-02-02 17:22:33',NULL,NULL,0,1,0,0,'IMPORT','589'),(621,1,1,1,'Contacts','','2022-02-02 17:22:33','2022-02-02 17:22:33',NULL,NULL,0,1,0,0,'IMPORT','590'),(622,1,1,1,'Contacts','','2022-02-02 17:22:33','2022-02-02 17:22:33',NULL,NULL,0,1,0,0,'IMPORT','591'),(623,1,1,1,'Contacts','','2022-02-02 17:22:33','2022-02-02 17:22:33',NULL,NULL,0,1,0,0,'IMPORT','592'),(624,1,1,1,'Contacts','','2022-02-02 17:22:33','2022-02-02 17:22:33',NULL,NULL,0,1,0,0,'IMPORT','593'),(625,1,1,1,'Contacts','','2022-02-02 17:22:33','2022-02-02 17:22:33',NULL,NULL,0,1,0,0,'IMPORT','594'),(626,1,1,1,'Contacts','','2022-02-02 17:22:33','2022-02-02 17:22:33',NULL,NULL,0,1,0,0,'IMPORT','595'),(627,1,1,1,'Contacts','','2022-02-02 17:22:33','2022-02-02 17:22:33',NULL,NULL,0,1,0,0,'IMPORT','596'),(628,1,1,1,'Contacts','','2022-02-02 17:22:33','2022-02-02 17:22:33',NULL,NULL,0,1,0,0,'IMPORT','597'),(629,1,1,1,'Contacts','','2022-02-02 17:22:33','2022-02-02 17:22:33',NULL,NULL,0,1,0,0,'IMPORT','598'),(630,1,1,1,'Contacts','','2022-02-02 17:22:33','2022-02-02 17:22:33',NULL,NULL,0,1,0,0,'IMPORT','599'),(631,1,1,1,'Contacts','','2022-02-02 17:22:33','2022-02-02 17:22:33',NULL,NULL,0,1,0,0,'IMPORT','600'),(632,1,1,1,'Contacts','','2022-02-02 17:22:33','2022-02-02 17:22:33',NULL,NULL,0,1,0,0,'IMPORT','601'),(633,1,1,1,'Contacts','','2022-02-02 17:22:33','2022-02-02 17:22:33',NULL,NULL,0,1,0,0,'IMPORT','602'),(634,1,1,1,'Contacts','','2022-02-02 17:22:33','2022-02-02 17:22:33',NULL,NULL,0,1,0,0,'IMPORT','603'),(635,1,1,1,'Contacts','','2022-02-02 17:22:33','2022-02-02 17:22:33',NULL,NULL,0,1,0,0,'IMPORT','604'),(636,1,1,1,'Contacts','','2022-02-02 17:22:33','2022-02-02 17:22:33',NULL,NULL,0,1,0,0,'IMPORT','605'),(637,1,1,1,'Contacts','','2022-02-02 17:22:33','2022-02-02 17:22:33',NULL,NULL,0,1,0,0,'IMPORT','606'),(638,1,1,1,'Contacts','','2022-02-02 17:22:33','2022-02-02 17:22:33',NULL,NULL,0,1,0,0,'IMPORT','607'),(639,1,1,1,'Contacts','','2022-02-02 17:22:33','2022-02-02 17:22:33',NULL,NULL,0,1,0,0,'IMPORT','Carolina Vitola Moncada,'),(640,1,1,1,'Contacts','','2022-02-02 17:22:33','2022-02-02 17:22:33',NULL,NULL,0,1,0,0,'IMPORT','609'),(641,1,1,1,'Contacts','','2022-02-02 17:22:33','2022-02-02 17:22:33',NULL,NULL,0,1,0,0,'IMPORT','610'),(642,1,1,1,'Contacts','','2022-02-02 17:22:33','2022-02-02 17:22:33',NULL,NULL,0,1,0,0,'IMPORT','611'),(643,1,1,1,'Contacts','','2022-02-02 17:22:33','2022-02-02 17:22:33',NULL,NULL,0,1,0,0,'IMPORT','612'),(644,1,1,1,'Contacts','','2022-02-02 17:22:33','2022-02-02 17:22:33',NULL,NULL,0,1,0,0,'IMPORT','613'),(645,1,1,1,'Contacts','','2022-02-02 17:22:33','2022-02-02 17:22:33',NULL,NULL,0,1,0,0,'IMPORT','614'),(646,1,1,1,'Contacts','','2022-02-02 17:22:33','2022-02-02 17:22:33',NULL,NULL,0,1,0,0,'IMPORT','Sandra Romero'),(647,1,1,1,'Contacts','','2022-02-02 17:22:33','2022-02-02 17:22:33',NULL,NULL,0,1,0,0,'IMPORT','616'),(648,1,1,1,'Contacts','','2022-02-02 17:22:33','2022-02-02 17:22:33',NULL,NULL,0,1,0,0,'IMPORT','617'),(649,1,1,1,'Contacts','','2022-02-02 17:22:33','2022-02-02 17:22:33',NULL,NULL,0,1,0,0,'IMPORT','618'),(650,1,1,1,'Contacts','','2022-02-02 17:22:33','2022-02-02 17:22:33',NULL,NULL,0,1,0,0,'IMPORT','619'),(651,1,1,1,'Contacts','','2022-02-02 17:22:33','2022-02-02 17:22:33',NULL,NULL,0,1,0,0,'IMPORT','Adriana'),(652,1,1,1,'Contacts','','2022-02-02 17:22:33','2022-02-02 17:22:33',NULL,NULL,0,1,0,0,'IMPORT','Diana Carolina Senz lvarez'),(653,1,1,1,'Contacts','','2022-02-02 17:22:33','2022-02-02 17:22:33',NULL,NULL,0,1,0,0,'IMPORT','622'),(654,1,1,1,'Contacts','','2022-02-02 17:22:33','2022-02-02 17:22:33',NULL,NULL,0,1,0,0,'IMPORT','Natalia Ortiz'),(655,1,1,1,'Contacts','','2022-02-02 17:22:33','2022-02-02 17:22:33',NULL,NULL,0,1,0,0,'IMPORT','624'),(656,1,1,1,'Contacts','','2022-02-02 17:22:33','2022-02-02 17:22:33',NULL,NULL,0,1,0,0,'IMPORT','625'),(657,1,1,1,'Contacts','','2022-02-02 17:22:33','2022-02-02 17:22:33',NULL,NULL,0,1,0,0,'IMPORT','626'),(658,1,1,1,'Contacts','','2022-02-02 17:22:33','2022-02-02 17:22:33',NULL,NULL,0,1,0,0,'IMPORT','627'),(659,1,1,1,'Contacts','','2022-02-02 17:22:33','2022-02-02 17:22:33',NULL,NULL,0,1,0,0,'IMPORT','628'),(660,1,1,1,'Contacts','','2022-02-02 17:22:33','2022-02-02 17:22:33',NULL,NULL,0,1,0,0,'IMPORT','629'),(661,1,1,1,'Contacts','','2022-02-02 17:22:33','2022-02-02 17:22:33',NULL,NULL,0,1,0,0,'IMPORT','Liliana'),(662,1,1,1,'Contacts','','2022-02-02 17:22:33','2022-02-02 17:22:33',NULL,NULL,0,1,0,0,'IMPORT','631'),(663,1,1,1,'Contacts','','2022-02-02 17:22:33','2022-02-02 17:22:33',NULL,NULL,0,1,0,0,'IMPORT','632'),(664,1,1,1,'Contacts','','2022-02-02 17:22:33','2022-02-02 17:22:33',NULL,NULL,0,1,0,0,'IMPORT','Diana Muoz'),(665,1,1,1,'Contacts','','2022-02-02 17:22:33','2022-02-02 17:22:33',NULL,NULL,0,1,0,0,'IMPORT','634'),(666,1,1,1,'Contacts','','2022-02-02 17:22:33','2022-02-02 17:22:33',NULL,NULL,0,1,0,0,'IMPORT','635'),(667,1,1,1,'Contacts','','2022-02-02 17:22:33','2022-02-02 17:22:33',NULL,NULL,0,1,0,0,'IMPORT','Martha Isabel'),(668,1,1,1,'Contacts','','2022-02-02 17:22:33','2022-02-02 17:22:33',NULL,NULL,0,1,0,0,'IMPORT','637'),(669,1,1,1,'Contacts','','2022-02-02 17:22:33','2022-02-02 17:22:33',NULL,NULL,0,1,0,0,'IMPORT','638'),(670,1,1,1,'Contacts','','2022-02-02 17:22:33','2022-02-02 17:22:33',NULL,NULL,0,1,0,0,'IMPORT','639'),(671,1,1,1,'Contacts','','2022-02-02 17:22:33','2022-02-02 17:22:33',NULL,NULL,0,1,0,0,'IMPORT','640'),(672,1,1,1,'Contacts','','2022-02-02 17:22:33','2022-02-02 17:22:33',NULL,NULL,0,1,0,0,'IMPORT','641'),(673,1,1,1,'Contacts','','2022-02-02 17:22:33','2022-02-02 17:22:33',NULL,NULL,0,1,0,0,'IMPORT','642'),(674,1,1,1,'Contacts','','2022-02-02 17:22:33','2022-02-02 17:22:33',NULL,NULL,0,1,0,0,'IMPORT','643'),(675,1,1,1,'Contacts','','2022-02-02 17:22:34','2022-02-02 17:22:34',NULL,NULL,0,1,0,0,'IMPORT','644'),(676,1,1,1,'Contacts','','2022-02-02 17:22:34','2022-02-02 17:22:34',NULL,NULL,0,1,0,0,'IMPORT','Johana'),(677,1,1,1,'Contacts','','2022-02-02 17:22:34','2022-02-02 17:22:34',NULL,NULL,0,1,0,0,'IMPORT','Eliana'),(678,1,1,1,'Contacts','','2022-02-02 17:22:34','2022-02-02 17:22:34',NULL,NULL,0,1,0,0,'IMPORT','Olga Vlez'),(679,1,1,1,'Contacts','','2022-02-02 17:22:34','2022-02-02 17:22:34',NULL,NULL,0,1,0,0,'IMPORT','648'),(680,1,1,1,'Contacts','','2022-02-02 17:22:34','2022-02-02 17:22:34',NULL,NULL,0,1,0,0,'IMPORT','Dorelly Espinosa'),(681,1,1,1,'Contacts','','2022-02-02 17:22:34','2022-02-02 17:22:34',NULL,NULL,0,1,0,0,'IMPORT','650'),(682,1,1,1,'Contacts','','2022-02-02 17:22:34','2022-02-02 17:22:34',NULL,NULL,0,1,0,0,'IMPORT','651'),(683,1,1,1,'Contacts','','2022-02-02 17:22:34','2022-02-02 17:22:34',NULL,NULL,0,1,0,0,'IMPORT','652'),(684,1,1,1,'Contacts','','2022-02-02 17:22:34','2022-02-02 17:22:34',NULL,NULL,0,1,0,0,'IMPORT','Gabriela Martnez'),(685,1,1,1,'Contacts','','2022-02-02 17:22:34','2022-02-02 17:22:34',NULL,NULL,0,1,0,0,'IMPORT','654'),(686,1,1,1,'Contacts','','2022-02-02 17:22:34','2022-02-02 17:22:34',NULL,NULL,0,1,0,0,'IMPORT','655'),(687,1,1,1,'Contacts','','2022-02-02 17:22:34','2022-02-02 17:22:34',NULL,NULL,0,1,0,0,'IMPORT','656'),(688,1,1,1,'Contacts','','2022-02-02 17:22:34','2022-02-02 17:22:34',NULL,NULL,0,1,0,0,'IMPORT','657'),(689,1,1,1,'Contacts','','2022-02-02 17:22:34','2022-02-02 17:22:34',NULL,NULL,0,1,0,0,'IMPORT','Martha'),(690,1,1,1,'Contacts','','2022-02-02 17:22:34','2022-02-02 17:22:34',NULL,NULL,0,1,0,0,'IMPORT','659'),(691,1,1,1,'Contacts','','2022-02-02 17:22:34','2022-02-02 17:22:34',NULL,NULL,0,1,0,0,'IMPORT','Sucre'),(692,1,1,1,'Contacts','','2022-02-02 17:22:34','2022-02-02 17:22:34',NULL,NULL,0,1,0,0,'IMPORT','661'),(693,1,1,1,'Contacts','','2022-02-02 17:22:34','2022-02-02 17:22:34',NULL,NULL,0,1,0,0,'IMPORT','662'),(694,1,1,1,'Contacts','','2022-02-02 17:22:34','2022-02-02 17:22:34',NULL,NULL,0,1,0,0,'IMPORT','663'),(695,1,1,1,'Contacts','','2022-02-02 17:22:34','2022-02-02 17:22:34',NULL,NULL,0,1,0,0,'IMPORT','Katrina Saieh'),(696,1,1,1,'Contacts','','2022-02-02 17:22:34','2022-02-02 17:22:34',NULL,NULL,0,1,0,0,'IMPORT','665'),(697,1,1,1,'Contacts','','2022-02-02 17:22:34','2022-02-02 17:22:34',NULL,NULL,0,1,0,0,'IMPORT','666'),(698,1,1,1,'Contacts','','2022-02-02 17:22:34','2022-02-02 17:22:34',NULL,NULL,0,1,0,0,'IMPORT','667'),(699,1,1,1,'Contacts','','2022-02-02 17:22:34','2022-02-02 17:22:34',NULL,NULL,0,1,0,0,'IMPORT','668'),(700,1,1,1,'Contacts','','2022-02-02 17:22:34','2022-02-02 17:22:34',NULL,NULL,0,1,0,0,'IMPORT','669'),(701,1,1,1,'Contacts','','2022-02-02 17:22:34','2022-02-02 17:22:34',NULL,NULL,0,1,0,0,'IMPORT','670'),(702,1,1,1,'Contacts','','2022-02-02 17:22:34','2022-02-02 17:22:34',NULL,NULL,0,1,0,0,'IMPORT','671'),(703,1,1,1,'Contacts','','2022-02-02 17:22:34','2022-02-02 17:22:34',NULL,NULL,0,1,0,0,'IMPORT','672'),(704,1,1,1,'Contacts','','2022-02-02 17:22:34','2022-02-02 17:22:34',NULL,NULL,0,1,0,0,'IMPORT','673'),(705,1,1,1,'Contacts','','2022-02-02 17:22:34','2022-02-02 17:22:34',NULL,NULL,0,1,0,0,'IMPORT','674'),(706,1,1,1,'Contacts','','2022-02-02 17:22:34','2022-02-02 17:22:34',NULL,NULL,0,1,0,0,'IMPORT','675'),(707,1,1,1,'Contacts','','2022-02-02 17:22:34','2022-02-02 17:22:34',NULL,NULL,0,1,0,0,'IMPORT','Karina Pea'),(708,1,1,1,'Contacts','','2022-02-02 17:22:34','2022-02-02 17:22:34',NULL,NULL,0,1,0,0,'IMPORT','677'),(709,1,1,1,'Contacts','','2022-02-02 17:22:34','2022-02-02 17:22:34',NULL,NULL,0,1,0,0,'IMPORT','678'),(710,1,1,1,'Contacts','','2022-02-02 17:22:34','2022-02-02 17:22:34',NULL,NULL,0,1,0,0,'IMPORT','679'),(711,1,1,1,'Contacts','','2022-02-02 17:22:34','2022-02-02 17:22:34',NULL,NULL,0,1,0,0,'IMPORT','Daniela Hernndez Lpez'),(712,1,1,1,'Contacts','','2022-02-02 17:22:34','2022-02-02 17:22:34',NULL,NULL,0,1,0,0,'IMPORT','Kelly'),(713,1,1,1,'Contacts','','2022-02-02 17:22:34','2022-02-02 17:22:34',NULL,NULL,0,1,0,0,'IMPORT','682'),(714,1,1,1,'Contacts','','2022-02-02 17:22:34','2022-02-02 17:22:34',NULL,NULL,0,1,0,0,'IMPORT','683'),(715,1,1,1,'Contacts','','2022-02-02 17:22:34','2022-02-02 17:22:34',NULL,NULL,0,1,0,0,'IMPORT','684'),(716,1,1,1,'Contacts','','2022-02-02 17:22:34','2022-02-02 17:22:34',NULL,NULL,0,1,0,0,'IMPORT','685'),(717,1,1,1,'Contacts','','2022-02-02 17:22:34','2022-02-02 17:22:34',NULL,NULL,0,1,0,0,'IMPORT','686'),(718,1,1,1,'Contacts','','2022-02-02 17:22:34','2022-02-02 17:22:34',NULL,NULL,0,1,0,0,'IMPORT','687'),(719,1,1,1,'Contacts','','2022-02-02 17:22:34','2022-02-02 17:22:34',NULL,NULL,0,1,0,0,'IMPORT','688'),(720,1,1,1,'Contacts','','2022-02-02 17:22:34','2022-02-02 17:22:34',NULL,NULL,0,1,0,0,'IMPORT','689'),(721,1,1,1,'Contacts','','2022-02-02 17:22:34','2022-02-02 17:22:34',NULL,NULL,0,1,0,0,'IMPORT','690'),(722,1,1,1,'Contacts','','2022-02-02 17:22:34','2022-02-02 17:22:34',NULL,NULL,0,1,0,0,'IMPORT','691'),(723,1,1,1,'Contacts','','2022-02-02 17:22:34','2022-02-02 17:22:34',NULL,NULL,0,1,0,0,'IMPORT','692'),(724,1,1,1,'Contacts','','2022-02-02 17:22:34','2022-02-02 17:22:34',NULL,NULL,0,1,0,0,'IMPORT','693'),(725,1,1,1,'Contacts','','2022-02-02 17:22:34','2022-02-02 17:22:34',NULL,NULL,0,1,0,0,'IMPORT','694'),(726,1,1,1,'Contacts','','2022-02-02 17:22:34','2022-02-02 17:22:34',NULL,NULL,0,1,0,0,'IMPORT','695'),(727,1,1,1,'Contacts','','2022-02-02 17:22:34','2022-02-02 17:22:34',NULL,NULL,0,1,0,0,'IMPORT','696'),(728,1,1,1,'Contacts','','2022-02-02 17:22:34','2022-02-02 17:22:34',NULL,NULL,0,1,0,0,'IMPORT','697'),(729,1,1,1,'Contacts','','2022-02-02 17:22:34','2022-02-02 17:22:34',NULL,NULL,0,1,0,0,'IMPORT','698'),(730,1,1,1,'Contacts','','2022-02-02 17:22:34','2022-02-02 17:22:34',NULL,NULL,0,1,0,0,'IMPORT','Yenny Diaz'),(731,1,1,1,'Contacts','','2022-02-02 17:22:34','2022-02-02 17:22:34',NULL,NULL,0,1,0,0,'IMPORT','Alejandra'),(732,1,1,1,'Contacts','','2022-02-02 17:22:34','2022-02-02 17:22:34',NULL,NULL,0,1,0,0,'IMPORT','701'),(733,1,1,1,'Contacts','','2022-02-02 17:22:34','2022-02-02 17:22:34',NULL,NULL,0,1,0,0,'IMPORT','Viviana'),(734,1,1,1,'Contacts','','2022-02-02 17:22:34','2022-02-02 17:22:34',NULL,NULL,0,1,0,0,'IMPORT','703'),(735,1,1,1,'Contacts','','2022-02-02 17:22:34','2022-02-02 17:22:34',NULL,NULL,0,1,0,0,'IMPORT','704'),(736,1,1,1,'Contacts','','2022-02-02 17:22:34','2022-02-02 17:22:34',NULL,NULL,0,1,0,0,'IMPORT','705'),(737,1,1,1,'Contacts','','2022-02-02 17:22:34','2022-02-02 17:22:34',NULL,NULL,0,1,0,0,'IMPORT','Paola Bravo'),(738,1,1,1,'Contacts','','2022-02-02 17:22:34','2022-02-02 17:22:34',NULL,NULL,0,1,0,0,'IMPORT','707'),(739,1,1,1,'Contacts','','2022-02-02 17:22:34','2022-02-02 17:22:34',NULL,NULL,0,1,0,0,'IMPORT','708'),(740,1,1,1,'Contacts','','2022-02-02 17:22:34','2022-02-02 17:22:34',NULL,NULL,0,1,0,0,'IMPORT','709'),(741,1,1,1,'Contacts','','2022-02-02 17:22:34','2022-02-02 17:22:34',NULL,NULL,0,1,0,0,'IMPORT','710'),(742,1,1,1,'Contacts','','2022-02-02 17:22:34','2022-02-02 17:22:34',NULL,NULL,0,1,0,0,'IMPORT','711'),(743,1,1,1,'Contacts','','2022-02-02 17:22:34','2022-02-02 17:22:34',NULL,NULL,0,1,0,0,'IMPORT','712'),(744,1,1,1,'Contacts','','2022-02-02 17:22:34','2022-02-02 17:22:34',NULL,NULL,0,1,0,0,'IMPORT','713'),(745,1,1,1,'Contacts','','2022-02-02 17:22:34','2022-02-02 17:22:34',NULL,NULL,0,1,0,0,'IMPORT','714'),(746,1,1,1,'Contacts','','2022-02-02 17:22:34','2022-02-02 17:22:34',NULL,NULL,0,1,0,0,'IMPORT','715'),(747,1,1,1,'Contacts','','2022-02-02 17:22:34','2022-02-02 17:22:34',NULL,NULL,0,1,0,0,'IMPORT','716'),(748,1,1,1,'Contacts','','2022-02-02 17:22:34','2022-02-02 17:22:34',NULL,NULL,0,1,0,0,'IMPORT','717'),(749,1,1,1,'Contacts','','2022-02-02 17:22:34','2022-02-02 17:22:34',NULL,NULL,0,1,0,0,'IMPORT','718'),(750,1,1,1,'Contacts','','2022-02-02 17:22:34','2022-02-02 17:22:34',NULL,NULL,0,1,0,0,'IMPORT','719'),(751,1,1,1,'Contacts','','2022-02-02 17:22:34','2022-02-02 17:22:34',NULL,NULL,0,1,0,0,'IMPORT','Karina Salazar'),(752,1,1,1,'Contacts','','2022-02-02 17:22:34','2022-02-02 17:22:34',NULL,NULL,0,1,0,0,'IMPORT','721'),(753,1,1,1,'Contacts','','2022-02-02 17:22:34','2022-02-02 17:22:34',NULL,NULL,0,1,0,0,'IMPORT','722'),(754,1,1,1,'Contacts','','2022-02-02 17:22:34','2022-02-02 17:22:34',NULL,NULL,0,1,0,0,'IMPORT','Claudia'),(755,1,1,1,'Contacts','','2022-02-02 17:22:34','2022-02-02 17:22:34',NULL,NULL,0,1,0,0,'IMPORT','Maritza Cleves'),(756,1,1,1,'Contacts','','2022-02-02 17:22:34','2022-02-02 17:22:34',NULL,NULL,0,1,0,0,'IMPORT','725'),(757,1,1,1,'Contacts','','2022-02-02 17:22:34','2022-02-02 17:22:34',NULL,NULL,0,1,0,0,'IMPORT','726'),(758,1,1,1,'Contacts','','2022-02-02 17:22:34','2022-02-02 17:22:34',NULL,NULL,0,1,0,0,'IMPORT','727'),(759,1,1,1,'Contacts','','2022-02-02 17:22:34','2022-02-02 17:22:34',NULL,NULL,0,1,0,0,'IMPORT','728'),(760,1,1,1,'Contacts','','2022-02-02 17:22:34','2022-02-02 17:22:34',NULL,NULL,0,1,0,0,'IMPORT','729'),(761,1,1,1,'Contacts','','2022-02-02 17:22:34','2022-02-02 17:22:34',NULL,NULL,0,1,0,0,'IMPORT','730'),(762,1,1,1,'Contacts','','2022-02-02 17:22:34','2022-02-02 17:22:34',NULL,NULL,0,1,0,0,'IMPORT','731'),(763,1,1,1,'Contacts','','2022-02-02 17:22:34','2022-02-02 17:22:34',NULL,NULL,0,1,0,0,'IMPORT','Mara Del Pilar Medina'),(764,1,1,1,'Contacts','','2022-02-02 17:22:34','2022-02-02 17:22:34',NULL,NULL,0,1,0,0,'IMPORT','733'),(765,1,1,1,'Contacts','','2022-02-02 17:22:34','2022-02-02 17:22:34',NULL,NULL,0,1,0,0,'IMPORT','734'),(766,1,1,1,'Contacts','','2022-02-02 17:22:34','2022-02-02 17:22:34',NULL,NULL,0,1,0,0,'IMPORT','Wanda Yineth Mosquera Gamboa'),(767,1,1,1,'Contacts','','2022-02-02 17:22:34','2022-02-02 17:22:34',NULL,NULL,0,1,0,0,'IMPORT','Andrea Gmez Escobar'),(768,1,1,1,'Contacts','','2022-02-02 17:22:34','2022-02-02 17:22:34',NULL,NULL,0,1,0,0,'IMPORT','Yiset'),(769,1,1,1,'Contacts','','2022-02-02 17:22:34','2022-02-02 17:22:34',NULL,NULL,0,1,0,0,'IMPORT','Licet Aristizbal'),(770,1,1,1,'Contacts','','2022-02-02 17:22:34','2022-02-02 17:22:34',NULL,NULL,0,1,0,0,'IMPORT','739'),(771,1,1,1,'Contacts','','2022-02-02 17:22:34','2022-02-02 17:22:34',NULL,NULL,0,1,0,0,'IMPORT','740'),(772,1,1,1,'Contacts','','2022-02-02 17:22:34','2022-02-02 17:22:34',NULL,NULL,0,1,0,0,'IMPORT','741'),(773,1,1,1,'Contacts','','2022-02-02 17:22:34','2022-02-02 17:22:34',NULL,NULL,0,1,0,0,'IMPORT','742'),(774,1,1,1,'Contacts','','2022-02-02 17:22:34','2022-02-02 17:22:34',NULL,NULL,0,1,0,0,'IMPORT','743'),(775,1,1,1,'Contacts','','2022-02-02 17:22:34','2022-02-02 17:22:34',NULL,NULL,0,1,0,0,'IMPORT','744'),(776,1,1,1,'Contacts','','2022-02-02 17:22:34','2022-02-02 17:22:34',NULL,NULL,0,1,0,0,'IMPORT','Le Compro A Su Esposa'),(777,1,1,1,'Contacts','','2022-02-02 17:22:34','2022-02-02 17:22:34',NULL,NULL,0,1,0,0,'IMPORT','746'),(778,1,1,1,'Contacts','','2022-02-02 17:22:34','2022-02-02 17:22:34',NULL,NULL,0,1,0,0,'IMPORT','747'),(779,1,1,1,'Contacts','','2022-02-02 17:22:34','2022-02-02 17:22:34',NULL,NULL,0,1,0,0,'IMPORT','Beatriz Julieta Garca Gallego'),(780,1,1,1,'Contacts','','2022-02-02 17:22:34','2022-02-02 17:22:34',NULL,NULL,0,1,0,0,'IMPORT','749'),(781,1,1,1,'Contacts','','2022-02-02 17:22:34','2022-02-02 17:22:34',NULL,NULL,0,1,0,0,'IMPORT','Mnica Andrea Malaver Fuentes'),(782,1,1,1,'Contacts','','2022-02-02 17:22:34','2022-02-02 17:22:34',NULL,NULL,0,1,0,0,'IMPORT','Mara Teresa Vlez Lecompte'),(783,1,1,1,'Contacts','','2022-02-02 17:23:25','2022-02-02 17:23:25',NULL,NULL,0,1,0,0,'IMPORT','752'),(784,1,1,1,'Contacts','','2022-02-02 17:23:25','2022-02-02 17:23:25',NULL,NULL,0,1,0,0,'IMPORT','753'),(785,1,1,1,'Contacts','','2022-02-02 17:23:25','2022-02-02 17:23:25',NULL,NULL,0,1,0,0,'IMPORT','754'),(786,1,1,1,'Contacts','','2022-02-02 17:23:25','2022-02-02 17:23:25',NULL,NULL,0,1,0,0,'IMPORT','755'),(787,1,1,1,'Contacts','','2022-02-02 17:23:25','2022-02-02 17:23:25',NULL,NULL,0,1,0,0,'IMPORT','756'),(788,1,1,1,'Contacts','','2022-02-02 17:23:25','2022-02-02 17:23:25',NULL,NULL,0,1,0,0,'IMPORT','757'),(789,1,1,1,'Contacts','','2022-02-02 17:23:25','2022-02-02 17:23:25',NULL,NULL,0,1,0,0,'IMPORT','758'),(790,1,1,1,'Contacts','','2022-02-02 17:23:25','2022-02-02 17:23:25',NULL,NULL,0,1,0,0,'IMPORT','Olga Giraldo Ramirez'),(791,1,1,1,'Contacts','','2022-02-02 17:23:25','2022-02-02 17:23:25',NULL,NULL,0,1,0,0,'IMPORT','760'),(792,1,1,1,'Contacts','','2022-02-02 17:23:25','2022-02-02 17:23:25',NULL,NULL,0,1,0,0,'IMPORT','761'),(793,1,1,1,'Contacts','','2022-02-02 17:23:25','2022-02-02 17:23:25',NULL,NULL,0,1,0,0,'IMPORT','762'),(794,1,1,1,'Contacts','','2022-02-02 17:23:25','2022-02-02 17:23:25',NULL,NULL,0,1,0,0,'IMPORT','763'),(795,1,1,1,'Contacts','','2022-02-02 17:23:25','2022-02-02 17:23:25',NULL,NULL,0,1,0,0,'IMPORT','764'),(796,1,1,1,'Contacts','','2022-02-02 17:23:25','2022-02-02 17:23:25',NULL,NULL,0,1,0,0,'IMPORT','765'),(797,1,1,1,'Contacts','','2022-02-02 17:23:25','2022-02-02 17:23:25',NULL,NULL,0,1,0,0,'IMPORT','766'),(798,1,1,1,'Contacts','','2022-02-02 17:23:25','2022-02-02 17:23:25',NULL,NULL,0,1,0,0,'IMPORT','767'),(799,1,1,1,'Contacts','','2022-02-02 17:23:25','2022-02-02 17:23:25',NULL,NULL,0,1,0,0,'IMPORT','768'),(800,1,1,1,'Contacts','','2022-02-02 17:23:25','2022-02-02 17:23:25',NULL,NULL,0,1,0,0,'IMPORT','769'),(801,1,1,1,'Contacts','','2022-02-02 17:23:25','2022-02-02 17:23:25',NULL,NULL,0,1,0,0,'IMPORT','770'),(802,1,1,1,'Contacts','','2022-02-02 17:23:25','2022-02-02 17:23:25',NULL,NULL,0,1,0,0,'IMPORT','771'),(803,1,1,1,'Contacts','','2022-02-02 17:23:25','2022-02-02 17:23:25',NULL,NULL,0,1,0,0,'IMPORT','Darlyn'),(804,1,1,1,'Contacts','','2022-02-02 17:23:25','2022-02-02 17:23:25',NULL,NULL,0,1,0,0,'IMPORT','773'),(805,1,1,1,'Contacts','','2022-02-02 17:23:25','2022-02-02 17:23:25',NULL,NULL,0,1,0,0,'IMPORT','774'),(806,1,1,1,'Contacts','','2022-02-02 17:23:25','2022-02-02 17:23:25',NULL,NULL,0,1,0,0,'IMPORT','775'),(807,1,1,1,'Contacts','','2022-02-02 17:23:25','2022-02-02 17:23:25',NULL,NULL,0,1,0,0,'IMPORT','776'),(808,1,1,1,'Contacts','','2022-02-02 17:23:25','2022-02-02 17:23:25',NULL,NULL,0,1,0,0,'IMPORT','777'),(809,1,1,1,'Contacts','','2022-02-02 17:23:25','2022-02-02 17:23:25',NULL,NULL,0,1,0,0,'IMPORT','Surith Helena Buenda Yepez'),(810,1,1,1,'Contacts','','2022-02-02 17:23:25','2022-02-02 17:23:25',NULL,NULL,0,1,0,0,'IMPORT','Edith Margarita Silva Ayube'),(811,1,1,1,'Contacts','','2022-02-02 17:23:25','2022-02-02 17:23:25',NULL,NULL,0,1,0,0,'IMPORT','Susana Ros Ortega'),(812,1,1,1,'Contacts','','2022-02-02 17:23:25','2022-02-02 17:23:25',NULL,NULL,0,1,0,0,'IMPORT','Mnica Restrepo'),(813,1,1,1,'Contacts','','2022-02-02 17:23:25','2022-02-02 17:23:25',NULL,NULL,0,1,0,0,'IMPORT','782'),(814,1,1,1,'Contacts','','2022-02-02 17:23:25','2022-02-02 17:23:25',NULL,NULL,0,1,0,0,'IMPORT','Xiomara Diaz'),(815,1,1,1,'Contacts','','2022-02-02 17:23:25','2022-02-02 17:23:25',NULL,NULL,0,1,0,0,'IMPORT','Leidy Giraldo'),(816,1,1,1,'Contacts','','2022-02-02 17:23:25','2022-02-02 17:23:25',NULL,NULL,0,1,0,0,'IMPORT','Andrs Vargas Osorio'),(817,1,1,1,'Contacts','','2022-02-02 17:23:25','2022-02-02 17:23:25',NULL,NULL,0,1,0,0,'IMPORT','Natalia'),(818,1,1,1,'Contacts','','2022-02-02 17:23:25','2022-02-02 17:23:25',NULL,NULL,0,1,0,0,'IMPORT','787'),(819,1,1,1,'Contacts','','2022-02-02 17:23:25','2022-02-02 17:23:25',NULL,NULL,0,1,0,0,'IMPORT','788'),(820,1,1,1,'Contacts','','2022-02-02 17:23:25','2022-02-02 17:23:25',NULL,NULL,0,1,0,0,'IMPORT','789'),(821,1,1,1,'Contacts','','2022-02-02 17:23:25','2022-02-02 17:23:25',NULL,NULL,0,1,0,0,'IMPORT','790'),(822,1,1,1,'Contacts','','2022-02-02 17:23:25','2022-02-02 17:23:25',NULL,NULL,0,1,0,0,'IMPORT','Claudia Patricia Aguirre Guzmn'),(823,1,1,1,'Contacts','','2022-02-02 17:23:25','2022-02-02 17:23:25',NULL,NULL,0,1,0,0,'IMPORT','792'),(824,1,1,1,'Contacts','','2022-02-02 17:23:25','2022-02-02 17:23:25',NULL,NULL,0,1,0,0,'IMPORT','793'),(825,1,1,1,'Contacts','','2022-02-02 17:23:25','2022-02-02 17:23:25',NULL,NULL,0,1,0,0,'IMPORT','794'),(826,1,1,1,'Contacts','','2022-02-02 17:23:25','2022-02-02 17:23:25',NULL,NULL,0,1,0,0,'IMPORT','795'),(827,1,1,1,'Contacts','','2022-02-02 17:23:25','2022-02-02 17:23:25',NULL,NULL,0,1,0,0,'IMPORT','Liliana Colorado Hurtado'),(828,1,1,1,'Contacts','','2022-02-02 17:23:25','2022-02-02 17:23:25',NULL,NULL,0,1,0,0,'IMPORT','Maibelis'),(829,1,1,1,'Contacts','','2022-02-02 17:23:25','2022-02-02 17:23:25',NULL,NULL,0,1,0,0,'IMPORT','798'),(830,1,1,1,'Contacts','','2022-02-02 17:23:25','2022-02-02 17:23:25',NULL,NULL,0,1,0,0,'IMPORT','799'),(831,1,1,1,'Contacts','','2022-02-02 17:23:25','2022-02-02 17:23:25',NULL,NULL,0,1,0,0,'IMPORT','800'),(832,1,1,1,'Contacts','','2022-02-02 17:23:25','2022-02-02 17:23:25',NULL,NULL,0,1,0,0,'IMPORT','801'),(833,1,1,1,'Contacts','','2022-02-02 17:23:25','2022-02-02 17:23:25',NULL,NULL,0,1,0,0,'IMPORT','802'),(834,1,1,1,'Contacts','','2022-02-02 17:23:25','2022-02-02 17:23:25',NULL,NULL,0,1,0,0,'IMPORT','Juan Carlos Lopez'),(835,1,1,1,'Contacts','','2022-02-02 17:23:25','2022-02-02 17:23:25',NULL,NULL,0,1,0,0,'IMPORT','Ivonne Cruz Castro'),(836,1,1,1,'Contacts','','2022-02-02 17:23:25','2022-02-02 17:23:25',NULL,NULL,0,1,0,0,'IMPORT','Jimena Mendoza'),(837,1,1,1,'Contacts','','2022-02-02 17:23:25','2022-02-02 17:23:25',NULL,NULL,0,1,0,0,'IMPORT','806'),(838,1,1,1,'Contacts','','2022-02-02 17:23:25','2022-02-02 17:23:25',NULL,NULL,0,1,0,0,'IMPORT','807'),(839,1,1,1,'Contacts','','2022-02-02 17:23:25','2022-02-02 17:23:25',NULL,NULL,0,1,0,0,'IMPORT','808'),(840,1,1,1,'Contacts','','2022-02-02 17:23:25','2022-02-02 17:23:25',NULL,NULL,0,1,0,0,'IMPORT','809'),(841,1,1,1,'Contacts','','2022-02-02 17:23:25','2022-02-02 17:23:25',NULL,NULL,0,1,0,0,'IMPORT','810'),(842,1,1,1,'Contacts','','2022-02-02 17:23:25','2022-02-02 17:23:25',NULL,NULL,0,1,0,0,'IMPORT','811'),(843,1,1,1,'Contacts','','2022-02-02 17:23:25','2022-02-02 17:23:25',NULL,NULL,0,1,0,0,'IMPORT','812'),(844,1,1,1,'Contacts','','2022-02-02 17:23:25','2022-02-02 17:23:25',NULL,NULL,0,1,0,0,'IMPORT','813'),(845,1,1,1,'Contacts','','2022-02-02 17:23:25','2022-02-02 17:23:25',NULL,NULL,0,1,0,0,'IMPORT','814'),(846,1,1,1,'Contacts','','2022-02-02 17:23:25','2022-02-02 17:23:25',NULL,NULL,0,1,0,0,'IMPORT','Maira Alejandra Hernndez'),(847,1,1,1,'Contacts','','2022-02-02 17:23:25','2022-02-02 17:23:25',NULL,NULL,0,1,0,0,'IMPORT','Maria Taborda Ramrez'),(848,1,1,1,'Contacts','','2022-02-02 17:23:25','2022-02-02 17:23:25',NULL,NULL,0,1,0,0,'IMPORT','817'),(849,1,1,1,'Contacts','','2022-02-02 17:23:25','2022-02-02 17:23:25',NULL,NULL,0,1,0,0,'IMPORT','818'),(850,1,1,1,'Contacts','','2022-02-02 17:23:25','2022-02-02 17:23:25',NULL,NULL,0,1,0,0,'IMPORT','Natalia Monsalve'),(851,1,1,1,'Contacts','','2022-02-02 17:23:25','2022-02-02 17:23:25',NULL,NULL,0,1,0,0,'IMPORT','820'),(852,1,1,1,'Contacts','','2022-02-02 17:23:25','2022-02-02 17:23:25',NULL,NULL,0,1,0,0,'IMPORT','821'),(853,1,1,1,'Contacts','','2022-02-02 17:23:25','2022-02-02 17:23:25',NULL,NULL,0,1,0,0,'IMPORT','Maria Elvira Mendoza'),(854,1,1,1,'Contacts','','2022-02-02 17:23:25','2022-02-02 17:23:25',NULL,NULL,0,1,0,0,'IMPORT','823'),(855,1,1,1,'Contacts','','2022-02-02 17:23:26','2022-02-02 17:23:26',NULL,NULL,0,1,0,0,'IMPORT','824'),(856,1,1,1,'Contacts','','2022-02-02 17:23:26','2022-02-02 17:23:26',NULL,NULL,0,1,0,0,'IMPORT','Berly Martnez Torres'),(857,1,1,1,'Contacts','','2022-02-02 17:23:26','2022-02-02 17:23:26',NULL,NULL,0,1,0,0,'IMPORT','826'),(858,1,1,1,'Contacts','','2022-02-02 17:23:26','2022-02-02 17:23:26',NULL,NULL,0,1,0,0,'IMPORT','827'),(859,1,1,1,'Contacts','','2022-02-02 17:23:26','2022-02-02 17:23:26',NULL,NULL,0,1,0,0,'IMPORT','828'),(860,1,1,1,'Contacts','','2022-02-02 17:23:26','2022-02-02 17:23:26',NULL,NULL,0,1,0,0,'IMPORT','829'),(861,1,1,1,'Contacts','','2022-02-02 17:23:26','2022-02-02 17:23:26',NULL,NULL,0,1,0,0,'IMPORT','830'),(862,1,1,1,'Contacts','','2022-02-02 17:23:26','2022-02-02 17:23:26',NULL,NULL,0,1,0,0,'IMPORT','831'),(863,1,1,1,'Contacts','','2022-02-02 17:23:26','2022-02-02 17:23:26',NULL,NULL,0,1,0,0,'IMPORT','832'),(864,1,1,1,'Contacts','','2022-02-02 17:23:26','2022-02-02 17:23:26',NULL,NULL,0,1,0,0,'IMPORT','Dora Lis Correa'),(865,1,1,1,'Contacts','','2022-02-02 17:23:26','2022-02-02 17:23:26',NULL,NULL,0,1,0,0,'IMPORT','834'),(866,1,1,1,'Contacts','','2022-02-02 17:23:26','2022-02-02 17:23:26',NULL,NULL,0,1,0,0,'IMPORT','Diana Galvis'),(867,1,1,1,'Contacts','','2022-02-02 17:23:26','2022-02-02 17:23:26',NULL,NULL,0,1,0,0,'IMPORT','836'),(868,1,1,1,'Contacts','','2022-02-02 17:23:26','2022-02-02 17:23:26',NULL,NULL,0,1,0,0,'IMPORT','837'),(869,1,1,1,'Contacts','','2022-02-02 17:23:26','2022-02-02 17:23:26',NULL,NULL,0,1,0,0,'IMPORT','838'),(870,1,1,1,'Contacts','','2022-02-02 17:23:26','2022-02-02 17:23:26',NULL,NULL,0,1,0,0,'IMPORT','Luisa Fernanda Restrepo Villa'),(871,1,1,1,'Contacts','','2022-02-02 17:23:26','2022-02-02 17:23:26',NULL,NULL,0,1,0,0,'IMPORT','840'),(872,1,1,1,'Contacts','','2022-02-02 17:23:26','2022-02-02 17:23:26',NULL,NULL,0,1,0,0,'IMPORT','841'),(873,1,1,1,'Contacts','','2022-02-02 17:23:26','2022-02-02 17:23:26',NULL,NULL,0,1,0,0,'IMPORT','842'),(874,1,1,1,'Contacts','','2022-02-02 17:23:26','2022-02-02 17:23:26',NULL,NULL,0,1,0,0,'IMPORT','843'),(875,1,1,1,'Contacts','','2022-02-02 17:23:26','2022-02-02 17:23:26',NULL,NULL,0,1,0,0,'IMPORT','Priscila Molina'),(876,1,1,1,'Contacts','','2022-02-02 17:23:26','2022-02-02 17:23:26',NULL,NULL,0,1,0,0,'IMPORT','Sharik'),(877,1,1,1,'Contacts','','2022-02-02 17:23:26','2022-02-02 17:23:26',NULL,NULL,0,1,0,0,'IMPORT','Gladys'),(878,1,1,1,'Contacts','','2022-02-02 17:23:26','2022-02-02 17:23:26',NULL,NULL,0,1,0,0,'IMPORT','847'),(879,1,1,1,'Contacts','','2022-02-02 17:23:26','2022-02-02 17:23:26',NULL,NULL,0,1,0,0,'IMPORT','Isabel'),(880,1,1,1,'Contacts','','2022-02-02 17:23:26','2022-02-02 17:23:26',NULL,NULL,0,1,0,0,'IMPORT','849'),(881,1,1,1,'Contacts','','2022-02-02 17:23:26','2022-02-02 17:23:26',NULL,NULL,0,1,0,0,'IMPORT','Cantina La 15'),(882,1,1,1,'Contacts','','2022-02-02 17:23:26','2022-02-02 17:23:26',NULL,NULL,0,1,0,0,'IMPORT','851'),(883,1,1,1,'Contacts','','2022-02-02 17:23:26','2022-02-02 17:23:26',NULL,NULL,0,1,0,0,'IMPORT','852'),(884,1,1,1,'Contacts','','2022-02-02 17:23:26','2022-02-02 17:23:26',NULL,NULL,0,1,0,0,'IMPORT','Zaray'),(885,1,1,1,'Contacts','','2022-02-02 17:23:26','2022-02-02 17:23:26',NULL,NULL,0,1,0,0,'IMPORT','Catalina Hernndez Carvajal'),(886,1,1,1,'Contacts','','2022-02-02 17:23:26','2022-02-02 17:23:26',NULL,NULL,0,1,0,0,'IMPORT','855'),(887,1,1,1,'Contacts','','2022-02-02 17:23:26','2022-02-02 17:23:26',NULL,NULL,0,1,0,0,'IMPORT','Helen Santamara'),(888,1,1,1,'Contacts','','2022-02-02 17:23:26','2022-02-02 17:23:26',NULL,NULL,0,1,0,0,'IMPORT','857'),(889,1,1,1,'Contacts','','2022-02-02 17:23:26','2022-02-02 17:23:26',NULL,NULL,0,1,0,0,'IMPORT','Nathalia Erazo Meneses'),(890,1,1,1,'Contacts','','2022-02-02 17:23:26','2022-02-02 17:23:26',NULL,NULL,0,1,0,0,'IMPORT','859'),(891,1,1,1,'Contacts','','2022-02-02 17:23:26','2022-02-02 17:23:26',NULL,NULL,0,1,0,0,'IMPORT','Julia Andre Suarez'),(892,1,1,1,'Contacts','','2022-02-02 17:23:26','2022-02-02 17:23:26',NULL,NULL,0,1,0,0,'IMPORT','Angelica Vargas'),(893,1,1,1,'Contacts','','2022-02-02 17:23:26','2022-02-02 17:23:26',NULL,NULL,0,1,0,0,'IMPORT','862'),(894,1,1,1,'Contacts','','2022-02-02 17:23:26','2022-02-02 17:23:26',NULL,NULL,0,1,0,0,'IMPORT','Esttica'),(895,1,1,1,'Contacts','','2022-02-02 17:23:26','2022-02-02 17:23:26',NULL,NULL,0,1,0,0,'IMPORT','864'),(896,1,1,1,'Contacts','','2022-02-02 17:23:26','2022-02-02 17:23:26',NULL,NULL,0,1,0,0,'IMPORT','Katherine Carvajal'),(897,1,1,1,'Contacts','','2022-02-02 17:23:26','2022-02-02 17:23:26',NULL,NULL,0,1,0,0,'IMPORT','Leidy'),(898,1,1,1,'Contacts','','2022-02-02 17:23:26','2022-02-02 17:23:26',NULL,NULL,0,1,0,0,'IMPORT','Berenice Hernndez'),(899,1,1,1,'Contacts','','2022-02-02 17:23:26','2022-02-02 17:23:26',NULL,NULL,0,1,0,0,'IMPORT','868'),(900,1,1,1,'Contacts','','2022-02-02 17:23:26','2022-02-02 17:23:26',NULL,NULL,0,1,0,0,'IMPORT','869'),(901,1,1,1,'Contacts','','2022-02-02 17:23:26','2022-02-02 17:23:26',NULL,NULL,0,1,0,0,'IMPORT','870'),(902,1,1,1,'Contacts','','2022-02-02 17:23:26','2022-02-02 17:23:26',NULL,NULL,0,1,0,0,'IMPORT','871'),(903,1,1,1,'Contacts','','2022-02-02 17:23:26','2022-02-02 17:23:26',NULL,NULL,0,1,0,0,'IMPORT','872'),(904,1,1,1,'Contacts','','2022-02-02 17:23:26','2022-02-02 17:23:26',NULL,NULL,0,1,0,0,'IMPORT','873'),(905,1,1,1,'Contacts','','2022-02-02 17:23:26','2022-02-02 17:23:26',NULL,NULL,0,1,0,0,'IMPORT','Daniela'),(906,1,1,1,'Contacts','','2022-02-02 17:23:26','2022-02-02 17:23:26',NULL,NULL,0,1,0,0,'IMPORT','875'),(907,1,1,1,'Contacts','','2022-02-02 17:23:26','2022-02-02 17:23:26',NULL,NULL,0,1,0,0,'IMPORT','876'),(908,1,1,1,'Contacts','','2022-02-02 17:23:26','2022-02-02 17:23:26',NULL,NULL,0,1,0,0,'IMPORT','877'),(909,1,1,1,'Contacts','','2022-02-02 17:23:26','2022-02-02 17:23:26',NULL,NULL,0,1,0,0,'IMPORT','878'),(910,1,1,1,'Contacts','','2022-02-02 17:23:26','2022-02-02 17:23:26',NULL,NULL,0,1,0,0,'IMPORT','879'),(911,1,1,1,'Contacts','','2022-02-02 17:23:26','2022-02-02 17:23:26',NULL,NULL,0,1,0,0,'IMPORT','880'),(912,1,1,1,'Contacts','','2022-02-02 17:23:26','2022-02-02 17:23:26',NULL,NULL,0,1,0,0,'IMPORT','881'),(913,1,1,1,'Contacts','','2022-02-02 17:23:26','2022-02-02 17:23:26',NULL,NULL,0,1,0,0,'IMPORT','Ana Carolina Torres'),(914,1,1,1,'Contacts','','2022-02-02 17:23:26','2022-02-02 17:23:26',NULL,NULL,0,1,0,0,'IMPORT','Mayerly Hernndez'),(915,1,1,1,'Contacts','','2022-02-02 17:23:26','2022-02-02 17:23:26',NULL,NULL,0,1,0,0,'IMPORT','884'),(916,1,1,1,'Contacts','','2022-02-02 17:23:26','2022-02-02 17:23:26',NULL,NULL,0,1,0,0,'IMPORT','Michele Pietrantonio Carrera'),(917,1,1,1,'Contacts','','2022-02-02 17:23:26','2022-02-02 17:23:26',NULL,NULL,0,1,0,0,'IMPORT','Jennifer'),(918,1,1,1,'Contacts','','2022-02-02 17:23:26','2022-02-02 17:23:26',NULL,NULL,0,1,0,0,'IMPORT','887'),(919,1,1,1,'Contacts','','2022-02-02 17:23:26','2022-02-02 17:23:26',NULL,NULL,0,1,0,0,'IMPORT','888'),(920,1,1,1,'Contacts','','2022-02-02 17:23:26','2022-02-02 17:23:26',NULL,NULL,0,1,0,0,'IMPORT','889'),(921,1,1,1,'Contacts','','2022-02-02 17:23:26','2022-02-02 17:23:26',NULL,NULL,0,1,0,0,'IMPORT','890'),(922,1,1,1,'Contacts','','2022-02-02 17:23:26','2022-02-02 17:23:26',NULL,NULL,0,1,0,0,'IMPORT','891'),(923,1,1,1,'Contacts','','2022-02-02 17:23:26','2022-02-02 17:23:26',NULL,NULL,0,1,0,0,'IMPORT','892'),(924,1,1,1,'Contacts','','2022-02-02 17:23:26','2022-02-02 17:23:26',NULL,NULL,0,1,0,0,'IMPORT','Ana Luca Lpez'),(925,1,1,1,'Contacts','','2022-02-02 17:23:26','2022-02-02 17:23:26',NULL,NULL,0,1,0,0,'IMPORT','Luisa Fernanda Alfonso'),(926,1,1,1,'Contacts','','2022-02-02 17:23:26','2022-02-02 17:23:26',NULL,NULL,0,1,0,0,'IMPORT','Geovanna Delgado'),(927,1,1,1,'Contacts','','2022-02-02 17:23:26','2022-02-02 17:23:26',NULL,NULL,0,1,0,0,'IMPORT','896'),(928,1,1,1,'Contacts','','2022-02-02 17:23:26','2022-02-02 17:23:26',NULL,NULL,0,1,0,0,'IMPORT','Yenni'),(929,1,1,1,'Contacts','','2022-02-02 17:23:26','2022-02-02 17:23:26',NULL,NULL,0,1,0,0,'IMPORT','898'),(930,1,1,1,'Contacts','','2022-02-02 17:23:26','2022-02-02 17:23:26',NULL,NULL,0,1,0,0,'IMPORT','899'),(931,1,1,1,'Contacts','','2022-02-02 17:23:26','2022-02-02 17:23:26',NULL,NULL,0,1,0,0,'IMPORT','900'),(932,1,1,1,'Contacts','','2022-02-02 17:25:59','2022-02-02 17:25:59',NULL,NULL,0,1,0,0,'IMPORT','901'),(933,1,1,1,'Contacts','','2022-02-02 17:25:59','2022-02-02 17:25:59',NULL,NULL,0,1,0,0,'IMPORT','902'),(934,1,1,1,'Contacts','','2022-02-02 17:25:59','2022-02-02 17:25:59',NULL,NULL,0,1,0,0,'IMPORT','903'),(935,1,1,1,'Contacts','','2022-02-02 17:25:59','2022-02-02 17:25:59',NULL,NULL,0,1,0,0,'IMPORT','Academia Unicornio'),(936,1,1,1,'Contacts','','2022-02-02 17:25:59','2022-02-02 17:25:59',NULL,NULL,0,1,0,0,'IMPORT','905'),(937,1,1,1,'Contacts','','2022-02-02 17:25:59','2022-02-02 17:25:59',NULL,NULL,0,1,0,0,'IMPORT','Isabel Alejandra Yaruro Neira'),(938,1,1,1,'Contacts','','2022-02-02 17:25:59','2022-02-02 17:25:59',NULL,NULL,0,1,0,0,'IMPORT','907'),(939,1,1,1,'Contacts','','2022-02-02 17:25:59','2022-02-02 17:25:59',NULL,NULL,0,1,0,0,'IMPORT','908'),(940,1,1,1,'Contacts','','2022-02-02 17:25:59','2022-02-02 17:25:59',NULL,NULL,0,1,0,0,'IMPORT','Isabella'),(941,1,1,1,'Contacts','','2022-02-02 17:25:59','2022-02-02 17:25:59',NULL,NULL,0,1,0,0,'IMPORT','910'),(942,1,1,1,'Contacts','','2022-02-02 17:25:59','2022-02-02 17:25:59',NULL,NULL,0,1,0,0,'IMPORT','911'),(943,1,1,1,'Contacts','','2022-02-02 17:25:59','2022-02-02 17:25:59',NULL,NULL,0,1,0,0,'IMPORT','912'),(944,1,1,1,'Contacts','','2022-02-02 17:25:59','2022-02-02 17:25:59',NULL,NULL,0,1,0,0,'IMPORT','Dulia'),(945,1,1,1,'Contacts','','2022-02-02 17:25:59','2022-02-02 17:25:59',NULL,NULL,0,1,0,0,'IMPORT','914'),(946,1,1,1,'Contacts','','2022-02-02 17:25:59','2022-02-02 17:25:59',NULL,NULL,0,1,0,0,'IMPORT','915'),(947,1,1,1,'Contacts','','2022-02-02 17:25:59','2022-02-02 17:25:59',NULL,NULL,0,1,0,0,'IMPORT','916'),(948,1,1,1,'Contacts','','2022-02-02 17:25:59','2022-02-02 17:25:59',NULL,NULL,0,1,0,0,'IMPORT','Luisa'),(949,1,1,1,'Contacts','','2022-02-02 17:25:59','2022-02-02 17:25:59',NULL,NULL,0,1,0,0,'IMPORT','918'),(950,1,1,1,'Contacts','','2022-02-02 17:25:59','2022-02-02 17:25:59',NULL,NULL,0,1,0,0,'IMPORT','919'),(951,1,1,1,'Contacts','','2022-02-02 17:25:59','2022-02-02 17:25:59',NULL,NULL,0,1,0,0,'IMPORT','Carolina Vlez'),(952,1,1,1,'Contacts','','2022-02-02 17:25:59','2022-02-02 17:25:59',NULL,NULL,0,1,0,0,'IMPORT','921'),(953,1,1,1,'Contacts','','2022-02-02 17:25:59','2022-02-02 17:25:59',NULL,NULL,0,1,0,0,'IMPORT','922'),(954,1,1,1,'Contacts','','2022-02-02 17:25:59','2022-02-02 17:25:59',NULL,NULL,0,1,0,0,'IMPORT','923'),(955,1,1,1,'Contacts','','2022-02-02 17:25:59','2022-02-02 17:25:59',NULL,NULL,0,1,0,0,'IMPORT','Oliver'),(956,1,1,1,'Contacts','','2022-02-02 17:25:59','2022-02-02 17:25:59',NULL,NULL,0,1,0,0,'IMPORT','925'),(957,1,1,1,'Contacts','','2022-02-02 17:25:59','2022-02-02 17:25:59',NULL,NULL,0,1,0,0,'IMPORT','926'),(958,1,1,1,'Contacts','','2022-02-02 17:25:59','2022-02-02 17:25:59',NULL,NULL,0,1,0,0,'IMPORT','927'),(959,1,1,1,'Contacts','','2022-02-02 17:25:59','2022-02-02 17:25:59',NULL,NULL,0,1,0,0,'IMPORT','928'),(960,1,1,1,'Contacts','','2022-02-02 17:25:59','2022-02-02 17:25:59',NULL,NULL,0,1,0,0,'IMPORT','929'),(961,1,1,1,'Contacts','','2022-02-02 17:25:59','2022-02-02 17:25:59',NULL,NULL,0,1,0,0,'IMPORT','930'),(962,1,1,1,'Contacts','','2022-02-02 17:25:59','2022-02-02 17:25:59',NULL,NULL,0,1,0,0,'IMPORT','931'),(963,1,1,1,'Contacts','','2022-02-02 17:25:59','2022-02-02 17:25:59',NULL,NULL,0,1,0,0,'IMPORT','Vanessa Gamez'),(964,1,1,1,'Contacts','','2022-02-02 17:25:59','2022-02-02 17:25:59',NULL,NULL,0,1,0,0,'IMPORT','933'),(965,1,1,1,'Contacts','','2022-02-02 17:25:59','2022-02-02 17:25:59',NULL,NULL,0,1,0,0,'IMPORT','934'),(966,1,1,1,'Contacts','','2022-02-02 17:25:59','2022-02-02 17:25:59',NULL,NULL,0,1,0,0,'IMPORT','935'),(967,1,1,1,'Contacts','','2022-02-02 17:25:59','2022-02-02 17:25:59',NULL,NULL,0,1,0,0,'IMPORT','936'),(968,1,1,1,'Contacts','','2022-02-02 17:25:59','2022-02-02 17:25:59',NULL,NULL,0,1,0,0,'IMPORT','937'),(969,1,1,1,'Contacts','','2022-02-02 17:25:59','2022-02-02 17:25:59',NULL,NULL,0,1,0,0,'IMPORT','938'),(970,1,1,1,'Contacts','','2022-02-02 17:25:59','2022-02-02 17:25:59',NULL,NULL,0,1,0,0,'IMPORT','939'),(971,1,1,1,'Contacts','','2022-02-02 17:25:59','2022-02-02 17:25:59',NULL,NULL,0,1,0,0,'IMPORT','940'),(972,1,1,1,'Contacts','','2022-02-02 17:25:59','2022-02-02 17:25:59',NULL,NULL,0,1,0,0,'IMPORT','Omaira Soto Garca'),(973,1,1,1,'Contacts','','2022-02-02 17:25:59','2022-02-02 17:25:59',NULL,NULL,0,1,0,0,'IMPORT','Diana Ramrez'),(974,1,1,1,'Contacts','','2022-02-02 17:25:59','2022-02-02 17:25:59',NULL,NULL,0,1,0,0,'IMPORT','Diana Gmez'),(975,1,1,1,'Contacts','','2022-02-02 17:25:59','2022-02-02 17:25:59',NULL,NULL,0,1,0,0,'IMPORT','944'),(976,1,1,1,'Contacts','','2022-02-02 17:25:59','2022-02-02 17:25:59',NULL,NULL,0,1,0,0,'IMPORT','945'),(977,1,1,1,'Contacts','','2022-02-02 17:25:59','2022-02-02 17:25:59',NULL,NULL,0,1,0,0,'IMPORT','946'),(978,1,1,1,'Contacts','','2022-02-02 17:25:59','2022-02-02 17:25:59',NULL,NULL,0,1,0,0,'IMPORT','Patricia Ramos'),(979,1,1,1,'Contacts','','2022-02-02 17:25:59','2022-02-02 17:25:59',NULL,NULL,0,1,0,0,'IMPORT','948'),(980,1,1,1,'Contacts','','2022-02-02 17:25:59','2022-02-02 17:25:59',NULL,NULL,0,1,0,0,'IMPORT','949'),(981,1,1,1,'Contacts','','2022-02-02 17:25:59','2022-02-02 17:25:59',NULL,NULL,0,1,0,0,'IMPORT','950'),(982,1,1,1,'Contacts','','2022-02-02 17:25:59','2022-02-02 17:25:59',NULL,NULL,0,1,0,0,'IMPORT','951'),(983,1,1,1,'Contacts','','2022-02-02 17:25:59','2022-02-02 17:25:59',NULL,NULL,0,1,0,0,'IMPORT','952'),(984,1,1,1,'Contacts','','2022-02-02 17:25:59','2022-02-02 17:25:59',NULL,NULL,0,1,0,0,'IMPORT','Patricia Ochoa'),(985,1,1,1,'Contacts','','2022-02-02 17:25:59','2022-02-02 17:25:59',NULL,NULL,0,1,0,0,'IMPORT','954'),(986,1,1,1,'Contacts','','2022-02-02 17:25:59','2022-02-02 17:25:59',NULL,NULL,0,1,0,0,'IMPORT','955'),(987,1,1,1,'Contacts','','2022-02-02 17:25:59','2022-02-02 17:25:59',NULL,NULL,0,1,0,0,'IMPORT','Ximena Palacios Ramos'),(988,1,1,1,'Contacts','','2022-02-02 17:25:59','2022-02-02 17:25:59',NULL,NULL,0,1,0,0,'IMPORT','957'),(989,1,1,1,'Contacts','','2022-02-02 17:25:59','2022-02-02 17:25:59',NULL,NULL,0,1,0,0,'IMPORT','958'),(990,1,1,1,'Contacts','','2022-02-02 17:25:59','2022-02-02 17:25:59',NULL,NULL,0,1,0,0,'IMPORT','959'),(991,1,1,1,'Contacts','','2022-02-02 17:25:59','2022-02-02 17:25:59',NULL,NULL,0,1,0,0,'IMPORT','960'),(992,1,1,1,'Contacts','','2022-02-02 17:25:59','2022-02-02 17:25:59',NULL,NULL,0,1,0,0,'IMPORT','961'),(993,1,1,1,'Contacts','','2022-02-02 17:25:59','2022-02-02 17:25:59',NULL,NULL,0,1,0,0,'IMPORT','962'),(994,1,1,1,'Contacts','','2022-02-02 17:25:59','2022-02-02 17:25:59',NULL,NULL,0,1,0,0,'IMPORT','Bibiana Mesa'),(995,1,1,1,'Contacts','','2022-02-02 17:25:59','2022-02-02 17:25:59',NULL,NULL,0,1,0,0,'IMPORT','964'),(996,1,1,1,'Contacts','','2022-02-02 17:25:59','2022-02-02 17:25:59',NULL,NULL,0,1,0,0,'IMPORT','965'),(997,1,1,1,'Contacts','','2022-02-02 17:25:59','2022-02-02 17:25:59',NULL,NULL,0,1,0,0,'IMPORT','966'),(998,1,1,1,'Contacts','','2022-02-02 17:25:59','2022-02-02 17:25:59',NULL,NULL,0,1,0,0,'IMPORT','967'),(999,1,1,1,'Contacts','','2022-02-02 17:25:59','2022-02-02 17:25:59',NULL,NULL,0,1,0,0,'IMPORT','Doralba Bedoya'),(1000,1,1,1,'Contacts','','2022-02-02 17:25:59','2022-02-02 17:25:59',NULL,NULL,0,1,0,0,'IMPORT','969'),(1001,1,1,1,'Contacts','','2022-02-02 17:25:59','2022-02-02 17:25:59',NULL,NULL,0,1,0,0,'IMPORT','970'),(1002,1,1,1,'Contacts','','2022-02-02 17:25:59','2022-02-02 17:25:59',NULL,NULL,0,1,0,0,'IMPORT','Mara Ruby Daz Rodrguez'),(1003,1,1,1,'Contacts','','2022-02-02 17:25:59','2022-02-02 17:25:59',NULL,NULL,0,1,0,0,'IMPORT','Luis Edison Trejo Castiblanco'),(1004,1,1,1,'Contacts','','2022-02-02 17:25:59','2022-02-02 17:25:59',NULL,NULL,0,1,0,0,'IMPORT','973'),(1005,1,1,1,'Contacts','','2022-02-02 17:25:59','2022-02-02 17:25:59',NULL,NULL,0,1,0,0,'IMPORT','974'),(1006,1,1,1,'Contacts','','2022-02-02 17:25:59','2022-02-02 17:25:59',NULL,NULL,0,1,0,0,'IMPORT','Lizeth'),(1007,1,1,1,'Contacts','','2022-02-02 17:25:59','2022-02-02 17:25:59',NULL,NULL,0,1,0,0,'IMPORT','976'),(1008,1,1,1,'Contacts','','2022-02-02 17:25:59','2022-02-02 17:25:59',NULL,NULL,0,1,0,0,'IMPORT','977'),(1009,1,1,1,'Contacts','','2022-02-02 17:25:59','2022-02-02 17:25:59',NULL,NULL,0,1,0,0,'IMPORT','978'),(1010,1,1,1,'Contacts','','2022-02-02 17:25:59','2022-02-02 17:25:59',NULL,NULL,0,1,0,0,'IMPORT','Yaneth Mondragn Snchez'),(1011,1,1,1,'Contacts','','2022-02-02 17:25:59','2022-02-02 17:25:59',NULL,NULL,0,1,0,0,'IMPORT','980'),(1012,1,1,1,'Contacts','','2022-02-02 17:25:59','2022-02-02 17:25:59',NULL,NULL,0,1,0,0,'IMPORT','981'),(1013,1,1,1,'Contacts','','2022-02-02 17:25:59','2022-02-02 17:25:59',NULL,NULL,0,1,0,0,'IMPORT','982'),(1014,1,1,1,'Contacts','','2022-02-02 17:25:59','2022-02-02 17:25:59',NULL,NULL,0,1,0,0,'IMPORT','983'),(1015,1,1,1,'Contacts','','2022-02-02 17:25:59','2022-02-02 17:25:59',NULL,NULL,0,1,0,0,'IMPORT','984'),(1016,1,1,1,'Contacts','','2022-02-02 17:25:59','2022-02-02 17:25:59',NULL,NULL,0,1,0,0,'IMPORT','985'),(1017,1,1,1,'Contacts','','2022-02-02 17:25:59','2022-02-02 17:25:59',NULL,NULL,0,1,0,0,'IMPORT','986'),(1018,1,1,1,'Contacts','','2022-02-02 17:25:59','2022-02-02 17:25:59',NULL,NULL,0,1,0,0,'IMPORT','987'),(1019,1,1,1,'Contacts','','2022-02-02 17:25:59','2022-02-02 17:25:59',NULL,NULL,0,1,0,0,'IMPORT','988'),(1020,1,1,1,'Contacts','','2022-02-02 17:25:59','2022-02-02 17:25:59',NULL,NULL,0,1,0,0,'IMPORT','989'),(1021,1,1,1,'Contacts','','2022-02-02 17:25:59','2022-02-02 17:25:59',NULL,NULL,0,1,0,0,'IMPORT','990'),(1022,1,1,1,'Contacts','','2022-02-02 17:25:59','2022-02-02 17:25:59',NULL,NULL,0,1,0,0,'IMPORT','991'),(1023,1,1,1,'Contacts','','2022-02-02 17:25:59','2022-02-02 17:25:59',NULL,NULL,0,1,0,0,'IMPORT','Jackeline'),(1024,1,1,1,'Contacts','','2022-02-02 17:25:59','2022-02-02 17:25:59',NULL,NULL,0,1,0,0,'IMPORT','Heydy Gaviria Beltrn'),(1025,1,1,1,'Contacts','','2022-02-02 17:25:59','2022-02-02 17:25:59',NULL,NULL,0,1,0,0,'IMPORT','994'),(1026,1,1,1,'Contacts','','2022-02-02 17:25:59','2022-02-02 17:25:59',NULL,NULL,0,1,0,0,'IMPORT','Yenny'),(1027,1,1,1,'Contacts','','2022-02-02 17:25:59','2022-02-02 17:25:59',NULL,NULL,0,1,0,0,'IMPORT','996'),(1028,1,1,1,'Contacts','','2022-02-02 17:25:59','2022-02-02 17:25:59',NULL,NULL,0,1,0,0,'IMPORT','997'),(1029,1,1,1,'Contacts','','2022-02-02 17:25:59','2022-02-02 17:25:59',NULL,NULL,0,1,0,0,'IMPORT','998'),(1030,1,1,1,'Contacts','','2022-02-02 17:25:59','2022-02-02 17:25:59',NULL,NULL,0,1,0,0,'IMPORT','Gloria Eugenia Jaramillo Henao'),(1031,1,1,1,'Contacts','','2022-02-02 17:25:59','2022-02-02 17:25:59',NULL,NULL,0,1,0,0,'IMPORT','1000'),(1032,1,1,1,'Contacts','','2022-02-02 17:25:59','2022-02-02 17:25:59',NULL,NULL,0,1,0,0,'IMPORT','1001'),(1033,1,1,1,'Contacts','','2022-02-02 17:25:59','2022-02-02 17:25:59',NULL,NULL,0,1,0,0,'IMPORT','1002'),(1034,1,1,1,'Contacts','','2022-02-02 17:25:59','2022-02-02 17:25:59',NULL,NULL,0,1,0,0,'IMPORT','1003'),(1035,1,1,1,'Contacts','','2022-02-02 17:25:59','2022-02-02 17:25:59',NULL,NULL,0,1,0,0,'IMPORT','1004'),(1036,1,1,1,'Contacts','','2022-02-02 17:25:59','2022-02-02 17:25:59',NULL,NULL,0,1,0,0,'IMPORT','1005'),(1037,1,1,1,'Contacts','','2022-02-02 17:25:59','2022-02-02 17:25:59',NULL,NULL,0,1,0,0,'IMPORT','Mabel Angelica Pea Gonzlez'),(1038,1,1,1,'Contacts','','2022-02-02 17:25:59','2022-02-02 17:25:59',NULL,NULL,0,1,0,0,'IMPORT','1007'),(1039,1,1,1,'Contacts','','2022-02-02 17:25:59','2022-02-02 17:25:59',NULL,NULL,0,1,0,0,'IMPORT','1008'),(1040,1,1,1,'Contacts','','2022-02-02 17:25:59','2022-02-02 17:25:59',NULL,NULL,0,1,0,0,'IMPORT','1009'),(1041,1,1,1,'Contacts','','2022-02-02 17:25:59','2022-02-02 17:25:59',NULL,NULL,0,1,0,0,'IMPORT','1010'),(1042,1,1,1,'Contacts','','2022-02-02 17:25:59','2022-02-02 17:25:59',NULL,NULL,0,1,0,0,'IMPORT','Ledis Caro Ortiz'),(1043,1,1,1,'Contacts','','2022-02-02 17:25:59','2022-02-02 17:25:59',NULL,NULL,0,1,0,0,'IMPORT','1012'),(1044,1,1,1,'Contacts','','2022-02-02 17:25:59','2022-02-02 17:25:59',NULL,NULL,0,1,0,0,'IMPORT','1013'),(1045,1,1,1,'Contacts','','2022-02-02 17:25:59','2022-02-02 17:25:59',NULL,NULL,0,1,0,0,'IMPORT','1014'),(1046,1,1,1,'Contacts','','2022-02-02 17:25:59','2022-02-02 17:25:59',NULL,NULL,0,1,0,0,'IMPORT','1015'),(1047,1,1,1,'Contacts','','2022-02-02 17:25:59','2022-02-02 17:25:59',NULL,NULL,0,1,0,0,'IMPORT','Catalina Mndez'),(1048,1,1,1,'Contacts','','2022-02-02 17:25:59','2022-02-02 17:25:59',NULL,NULL,0,1,0,0,'IMPORT','Viviana Valencia'),(1049,1,1,1,'Contacts','','2022-02-02 17:25:59','2022-02-02 17:25:59',NULL,NULL,0,1,0,0,'IMPORT','Viviana'),(1050,1,1,1,'Contacts','','2022-02-02 17:25:59','2022-02-02 17:25:59',NULL,NULL,0,1,0,0,'IMPORT','1019'),(1051,1,1,1,'Contacts','','2022-02-02 17:25:59','2022-02-02 17:25:59',NULL,NULL,0,1,0,0,'IMPORT','1020'),(1052,1,1,1,'Contacts','','2022-02-02 17:25:59','2022-02-02 17:25:59',NULL,NULL,0,1,0,0,'IMPORT','1021'),(1053,1,1,1,'Contacts','','2022-02-02 17:25:59','2022-02-02 17:25:59',NULL,NULL,0,1,0,0,'IMPORT','1022'),(1054,1,1,1,'Contacts','','2022-02-02 17:25:59','2022-02-02 17:25:59',NULL,NULL,0,1,0,0,'IMPORT','Diana Patricia Surez'),(1055,1,1,1,'Contacts','','2022-02-02 17:25:59','2022-02-02 17:25:59',NULL,NULL,0,1,0,0,'IMPORT','1024'),(1056,1,1,1,'Contacts','','2022-02-02 17:25:59','2022-02-02 17:25:59',NULL,NULL,0,1,0,0,'IMPORT','Simn Aristizbal Garca.'),(1057,1,1,1,'Contacts','','2022-02-02 17:25:59','2022-02-02 17:25:59',NULL,NULL,0,1,0,0,'IMPORT','1026'),(1058,1,1,1,'Contacts','','2022-02-02 17:25:59','2022-02-02 17:25:59',NULL,NULL,0,1,0,0,'IMPORT','Rubn Daro Gonzales'),(1059,1,1,1,'Leads','Quisiera conocer sus productos igualmente catalogo u precios tengo  un Spa.\nQuedo atenta gracias.','2022-02-08 13:48:35','2022-02-25 16:07:16',NULL,NULL,0,1,0,0,'WEBFORM',' Sandra Cadena'),(1060,1,1,5,'Leads','Estimados clientes, \nActualmente estamos ofreciendo prstamos de inversin, comerciales o personales a largo y corto plazo por un monto de USD $ 10 millones a USD $ 1 mil millones a personas y empresas interesadas a una tarifa de prstamo asequible de 0.50%.  tasa de inters del 0,00%;  Ests atrapado, vetado del banco y no tienes el favor de los bancos para hacer mal crdito.  Con la ayuda y la asistencia de nuestros bancos, ofrecemos prstamos garantizados, quizs necesite un prstamo o financiamiento por alguna de las siguientes razones?  Prstamo Personal, Creacin o Ampliacin de Negocio.  Contcteme en: (zhaow@fequitystrategyltd.com) para obtener ms informacin. \n \nSaludos mientras espero tener noticias suyas con urgencia, \n \n \nPERSONA DE CONTACTO \nZHAO WENHE \nESTRATEGIA DE EQUIDAD FINANCIERA LTD','2022-02-08 14:24:13','2022-02-15 03:24:49',NULL,NULL,0,1,1,0,'WEBFORM',' ZHAO WENHE'),(1061,1,1,5,'Leads','Hello dear, \nHope this email finds you well. \nThis is a very big news and a special message to you. \nI am the winner of 533-Million, in the Mega Millions Jackpot. Due to the current pandemic, I\'ve decided to join other world philanthropists to do what is within my capacity to bring relief to a few people and their local community, globally, through a random selection of web addresses by my financial team. \nYour website has surfaced as one of the lucky recipients of this selection and with a heart of warm benevolence, I wish you a big congratulation. \nHere is your donation code: RFECD00052022FP \nWhen replying to this email, please ensure you state your donation code for verification by my financial team. \nMore details are on my YouTube channel. \nWATCH ME HERE: https://www.youtube.com/watch?v=tne02ExNDrw \nContact WhatsApp: +1 (518) 625-8953 \ncontact the finance team by email only when you don\'t have WhatsApp: globalrelief.richardwahl2022@financier.com \nCongratulations once again! \nKind regards, \nRichard Wahl.','2022-02-09 07:58:20','2022-02-15 03:24:23',NULL,NULL,0,1,1,0,'WEBFORM',' Richard WahlVZ'),(1062,1,1,5,'Leads','Hello \n \nI\'m Diane Angelori, online trading expert. I want you to know that Online trading (Crypto, Forex and Binary option) is a good thing if you have a good trading strategy, I use to loose a lot of funds in online trading before I got to where I am today. If you need assistance on how to trade and recover back all the money you have lost to your broker and want to be a successful online trader like me, write to me via email below to get an amazing strategy. \n \nIf you are having problems withdrawing your profit from your Crypt, Forex or Binary option trading account even when you were given a bonus, just contact me, I have worked with some Trade, Regulatory Agencies for 9years, and I have helped a lot of people get back their lost funds from their stubborn brokers successfully and I won\'t stop until I have helped as many as possible. For more info you can contact me via my email address: angeloridiane@protonmail.com','2022-02-10 12:18:37','2022-02-15 03:24:23',NULL,NULL,0,1,1,0,'WEBFORM',' Diane Angelori'),(1063,1,1,5,'Leads','Howdy \n \nIf you\'ll ever need a permanent increase in your website\'s Domain Authority score, We can help. \n \nMore info: \nhttps://www.strictlydigital.net/product/moz-da50-seo-plan/ \n \nNEW: Ahrefs DR70 plan: \nhttps://www.strictlydigital.net/product/ahrefs-seo-plan/ \n \n \nThank you \nMike Atcheson\n \nmike@strictlydigital.net','2022-02-11 13:39:16','2022-02-15 03:24:23',NULL,NULL,0,1,1,0,'WEBFORM',' Mike Atcheson\n'),(1064,1,1,5,'Leads','Hello, \nThe best time to invest your funds in Crypto Currency and enjoy huge returns on your investment is now. Our trading experts using the best tools help our global clients and partners invest and trade with their funds, providing monthly yields from 30%, with additional 10% Bonus payments on all initial deposits; and 5% Bonus payments on Referrals on any chosen investment plans. Contact us today with a reply in the below email to open your digital account while you watch your investments grow daily. Thank you. \n \nMr. John Miller \nTrade and Investment Support \nCryptInvestFX \nEmail: johnmiller4cryptInvestfx@gmail.com','2022-02-14 16:23:14','2022-02-15 03:24:23',NULL,NULL,0,1,1,0,'WEBFORM',' John Miller'),(1065,1,1,1,'Leads','Hello, \nThe best time to invest your funds in Crypto Currency and enjoy huge returns on your investment is now. Our trading experts using the best tools help our global clients and partners invest and trade with their funds, providing monthly yields from 30%, with additional 10% Bonus payments on all initial deposits; and 5% Bonus payments on Referrals on any chosen investment plans. Contact us today with a reply in the below email to open your digital account while you watch your investments grow daily. Thank you. \n \nMr. John Miller \nTrade and Investment Support \nCryptInvestFX \nEmail:support@cryptinvestfx.com','2022-02-15 08:40:40','2022-02-15 14:37:03',NULL,NULL,0,1,1,0,'WEBFORM',' John Miller'),(1066,1,1,1,'Leads','We are a private financial  loan firm , specializes in securing financial assistance for start-up and large-sized businesses. \n \nWe are interested to provide you with financial funding for your business/project real estate and debt consolidation, The interest rate is very affordable at 5% annually. \n \nKindly get back to me for more information if you are interested. (info@1fundingamericallc.com) \n \nRegards. \nRuggiero Len \n1FundingAmericallc','2022-02-15 22:12:28','2022-02-25 15:28:53',NULL,NULL,0,1,1,0,'WEBFORM',' Ruggiero Len'),(1067,1,1,1,'Leads','Hi there \n \nWe will increase your Local Ranks organically and safely, using only whitehat methods, while providing Google maps and website offsite work at the same time. \n \nPlease check our services below, we offer Local SEO at cheap rates. \nhttps://speed-seo.net/product/local-seo-package/ \n \nNEW: \nhttps://www.speed-seo.net/product/zip-codes-gmaps-citations/ \n \nregards \nMike Austin\n \nSpeed SEO Digital Agency','2022-02-16 00:16:21','2022-02-25 15:28:53',NULL,NULL,0,1,1,0,'WEBFORM',' Mike Austin\n'),(1068,1,1,1,'Leads','Good-day , \nWe provide private money loans with lower rates/better terms to real estate investors, builders, developers and business owners to solve their capital challenges, support business growth and revitalize/build communities. If you\'re interested in our services, please respond with your email for more info or forward your loan request to   info@lendersintegratedsolutions.com You can also visit our website At: https://lendersintegratedsolutions.com \nTelephone: +1(401) 721-4212','2022-02-23 10:14:45','2022-02-25 15:28:53',NULL,NULL,0,1,1,0,'WEBFORM',' DavidBestePU'),(1069,1,1,1,'Leads','Negative SEO attack Services. Deindex bad competitors from Google. It works with any Website, video, blog, product or service. \nhttps://www.seo-treff.de/product/derank-seo-service/','2022-02-23 16:13:50','2022-02-25 15:28:53',NULL,NULL,0,1,1,0,'WEBFORM',' Mike Walter\n'),(1070,5,5,5,'Calendar','','2022-02-25 15:36:19','2022-02-25 15:36:19',NULL,NULL,0,1,0,0,'CRM','LLAMADA DE SEGUIMIENTO SANDRA CADENA'),(1071,5,5,5,'Leads','','2022-02-25 15:39:29','2022-02-25 15:46:25',NULL,NULL,0,1,0,0,'CRM',' DAVID'),(1072,5,5,5,'ModComments',NULL,'2022-02-25 15:40:41','2022-02-25 15:40:41',NULL,NULL,0,1,0,0,'CRM','ESTA PERSONA ESTA INTERESADA EN EL ACNE'),(1073,5,5,5,'ModComments',NULL,'2022-02-25 15:41:03','2022-02-25 15:41:03',NULL,NULL,0,1,0,0,'CRM','LA LLAME POR SEGUNDA VEZ Y NO ME CONTESTO'),(1074,5,5,1,'Contacts','','2022-02-25 15:46:25','2022-02-25 15:55:03',NULL,NULL,0,1,0,0,'CRM',' DAVID'),(1075,1,1,1,'Emails','An Contact has been assigned to you on vtigerCRM<br>Details of Contact are :<br><br>Contact Id:<b>CON1033</b><br>LastName:<b>DAVID</b><br>FirstName:<b></b><br>Lead Source:<b>Conferencia</b><br>Department:<b></b><br>Description:<b></b><br><br><br>And <b>CustomerPortal Login Details</b> is sent to the EmailID :-DIRECTOR@MEDIOSEFECTIVOS.CO<br><br>Thank You<br>Admin<br><br>','2022-02-25 15:55:03','2022-02-25 15:55:03',NULL,NULL,0,1,0,0,'CRM','Regarding Contact Assignment'),(1076,5,5,5,'Contacts','','2022-02-25 18:51:52','2022-02-25 19:51:41',NULL,NULL,0,1,0,0,'CRM',' Andrea Vera'),(1077,1,1,1,'Emails','An Contact has been assigned to you on vtigerCRM<br>Details of Contact are :<br><br>Contact Id:<b>CON1034</b><br>LastName:<b>Andrea Vera</b><br>FirstName:<b></b><br>Lead Source:<b></b><br>Department:<b></b><br>Description:<b></b><br><br><br>And <b>CustomerPortal Login Details</b> is sent to the EmailID :-andreita.vera15@gmail.com<br><br>Thank You<br>Admin<br><br>','2022-02-25 18:55:02','2022-02-25 18:55:02',NULL,NULL,0,1,0,0,'CRM','Regarding Contact Assignment'),(1078,5,5,5,'Contacts','','2022-02-25 18:58:24','2022-02-25 20:05:44',NULL,NULL,0,1,0,0,'CRM',' Adriana castao'),(1079,5,5,1,'Contacts','','2022-02-25 19:02:23','2022-02-25 20:10:02',NULL,NULL,0,1,0,0,'CRM',' Leidy Daiana Pasichana Alarcn'),(1080,1,1,1,'Emails','An Contact has been assigned to you on vtigerCRM<br>Details of Contact are :<br><br>Contact Id:<b>CON1035</b><br>LastName:<b>Adriana castao</b><br>FirstName:<b></b><br>Lead Source:<b>Otro</b><br>Department:<b></b><br>Description:<b></b><br><br><br>And <b>CustomerPortal Login Details</b> is sent to the EmailID :-<br><br>Thank You<br>Admin<br><br>','2022-02-25 19:10:02','2022-02-25 19:10:02',NULL,NULL,0,1,0,0,'CRM','Regarding Contact Assignment'),(1081,1,1,1,'Emails','An Contact has been assigned to you on vtigerCRM<br>Details of Contact are :<br><br>Contact Id:<b>CON1036</b><br>LastName:<b>Eidy Daiana Pasichana Alarcn</b><br>FirstName:<b></b><br>Lead Source:<b></b><br>Department:<b></b><br>Description:<b></b><br><br><br>And <b>CustomerPortal Login Details</b> is sent to the EmailID :-dava8531@hotmail.com<br><br>Thank You<br>Admin<br><br>','2022-02-25 19:10:02','2022-02-25 19:10:02',NULL,NULL,0,1,0,0,'CRM','Regarding Contact Assignment'),(1082,5,5,5,'Contacts','','2022-02-25 19:11:58','2022-02-25 20:03:36',NULL,NULL,0,1,0,0,'CRM',' Orquidea obregon ortiz.'),(1083,1,1,1,'Emails','An Contact has been assigned to you on vtigerCRM<br>Details of Contact are :<br><br>Contact Id:<b>CON1037</b><br>LastName:<b>Orquidea obregon ortiz.</b><br>FirstName:<b></b><br>Lead Source:<b></b><br>Department:<b></b><br>Description:<b></b><br><br><br>And <b>CustomerPortal Login Details</b> is sent to the EmailID :-<br><br>Thank You<br>Admin<br><br>','2022-02-25 19:25:01','2022-02-25 19:25:01',NULL,NULL,0,1,0,0,'CRM','Regarding Contact Assignment'),(1084,5,5,1,'SalesOrder','','2022-02-25 19:51:41','2022-05-13 01:11:15',NULL,NULL,0,1,0,0,'CRM','VENTA KIT'),(1085,1,1,1,'Emails','An Contact has been assigned to you on vtigerCRM<br>Details of Contact are :<br><br>Contact Id:<b>CON1037</b><br>LastName:<b>Orquidea obregon ortiz.</b><br>FirstName:<b></b><br>Lead Source:<b></b><br>Department:<b></b><br>Description:<b></b><br><br><br>And <b>CustomerPortal Login Details</b> is sent to the EmailID :-<br><br>Thank You<br>Admin<br><br>','2022-02-25 19:55:02','2022-02-25 19:55:02',NULL,NULL,0,1,0,0,'CRM','Regarding Contact Assignment'),(1086,5,5,5,'SalesOrder','','2022-02-25 20:00:46','2022-02-25 20:00:46',NULL,NULL,0,1,0,0,'CRM','VENTA KIT'),(1087,5,5,5,'SalesOrder','','2022-02-25 20:03:36','2022-02-25 20:03:36',NULL,NULL,0,1,0,0,'CRM','VENTA KIT'),(1088,5,5,5,'SalesOrder','','2022-02-25 20:05:44','2022-02-25 20:05:44',NULL,NULL,0,1,0,0,'CRM','VENTA VITAMINA C Y PANTALLA SOLAR'),(1089,1,1,1,'Emails','An Contact has been assigned to you on vtigerCRM<br>Details of Contact are :<br><br>Contact Id:<b>CON1036</b><br>LastName:<b>Leidy Daiana Pasichana Alarcn</b><br>FirstName:<b></b><br>Lead Source:<b></b><br>Department:<b></b><br>Description:<b></b><br><br><br>And <b>CustomerPortal Login Details</b> is sent to the EmailID :-dava8531@hotmail.com<br><br>Thank You<br>Admin<br><br>','2022-02-25 20:10:02','2022-02-25 20:10:02',NULL,NULL,0,1,0,0,'CRM','Regarding Contact Assignment'),(1090,1,1,1,'Leads','Howdy \n \nI have just took an in depth look on your  detupiel.co for the ranking keywords and saw that your website could use an upgrade. \n \nWe will improve your SEO metrics and ranks organically and safely, using only whitehat methods, while providing monthly reports and outstanding support. \n \nPlease check our plans here, we offer SEO at cheap rates. \nhttps://www.hilkom-digital.de/cheap-seo-packages/ \n \nStart improving your sales and leads with us, today! \n \n \nregards \nMike Sherlock\n \nHilkom Digital Team \nsupport@hilkom-digital.de','2022-02-26 00:02:00','2022-03-10 02:38:20',NULL,NULL,0,1,1,0,'WEBFORM',' Mike Sherlock\n'),(1091,5,5,1,'Contacts','','2022-02-26 20:35:42','2022-02-26 20:55:03',NULL,NULL,0,1,0,0,'CRM',' karen yohana Rodrguez'),(1092,1,1,1,'Emails','An Contact has been assigned to you on vtigerCRM<br>Details of Contact are :<br><br>Contact Id:<b>CON1038</b><br>LastName:<b>karen yohana Rodrguez</b><br>FirstName:<b></b><br>Lead Source:<b></b><br>Department:<b></b><br>Description:<b></b><br><br><br>And <b>CustomerPortal Login Details</b> is sent to the EmailID :-<br><br>Thank You<br>Admin<br><br>','2022-02-26 20:40:04','2022-02-26 20:40:04',NULL,NULL,0,1,0,0,'CRM','Regarding Contact Assignment'),(1093,5,5,5,'SalesOrder','','2022-02-26 20:40:13','2022-02-26 20:40:13',NULL,NULL,0,1,0,0,'CRM','VENTA KIT'),(1094,5,5,1,'Contacts','','2022-02-26 20:42:31','2022-02-26 20:55:03',NULL,NULL,0,1,0,0,'CRM',' Yolima Hidalgo  Martinez'),(1095,5,5,1,'Contacts','','2022-02-26 20:46:55','2022-02-26 20:55:03',NULL,NULL,0,1,0,0,'CRM',' Dannia Taborda Durango'),(1096,5,5,5,'SalesOrder','','2022-02-26 20:48:40','2022-02-26 20:48:40',NULL,NULL,0,1,0,0,'CRM','VENTA VITAMINA C'),(1097,5,5,5,'SalesOrder','','2022-02-26 20:50:10','2022-02-26 20:50:10',NULL,NULL,0,1,0,0,'CRM','VENTA GEL'),(1098,5,5,5,'Contacts','','2022-02-26 20:54:40','2022-02-26 20:55:38',NULL,NULL,0,1,0,0,'CRM',' Eunice Jaramillo Gomez'),(1099,1,1,1,'Emails','An Contact has been assigned to you on vtigerCRM<br>Details of Contact are :<br><br>Contact Id:<b>CON1039</b><br>LastName:<b>Yolima Hidalgo  Martinez</b><br>FirstName:<b></b><br>Lead Source:<b></b><br>Department:<b></b><br>Description:<b></b><br><br><br>And <b>CustomerPortal Login Details</b> is sent to the EmailID :-<br><br>Thank You<br>Admin<br><br>','2022-02-26 20:55:02','2022-02-26 20:55:02',NULL,NULL,0,1,0,0,'CRM','Regarding Contact Assignment'),(1100,1,1,1,'Emails','An Contact has been assigned to you on vtigerCRM<br>Details of Contact are :<br><br>Contact Id:<b>CON1038</b><br>LastName:<b>karen yohana Rodrguez</b><br>FirstName:<b></b><br>Lead Source:<b></b><br>Department:<b></b><br>Description:<b></b><br><br><br>And <b>CustomerPortal Login Details</b> is sent to the EmailID :-kren255@hotmail.com<br><br>Thank You<br>Admin<br><br>','2022-02-26 20:55:03','2022-02-26 20:55:03',NULL,NULL,0,1,0,0,'CRM','Regarding Contact Assignment'),(1101,1,1,1,'Emails','An Contact has been assigned to you on vtigerCRM<br>Details of Contact are :<br><br>Contact Id:<b>CON1039</b><br>LastName:<b>Yolima Hidalgo  Martinez</b><br>FirstName:<b></b><br>Lead Source:<b></b><br>Department:<b></b><br>Description:<b></b><br><br><br>And <b>CustomerPortal Login Details</b> is sent to the EmailID :-Yo.lima.hidalgo@hotmail.com<br><br>Thank You<br>Admin<br><br>','2022-02-26 20:55:03','2022-02-26 20:55:03',NULL,NULL,0,1,0,0,'CRM','Regarding Contact Assignment'),(1102,1,1,1,'Emails','An Contact has been assigned to you on vtigerCRM<br>Details of Contact are :<br><br>Contact Id:<b>CON1040</b><br>LastName:<b>Dannia Taborda Durango</b><br>FirstName:<b></b><br>Lead Source:<b></b><br>Department:<b></b><br>Description:<b></b><br><br><br>And <b>CustomerPortal Login Details</b> is sent to the EmailID :-<br><br>Thank You<br>Admin<br><br>','2022-02-26 20:55:03','2022-02-26 20:55:03',NULL,NULL,0,1,0,0,'CRM','Regarding Contact Assignment'),(1103,1,1,1,'Emails','An Contact has been assigned to you on vtigerCRM<br>Details of Contact are :<br><br>Contact Id:<b>CON1041</b><br>LastName:<b>Eunice Jaramillo Gomez</b><br>FirstName:<b></b><br>Lead Source:<b></b><br>Department:<b></b><br>Description:<b></b><br><br><br>And <b>CustomerPortal Login Details</b> is sent to the EmailID :-nicho-jg@hotmail.com<br><br>Thank You<br>Admin<br><br>','2022-02-26 20:55:03','2022-02-26 20:55:03',NULL,NULL,0,1,0,0,'CRM','Regarding Contact Assignment'),(1104,5,5,5,'SalesOrder','','2022-02-26 20:55:38','2022-02-26 20:55:38',NULL,NULL,0,1,0,0,'CRM','VENTA SERUM NOCHE'),(1105,5,5,1,'Contacts','','2022-02-26 20:57:37','2022-02-26 21:10:04',NULL,NULL,0,1,0,0,'CRM',' Lilibeth Alexandra Ache Rocca'),(1106,5,5,5,'SalesOrder','','2022-02-26 20:58:45','2022-02-26 20:58:45',NULL,NULL,0,1,0,0,'CRM','VENTA KIT'),(1107,5,5,1,'Contacts','','2022-02-26 21:02:11','2022-02-26 21:10:04',NULL,NULL,0,1,0,0,'CRM',' Janelly Corts Arredondo'),(1108,5,5,5,'SalesOrder','','2022-02-26 21:03:03','2022-02-26 21:03:03',NULL,NULL,0,1,0,0,'CRM','VENTA KIT'),(1109,5,5,1,'Contacts','','2022-02-26 21:05:10','2022-02-26 21:10:05',NULL,NULL,0,1,0,0,'CRM',' Katerine cardona'),(1110,5,5,5,'SalesOrder','','2022-02-26 21:07:24','2022-02-26 21:07:24',NULL,NULL,0,1,0,0,'CRM','VENTA GEL'),(1111,5,5,5,'Contacts','','2022-02-26 21:09:47','2022-02-26 21:10:43',NULL,NULL,0,1,0,0,'CRM',' ngela Mara Snchez'),(1112,1,1,1,'Emails','An Contact has been assigned to you on vtigerCRM<br>Details of Contact are :<br><br>Contact Id:<b>CON1042</b><br>LastName:<b>Lilibeth Alexandra Ache Rocca</b><br>FirstName:<b></b><br>Lead Source:<b></b><br>Department:<b></b><br>Description:<b></b><br><br><br>And <b>CustomerPortal Login Details</b> is sent to the EmailID :-alexandraacherocca@gmail.com<br><br>Thank You<br>Admin<br><br>','2022-02-26 21:10:04','2022-02-26 21:10:04',NULL,NULL,0,1,0,0,'CRM','Regarding Contact Assignment'),(1113,1,1,1,'Emails','An Contact has been assigned to you on vtigerCRM<br>Details of Contact are :<br><br>Contact Id:<b>CON1043</b><br>LastName:<b>Janelly Corts Arredondo</b><br>FirstName:<b></b><br>Lead Source:<b></b><br>Department:<b></b><br>Description:<b></b><br><br><br>And <b>CustomerPortal Login Details</b> is sent to the EmailID :-janellycortes75@gmail.com<br><br>Thank You<br>Admin<br><br>','2022-02-26 21:10:04','2022-02-26 21:10:04',NULL,NULL,0,1,0,0,'CRM','Regarding Contact Assignment'),(1114,1,1,1,'Emails','An Contact has been assigned to you on vtigerCRM<br>Details of Contact are :<br><br>Contact Id:<b>CON1044</b><br>LastName:<b>Katerine cardona</b><br>FirstName:<b></b><br>Lead Source:<b></b><br>Department:<b></b><br>Description:<b></b><br><br><br>And <b>CustomerPortal Login Details</b> is sent to the EmailID :-<br><br>Thank You<br>Admin<br><br>','2022-02-26 21:10:05','2022-02-26 21:10:05',NULL,NULL,0,1,0,0,'CRM','Regarding Contact Assignment'),(1115,1,1,1,'Emails','An Contact has been assigned to you on vtigerCRM<br>Details of Contact are :<br><br>Contact Id:<b>CON1045</b><br>LastName:<b>ngela Mara Snchez</b><br>FirstName:<b></b><br>Lead Source:<b></b><br>Department:<b></b><br>Description:<b></b><br><br><br>And <b>CustomerPortal Login Details</b> is sent to the EmailID :-<br><br>Thank You<br>Admin<br><br>','2022-02-26 21:10:05','2022-02-26 21:10:05',NULL,NULL,0,1,0,0,'CRM','Regarding Contact Assignment'),(1116,5,5,5,'SalesOrder','','2022-02-26 21:10:42','2022-02-26 21:10:42',NULL,NULL,0,1,0,0,'CRM','VENTA KIT'),(1117,5,5,1,'Contacts','','2022-02-26 21:20:17','2022-02-26 21:25:02',NULL,NULL,0,1,0,0,'CRM',' Claudia Milena Garca'),(1118,5,5,5,'SalesOrder','','2022-02-26 21:22:00','2022-02-26 21:22:00',NULL,NULL,0,1,0,0,'CRM','VENTA KIT'),(1119,1,1,1,'Emails','An Contact has been assigned to you on vtigerCRM<br>Details of Contact are :<br><br>Contact Id:<b>CON1046</b><br>LastName:<b>Claudia Milena Garca</b><br>FirstName:<b></b><br>Lead Source:<b></b><br>Department:<b></b><br>Description:<b></b><br><br><br>And <b>CustomerPortal Login Details</b> is sent to the EmailID :-<br><br>Thank You<br>Admin<br><br>','2022-02-26 21:25:02','2022-02-26 21:25:02',NULL,NULL,0,1,0,0,'CRM','Regarding Contact Assignment'),(1120,1,1,1,'Emails','An Contact has been assigned to you on vtigerCRM<br>Details of Contact are :<br><br>Contact Id:<b>CON1046</b><br>LastName:<b>Claudia Milena Garca</b><br>FirstName:<b></b><br>Lead Source:<b></b><br>Department:<b></b><br>Description:<b></b><br><br><br>And <b>CustomerPortal Login Details</b> is sent to the EmailID :-claumi21@gmail.com<br><br>Thank You<br>Admin<br><br>','2022-02-26 21:25:02','2022-02-26 21:25:02',NULL,NULL,0,1,0,0,'CRM','Regarding Contact Assignment'),(1121,5,5,1,'Contacts','','2022-02-26 21:27:14','2022-05-08 02:25:55',NULL,NULL,0,1,0,0,'CRM',' Stefanny rodriguez camacho'),(1122,5,5,5,'SalesOrder','','2022-02-26 21:28:42','2022-02-26 21:28:42',NULL,NULL,0,1,0,0,'CRM','VENTA KIT PANTALLA SOLAR'),(1123,5,5,1,'Contacts','','2022-02-26 21:31:13','2022-02-26 21:40:04',NULL,NULL,0,1,0,0,'CRM',' Yessica ospina'),(1124,5,5,5,'SalesOrder','','2022-02-26 21:33:26','2022-02-26 21:33:26',NULL,NULL,0,1,0,0,'CRM','VENTA KIT'),(1125,1,1,1,'Emails','An Contact has been assigned to you on vtigerCRM<br>Details of Contact are :<br><br>Contact Id:<b>CON1047</b><br>LastName:<b>Stefanny rodriguez camacho</b><br>FirstName:<b></b><br>Lead Source:<b></b><br>Department:<b></b><br>Description:<b></b><br><br><br>And <b>CustomerPortal Login Details</b> is sent to the EmailID :-s_te_fa25@hotmail.com<br><br>Thank You<br>Admin<br><br>','2022-02-26 21:40:04','2022-02-26 21:40:04',NULL,NULL,0,1,0,0,'CRM','Regarding Contact Assignment'),(1126,1,1,1,'Emails','An Contact has been assigned to you on vtigerCRM<br>Details of Contact are :<br><br>Contact Id:<b>CON1048</b><br>LastName:<b>Yessica ospina</b><br>FirstName:<b></b><br>Lead Source:<b></b><br>Department:<b></b><br>Description:<b></b><br><br><br>And <b>CustomerPortal Login Details</b> is sent to the EmailID :-jessicaospinaramirez@gmail.com<br><br>Thank You<br>Admin<br><br>','2022-02-26 21:40:04','2022-02-26 21:40:04',NULL,NULL,0,1,0,0,'CRM','Regarding Contact Assignment'),(1127,1,1,1,'Leads','Hello \n \nWe all know the importance that dofollow link have on any website`s ranks. \nHaving most of your linkbase filled with nofollow ones is of no good for your ranks and SEO metrics. \n \nBuy quality dofollow links from us, that will impact your ranks in a positive way \nhttps://www.digital-x-press.com/product/150-dofollow-backlinks/ \n \nBest regards \nMike Miln\n \nsupport@digital-x-press.com','2022-03-01 15:46:29','2022-03-10 02:38:20',NULL,NULL,0,1,1,0,'WEBFORM',' Mike Miln\n'),(1128,1,1,1,'Leads','','2022-03-05 00:15:40','2022-03-07 22:33:11',NULL,NULL,0,1,1,0,'CRM',' victor diaz prueba'),(1129,1,1,1,'Emails','<html>\r\n<head>\r\n	<title></title>\r\n</head>\r\n<body></body>\r\n</html>\r\n','2022-03-05 00:16:04','2022-03-05 00:16:04',NULL,NULL,0,1,0,0,'CRM','prueba DE TU PIEL'),(1130,1,1,1,'Emails','<html>\r\n<head>\r\n	<title></title>\r\n</head>\r\n<body></body>\r\n</html>\r\n<br><br>','2022-03-05 03:30:02','2022-03-05 03:30:02',NULL,NULL,0,1,0,0,'CRM','PRUEBA'),(1131,1,1,1,'Leads','Hi \n \nThis is Mike Mercer\n \nLet me present you our latest research results from our constant SEO feedbacks that we have from our plans: \n \nhttps://www.strictlydigital.net/product/semrush-backlinks/ \n \nThe new Semrush Backlinks, which will make your detupiel.co SEO trend have an immediate push. \nThe method is actually very simple, we are building links from domains that have a high number of keywords ranking for them. \n \nForget about the SEO metrics or any other factors that so many tools try to teach you that is good. The most valuable link is the one that comes from a website that has a healthy trend and lots of ranking keywords. \nWe thought about that, so we have built this plan for you \n \nCheck in detail here: \nhttps://www.strictlydigital.net/product/semrush-backlinks/ \n \nCheap and effective \n \nTry it anytime soon \n \n \nRegards \n \nMike Mercer\n \nmike@strictlydigital.net','2022-03-07 10:58:41','2022-03-10 02:38:20',NULL,NULL,0,1,1,0,'WEBFORM',' Mike Mercer\n'),(1132,1,1,1,'Leads','Hello \n \nI\'m Diane Angelori, online trading expert. I want you to know that online trading (Crypto, Forex and Binary option) is a good thing if you have a good trading strategy, I use to lose a lot of funds in online trading before I got to where I am today. If you need assistance on how to trade and recover back all the money you have lost to your broker and want to be a successful online trader like me, write to me via email below to get an amazing strategy. \n \nIf you are having problems withdrawing your profit from your Crypt, Forex or Binary option trading account even when you were given a bonus, just contact me, I have worked with some Trade, Regulatory Agencies for 9years, and I have helped a lot of people get back their lost funds from their stubborn brokers successfully and I won\'t stop until I have helped as many as possible. For more info you can contact me via my email address: angeloridiane871@gmail.com','2022-03-08 09:04:11','2022-03-10 02:38:20',NULL,NULL,0,1,1,0,'WEBFORM',' Diane Angelori'),(1133,1,1,1,'Leads',' \nHey! Mi foto / video sper privado https://buktrk.com/click?o=6&a=1036','2022-03-13 10:39:53','2022-03-13 10:39:53',NULL,NULL,0,1,0,0,'WEBFORM',' SonyafusBO'),(1134,1,1,1,'Leads','Hello \n \nWe will improve your Local Ranks organically and safely, using only whitehat methods, while providing Google maps and website offsite work at the same time. \n \nPlease check our pricelist here, we offer Local SEO at cheap rates. \nhttps://speed-seo.net/product/local-seo-package/ \n \nNEW: \nhttps://www.speed-seo.net/product/zip-codes-gmaps-citations/ \n \nregards \nMike Vance\n \nSpeed SEO Digital Agency','2022-03-15 05:42:09','2022-03-15 05:42:09',NULL,NULL,0,1,0,0,'WEBFORM',' Mike Vance\n'),(1135,1,1,1,'Leads','','2022-03-17 15:37:42','2022-05-08 00:44:26',NULL,NULL,0,1,1,0,'WEBSERVICE',' Juan'),(1136,1,1,1,'Leads','','2022-03-17 16:11:18','2022-05-08 00:44:26',NULL,NULL,0,1,1,0,'WEBSERVICE',' Juan'),(1137,1,1,1,'Leads','','2022-03-17 17:38:19','2022-05-08 00:44:26',NULL,NULL,0,1,1,0,'WEBSERVICE',' Victor'),(1138,1,1,1,'Leads','','2022-03-17 19:22:34','2022-05-08 00:44:25',NULL,NULL,0,1,1,0,'WEBSERVICE',' Juan'),(1139,1,1,1,'Leads','','2022-03-17 20:26:25','2022-05-08 00:44:25',NULL,NULL,0,1,1,0,'WEBSERVICE',' Juan Camilo'),(1140,1,1,1,'Leads','','2022-03-19 14:27:53','2022-05-08 00:45:00',NULL,NULL,0,1,1,0,'WEBSERVICE',' New Register'),(1141,1,1,1,'Leads','','2022-03-19 14:35:03','2022-05-08 00:44:37',NULL,NULL,0,1,1,0,'WEBSERVICE',' Juan Camilo'),(1142,1,1,1,'Products','Espuma Micelar Desmaquillante para todo tipo de piel con extracto de Aloe Vera y Colgeno.','2022-05-08 00:13:32','2022-05-08 02:56:36',NULL,NULL,0,1,0,0,'CRM','Espuma Micelar'),(1143,1,1,1,'Products','','2022-05-08 00:31:38','2022-05-08 03:04:08',NULL,NULL,0,1,0,0,'CRM','Kit Limpieza Facial'),(1144,1,1,1,'PriceBooks','Precios granearles ao 2022','2022-05-08 00:35:01','2022-05-08 00:35:01',NULL,NULL,0,1,0,0,'CRM','General'),(1145,1,1,1,'PriceBooks','Promocin realizada en Mayo','2022-05-08 02:10:47','2022-05-08 02:10:47',NULL,NULL,0,1,0,0,'CRM','Promocin 1 2022'),(1146,1,1,1,'Contacts','','2022-05-09 21:17:09','2022-05-09 21:27:09',NULL,NULL,0,1,1,0,'CRM',' Testing'),(1147,1,1,1,'Contacts','','2022-05-09 21:31:57','2022-05-10 01:28:20',NULL,NULL,0,1,1,0,'CRM',' Testing'),(1148,1,1,1,'Contacts','','2022-05-10 01:29:06','2022-05-10 15:45:56',NULL,NULL,0,1,1,0,'WEBSERVICE',' Juan Santander'),(1149,1,1,1,'Contacts','','2022-05-10 16:23:38','2022-05-10 19:37:13',NULL,NULL,0,1,1,0,'CRM',' Testing'),(1150,1,1,1,'Contacts','','2022-05-10 18:05:18','2022-05-10 18:18:03',NULL,NULL,0,1,1,0,'WEBSERVICE','  '),(1151,1,1,1,'Contacts','','2022-05-10 18:27:11','2022-05-10 19:37:13',NULL,NULL,0,1,1,0,'WEBSERVICE','  '),(1152,1,1,1,'Contacts','','2022-05-10 20:19:47','2022-05-10 20:27:43',NULL,NULL,0,1,1,0,'WEBSERVICE','  '),(1153,1,1,1,'Contacts','','2022-05-10 20:21:45','2022-05-10 20:27:43',NULL,NULL,0,1,1,0,'WEBSERVICE','  '),(1154,1,1,1,'Contacts','','2022-05-10 20:35:41','2022-05-10 20:41:48',NULL,NULL,0,1,1,0,'CRM',' new'),(1155,1,1,1,'Contacts','','2022-05-10 20:39:03','2022-05-10 20:41:47',NULL,NULL,0,1,1,0,'WEBSERVICE',' Juan Santander'),(1156,1,1,1,'Contacts','','2022-05-10 20:44:20','2022-05-11 16:19:41',NULL,NULL,0,1,1,0,'WEBSERVICE',' Juan Santander'),(1157,1,1,1,'Contacts','','2022-05-11 16:20:24','2022-05-11 16:23:40',NULL,NULL,0,1,1,0,'WEBSERVICE',' Juan Santander'),(1158,1,1,1,'Contacts','','2022-05-11 16:24:08','2022-05-11 16:24:53',NULL,NULL,0,1,1,0,'WEBSERVICE',' Juan Santander'),(1159,1,1,1,'Contacts','','2022-05-11 16:26:17','2022-05-11 16:26:17',NULL,NULL,0,1,0,0,'WEBSERVICE',' Juan Santander'),(1160,1,1,1,'SalesOrder','','2022-05-17 17:11:27','2022-05-17 17:11:27',NULL,NULL,0,1,0,0,'CRM','venta testing'),(1161,1,1,1,'SalesOrder',NULL,'2022-05-17 20:00:00','2022-05-17 20:00:00',NULL,NULL,0,1,0,0,'WEBSITE','Venta Web');
/*!40000 ALTER TABLE `vtiger_crmentity` ENABLE KEYS */;
UNLOCK TABLES;

--
-- Table structure for table `vtiger_crmentity_seq`
--

DROP TABLE IF EXISTS `vtiger_crmentity_seq`;
/*!40101 SET @saved_cs_client     = @@character_set_client */;
/*!40101 SET character_set_client = utf8 */;
CREATE TABLE `vtiger_crmentity_seq` (
  `id` int(11) NOT NULL
) ENGINE=InnoDB DEFAULT CHARSET=utf8;
/*!40101 SET character_set_client = @saved_cs_client */;

--
-- Dumping data for table `vtiger_crmentity_seq`
--

LOCK TABLES `vtiger_crmentity_seq` WRITE;
/*!40000 ALTER TABLE `vtiger_crmentity_seq` DISABLE KEYS */;
INSERT INTO `vtiger_crmentity_seq` VALUES (1160);
/*!40000 ALTER TABLE `vtiger_crmentity_seq` ENABLE KEYS */;
UNLOCK TABLES;

--
-- Table structure for table `vtiger_crmentity_user_field`
--

DROP TABLE IF EXISTS `vtiger_crmentity_user_field`;
/*!40101 SET @saved_cs_client     = @@character_set_client */;
/*!40101 SET character_set_client = utf8 */;
CREATE TABLE `vtiger_crmentity_user_field` (
  `recordid` int(19) NOT NULL,
  `userid` int(19) NOT NULL,
  `starred` varchar(100) DEFAULT NULL,
  KEY `record_user_idx` (`recordid`,`userid`),
  CONSTRAINT `fk_vtiger_crmentity_user_field_recordid` FOREIGN KEY (`recordid`) REFERENCES `vtiger_crmentity` (`crmid`) ON DELETE CASCADE
) ENGINE=InnoDB DEFAULT CHARSET=utf8;
/*!40101 SET character_set_client = @saved_cs_client */;

--
-- Dumping data for table `vtiger_crmentity_user_field`
--

LOCK TABLES `vtiger_crmentity_user_field` WRITE;
/*!40000 ALTER TABLE `vtiger_crmentity_user_field` DISABLE KEYS */;
INSERT INTO `vtiger_crmentity_user_field` VALUES (5,1,'0'),(6,1,'0'),(7,1,'0'),(8,1,'0'),(9,1,'0'),(10,1,'0'),(11,1,'0'),(12,1,'0'),(14,1,'0'),(15,1,'0'),(16,1,'0'),(17,1,'0'),(18,1,'0'),(19,1,'0'),(20,1,'0'),(21,1,'0'),(22,1,'0'),(23,1,'0'),(24,1,'0'),(25,1,'0'),(26,1,'0'),(27,1,'0'),(28,1,'0'),(29,1,'0'),(30,1,'0'),(31,1,'0'),(32,1,'0'),(33,1,'0'),(34,1,'0'),(35,1,'0'),(36,1,'0'),(37,1,'0'),(38,1,'0'),(39,1,'0'),(40,1,'0'),(41,1,'0'),(42,1,'0'),(43,1,'0'),(44,1,'0'),(45,1,'0'),(46,1,'0'),(47,1,'0'),(48,1,'0'),(49,1,'0'),(50,1,'0'),(51,1,'0'),(52,1,'0'),(53,1,'0'),(54,1,'0'),(55,1,'0'),(56,1,'0'),(57,1,'0'),(58,1,'0'),(59,1,'0'),(60,1,'0'),(61,1,'0'),(62,1,'0'),(63,1,'0'),(64,1,'0'),(65,1,'0'),(66,1,'0'),(67,1,'0'),(68,1,'0'),(69,1,'0'),(70,1,'0'),(71,1,'0'),(72,1,'0'),(73,1,'0'),(74,1,'0'),(75,1,'0'),(76,1,'0'),(77,1,'0'),(78,1,'0'),(79,1,'0'),(80,1,'0'),(81,1,'0'),(82,1,'0'),(83,1,'0'),(84,1,'0'),(85,1,'0'),(86,1,'0'),(87,1,'0'),(88,1,'0'),(89,1,'0'),(90,1,'0'),(91,1,'0'),(92,1,'0'),(93,1,'0'),(94,1,'0'),(95,1,'0'),(96,1,'0'),(97,1,'0'),(98,1,'0'),(99,1,'0'),(100,1,'0'),(101,1,'0'),(102,1,'0'),(103,1,'0'),(104,1,'0'),(105,1,'0'),(106,1,'0'),(107,1,'0'),(108,1,'0'),(109,1,'0'),(110,1,'0'),(111,1,'0'),(112,1,'0'),(113,1,'0'),(114,1,'0'),(115,1,'0'),(116,1,'0'),(117,1,'0'),(118,1,'0'),(119,1,'0'),(120,1,'0'),(121,1,'0'),(122,1,'0'),(123,1,'0'),(124,1,'0'),(125,1,'0'),(126,1,'0'),(127,1,'0'),(128,1,'0'),(129,1,'0'),(130,1,'0'),(131,1,'0'),(132,1,'0'),(133,1,'0'),(134,1,'0'),(135,1,'0'),(136,1,'0'),(137,1,'0'),(138,1,'0'),(139,1,'0'),(140,1,'0'),(141,1,'0'),(142,1,'0'),(143,1,'0'),(144,1,'0'),(145,1,'0'),(146,1,'0'),(147,1,'0'),(148,1,'0'),(149,1,'0'),(150,1,'0'),(151,1,'0'),(152,1,'0'),(153,1,'0'),(154,1,'0'),(155,1,'0'),(156,1,'0'),(157,1,'0'),(158,1,'0'),(159,1,'0'),(160,1,'0'),(161,1,'0'),(162,1,'0'),(163,1,'0'),(164,1,'0'),(165,1,'0'),(166,1,'0'),(167,1,'0'),(168,1,'0'),(169,1,'0'),(170,1,'0'),(171,1,'0'),(172,1,'0'),(173,1,'0'),(174,1,'0'),(175,1,'0'),(176,1,'0'),(177,1,'0'),(178,1,'0'),(179,1,'0'),(180,1,'0'),(181,1,'0'),(182,1,'0'),(183,1,'0'),(184,1,'0'),(185,1,'0'),(186,1,'0'),(187,1,'0'),(188,1,'0'),(189,1,'0'),(190,1,'0'),(191,1,'0'),(192,1,'0'),(193,1,'0'),(194,1,'0'),(195,1,'0'),(196,1,'0'),(197,1,'0'),(198,1,'0'),(199,1,'0'),(200,1,'0'),(201,1,'0'),(202,1,'0'),(203,1,'0'),(204,1,'0'),(205,1,'0'),(206,1,'0'),(207,1,'0'),(208,1,'0'),(209,1,'0'),(210,1,'0'),(211,1,'0'),(212,1,'0'),(213,1,'0'),(214,1,'0'),(215,1,'0'),(216,1,'0'),(217,1,'0'),(218,1,'0'),(219,1,'0'),(220,1,'0'),(221,1,'0'),(222,1,'0'),(223,1,'0'),(224,1,'0'),(225,1,'0'),(226,1,'0'),(227,1,'0'),(228,1,'0'),(229,1,'0'),(230,1,'0'),(231,1,'0'),(232,1,'0'),(233,1,'0'),(234,1,'0'),(235,1,'0'),(236,1,'0'),(237,1,'0'),(238,1,'0'),(239,1,'0'),(240,1,'0'),(241,1,'0'),(242,1,'0'),(243,1,'0'),(244,1,'0'),(245,1,'0'),(246,1,'0'),(247,1,'0'),(248,1,'0'),(249,1,'0'),(250,1,'0'),(251,1,'0'),(252,1,'0'),(253,1,'0'),(254,1,'0'),(255,1,'0'),(256,1,'0'),(257,1,'0'),(258,1,'0'),(259,1,'0'),(260,1,'0'),(261,1,'0'),(262,1,'0'),(263,1,'0'),(264,1,'0'),(265,1,'0'),(266,1,'0'),(267,1,'0'),(268,1,'0'),(269,1,'0'),(270,1,'0'),(271,1,'0'),(272,1,'0'),(273,1,'0'),(274,1,'0'),(275,1,'0'),(276,1,'0'),(277,1,'0'),(278,1,'0'),(279,1,'0'),(280,1,'0'),(281,1,'0'),(282,1,'0'),(283,1,'0'),(284,1,'0'),(285,1,'0'),(286,1,'0'),(287,1,'0'),(288,1,'0'),(289,1,'0'),(290,1,'0'),(291,1,'0'),(292,1,'0'),(293,1,'0'),(294,1,'0'),(295,1,'0'),(296,1,'0'),(297,1,'0'),(298,1,'0'),(299,1,'0'),(300,1,'0'),(301,1,'0'),(302,1,'0'),(303,1,'0'),(304,1,'0'),(305,1,'0'),(306,1,'0'),(307,1,'0'),(308,1,'0'),(309,1,'0'),(310,1,'0'),(311,1,'0'),(312,1,'0'),(313,1,'0'),(314,1,'0'),(315,1,'0'),(316,1,'0'),(317,1,'0'),(318,1,'0'),(319,1,'0'),(320,1,'0'),(321,1,'0'),(322,1,'0'),(323,1,'0'),(324,1,'0'),(325,1,'0'),(326,1,'0'),(327,1,'0'),(328,1,'0'),(329,1,'0'),(330,1,'0'),(331,1,'0'),(332,1,'0'),(333,1,'0'),(334,1,'0'),(335,1,'0'),(336,1,'0'),(337,1,'0'),(338,1,'0'),(339,1,'0'),(340,1,'0'),(341,1,'0'),(342,1,'0'),(343,1,'0'),(344,1,'0'),(345,1,'0'),(346,1,'0'),(347,1,'0'),(348,1,'0'),(349,1,'0'),(350,1,'0'),(351,1,'0'),(352,1,'0'),(353,1,'0'),(354,1,'0'),(355,1,'0'),(356,1,'0'),(357,1,'0'),(358,1,'0'),(359,1,'0'),(360,1,'0'),(361,1,'0'),(362,1,'0'),(363,1,'0'),(364,1,'0'),(365,1,'0'),(366,1,'0'),(367,1,'0'),(368,1,'0'),(369,1,'0'),(370,1,'0'),(371,1,'0'),(372,1,'0'),(373,1,'0'),(374,1,'0'),(375,1,'0'),(376,1,'0'),(377,1,'0'),(378,1,'0'),(379,1,'0'),(380,1,'0'),(381,1,'0'),(382,1,'0'),(383,1,'0'),(384,1,'0'),(385,1,'0'),(386,1,'0'),(387,1,'0'),(388,1,'0'),(389,1,'0'),(390,1,'0'),(391,1,'0'),(392,1,'0'),(393,1,'0'),(394,1,'0'),(395,1,'0'),(396,1,'0'),(397,1,'0'),(398,1,'0'),(399,1,'0'),(400,1,'0'),(401,1,'0'),(402,1,'0'),(403,1,'0'),(404,1,'0'),(405,1,'0'),(406,1,'0'),(407,1,'0'),(408,1,'0'),(409,1,'0'),(410,1,'0'),(411,1,'0'),(412,1,'0'),(413,1,'0'),(414,1,'0'),(415,1,'0'),(416,1,'0'),(417,1,'0'),(418,1,'0'),(419,1,'0'),(420,1,'0'),(421,1,'0'),(422,1,'0'),(423,1,'0'),(424,1,'0'),(425,1,'0'),(426,1,'0'),(427,1,'0'),(428,1,'0'),(429,1,'0'),(430,1,'0'),(431,1,'0'),(432,1,'0'),(433,1,'0'),(434,1,'0'),(435,1,'0'),(436,1,'0'),(437,1,'0'),(438,1,'0'),(439,1,'0'),(440,1,'0'),(441,1,'0'),(442,1,'0'),(443,1,'0'),(444,1,'0'),(445,1,'0'),(446,1,'0'),(447,1,'0'),(448,1,'0'),(449,1,'0'),(450,1,'0'),(451,1,'0'),(452,1,'0'),(453,1,'0'),(454,1,'0'),(455,1,'0'),(456,1,'0'),(457,1,'0'),(458,1,'0'),(459,1,'0'),(460,1,'0'),(461,1,'0'),(462,1,'0'),(463,1,'0'),(464,1,'0'),(465,1,'0'),(466,1,'0'),(467,1,'0'),(468,1,'0'),(469,1,'0'),(470,1,'0'),(471,1,'0'),(472,1,'0'),(473,1,'0'),(474,1,'0'),(475,1,'0'),(476,1,'0'),(477,1,'0'),(478,1,'0'),(479,1,'0'),(480,1,'0'),(481,1,'0'),(482,1,'0'),(483,1,'0'),(484,1,'0'),(485,1,'0'),(486,1,'0'),(487,1,'0'),(488,1,'0'),(489,1,'0'),(490,1,'0'),(491,1,'0'),(492,1,'0'),(493,1,'0'),(494,1,'0'),(495,1,'0'),(496,1,'0'),(497,1,'0'),(498,1,'0'),(499,1,'0'),(500,1,'0'),(501,1,'0'),(502,1,'0'),(503,1,'0'),(504,1,'0'),(505,1,'0'),(506,1,'0'),(507,1,'0'),(508,1,'0'),(509,1,'0'),(510,1,'0'),(511,1,'0'),(512,1,'0'),(513,1,'0'),(514,1,'0'),(515,1,'0'),(516,1,'0'),(517,1,'0'),(518,1,'0'),(519,1,'0'),(520,1,'0'),(521,1,'0'),(522,1,'0'),(523,1,'0'),(524,1,'0'),(525,1,'0'),(526,1,'0'),(527,1,'0'),(528,1,'0'),(529,1,'0'),(530,1,'0'),(531,1,'0'),(532,1,'0'),(533,1,'0'),(534,1,'0'),(535,1,'0'),(536,1,'0'),(537,1,'0'),(538,1,'0'),(539,1,'0'),(540,1,'0'),(541,1,'0'),(542,1,'0'),(543,1,'0'),(544,1,'0'),(545,1,'0'),(546,1,'0'),(547,1,'0'),(548,1,'0'),(549,1,'0'),(550,1,'0'),(551,1,'0'),(552,1,'0'),(553,1,'0'),(554,1,'0'),(555,1,'0'),(556,1,'0'),(557,1,'0'),(558,1,'0'),(559,1,'0'),(560,1,'0'),(561,1,'0'),(562,1,'0'),(563,1,'0'),(564,1,'0'),(565,1,'0'),(566,1,'0'),(567,1,'0'),(568,1,'0'),(569,1,'0'),(570,1,'0'),(571,1,'0'),(572,1,'0'),(573,1,'0'),(574,1,'0'),(575,1,'0'),(576,1,'0'),(577,1,'0'),(578,1,'0'),(579,1,'0'),(580,1,'0'),(581,1,'0'),(582,1,'0'),(583,1,'0'),(584,1,'0'),(585,1,'0'),(586,1,'0'),(587,1,'0'),(588,1,'0'),(589,1,'0'),(590,1,'0'),(591,1,'0'),(592,1,'0'),(593,1,'0'),(594,1,'0'),(595,1,'0'),(596,1,'0'),(597,1,'0'),(598,1,'0'),(599,1,'0'),(600,1,'0'),(601,1,'0'),(602,1,'0'),(603,1,'0'),(604,1,'0'),(605,1,'0'),(606,1,'0'),(607,1,'0'),(608,1,'0'),(609,1,'0'),(610,1,'0'),(611,1,'0'),(612,1,'0'),(613,1,'0'),(614,1,'0'),(615,1,'0'),(616,1,'0'),(617,1,'0'),(618,1,'0'),(619,1,'0'),(620,1,'0'),(621,1,'0'),(622,1,'0'),(623,1,'0'),(624,1,'0'),(625,1,'0'),(626,1,'0'),(627,1,'0'),(628,1,'0'),(629,1,'0'),(630,1,'0'),(631,1,'0'),(632,1,'0'),(633,1,'0'),(634,1,'0'),(635,1,'0'),(636,1,'0'),(637,1,'0'),(638,1,'0'),(639,1,'0'),(640,1,'0'),(641,1,'0'),(642,1,'0'),(643,1,'0'),(644,1,'0'),(645,1,'0'),(646,1,'0'),(647,1,'0'),(648,1,'0'),(649,1,'0'),(650,1,'0'),(651,1,'0'),(652,1,'0'),(653,1,'0'),(654,1,'0'),(655,1,'0'),(656,1,'0'),(657,1,'0'),(658,1,'0'),(659,1,'0'),(660,1,'0'),(661,1,'0'),(662,1,'0'),(663,1,'0'),(664,1,'0'),(665,1,'0'),(666,1,'0'),(667,1,'0'),(668,1,'0'),(669,1,'0'),(670,1,'0'),(671,1,'0'),(672,1,'0'),(673,1,'0'),(674,1,'0'),(675,1,'0'),(676,1,'0'),(677,1,'0'),(678,1,'0'),(679,1,'0'),(680,1,'0'),(681,1,'0'),(682,1,'0'),(683,1,'0'),(684,1,'0'),(685,1,'0'),(686,1,'0'),(687,1,'0'),(688,1,'0'),(689,1,'0'),(690,1,'0'),(691,1,'0'),(692,1,'0'),(693,1,'0'),(694,1,'0'),(695,1,'0'),(696,1,'0'),(697,1,'0'),(698,1,'0'),(699,1,'0'),(700,1,'0'),(701,1,'0'),(702,1,'0'),(703,1,'0'),(704,1,'0'),(705,1,'0'),(706,1,'0'),(707,1,'0'),(708,1,'0'),(709,1,'0'),(710,1,'0'),(711,1,'0'),(712,1,'0'),(713,1,'0'),(714,1,'0'),(715,1,'0'),(716,1,'0'),(717,1,'0'),(718,1,'0'),(719,1,'0'),(720,1,'0'),(721,1,'0'),(722,1,'0'),(723,1,'0'),(724,1,'0'),(725,1,'0'),(726,1,'0'),(727,1,'0'),(728,1,'0'),(729,1,'0'),(730,1,'0'),(731,1,'0'),(732,1,'0'),(733,1,'0'),(734,1,'0'),(735,1,'0'),(736,1,'0'),(737,1,'0'),(738,1,'0'),(739,1,'0'),(740,1,'0'),(741,1,'0'),(742,1,'0'),(743,1,'0'),(744,1,'0'),(745,1,'0'),(746,1,'0'),(747,1,'0'),(748,1,'0'),(749,1,'0'),(750,1,'0'),(751,1,'0'),(752,1,'0'),(753,1,'0'),(754,1,'0'),(755,1,'0'),(756,1,'0'),(757,1,'0'),(758,1,'0'),(759,1,'0'),(760,1,'0'),(761,1,'0'),(762,1,'0'),(763,1,'0'),(764,1,'0'),(765,1,'0'),(766,1,'0'),(767,1,'0'),(768,1,'0'),(769,1,'0'),(770,1,'0'),(771,1,'0'),(772,1,'0'),(773,1,'0'),(774,1,'0'),(775,1,'0'),(776,1,'0'),(777,1,'0'),(778,1,'0'),(779,1,'0'),(780,1,'0'),(781,1,'0'),(782,1,'0'),(783,1,'0'),(784,1,'0'),(785,1,'0'),(786,1,'0'),(787,1,'0'),(788,1,'0'),(789,1,'0'),(790,1,'0'),(791,1,'0'),(792,1,'0'),(793,1,'0'),(794,1,'0'),(795,1,'0'),(796,1,'0'),(797,1,'0'),(798,1,'0'),(799,1,'0'),(800,1,'0'),(801,1,'0'),(802,1,'0'),(803,1,'0'),(804,1,'0'),(805,1,'0'),(806,1,'0'),(807,1,'0'),(808,1,'0'),(809,1,'0'),(810,1,'0'),(811,1,'0'),(812,1,'0'),(813,1,'0'),(814,1,'0'),(815,1,'0'),(816,1,'0'),(817,1,'0'),(818,1,'0'),(819,1,'0'),(820,1,'0'),(821,1,'0'),(822,1,'0'),(823,1,'0'),(824,1,'0'),(825,1,'0'),(826,1,'0'),(827,1,'0'),(828,1,'0'),(829,1,'0'),(830,1,'0'),(831,1,'0'),(832,1,'0'),(833,1,'0'),(834,1,'0'),(835,1,'0'),(836,1,'0'),(837,1,'0'),(838,1,'0'),(839,1,'0'),(840,1,'0'),(841,1,'0'),(842,1,'0'),(843,1,'0'),(844,1,'0'),(845,1,'0'),(846,1,'0'),(847,1,'0'),(848,1,'0'),(849,1,'0'),(850,1,'0'),(851,1,'0'),(852,1,'0'),(853,1,'0'),(854,1,'0'),(855,1,'0'),(856,1,'0'),(857,1,'0'),(858,1,'0'),(859,1,'0'),(860,1,'0'),(861,1,'0'),(862,1,'0'),(863,1,'0'),(864,1,'0'),(865,1,'0'),(866,1,'0'),(867,1,'0'),(868,1,'0'),(869,1,'0'),(870,1,'0'),(871,1,'0'),(872,1,'0'),(873,1,'0'),(874,1,'0'),(875,1,'0'),(876,1,'0'),(877,1,'0'),(878,1,'0'),(879,1,'0'),(880,1,'0'),(881,1,'0'),(882,1,'0'),(883,1,'0'),(884,1,'0'),(885,1,'0'),(886,1,'0'),(887,1,'0'),(888,1,'0'),(889,1,'0'),(890,1,'0'),(891,1,'0'),(892,1,'0'),(893,1,'0'),(894,1,'0'),(895,1,'0'),(896,1,'0'),(897,1,'0'),(898,1,'0'),(899,1,'0'),(900,1,'0'),(901,1,'0'),(902,1,'0'),(903,1,'0'),(904,1,'0'),(905,1,'0'),(906,1,'0'),(907,1,'0'),(908,1,'0'),(909,1,'0'),(910,1,'0'),(911,1,'0'),(912,1,'0'),(913,1,'0'),(914,1,'0'),(915,1,'0'),(916,1,'0'),(917,1,'0'),(918,1,'0'),(919,1,'0'),(920,1,'0'),(921,1,'0'),(922,1,'0'),(923,1,'0'),(924,1,'0'),(925,1,'0'),(926,1,'0'),(927,1,'0'),(928,1,'0'),(929,1,'0'),(930,1,'0'),(931,1,'0'),(932,1,'0'),(933,1,'0'),(934,1,'0'),(935,1,'0'),(936,1,'0'),(937,1,'0'),(938,1,'0'),(939,1,'0'),(940,1,'0'),(941,1,'0'),(942,1,'0'),(943,1,'0'),(944,1,'0'),(945,1,'0'),(946,1,'0'),(947,1,'0'),(948,1,'0'),(949,1,'0'),(950,1,'0'),(951,1,'0'),(952,1,'0'),(953,1,'0'),(954,1,'0'),(955,1,'0'),(956,1,'0'),(957,1,'0'),(958,1,'0'),(959,1,'0'),(960,1,'0'),(961,1,'0'),(962,1,'0'),(963,1,'0'),(964,1,'0'),(965,1,'0'),(966,1,'0'),(967,1,'0'),(968,1,'0'),(969,1,'0'),(970,1,'0'),(971,1,'0'),(972,1,'0'),(973,1,'0'),(974,1,'0'),(975,1,'0'),(976,1,'0'),(977,1,'0'),(978,1,'0'),(979,1,'0'),(980,1,'0'),(981,1,'0'),(982,1,'0'),(983,1,'0'),(984,1,'0'),(985,1,'0'),(986,1,'0'),(987,1,'0'),(988,1,'0'),(989,1,'0'),(990,1,'0'),(991,1,'0'),(992,1,'0'),(993,1,'0'),(994,1,'0'),(995,1,'0'),(996,1,'0'),(997,1,'0'),(998,1,'0'),(999,1,'0'),(1000,1,'0'),(1001,1,'0'),(1002,1,'0'),(1003,1,'0'),(1004,1,'0'),(1005,1,'0'),(1006,1,'0'),(1007,1,'0'),(1008,1,'0'),(1009,1,'0'),(1010,1,'0'),(1011,1,'0'),(1012,1,'0'),(1013,1,'0'),(1014,1,'0'),(1015,1,'0'),(1016,1,'0'),(1017,1,'0'),(1018,1,'0'),(1019,1,'0'),(1020,1,'0'),(1021,1,'0'),(1022,1,'0'),(1023,1,'0'),(1024,1,'0'),(1025,1,'0'),(1026,1,'0'),(1027,1,'0'),(1028,1,'0'),(1029,1,'0'),(1030,1,'0'),(1031,1,'0'),(1032,1,'0'),(1033,1,'0'),(1034,1,'0'),(1035,1,'0'),(1036,1,'0'),(1037,1,'0'),(1038,1,'0'),(1039,1,'0'),(1040,1,'0'),(1041,1,'0'),(1042,1,'0'),(1043,1,'0'),(1044,1,'0'),(1045,1,'0'),(1046,1,'0'),(1047,1,'0'),(1048,1,'0'),(1049,1,'0'),(1050,1,'0'),(1051,1,'0'),(1052,1,'0'),(1053,1,'0'),(1054,1,'0'),(1055,1,'0'),(1056,1,'0'),(1057,1,'0'),(1058,1,'0'),(1059,1,'0'),(1060,1,'0'),(1061,1,'0'),(1062,1,'0'),(1063,1,'0'),(1064,1,'0'),(1065,1,'0'),(1066,1,'0'),(1067,1,'0'),(1068,1,'0'),(1069,1,'0'),(1070,5,'0'),(1071,5,'0'),(1074,5,'0'),(1075,1,'0'),(1076,5,'0'),(1077,1,'0'),(1078,5,'0'),(1079,5,'0'),(1080,1,'0'),(1081,1,'0'),(1082,5,'0'),(1083,1,'0'),(1084,5,'0'),(19,5,'0'),(1085,1,'0'),(21,5,'0'),(18,5,'0'),(1086,5,'0'),(1087,5,'0'),(1088,5,'0'),(1089,1,'0'),(1090,1,'0'),(1091,5,'0'),(1092,1,'0'),(1093,5,'0'),(1094,5,'0'),(1095,5,'0'),(1096,5,'0'),(1097,5,'0'),(1098,5,'0'),(1099,1,'0'),(1100,1,'0'),(1101,1,'0'),(1102,1,'0'),(1103,1,'0'),(1104,5,'0'),(1105,5,'0'),(1106,5,'0'),(1107,5,'0'),(1108,5,'0'),(1109,5,'0'),(1110,5,'0'),(1111,5,'0'),(1112,1,'0'),(1113,1,'0'),(1114,1,'0'),(1115,1,'0'),(1116,5,'0'),(1117,5,'0'),(1118,5,'0'),(1119,1,'0'),(1120,1,'0'),(1121,5,'0'),(1122,5,'0'),(1123,5,'0'),(1124,5,'0'),(1125,1,'0'),(1126,1,'0'),(1127,1,'0'),(1128,1,'0'),(1129,1,'0'),(1130,1,'0'),(1131,1,'0'),(1132,1,'0'),(1133,1,'0'),(1134,1,'0'),(1135,1,'0'),(1136,1,'0'),(1137,1,'0'),(1138,1,'0'),(1139,1,'0'),(1140,1,'0'),(1141,1,'0'),(1142,1,'0'),(1143,1,'0'),(1144,1,'0'),(1145,1,'0'),(1146,1,'0'),(1147,1,'0'),(1148,1,'0'),(1149,1,'0'),(1150,1,'0'),(1151,1,'0'),(1152,1,'0'),(1153,1,'0'),(1154,1,'0'),(1155,1,'0'),(1156,1,'0'),(1157,1,'0'),(1158,1,'0'),(1159,1,'0'),(1084,1,'0'),(1160,1,'0');
/*!40000 ALTER TABLE `vtiger_crmentity_user_field` ENABLE KEYS */;
UNLOCK TABLES;

--
-- Table structure for table `vtiger_crmentityrel`
--

DROP TABLE IF EXISTS `vtiger_crmentityrel`;
/*!40101 SET @saved_cs_client     = @@character_set_client */;
/*!40101 SET character_set_client = utf8 */;
CREATE TABLE `vtiger_crmentityrel` (
  `crmid` int(11) NOT NULL,
  `module` varchar(100) NOT NULL,
  `relcrmid` int(11) NOT NULL,
  `relmodule` varchar(100) NOT NULL,
  KEY `crmid_idx` (`crmid`),
  KEY `relcrmid_idx` (`relcrmid`)
) ENGINE=InnoDB DEFAULT CHARSET=utf8;
/*!40101 SET character_set_client = @saved_cs_client */;

--
-- Dumping data for table `vtiger_crmentityrel`
--

LOCK TABLES `vtiger_crmentityrel` WRITE;
/*!40000 ALTER TABLE `vtiger_crmentityrel` DISABLE KEYS */;
INSERT INTO `vtiger_crmentityrel` VALUES (29,'Contacts',30,'Emails'),(29,'Contacts',31,'Emails'),(1059,'Leads',1070,'Calendar'),(1074,'Contacts',1075,'Emails'),(1076,'Contacts',1077,'Emails'),(1078,'Contacts',1080,'Emails'),(1079,'Contacts',1081,'Emails'),(1082,'Contacts',1083,'Emails'),(1076,'Contacts',1084,'SalesOrder'),(1082,'Contacts',1085,'Emails'),(1079,'Contacts',1086,'SalesOrder'),(1082,'Contacts',1087,'SalesOrder'),(1078,'Contacts',1088,'SalesOrder'),(1079,'Contacts',1089,'Emails'),(1091,'Contacts',1092,'Emails'),(1091,'Contacts',1093,'SalesOrder'),(1094,'Contacts',1096,'SalesOrder'),(1095,'Contacts',1097,'SalesOrder'),(1094,'Contacts',1099,'Emails'),(1091,'Contacts',1100,'Emails'),(1094,'Contacts',1101,'Emails'),(1095,'Contacts',1102,'Emails'),(1098,'Contacts',1103,'Emails'),(1098,'Contacts',1104,'SalesOrder'),(1105,'Contacts',1106,'SalesOrder'),(1107,'Contacts',1108,'SalesOrder'),(1109,'Contacts',1110,'SalesOrder'),(1105,'Contacts',1112,'Emails'),(1107,'Contacts',1113,'Emails'),(1109,'Contacts',1114,'Emails'),(1111,'Contacts',1115,'Emails'),(1111,'Contacts',1116,'SalesOrder'),(1117,'Contacts',1118,'SalesOrder'),(1117,'Contacts',1119,'Emails'),(1117,'Contacts',1120,'Emails'),(1121,'Contacts',1122,'SalesOrder'),(1123,'Contacts',1124,'SalesOrder'),(1121,'Contacts',1125,'Emails'),(1123,'Contacts',1126,'Emails'),(1128,'Leads',1129,'Emails'),(1128,'Leads',1130,'Emails');
/*!40000 ALTER TABLE `vtiger_crmentityrel` ENABLE KEYS */;
UNLOCK TABLES;

--
-- Table structure for table `vtiger_crmsetup`
--

DROP TABLE IF EXISTS `vtiger_crmsetup`;
/*!40101 SET @saved_cs_client     = @@character_set_client */;
/*!40101 SET character_set_client = utf8 */;
CREATE TABLE `vtiger_crmsetup` (
  `userid` int(11) DEFAULT NULL,
  `setup_status` int(2) DEFAULT NULL
) ENGINE=InnoDB DEFAULT CHARSET=utf8;
/*!40101 SET character_set_client = @saved_cs_client */;

--
-- Dumping data for table `vtiger_crmsetup`
--

LOCK TABLES `vtiger_crmsetup` WRITE;
/*!40000 ALTER TABLE `vtiger_crmsetup` DISABLE KEYS */;
INSERT INTO `vtiger_crmsetup` VALUES (1,1),(5,1);
/*!40000 ALTER TABLE `vtiger_crmsetup` ENABLE KEYS */;
UNLOCK TABLES;

--
-- Table structure for table `vtiger_cron_task`
--

DROP TABLE IF EXISTS `vtiger_cron_task`;
/*!40101 SET @saved_cs_client     = @@character_set_client */;
/*!40101 SET character_set_client = utf8 */;
CREATE TABLE `vtiger_cron_task` (
  `id` int(11) NOT NULL AUTO_INCREMENT,
  `name` varchar(100) DEFAULT NULL,
  `handler_file` varchar(100) DEFAULT NULL,
  `frequency` int(11) DEFAULT NULL,
  `laststart` int(11) unsigned DEFAULT NULL,
  `lastend` int(11) unsigned DEFAULT NULL,
  `status` int(11) DEFAULT NULL,
  `module` varchar(100) DEFAULT NULL,
  `sequence` int(11) DEFAULT NULL,
  `description` text,
  PRIMARY KEY (`id`),
  UNIQUE KEY `name` (`name`),
  UNIQUE KEY `handler_file` (`handler_file`)
) ENGINE=InnoDB AUTO_INCREMENT=9 DEFAULT CHARSET=utf8;
/*!40101 SET character_set_client = @saved_cs_client */;

--
-- Dumping data for table `vtiger_cron_task`
--

LOCK TABLES `vtiger_cron_task` WRITE;
/*!40000 ALTER TABLE `vtiger_cron_task` DISABLE KEYS */;
INSERT INTO `vtiger_cron_task` VALUES (1,'Workflow','cron/modules/com_vtiger_workflow/com_vtiger_workflow.service',120,1647361803,1647361803,1,'com_vtiger_workflow',1,'Recommended frequency for Workflow is 15 mins'),(2,'RecurringInvoice','cron/modules/SalesOrder/RecurringInvoice.service',43200,1647320703,1647320703,1,'SalesOrder',2,'Recommended frequency for RecurringInvoice is 12 hours'),(3,'SendReminder','cron/SendReminder.service',120,1647361803,1647361803,1,'Calendar',3,'Recommended frequency for SendReminder is 15 mins'),(5,'MailScanner','cron/MailScanner.service',120,1647361803,1647361803,1,'Settings',5,'Recommended frequency for MailScanner is 15 mins'),(6,'Scheduled Import','cron/modules/Import/ScheduledImport.service',120,1647361803,1647361803,1,'Import',6,'Recommended frequency for MailScanner is 15 mins'),(7,'ScheduleReports','cron/modules/Reports/ScheduleReports.service',120,1647361803,1647361803,1,'Reports',7,'Recommended frequency for ScheduleReports is 15 mins'),(8,'ITS4YouInstaller','modules/ITS4YouInstaller/cron/ITS4YouInstaller.service',86400,1647277502,1647277504,1,'ITS4YouInstaller',8,'Recommended frequency for actualize ITS4YouInstaller is 1 day');
/*!40000 ALTER TABLE `vtiger_cron_task` ENABLE KEYS */;
UNLOCK TABLES;

--
-- Table structure for table `vtiger_currencies`
--

DROP TABLE IF EXISTS `vtiger_currencies`;
/*!40101 SET @saved_cs_client     = @@character_set_client */;
/*!40101 SET character_set_client = utf8 */;
CREATE TABLE `vtiger_currencies` (
  `currencyid` int(19) NOT NULL AUTO_INCREMENT,
  `currency_name` varchar(200) DEFAULT NULL,
  `currency_code` varchar(50) DEFAULT NULL,
  `currency_symbol` varchar(11) DEFAULT NULL,
  PRIMARY KEY (`currencyid`)
) ENGINE=InnoDB AUTO_INCREMENT=139 DEFAULT CHARSET=utf8;
/*!40101 SET character_set_client = @saved_cs_client */;

--
-- Dumping data for table `vtiger_currencies`
--

LOCK TABLES `vtiger_currencies` WRITE;
/*!40000 ALTER TABLE `vtiger_currencies` DISABLE KEYS */;
INSERT INTO `vtiger_currencies` VALUES (1,'Albania, Leke','ALL','Lek'),(2,'Argentina, Pesos','ARS','$'),(3,'Aruba, Guilders','AWG',''),(4,'Australia, Dollars','AUD','$'),(5,'Azerbaijan, New Manats','AZN',''),(6,'Bahamas, Dollars','BSD','$'),(7,'Bahrain, Dinar','BHD','BD'),(8,'Barbados, Dollars','BBD','$'),(9,'Belarus, Rubles','BYR','p.'),(10,'Belize, Dollars','BZD','BZ$'),(11,'Bermuda, Dollars','BMD','$'),(12,'Bolivia, Bolivianos','BOB','$b'),(13,'China, Yuan Renminbi','CNY',''),(14,'Convertible Marka','BAM','KM'),(15,'Botswana, Pulas','BWP','P'),(16,'Bulgaria, Leva','BGN',''),(17,'Brazil, Reais','BRL','R$'),(18,'Great Britain Pounds','GBP',''),(19,'Brunei Darussalam, Dollars','BND','$'),(20,'Canada, Dollars','CAD','$'),(21,'Cayman Islands, Dollars','KYD','$'),(22,'Chile, Pesos','CLP','$'),(23,'Colombia, Pesos','COP','$'),(24,'Costa Rica, Coln','CRC',''),(25,'Croatia, Kuna','HRK','kn'),(26,'Cuba, Pesos','CUP',''),(27,'Czech Republic, Koruny','CZK','K'),(28,'Cyprus, Pounds','CYP',''),(29,'Denmark, Kroner','DKK','kr'),(30,'Dominican Republic, Pesos','DOP','RD$'),(31,'East Caribbean, Dollars','XCD','$'),(32,'Egypt, Pounds','EGP','E'),(33,'El Salvador, Coln','SVC',''),(34,'England, Pounds','GBP',''),(35,'Estonia, Krooni','EEK','kr'),(36,'Euro','EUR',''),(37,'Falkland Islands, Pounds','FKP',''),(38,'Fiji, Dollars','FJD','$'),(39,'Ghana, Cedis','GHC',''),(40,'Gibraltar, Pounds','GIP',''),(41,'Guatemala, Quetzales','GTQ','Q'),(42,'Guernsey, Pounds','GGP',''),(43,'Guyana, Dollars','GYD','$'),(44,'Honduras, Lempiras','HNL','L'),(45,'Hong Kong, Dollars','HKD','HK$'),(46,'Hungary, Forint','HUF','Ft'),(47,'Iceland, Krona','ISK','kr'),(48,'India, Rupees','INR',''),(49,'Indonesia, Rupiahs','IDR','Rp'),(50,'Iran, Rials','IRR',''),(51,'Isle of Man, Pounds','IMP',''),(52,'Israel, New Shekels','ILS',''),(53,'Jamaica, Dollars','JMD','J$'),(54,'Japan, Yen','JPY',''),(55,'Jersey, Pounds','JEP',''),(56,'Jordan, Dinar','JOD','JOD'),(57,'Kazakhstan, Tenge','KZT',''),(58,'Kenya, Shilling','KES','KES'),(59,'Korea (North), Won','KPW',''),(60,'Korea (South), Won','KRW',''),(61,'Kuwait, Dinar','KWD','KWD'),(62,'Kyrgyzstan, Soms','KGS',''),(63,'Laos, Kips','LAK',''),(64,'Latvia, Lati','LVL','Ls'),(65,'Lebanon, Pounds','LBP',''),(66,'Liberia, Dollars','LRD','$'),(67,'Switzerland Francs','CHF','CHF'),(68,'Lithuania, Litai','LTL','Lt'),(69,'MADAGASCAR, Malagasy Ariary','MGA','MGA'),(70,'Macedonia, Denars','MKD',''),(71,'Malaysia, Ringgits','MYR','RM'),(72,'Malta, Liri','MTL',''),(73,'Mauritius, Rupees','MUR',''),(74,'Mexico, Pesos','MXN','$'),(75,'Mongolia, Tugriks','MNT',''),(76,'Mozambique, Meticais','MZN','MT'),(77,'Namibia, Dollars','NAD','$'),(78,'Nepal, Rupees','NPR',''),(79,'Netherlands Antilles, Guilders','ANG',''),(80,'New Zealand, Dollars','NZD','$'),(81,'Nicaragua, Cordobas','NIO','C$'),(82,'Nigeria, Nairas','NGN',''),(83,'North Korea, Won','KPW',''),(84,'Norway, Krone','NOK','kr'),(85,'Oman, Rials','OMR',''),(86,'Pakistan, Rupees','PKR',''),(87,'Panama, Balboa','PAB','B/.'),(88,'Paraguay, Guarani','PYG','Gs'),(89,'Peru, Nuevos Soles','PEN','S/.'),(90,'Philippines, Pesos','PHP','Php'),(91,'Poland, Zlotych','PLN','z'),(92,'Qatar, Rials','QAR',''),(93,'Romania, New Lei','RON','lei'),(94,'Russia, Rubles','RUB',''),(95,'Saint Helena, Pounds','SHP',''),(96,'Saudi Arabia, Riyals','SAR',''),(97,'Serbia, Dinars','RSD','.'),(98,'Seychelles, Rupees','SCR',''),(99,'Singapore, Dollars','SGD','$'),(100,'Solomon Islands, Dollars','SBD','$'),(101,'Somalia, Shillings','SOS','S'),(102,'South Africa, Rand','ZAR','R'),(103,'South Korea, Won','KRW',''),(104,'Sri Lanka, Rupees','LKR',''),(105,'Sweden, Kronor','SEK','kr'),(106,'Switzerland, Francs','CHF','CHF'),(107,'Suriname, Dollars','SRD','$'),(108,'Syria, Pounds','SYP',''),(109,'Taiwan, New Dollars','TWD','NT$'),(110,'Thailand, Baht','THB',''),(111,'Trinidad and Tobago, Dollars','TTD','TT$'),(112,'Turkey, New Lira','TRY','YTL'),(113,'Turkey, Liras','TRL',''),(114,'Tuvalu, Dollars','TVD','$'),(115,'Ukraine, Hryvnia','UAH',''),(116,'United Arab Emirates, Dirham','AED','AED'),(117,'United Kingdom, Pounds','GBP',''),(118,'United Republic of Tanzania, Shilling','TZS','TZS'),(119,'USA, Dollars','USD','$'),(120,'Uruguay, Pesos','UYU','$U'),(121,'Uzbekistan, Sums','UZS',''),(122,'Venezuela, Bolivares Fuertes','VEF','Bs'),(123,'Vietnam, Dong','VND',''),(124,'Zambia, Kwacha','ZMK','ZMK'),(125,'Yemen, Rials','YER',''),(126,'Zimbabwe Dollars','ZWD','Z$'),(127,'Malawi, Kwacha','MWK','MK'),(128,'Tunisian, Dinar','TD','TD'),(129,'Moroccan, Dirham','MAD','DH'),(130,'Iraqi Dinar','IQD','ID'),(131,'Maldivian Ruffiya','MVR','MVR'),(132,'Ugandan Shilling','UGX','Sh'),(133,'Sudanese Pound','SDG',''),(134,'CFA Franc BCEAO','XOF','CFA'),(135,'CFA Franc BEAC','XAF','CFA'),(136,'Haiti, Gourde','HTG','G'),(137,'Libya, Dinar','LYD','LYD'),(138,'CFP Franc','XPF','F');
/*!40000 ALTER TABLE `vtiger_currencies` ENABLE KEYS */;
UNLOCK TABLES;

--
-- Table structure for table `vtiger_currencies_seq`
--

DROP TABLE IF EXISTS `vtiger_currencies_seq`;
/*!40101 SET @saved_cs_client     = @@character_set_client */;
/*!40101 SET character_set_client = utf8 */;
CREATE TABLE `vtiger_currencies_seq` (
  `id` int(11) NOT NULL
) ENGINE=InnoDB DEFAULT CHARSET=utf8;
/*!40101 SET character_set_client = @saved_cs_client */;

--
-- Dumping data for table `vtiger_currencies_seq`
--

LOCK TABLES `vtiger_currencies_seq` WRITE;
/*!40000 ALTER TABLE `vtiger_currencies_seq` DISABLE KEYS */;
INSERT INTO `vtiger_currencies_seq` VALUES (138);
/*!40000 ALTER TABLE `vtiger_currencies_seq` ENABLE KEYS */;
UNLOCK TABLES;

--
-- Table structure for table `vtiger_currency`
--

DROP TABLE IF EXISTS `vtiger_currency`;
/*!40101 SET @saved_cs_client     = @@character_set_client */;
/*!40101 SET character_set_client = utf8 */;
CREATE TABLE `vtiger_currency` (
  `currencyid` int(19) NOT NULL AUTO_INCREMENT,
  `currency` varchar(200) NOT NULL,
  `sortorderid` int(19) NOT NULL DEFAULT '0',
  `presence` int(1) NOT NULL DEFAULT '1',
  PRIMARY KEY (`currencyid`),
  UNIQUE KEY `currency_currency_idx` (`currency`)
) ENGINE=InnoDB DEFAULT CHARSET=utf8;
/*!40101 SET character_set_client = @saved_cs_client */;

--
-- Dumping data for table `vtiger_currency`
--

LOCK TABLES `vtiger_currency` WRITE;
/*!40000 ALTER TABLE `vtiger_currency` DISABLE KEYS */;
/*!40000 ALTER TABLE `vtiger_currency` ENABLE KEYS */;
UNLOCK TABLES;

--
-- Table structure for table `vtiger_currency_decimal_separator`
--

DROP TABLE IF EXISTS `vtiger_currency_decimal_separator`;
/*!40101 SET @saved_cs_client     = @@character_set_client */;
/*!40101 SET character_set_client = utf8 */;
CREATE TABLE `vtiger_currency_decimal_separator` (
  `currency_decimal_separatorid` int(19) NOT NULL AUTO_INCREMENT,
  `currency_decimal_separator` varchar(2) NOT NULL,
  `sortorderid` int(19) NOT NULL DEFAULT '0',
  `presence` int(1) NOT NULL DEFAULT '1',
  PRIMARY KEY (`currency_decimal_separatorid`)
) ENGINE=InnoDB AUTO_INCREMENT=6 DEFAULT CHARSET=utf8;
/*!40101 SET character_set_client = @saved_cs_client */;

--
-- Dumping data for table `vtiger_currency_decimal_separator`
--

LOCK TABLES `vtiger_currency_decimal_separator` WRITE;
/*!40000 ALTER TABLE `vtiger_currency_decimal_separator` DISABLE KEYS */;
INSERT INTO `vtiger_currency_decimal_separator` VALUES (1,'.',0,1),(2,',',1,1),(3,'\'',2,1),(4,' ',3,1),(5,'$',4,1);
/*!40000 ALTER TABLE `vtiger_currency_decimal_separator` ENABLE KEYS */;
UNLOCK TABLES;

--
-- Table structure for table `vtiger_currency_decimal_separator_seq`
--

DROP TABLE IF EXISTS `vtiger_currency_decimal_separator_seq`;
/*!40101 SET @saved_cs_client     = @@character_set_client */;
/*!40101 SET character_set_client = utf8 */;
CREATE TABLE `vtiger_currency_decimal_separator_seq` (
  `id` int(11) NOT NULL
) ENGINE=InnoDB DEFAULT CHARSET=utf8;
/*!40101 SET character_set_client = @saved_cs_client */;

--
-- Dumping data for table `vtiger_currency_decimal_separator_seq`
--

LOCK TABLES `vtiger_currency_decimal_separator_seq` WRITE;
/*!40000 ALTER TABLE `vtiger_currency_decimal_separator_seq` DISABLE KEYS */;
INSERT INTO `vtiger_currency_decimal_separator_seq` VALUES (5);
/*!40000 ALTER TABLE `vtiger_currency_decimal_separator_seq` ENABLE KEYS */;
UNLOCK TABLES;

--
-- Table structure for table `vtiger_currency_grouping_pattern`
--

DROP TABLE IF EXISTS `vtiger_currency_grouping_pattern`;
/*!40101 SET @saved_cs_client     = @@character_set_client */;
/*!40101 SET character_set_client = utf8 */;
CREATE TABLE `vtiger_currency_grouping_pattern` (
  `currency_grouping_patternid` int(19) NOT NULL AUTO_INCREMENT,
  `currency_grouping_pattern` varchar(200) NOT NULL,
  `sortorderid` int(19) NOT NULL DEFAULT '0',
  `presence` int(1) NOT NULL DEFAULT '1',
  PRIMARY KEY (`currency_grouping_patternid`)
) ENGINE=InnoDB AUTO_INCREMENT=5 DEFAULT CHARSET=utf8;
/*!40101 SET character_set_client = @saved_cs_client */;

--
-- Dumping data for table `vtiger_currency_grouping_pattern`
--

LOCK TABLES `vtiger_currency_grouping_pattern` WRITE;
/*!40000 ALTER TABLE `vtiger_currency_grouping_pattern` DISABLE KEYS */;
INSERT INTO `vtiger_currency_grouping_pattern` VALUES (1,'123,456,789',0,1),(2,'123456789',1,1),(3,'123456,789',2,1),(4,'12,34,56,789',3,1);
/*!40000 ALTER TABLE `vtiger_currency_grouping_pattern` ENABLE KEYS */;
UNLOCK TABLES;

--
-- Table structure for table `vtiger_currency_grouping_pattern_seq`
--

DROP TABLE IF EXISTS `vtiger_currency_grouping_pattern_seq`;
/*!40101 SET @saved_cs_client     = @@character_set_client */;
/*!40101 SET character_set_client = utf8 */;
CREATE TABLE `vtiger_currency_grouping_pattern_seq` (
  `id` int(11) NOT NULL
) ENGINE=InnoDB DEFAULT CHARSET=utf8;
/*!40101 SET character_set_client = @saved_cs_client */;

--
-- Dumping data for table `vtiger_currency_grouping_pattern_seq`
--

LOCK TABLES `vtiger_currency_grouping_pattern_seq` WRITE;
/*!40000 ALTER TABLE `vtiger_currency_grouping_pattern_seq` DISABLE KEYS */;
INSERT INTO `vtiger_currency_grouping_pattern_seq` VALUES (4);
/*!40000 ALTER TABLE `vtiger_currency_grouping_pattern_seq` ENABLE KEYS */;
UNLOCK TABLES;

--
-- Table structure for table `vtiger_currency_grouping_separator`
--

DROP TABLE IF EXISTS `vtiger_currency_grouping_separator`;
/*!40101 SET @saved_cs_client     = @@character_set_client */;
/*!40101 SET character_set_client = utf8 */;
CREATE TABLE `vtiger_currency_grouping_separator` (
  `currency_grouping_separatorid` int(19) NOT NULL AUTO_INCREMENT,
  `currency_grouping_separator` varchar(2) NOT NULL,
  `sortorderid` int(19) NOT NULL DEFAULT '0',
  `presence` int(1) NOT NULL DEFAULT '1',
  PRIMARY KEY (`currency_grouping_separatorid`)
) ENGINE=InnoDB AUTO_INCREMENT=6 DEFAULT CHARSET=utf8;
/*!40101 SET character_set_client = @saved_cs_client */;

--
-- Dumping data for table `vtiger_currency_grouping_separator`
--

LOCK TABLES `vtiger_currency_grouping_separator` WRITE;
/*!40000 ALTER TABLE `vtiger_currency_grouping_separator` DISABLE KEYS */;
INSERT INTO `vtiger_currency_grouping_separator` VALUES (1,',',0,1),(2,'.',1,1),(3,'\'',2,1),(4,' ',3,1),(5,'$',4,1);
/*!40000 ALTER TABLE `vtiger_currency_grouping_separator` ENABLE KEYS */;
UNLOCK TABLES;

--
-- Table structure for table `vtiger_currency_grouping_separator_seq`
--

DROP TABLE IF EXISTS `vtiger_currency_grouping_separator_seq`;
/*!40101 SET @saved_cs_client     = @@character_set_client */;
/*!40101 SET character_set_client = utf8 */;
CREATE TABLE `vtiger_currency_grouping_separator_seq` (
  `id` int(11) NOT NULL
) ENGINE=InnoDB DEFAULT CHARSET=utf8;
/*!40101 SET character_set_client = @saved_cs_client */;

--
-- Dumping data for table `vtiger_currency_grouping_separator_seq`
--

LOCK TABLES `vtiger_currency_grouping_separator_seq` WRITE;
/*!40000 ALTER TABLE `vtiger_currency_grouping_separator_seq` DISABLE KEYS */;
INSERT INTO `vtiger_currency_grouping_separator_seq` VALUES (5);
/*!40000 ALTER TABLE `vtiger_currency_grouping_separator_seq` ENABLE KEYS */;
UNLOCK TABLES;

--
-- Table structure for table `vtiger_currency_info`
--

DROP TABLE IF EXISTS `vtiger_currency_info`;
/*!40101 SET @saved_cs_client     = @@character_set_client */;
/*!40101 SET character_set_client = utf8 */;
CREATE TABLE `vtiger_currency_info` (
  `id` int(11) NOT NULL AUTO_INCREMENT,
  `currency_name` varchar(100) DEFAULT NULL,
  `currency_code` varchar(100) DEFAULT NULL,
  `currency_symbol` varchar(30) DEFAULT NULL,
  `conversion_rate` decimal(12,5) DEFAULT NULL,
  `currency_status` varchar(25) DEFAULT NULL,
  `defaultid` varchar(10) NOT NULL DEFAULT '0',
  `deleted` int(1) NOT NULL DEFAULT '0',
  PRIMARY KEY (`id`)
) ENGINE=InnoDB AUTO_INCREMENT=2 DEFAULT CHARSET=utf8;
/*!40101 SET character_set_client = @saved_cs_client */;

--
-- Dumping data for table `vtiger_currency_info`
--

LOCK TABLES `vtiger_currency_info` WRITE;
/*!40000 ALTER TABLE `vtiger_currency_info` DISABLE KEYS */;
INSERT INTO `vtiger_currency_info` VALUES (1,'Colombia, Pesos','COP','$',1.00000,'Active','-11',0);
/*!40000 ALTER TABLE `vtiger_currency_info` ENABLE KEYS */;
UNLOCK TABLES;

--
-- Table structure for table `vtiger_currency_info_seq`
--

DROP TABLE IF EXISTS `vtiger_currency_info_seq`;
/*!40101 SET @saved_cs_client     = @@character_set_client */;
/*!40101 SET character_set_client = utf8 */;
CREATE TABLE `vtiger_currency_info_seq` (
  `id` int(11) NOT NULL
) ENGINE=InnoDB DEFAULT CHARSET=utf8;
/*!40101 SET character_set_client = @saved_cs_client */;

--
-- Dumping data for table `vtiger_currency_info_seq`
--

LOCK TABLES `vtiger_currency_info_seq` WRITE;
/*!40000 ALTER TABLE `vtiger_currency_info_seq` DISABLE KEYS */;
INSERT INTO `vtiger_currency_info_seq` VALUES (1);
/*!40000 ALTER TABLE `vtiger_currency_info_seq` ENABLE KEYS */;
UNLOCK TABLES;

--
-- Table structure for table `vtiger_currency_symbol_placement`
--

DROP TABLE IF EXISTS `vtiger_currency_symbol_placement`;
/*!40101 SET @saved_cs_client     = @@character_set_client */;
/*!40101 SET character_set_client = utf8 */;
CREATE TABLE `vtiger_currency_symbol_placement` (
  `currency_symbol_placementid` int(19) NOT NULL AUTO_INCREMENT,
  `currency_symbol_placement` varchar(30) NOT NULL,
  `sortorderid` int(19) NOT NULL DEFAULT '0',
  `presence` int(1) NOT NULL DEFAULT '1',
  PRIMARY KEY (`currency_symbol_placementid`)
) ENGINE=InnoDB AUTO_INCREMENT=3 DEFAULT CHARSET=utf8;
/*!40101 SET character_set_client = @saved_cs_client */;

--
-- Dumping data for table `vtiger_currency_symbol_placement`
--

LOCK TABLES `vtiger_currency_symbol_placement` WRITE;
/*!40000 ALTER TABLE `vtiger_currency_symbol_placement` DISABLE KEYS */;
INSERT INTO `vtiger_currency_symbol_placement` VALUES (1,'$1.0',0,1),(2,'1.0$',1,1);
/*!40000 ALTER TABLE `vtiger_currency_symbol_placement` ENABLE KEYS */;
UNLOCK TABLES;

--
-- Table structure for table `vtiger_currency_symbol_placement_seq`
--

DROP TABLE IF EXISTS `vtiger_currency_symbol_placement_seq`;
/*!40101 SET @saved_cs_client     = @@character_set_client */;
/*!40101 SET character_set_client = utf8 */;
CREATE TABLE `vtiger_currency_symbol_placement_seq` (
  `id` int(11) NOT NULL
) ENGINE=InnoDB DEFAULT CHARSET=utf8;
/*!40101 SET character_set_client = @saved_cs_client */;

--
-- Dumping data for table `vtiger_currency_symbol_placement_seq`
--

LOCK TABLES `vtiger_currency_symbol_placement_seq` WRITE;
/*!40000 ALTER TABLE `vtiger_currency_symbol_placement_seq` DISABLE KEYS */;
INSERT INTO `vtiger_currency_symbol_placement_seq` VALUES (2);
/*!40000 ALTER TABLE `vtiger_currency_symbol_placement_seq` ENABLE KEYS */;
UNLOCK TABLES;

--
-- Table structure for table `vtiger_customaction`
--

DROP TABLE IF EXISTS `vtiger_customaction`;
/*!40101 SET @saved_cs_client     = @@character_set_client */;
/*!40101 SET character_set_client = utf8 */;
CREATE TABLE `vtiger_customaction` (
  `cvid` int(19) NOT NULL,
  `subject` varchar(250) NOT NULL,
  `module` varchar(50) NOT NULL,
  `content` text,
  KEY `customaction_cvid_idx` (`cvid`),
  CONSTRAINT `fk_1_vtiger_customaction` FOREIGN KEY (`cvid`) REFERENCES `vtiger_customview` (`cvid`) ON DELETE CASCADE
) ENGINE=InnoDB DEFAULT CHARSET=utf8;
/*!40101 SET character_set_client = @saved_cs_client */;

--
-- Dumping data for table `vtiger_customaction`
--

LOCK TABLES `vtiger_customaction` WRITE;
/*!40000 ALTER TABLE `vtiger_customaction` DISABLE KEYS */;
/*!40000 ALTER TABLE `vtiger_customaction` ENABLE KEYS */;
UNLOCK TABLES;

--
-- Table structure for table `vtiger_customerdetails`
--

DROP TABLE IF EXISTS `vtiger_customerdetails`;
/*!40101 SET @saved_cs_client     = @@character_set_client */;
/*!40101 SET character_set_client = utf8 */;
CREATE TABLE `vtiger_customerdetails` (
  `customerid` int(19) NOT NULL,
  `portal` varchar(3) DEFAULT NULL,
  `support_start_date` date DEFAULT NULL,
  `support_end_date` date DEFAULT NULL,
  PRIMARY KEY (`customerid`),
  CONSTRAINT `fk_1_vtiger_customerdetails` FOREIGN KEY (`customerid`) REFERENCES `vtiger_contactdetails` (`contactid`) ON DELETE CASCADE
) ENGINE=InnoDB DEFAULT CHARSET=utf8;
/*!40101 SET character_set_client = @saved_cs_client */;

--
-- Dumping data for table `vtiger_customerdetails`
--

LOCK TABLES `vtiger_customerdetails` WRITE;
/*!40000 ALTER TABLE `vtiger_customerdetails` DISABLE KEYS */;
INSERT INTO `vtiger_customerdetails` VALUES (5,'0',NULL,NULL),(6,'0',NULL,NULL),(10,'0',NULL,NULL),(12,'0',NULL,NULL),(29,NULL,NULL,NULL),(32,NULL,NULL,NULL),(33,NULL,NULL,NULL),(34,NULL,NULL,NULL),(35,NULL,NULL,NULL),(36,NULL,NULL,NULL),(37,NULL,NULL,NULL),(38,NULL,NULL,NULL),(39,NULL,NULL,NULL),(40,NULL,NULL,NULL),(41,NULL,NULL,NULL),(42,NULL,NULL,NULL),(43,NULL,NULL,NULL),(44,NULL,NULL,NULL),(45,NULL,NULL,NULL),(46,NULL,NULL,NULL),(47,NULL,NULL,NULL),(48,NULL,NULL,NULL),(49,NULL,NULL,NULL),(50,NULL,NULL,NULL),(51,NULL,NULL,NULL),(52,NULL,NULL,NULL),(53,NULL,NULL,NULL),(54,NULL,NULL,NULL),(55,NULL,NULL,NULL),(56,NULL,NULL,NULL),(57,NULL,NULL,NULL),(58,NULL,NULL,NULL),(59,NULL,NULL,NULL),(60,NULL,NULL,NULL),(61,NULL,NULL,NULL),(62,NULL,NULL,NULL),(63,NULL,NULL,NULL),(64,NULL,NULL,NULL),(65,NULL,NULL,NULL),(66,NULL,NULL,NULL),(67,NULL,NULL,NULL),(68,NULL,NULL,NULL),(69,NULL,NULL,NULL),(70,NULL,NULL,NULL),(71,NULL,NULL,NULL),(72,NULL,NULL,NULL),(73,NULL,NULL,NULL),(74,NULL,NULL,NULL),(75,NULL,NULL,NULL),(76,NULL,NULL,NULL),(77,NULL,NULL,NULL),(78,NULL,NULL,NULL),(79,NULL,NULL,NULL),(80,NULL,NULL,NULL),(81,NULL,NULL,NULL),(82,NULL,NULL,NULL),(83,NULL,NULL,NULL),(84,NULL,NULL,NULL),(85,NULL,NULL,NULL),(86,NULL,NULL,NULL),(87,NULL,NULL,NULL),(88,NULL,NULL,NULL),(89,NULL,NULL,NULL),(90,NULL,NULL,NULL),(91,NULL,NULL,NULL),(92,NULL,NULL,NULL),(93,NULL,NULL,NULL),(94,NULL,NULL,NULL),(95,NULL,NULL,NULL),(96,NULL,NULL,NULL),(97,NULL,NULL,NULL),(98,NULL,NULL,NULL),(99,NULL,NULL,NULL),(100,NULL,NULL,NULL),(101,NULL,NULL,NULL),(102,NULL,NULL,NULL),(103,NULL,NULL,NULL),(104,NULL,NULL,NULL),(105,NULL,NULL,NULL),(106,NULL,NULL,NULL),(107,NULL,NULL,NULL),(108,NULL,NULL,NULL),(109,NULL,NULL,NULL),(110,NULL,NULL,NULL),(111,NULL,NULL,NULL),(112,NULL,NULL,NULL),(113,NULL,NULL,NULL),(114,NULL,NULL,NULL),(115,NULL,NULL,NULL),(116,NULL,NULL,NULL),(117,NULL,NULL,NULL),(118,NULL,NULL,NULL),(119,NULL,NULL,NULL),(120,NULL,NULL,NULL),(121,NULL,NULL,NULL),(122,NULL,NULL,NULL),(123,NULL,NULL,NULL),(124,NULL,NULL,NULL),(125,NULL,NULL,NULL),(126,NULL,NULL,NULL),(127,NULL,NULL,NULL),(128,NULL,NULL,NULL),(129,NULL,NULL,NULL),(130,NULL,NULL,NULL),(131,NULL,NULL,NULL),(132,NULL,NULL,NULL),(133,NULL,NULL,NULL),(134,NULL,NULL,NULL),(135,NULL,NULL,NULL),(136,NULL,NULL,NULL),(137,NULL,NULL,NULL),(138,NULL,NULL,NULL),(139,NULL,NULL,NULL),(140,NULL,NULL,NULL),(141,NULL,NULL,NULL),(142,NULL,NULL,NULL),(143,NULL,NULL,NULL),(144,NULL,NULL,NULL),(145,NULL,NULL,NULL),(146,NULL,NULL,NULL),(147,NULL,NULL,NULL),(148,NULL,NULL,NULL),(149,NULL,NULL,NULL),(150,NULL,NULL,NULL),(151,NULL,NULL,NULL),(152,NULL,NULL,NULL),(153,NULL,NULL,NULL),(154,NULL,NULL,NULL),(155,NULL,NULL,NULL),(156,NULL,NULL,NULL),(157,NULL,NULL,NULL),(158,NULL,NULL,NULL),(159,NULL,NULL,NULL),(160,NULL,NULL,NULL),(161,NULL,NULL,NULL),(162,NULL,NULL,NULL),(163,NULL,NULL,NULL),(164,NULL,NULL,NULL),(165,NULL,NULL,NULL),(166,NULL,NULL,NULL),(167,NULL,NULL,NULL),(168,NULL,NULL,NULL),(169,NULL,NULL,NULL),(170,NULL,NULL,NULL),(171,NULL,NULL,NULL),(172,NULL,NULL,NULL),(173,NULL,NULL,NULL),(174,NULL,NULL,NULL),(175,NULL,NULL,NULL),(176,NULL,NULL,NULL),(177,NULL,NULL,NULL),(178,NULL,NULL,NULL),(179,NULL,NULL,NULL),(180,NULL,NULL,NULL),(181,NULL,NULL,NULL),(182,NULL,NULL,NULL),(183,NULL,NULL,NULL),(184,NULL,NULL,NULL),(185,NULL,NULL,NULL),(186,NULL,NULL,NULL),(187,NULL,NULL,NULL),(188,NULL,NULL,NULL),(189,NULL,NULL,NULL),(190,NULL,NULL,NULL),(191,NULL,NULL,NULL),(192,NULL,NULL,NULL),(193,NULL,NULL,NULL),(194,NULL,NULL,NULL),(195,NULL,NULL,NULL),(196,NULL,NULL,NULL),(197,NULL,NULL,NULL),(198,NULL,NULL,NULL),(199,NULL,NULL,NULL),(200,NULL,NULL,NULL),(201,NULL,NULL,NULL),(202,NULL,NULL,NULL),(203,NULL,NULL,NULL),(204,NULL,NULL,NULL),(205,NULL,NULL,NULL),(206,NULL,NULL,NULL),(207,NULL,NULL,NULL),(208,NULL,NULL,NULL),(209,NULL,NULL,NULL),(210,NULL,NULL,NULL),(211,NULL,NULL,NULL),(212,NULL,NULL,NULL),(213,NULL,NULL,NULL),(214,NULL,NULL,NULL),(215,NULL,NULL,NULL),(216,NULL,NULL,NULL),(217,NULL,NULL,NULL),(218,NULL,NULL,NULL),(219,NULL,NULL,NULL),(220,NULL,NULL,NULL),(221,NULL,NULL,NULL),(222,NULL,NULL,NULL),(223,NULL,NULL,NULL),(224,NULL,NULL,NULL),(225,NULL,NULL,NULL),(226,NULL,NULL,NULL),(227,NULL,NULL,NULL),(228,NULL,NULL,NULL),(229,NULL,NULL,NULL),(230,NULL,NULL,NULL),(231,NULL,NULL,NULL),(232,NULL,NULL,NULL),(233,NULL,NULL,NULL),(234,NULL,NULL,NULL),(235,NULL,NULL,NULL),(236,NULL,NULL,NULL),(237,NULL,NULL,NULL),(238,NULL,NULL,NULL),(239,NULL,NULL,NULL),(240,NULL,NULL,NULL),(241,NULL,NULL,NULL),(242,NULL,NULL,NULL),(243,NULL,NULL,NULL),(244,NULL,NULL,NULL),(245,NULL,NULL,NULL),(246,NULL,NULL,NULL),(247,NULL,NULL,NULL),(248,NULL,NULL,NULL),(249,NULL,NULL,NULL),(250,NULL,NULL,NULL),(251,NULL,NULL,NULL),(252,NULL,NULL,NULL),(253,NULL,NULL,NULL),(254,NULL,NULL,NULL),(255,NULL,NULL,NULL),(256,NULL,NULL,NULL),(257,NULL,NULL,NULL),(258,NULL,NULL,NULL),(259,NULL,NULL,NULL),(260,NULL,NULL,NULL),(261,NULL,NULL,NULL),(262,NULL,NULL,NULL),(263,NULL,NULL,NULL),(264,NULL,NULL,NULL),(265,NULL,NULL,NULL),(266,NULL,NULL,NULL),(267,NULL,NULL,NULL),(268,NULL,NULL,NULL),(269,NULL,NULL,NULL),(270,NULL,NULL,NULL),(271,NULL,NULL,NULL),(272,NULL,NULL,NULL),(273,NULL,NULL,NULL),(274,NULL,NULL,NULL),(275,NULL,NULL,NULL),(276,NULL,NULL,NULL),(277,NULL,NULL,NULL),(278,NULL,NULL,NULL),(279,NULL,NULL,NULL),(280,NULL,NULL,NULL),(281,NULL,NULL,NULL),(282,NULL,NULL,NULL),(283,NULL,NULL,NULL),(284,NULL,NULL,NULL),(285,NULL,NULL,NULL),(286,NULL,NULL,NULL),(287,NULL,NULL,NULL),(288,NULL,NULL,NULL),(289,NULL,NULL,NULL),(290,NULL,NULL,NULL),(291,NULL,NULL,NULL),(292,NULL,NULL,NULL),(293,NULL,NULL,NULL),(294,NULL,NULL,NULL),(295,NULL,NULL,NULL),(296,NULL,NULL,NULL),(297,NULL,NULL,NULL),(298,NULL,NULL,NULL),(299,NULL,NULL,NULL),(300,NULL,NULL,NULL),(301,NULL,NULL,NULL),(302,NULL,NULL,NULL),(303,NULL,NULL,NULL),(304,NULL,NULL,NULL),(305,NULL,NULL,NULL),(306,NULL,NULL,NULL),(307,NULL,NULL,NULL),(308,NULL,NULL,NULL),(309,NULL,NULL,NULL),(310,NULL,NULL,NULL),(311,NULL,NULL,NULL),(312,NULL,NULL,NULL),(313,NULL,NULL,NULL),(314,NULL,NULL,NULL),(315,NULL,NULL,NULL),(316,NULL,NULL,NULL),(317,NULL,NULL,NULL),(318,NULL,NULL,NULL),(319,NULL,NULL,NULL),(320,NULL,NULL,NULL),(321,NULL,NULL,NULL),(322,NULL,NULL,NULL),(323,NULL,NULL,NULL),(324,NULL,NULL,NULL),(325,NULL,NULL,NULL),(326,NULL,NULL,NULL),(327,NULL,NULL,NULL),(328,NULL,NULL,NULL),(329,NULL,NULL,NULL),(330,NULL,NULL,NULL),(331,NULL,NULL,NULL),(332,NULL,NULL,NULL),(333,NULL,NULL,NULL),(334,NULL,NULL,NULL),(335,NULL,NULL,NULL),(336,NULL,NULL,NULL),(337,NULL,NULL,NULL),(338,NULL,NULL,NULL),(339,NULL,NULL,NULL),(340,NULL,NULL,NULL),(341,NULL,NULL,NULL),(342,NULL,NULL,NULL),(343,NULL,NULL,NULL),(344,NULL,NULL,NULL),(345,NULL,NULL,NULL),(346,NULL,NULL,NULL),(347,NULL,NULL,NULL),(348,NULL,NULL,NULL),(349,NULL,NULL,NULL),(350,NULL,NULL,NULL),(351,NULL,NULL,NULL),(352,NULL,NULL,NULL),(353,NULL,NULL,NULL),(354,NULL,NULL,NULL),(355,NULL,NULL,NULL),(356,NULL,NULL,NULL),(357,NULL,NULL,NULL),(358,NULL,NULL,NULL),(359,NULL,NULL,NULL),(360,NULL,NULL,NULL),(361,NULL,NULL,NULL),(362,NULL,NULL,NULL),(363,NULL,NULL,NULL),(364,NULL,NULL,NULL),(365,NULL,NULL,NULL),(366,NULL,NULL,NULL),(367,NULL,NULL,NULL),(368,NULL,NULL,NULL),(369,NULL,NULL,NULL),(370,NULL,NULL,NULL),(371,NULL,NULL,NULL),(372,NULL,NULL,NULL),(373,NULL,NULL,NULL),(374,NULL,NULL,NULL),(375,NULL,NULL,NULL),(376,NULL,NULL,NULL),(377,NULL,NULL,NULL),(378,NULL,NULL,NULL),(379,NULL,NULL,NULL),(380,NULL,NULL,NULL),(381,NULL,NULL,NULL),(382,NULL,NULL,NULL),(383,NULL,NULL,NULL),(384,NULL,NULL,NULL),(385,NULL,NULL,NULL),(386,NULL,NULL,NULL),(387,NULL,NULL,NULL),(388,NULL,NULL,NULL),(389,NULL,NULL,NULL),(390,NULL,NULL,NULL),(391,NULL,NULL,NULL),(392,NULL,NULL,NULL),(393,NULL,NULL,NULL),(394,NULL,NULL,NULL),(395,NULL,NULL,NULL),(396,NULL,NULL,NULL),(397,NULL,NULL,NULL),(398,NULL,NULL,NULL),(399,NULL,NULL,NULL),(400,NULL,NULL,NULL),(401,NULL,NULL,NULL),(402,NULL,NULL,NULL),(403,NULL,NULL,NULL),(404,NULL,NULL,NULL),(405,NULL,NULL,NULL),(406,NULL,NULL,NULL),(407,NULL,NULL,NULL),(408,NULL,NULL,NULL),(409,NULL,NULL,NULL),(410,NULL,NULL,NULL),(411,NULL,NULL,NULL),(412,NULL,NULL,NULL),(413,NULL,NULL,NULL),(414,NULL,NULL,NULL),(415,NULL,NULL,NULL),(416,NULL,NULL,NULL),(417,NULL,NULL,NULL),(418,NULL,NULL,NULL),(419,NULL,NULL,NULL),(420,NULL,NULL,NULL),(421,NULL,NULL,NULL),(422,NULL,NULL,NULL),(423,NULL,NULL,NULL),(424,NULL,NULL,NULL),(425,NULL,NULL,NULL),(426,NULL,NULL,NULL),(427,NULL,NULL,NULL),(428,NULL,NULL,NULL),(429,NULL,NULL,NULL),(430,NULL,NULL,NULL),(431,NULL,NULL,NULL),(432,NULL,NULL,NULL),(433,NULL,NULL,NULL),(434,NULL,NULL,NULL),(435,NULL,NULL,NULL),(436,NULL,NULL,NULL),(437,NULL,NULL,NULL),(438,NULL,NULL,NULL),(439,NULL,NULL,NULL),(440,NULL,NULL,NULL),(441,NULL,NULL,NULL),(442,NULL,NULL,NULL),(443,NULL,NULL,NULL),(444,NULL,NULL,NULL),(445,NULL,NULL,NULL),(446,NULL,NULL,NULL),(447,NULL,NULL,NULL),(448,NULL,NULL,NULL),(449,NULL,NULL,NULL),(450,NULL,NULL,NULL),(451,NULL,NULL,NULL),(452,NULL,NULL,NULL),(453,NULL,NULL,NULL),(454,NULL,NULL,NULL),(455,NULL,NULL,NULL),(456,NULL,NULL,NULL),(457,NULL,NULL,NULL),(458,NULL,NULL,NULL),(459,NULL,NULL,NULL),(460,NULL,NULL,NULL),(461,NULL,NULL,NULL),(462,NULL,NULL,NULL),(463,NULL,NULL,NULL),(464,NULL,NULL,NULL),(465,NULL,NULL,NULL),(466,NULL,NULL,NULL),(467,NULL,NULL,NULL),(468,NULL,NULL,NULL),(469,NULL,NULL,NULL),(470,NULL,NULL,NULL),(471,NULL,NULL,NULL),(472,NULL,NULL,NULL),(473,NULL,NULL,NULL),(474,NULL,NULL,NULL),(475,NULL,NULL,NULL),(476,NULL,NULL,NULL),(477,NULL,NULL,NULL),(478,NULL,NULL,NULL),(479,NULL,NULL,NULL),(480,NULL,NULL,NULL),(481,NULL,NULL,NULL),(482,NULL,NULL,NULL),(483,NULL,NULL,NULL),(484,NULL,NULL,NULL),(485,NULL,NULL,NULL),(486,NULL,NULL,NULL),(487,NULL,NULL,NULL),(488,NULL,NULL,NULL),(489,NULL,NULL,NULL),(490,NULL,NULL,NULL),(491,NULL,NULL,NULL),(492,NULL,NULL,NULL),(493,NULL,NULL,NULL),(494,NULL,NULL,NULL),(495,NULL,NULL,NULL),(496,NULL,NULL,NULL),(497,NULL,NULL,NULL),(498,NULL,NULL,NULL),(499,NULL,NULL,NULL),(500,NULL,NULL,NULL),(501,NULL,NULL,NULL),(502,NULL,NULL,NULL),(503,NULL,NULL,NULL),(504,NULL,NULL,NULL),(505,NULL,NULL,NULL),(506,NULL,NULL,NULL),(507,NULL,NULL,NULL),(508,NULL,NULL,NULL),(509,NULL,NULL,NULL),(510,NULL,NULL,NULL),(511,NULL,NULL,NULL),(512,NULL,NULL,NULL),(513,NULL,NULL,NULL),(514,NULL,NULL,NULL),(515,NULL,NULL,NULL),(516,NULL,NULL,NULL),(517,NULL,NULL,NULL),(518,NULL,NULL,NULL),(519,NULL,NULL,NULL),(520,NULL,NULL,NULL),(521,NULL,NULL,NULL),(522,NULL,NULL,NULL),(523,NULL,NULL,NULL),(524,NULL,NULL,NULL),(525,NULL,NULL,NULL),(526,NULL,NULL,NULL),(527,NULL,NULL,NULL),(528,NULL,NULL,NULL),(529,NULL,NULL,NULL),(530,NULL,NULL,NULL),(531,NULL,NULL,NULL),(532,NULL,NULL,NULL),(533,NULL,NULL,NULL),(534,NULL,NULL,NULL),(535,NULL,NULL,NULL),(536,NULL,NULL,NULL),(537,NULL,NULL,NULL),(538,NULL,NULL,NULL),(539,NULL,NULL,NULL),(540,NULL,NULL,NULL),(541,NULL,NULL,NULL),(542,NULL,NULL,NULL),(543,NULL,NULL,NULL),(544,NULL,NULL,NULL),(545,NULL,NULL,NULL),(546,NULL,NULL,NULL),(547,NULL,NULL,NULL),(548,NULL,NULL,NULL),(549,NULL,NULL,NULL),(550,NULL,NULL,NULL),(551,NULL,NULL,NULL),(552,NULL,NULL,NULL),(553,NULL,NULL,NULL),(554,NULL,NULL,NULL),(555,NULL,NULL,NULL),(556,NULL,NULL,NULL),(557,NULL,NULL,NULL),(558,NULL,NULL,NULL),(559,NULL,NULL,NULL),(560,NULL,NULL,NULL),(561,NULL,NULL,NULL),(562,NULL,NULL,NULL),(563,NULL,NULL,NULL),(564,NULL,NULL,NULL),(565,NULL,NULL,NULL),(566,NULL,NULL,NULL),(567,NULL,NULL,NULL),(568,NULL,NULL,NULL),(569,NULL,NULL,NULL),(570,NULL,NULL,NULL),(571,NULL,NULL,NULL),(572,NULL,NULL,NULL),(573,NULL,NULL,NULL),(574,NULL,NULL,NULL),(575,NULL,NULL,NULL),(576,NULL,NULL,NULL),(577,NULL,NULL,NULL),(578,NULL,NULL,NULL),(579,NULL,NULL,NULL),(580,NULL,NULL,NULL),(581,NULL,NULL,NULL),(582,NULL,NULL,NULL),(583,NULL,NULL,NULL),(584,NULL,NULL,NULL),(585,NULL,NULL,NULL),(586,NULL,NULL,NULL),(587,NULL,NULL,NULL),(588,NULL,NULL,NULL),(589,NULL,NULL,NULL),(590,NULL,NULL,NULL),(591,NULL,NULL,NULL),(592,NULL,NULL,NULL),(593,NULL,NULL,NULL),(594,NULL,NULL,NULL),(595,NULL,NULL,NULL),(596,NULL,NULL,NULL),(597,NULL,NULL,NULL),(598,NULL,NULL,NULL),(599,NULL,NULL,NULL),(600,NULL,NULL,NULL),(601,NULL,NULL,NULL),(602,NULL,NULL,NULL),(603,NULL,NULL,NULL),(604,NULL,NULL,NULL),(605,NULL,NULL,NULL),(606,NULL,NULL,NULL),(607,NULL,NULL,NULL),(608,NULL,NULL,NULL),(609,NULL,NULL,NULL),(610,NULL,NULL,NULL),(611,NULL,NULL,NULL),(612,NULL,NULL,NULL),(613,NULL,NULL,NULL),(614,NULL,NULL,NULL),(615,NULL,NULL,NULL),(616,NULL,NULL,NULL),(617,NULL,NULL,NULL),(618,NULL,NULL,NULL),(619,NULL,NULL,NULL),(620,NULL,NULL,NULL),(621,NULL,NULL,NULL),(622,NULL,NULL,NULL),(623,NULL,NULL,NULL),(624,NULL,NULL,NULL),(625,NULL,NULL,NULL),(626,NULL,NULL,NULL),(627,NULL,NULL,NULL),(628,NULL,NULL,NULL),(629,NULL,NULL,NULL),(630,NULL,NULL,NULL),(631,NULL,NULL,NULL),(632,NULL,NULL,NULL),(633,NULL,NULL,NULL),(634,NULL,NULL,NULL),(635,NULL,NULL,NULL),(636,NULL,NULL,NULL),(637,NULL,NULL,NULL),(638,NULL,NULL,NULL),(639,NULL,NULL,NULL),(640,NULL,NULL,NULL),(641,NULL,NULL,NULL),(642,NULL,NULL,NULL),(643,NULL,NULL,NULL),(644,NULL,NULL,NULL),(645,NULL,NULL,NULL),(646,NULL,NULL,NULL),(647,NULL,NULL,NULL),(648,NULL,NULL,NULL),(649,NULL,NULL,NULL),(650,NULL,NULL,NULL),(651,NULL,NULL,NULL),(652,NULL,NULL,NULL),(653,NULL,NULL,NULL),(654,NULL,NULL,NULL),(655,NULL,NULL,NULL),(656,NULL,NULL,NULL),(657,NULL,NULL,NULL),(658,NULL,NULL,NULL),(659,NULL,NULL,NULL),(660,NULL,NULL,NULL),(661,NULL,NULL,NULL),(662,NULL,NULL,NULL),(663,NULL,NULL,NULL),(664,NULL,NULL,NULL),(665,NULL,NULL,NULL),(666,NULL,NULL,NULL),(667,NULL,NULL,NULL),(668,NULL,NULL,NULL),(669,NULL,NULL,NULL),(670,NULL,NULL,NULL),(671,NULL,NULL,NULL),(672,NULL,NULL,NULL),(673,NULL,NULL,NULL),(674,NULL,NULL,NULL),(675,NULL,NULL,NULL),(676,NULL,NULL,NULL),(677,NULL,NULL,NULL),(678,NULL,NULL,NULL),(679,NULL,NULL,NULL),(680,NULL,NULL,NULL),(681,NULL,NULL,NULL),(682,NULL,NULL,NULL),(683,NULL,NULL,NULL),(684,NULL,NULL,NULL),(685,NULL,NULL,NULL),(686,NULL,NULL,NULL),(687,NULL,NULL,NULL),(688,NULL,NULL,NULL),(689,NULL,NULL,NULL),(690,NULL,NULL,NULL),(691,NULL,NULL,NULL),(692,NULL,NULL,NULL),(693,NULL,NULL,NULL),(694,NULL,NULL,NULL),(695,NULL,NULL,NULL),(696,NULL,NULL,NULL),(697,NULL,NULL,NULL),(698,NULL,NULL,NULL),(699,NULL,NULL,NULL),(700,NULL,NULL,NULL),(701,NULL,NULL,NULL),(702,NULL,NULL,NULL),(703,NULL,NULL,NULL),(704,NULL,NULL,NULL),(705,NULL,NULL,NULL),(706,NULL,NULL,NULL),(707,NULL,NULL,NULL),(708,NULL,NULL,NULL),(709,NULL,NULL,NULL),(710,NULL,NULL,NULL),(711,NULL,NULL,NULL),(712,NULL,NULL,NULL),(713,NULL,NULL,NULL),(714,NULL,NULL,NULL),(715,NULL,NULL,NULL),(716,NULL,NULL,NULL),(717,NULL,NULL,NULL),(718,NULL,NULL,NULL),(719,NULL,NULL,NULL),(720,NULL,NULL,NULL),(721,NULL,NULL,NULL),(722,NULL,NULL,NULL),(723,NULL,NULL,NULL),(724,NULL,NULL,NULL),(725,NULL,NULL,NULL),(726,NULL,NULL,NULL),(727,NULL,NULL,NULL),(728,NULL,NULL,NULL),(729,NULL,NULL,NULL),(730,NULL,NULL,NULL),(731,NULL,NULL,NULL),(732,NULL,NULL,NULL),(733,NULL,NULL,NULL),(734,NULL,NULL,NULL),(735,NULL,NULL,NULL),(736,NULL,NULL,NULL),(737,NULL,NULL,NULL),(738,NULL,NULL,NULL),(739,NULL,NULL,NULL),(740,NULL,NULL,NULL),(741,NULL,NULL,NULL),(742,NULL,NULL,NULL),(743,NULL,NULL,NULL),(744,NULL,NULL,NULL),(745,NULL,NULL,NULL),(746,NULL,NULL,NULL),(747,NULL,NULL,NULL),(748,NULL,NULL,NULL),(749,NULL,NULL,NULL),(750,NULL,NULL,NULL),(751,NULL,NULL,NULL),(752,NULL,NULL,NULL),(753,NULL,NULL,NULL),(754,NULL,NULL,NULL),(755,NULL,NULL,NULL),(756,NULL,NULL,NULL),(757,NULL,NULL,NULL),(758,NULL,NULL,NULL),(759,NULL,NULL,NULL),(760,NULL,NULL,NULL),(761,NULL,NULL,NULL),(762,NULL,NULL,NULL),(763,NULL,NULL,NULL),(764,NULL,NULL,NULL),(765,NULL,NULL,NULL),(766,NULL,NULL,NULL),(767,NULL,NULL,NULL),(768,NULL,NULL,NULL),(769,NULL,NULL,NULL),(770,NULL,NULL,NULL),(771,NULL,NULL,NULL),(772,NULL,NULL,NULL),(773,NULL,NULL,NULL),(774,NULL,NULL,NULL),(775,NULL,NULL,NULL),(776,NULL,NULL,NULL),(777,NULL,NULL,NULL),(778,NULL,NULL,NULL),(779,NULL,NULL,NULL),(780,NULL,NULL,NULL),(781,NULL,NULL,NULL),(782,NULL,NULL,NULL),(783,NULL,NULL,NULL),(784,NULL,NULL,NULL),(785,NULL,NULL,NULL),(786,NULL,NULL,NULL),(787,NULL,NULL,NULL),(788,NULL,NULL,NULL),(789,NULL,NULL,NULL),(790,NULL,NULL,NULL),(791,NULL,NULL,NULL),(792,NULL,NULL,NULL),(793,NULL,NULL,NULL),(794,NULL,NULL,NULL),(795,NULL,NULL,NULL),(796,NULL,NULL,NULL),(797,NULL,NULL,NULL),(798,NULL,NULL,NULL),(799,NULL,NULL,NULL),(800,NULL,NULL,NULL),(801,NULL,NULL,NULL),(802,NULL,NULL,NULL),(803,NULL,NULL,NULL),(804,NULL,NULL,NULL),(805,NULL,NULL,NULL),(806,NULL,NULL,NULL),(807,NULL,NULL,NULL),(808,NULL,NULL,NULL),(809,NULL,NULL,NULL),(810,NULL,NULL,NULL),(811,NULL,NULL,NULL),(812,NULL,NULL,NULL),(813,NULL,NULL,NULL),(814,NULL,NULL,NULL),(815,NULL,NULL,NULL),(816,NULL,NULL,NULL),(817,NULL,NULL,NULL),(818,NULL,NULL,NULL),(819,NULL,NULL,NULL),(820,NULL,NULL,NULL),(821,NULL,NULL,NULL),(822,NULL,NULL,NULL),(823,NULL,NULL,NULL),(824,NULL,NULL,NULL),(825,NULL,NULL,NULL),(826,NULL,NULL,NULL),(827,NULL,NULL,NULL),(828,NULL,NULL,NULL),(829,NULL,NULL,NULL),(830,NULL,NULL,NULL),(831,NULL,NULL,NULL),(832,NULL,NULL,NULL),(833,NULL,NULL,NULL),(834,NULL,NULL,NULL),(835,NULL,NULL,NULL),(836,NULL,NULL,NULL),(837,NULL,NULL,NULL),(838,NULL,NULL,NULL),(839,NULL,NULL,NULL),(840,NULL,NULL,NULL),(841,NULL,NULL,NULL),(842,NULL,NULL,NULL),(843,NULL,NULL,NULL),(844,NULL,NULL,NULL),(845,NULL,NULL,NULL),(846,NULL,NULL,NULL),(847,NULL,NULL,NULL),(848,NULL,NULL,NULL),(849,NULL,NULL,NULL),(850,NULL,NULL,NULL),(851,NULL,NULL,NULL),(852,NULL,NULL,NULL),(853,NULL,NULL,NULL),(854,NULL,NULL,NULL),(855,NULL,NULL,NULL),(856,NULL,NULL,NULL),(857,NULL,NULL,NULL),(858,NULL,NULL,NULL),(859,NULL,NULL,NULL),(860,NULL,NULL,NULL),(861,NULL,NULL,NULL),(862,NULL,NULL,NULL),(863,NULL,NULL,NULL),(864,NULL,NULL,NULL),(865,NULL,NULL,NULL),(866,NULL,NULL,NULL),(867,NULL,NULL,NULL),(868,NULL,NULL,NULL),(869,NULL,NULL,NULL),(870,NULL,NULL,NULL),(871,NULL,NULL,NULL),(872,NULL,NULL,NULL),(873,NULL,NULL,NULL),(874,NULL,NULL,NULL),(875,NULL,NULL,NULL),(876,NULL,NULL,NULL),(877,NULL,NULL,NULL),(878,NULL,NULL,NULL),(879,NULL,NULL,NULL),(880,NULL,NULL,NULL),(881,NULL,NULL,NULL),(882,NULL,NULL,NULL),(883,NULL,NULL,NULL),(884,NULL,NULL,NULL),(885,NULL,NULL,NULL),(886,NULL,NULL,NULL),(887,NULL,NULL,NULL),(888,NULL,NULL,NULL),(889,NULL,NULL,NULL),(890,NULL,NULL,NULL),(891,NULL,NULL,NULL),(892,NULL,NULL,NULL),(893,NULL,NULL,NULL),(894,NULL,NULL,NULL),(895,NULL,NULL,NULL),(896,NULL,NULL,NULL),(897,NULL,NULL,NULL),(898,NULL,NULL,NULL),(899,NULL,NULL,NULL),(900,NULL,NULL,NULL),(901,NULL,NULL,NULL),(902,NULL,NULL,NULL),(903,NULL,NULL,NULL),(904,NULL,NULL,NULL),(905,NULL,NULL,NULL),(906,NULL,NULL,NULL),(907,NULL,NULL,NULL),(908,NULL,NULL,NULL),(909,NULL,NULL,NULL),(910,NULL,NULL,NULL),(911,NULL,NULL,NULL),(912,NULL,NULL,NULL),(913,NULL,NULL,NULL),(914,NULL,NULL,NULL),(915,NULL,NULL,NULL),(916,NULL,NULL,NULL),(917,NULL,NULL,NULL),(918,NULL,NULL,NULL),(919,NULL,NULL,NULL),(920,NULL,NULL,NULL),(921,NULL,NULL,NULL),(922,NULL,NULL,NULL),(923,NULL,NULL,NULL),(924,NULL,NULL,NULL),(925,NULL,NULL,NULL),(926,NULL,NULL,NULL),(927,NULL,NULL,NULL),(928,NULL,NULL,NULL),(929,NULL,NULL,NULL),(930,NULL,NULL,NULL),(931,NULL,NULL,NULL),(932,NULL,NULL,NULL),(933,NULL,NULL,NULL),(934,NULL,NULL,NULL),(935,NULL,NULL,NULL),(936,NULL,NULL,NULL),(937,NULL,NULL,NULL),(938,NULL,NULL,NULL),(939,NULL,NULL,NULL),(940,NULL,NULL,NULL),(941,NULL,NULL,NULL),(942,NULL,NULL,NULL),(943,NULL,NULL,NULL),(944,NULL,NULL,NULL),(945,NULL,NULL,NULL),(946,NULL,NULL,NULL),(947,NULL,NULL,NULL),(948,NULL,NULL,NULL),(949,NULL,NULL,NULL),(950,NULL,NULL,NULL),(951,NULL,NULL,NULL),(952,NULL,NULL,NULL),(953,NULL,NULL,NULL),(954,NULL,NULL,NULL),(955,NULL,NULL,NULL),(956,NULL,NULL,NULL),(957,NULL,NULL,NULL),(958,NULL,NULL,NULL),(959,NULL,NULL,NULL),(960,NULL,NULL,NULL),(961,NULL,NULL,NULL),(962,NULL,NULL,NULL),(963,NULL,NULL,NULL),(964,NULL,NULL,NULL),(965,NULL,NULL,NULL),(966,NULL,NULL,NULL),(967,NULL,NULL,NULL),(968,NULL,NULL,NULL),(969,NULL,NULL,NULL),(970,NULL,NULL,NULL),(971,NULL,NULL,NULL),(972,NULL,NULL,NULL),(973,NULL,NULL,NULL),(974,NULL,NULL,NULL),(975,NULL,NULL,NULL),(976,NULL,NULL,NULL),(977,NULL,NULL,NULL),(978,NULL,NULL,NULL),(979,NULL,NULL,NULL),(980,NULL,NULL,NULL),(981,NULL,NULL,NULL),(982,NULL,NULL,NULL),(983,NULL,NULL,NULL),(984,NULL,NULL,NULL),(985,NULL,NULL,NULL),(986,NULL,NULL,NULL),(987,NULL,NULL,NULL),(988,NULL,NULL,NULL),(989,NULL,NULL,NULL),(990,NULL,NULL,NULL),(991,NULL,NULL,NULL),(992,NULL,NULL,NULL),(993,NULL,NULL,NULL),(994,NULL,NULL,NULL),(995,NULL,NULL,NULL),(996,NULL,NULL,NULL),(997,NULL,NULL,NULL),(998,NULL,NULL,NULL),(999,NULL,NULL,NULL),(1000,NULL,NULL,NULL),(1001,NULL,NULL,NULL),(1002,NULL,NULL,NULL),(1003,NULL,NULL,NULL),(1004,NULL,NULL,NULL),(1005,NULL,NULL,NULL),(1006,NULL,NULL,NULL),(1007,NULL,NULL,NULL),(1008,NULL,NULL,NULL),(1009,NULL,NULL,NULL),(1010,NULL,NULL,NULL),(1011,NULL,NULL,NULL),(1012,NULL,NULL,NULL),(1013,NULL,NULL,NULL),(1014,NULL,NULL,NULL),(1015,NULL,NULL,NULL),(1016,NULL,NULL,NULL),(1017,NULL,NULL,NULL),(1018,NULL,NULL,NULL),(1019,NULL,NULL,NULL),(1020,NULL,NULL,NULL),(1021,NULL,NULL,NULL),(1022,NULL,NULL,NULL),(1023,NULL,NULL,NULL),(1024,NULL,NULL,NULL),(1025,NULL,NULL,NULL),(1026,NULL,NULL,NULL),(1027,NULL,NULL,NULL),(1028,NULL,NULL,NULL),(1029,NULL,NULL,NULL),(1030,NULL,NULL,NULL),(1031,NULL,NULL,NULL),(1032,NULL,NULL,NULL),(1033,NULL,NULL,NULL),(1034,NULL,NULL,NULL),(1035,NULL,NULL,NULL),(1036,NULL,NULL,NULL),(1037,NULL,NULL,NULL),(1038,NULL,NULL,NULL),(1039,NULL,NULL,NULL),(1040,NULL,NULL,NULL),(1041,NULL,NULL,NULL),(1042,NULL,NULL,NULL),(1043,NULL,NULL,NULL),(1044,NULL,NULL,NULL),(1045,NULL,NULL,NULL),(1046,NULL,NULL,NULL),(1047,NULL,NULL,NULL),(1048,NULL,NULL,NULL),(1049,NULL,NULL,NULL),(1050,NULL,NULL,NULL),(1051,NULL,NULL,NULL),(1052,NULL,NULL,NULL),(1053,NULL,NULL,NULL),(1054,NULL,NULL,NULL),(1055,NULL,NULL,NULL),(1056,NULL,NULL,NULL),(1057,NULL,NULL,NULL),(1058,NULL,NULL,NULL),(1074,NULL,NULL,NULL),(1076,NULL,NULL,NULL),(1078,NULL,NULL,NULL),(1079,NULL,NULL,NULL),(1082,NULL,NULL,NULL),(1091,NULL,NULL,NULL),(1094,NULL,NULL,NULL),(1095,NULL,NULL,NULL),(1098,NULL,NULL,NULL),(1105,NULL,NULL,NULL),(1107,NULL,NULL,NULL),(1109,NULL,NULL,NULL),(1111,NULL,NULL,NULL),(1117,NULL,NULL,NULL),(1121,NULL,NULL,NULL),(1123,NULL,NULL,NULL),(1146,'0',NULL,NULL),(1147,'0',NULL,NULL),(1148,'0',NULL,NULL),(1149,'0',NULL,NULL),(1150,'0',NULL,NULL),(1151,'0',NULL,NULL),(1152,'0',NULL,NULL),(1153,'0',NULL,NULL),(1154,'0',NULL,NULL),(1155,'0',NULL,NULL),(1156,'0',NULL,NULL),(1157,'0',NULL,NULL),(1158,'0',NULL,NULL),(1159,NULL,NULL,NULL);
/*!40000 ALTER TABLE `vtiger_customerdetails` ENABLE KEYS */;
UNLOCK TABLES;

--
-- Table structure for table `vtiger_customerportal_fields`
--

DROP TABLE IF EXISTS `vtiger_customerportal_fields`;
/*!40101 SET @saved_cs_client     = @@character_set_client */;
/*!40101 SET character_set_client = utf8 */;
CREATE TABLE `vtiger_customerportal_fields` (
  `tabid` int(19) NOT NULL,
  `fieldinfo` text,
  `records_visible` int(1) DEFAULT NULL,
  PRIMARY KEY (`tabid`)
) ENGINE=InnoDB DEFAULT CHARSET=utf8;
/*!40101 SET character_set_client = @saved_cs_client */;

--
-- Dumping data for table `vtiger_customerportal_fields`
--

LOCK TABLES `vtiger_customerportal_fields` WRITE;
/*!40000 ALTER TABLE `vtiger_customerportal_fields` DISABLE KEYS */;
INSERT INTO `vtiger_customerportal_fields` VALUES (4,'{\"lastname\":1,\"assigned_user_id\":1}',1),(6,'{\"accountname\":1,\"assigned_user_id\":1}',1),(8,'{\"notes_title\":1,\"assigned_user_id\":1,\"filename\":0}',1),(13,'{\"ticket_title\":1,\"assigned_user_id\":1,\"ticketpriorities\":1,\"ticketstatus\":1,\"description\":1,\"product_id\":1,\"ticketseverities\":1,\"ticketcategories\":1}',1),(14,'{\"productname\":1,\"assigned_user_id\":1}',1),(15,'{\"faqstatus\":1,\"question\":1,\"faq_answer\":1}',1),(20,'{\"subject\":1,\"quotestage\":1,\"account_id\":1,\"assigned_user_id\":1,\"bill_street\":1,\"ship_street\":1}',1),(23,'{\"subject\":1,\"account_id\":1,\"assigned_user_id\":1,\"bill_street\":1,\"ship_street\":1}',1),(32,'{\"servicename\":1}',1),(35,'{\"subject\":1,\"assigned_user_id\":1}',NULL),(38,'{\"projectmilestonename\":1,\"projectid\":1,\"assigned_user_id\":1}',1),(39,'{\"projecttaskname\":1,\"projectid\":1,\"assigned_user_id\":1}',1),(40,'{\"projectname\":1,\"assigned_user_id\":1}',1),(47,'{\"product\":1,\"serialnumber\":1,\"assigned_user_id\":1,\"datesold\":1,\"dateinservice\":1,\"assetstatus\":1,\"assetname\":1,\"account\":1}',1);
/*!40000 ALTER TABLE `vtiger_customerportal_fields` ENABLE KEYS */;
UNLOCK TABLES;

--
-- Table structure for table `vtiger_customerportal_prefs`
--

DROP TABLE IF EXISTS `vtiger_customerportal_prefs`;
/*!40101 SET @saved_cs_client     = @@character_set_client */;
/*!40101 SET character_set_client = utf8 */;
CREATE TABLE `vtiger_customerportal_prefs` (
  `tabid` int(19) NOT NULL,
  `prefkey` varchar(100) NOT NULL,
  `prefvalue` int(20) DEFAULT NULL,
  PRIMARY KEY (`tabid`,`prefkey`)
) ENGINE=InnoDB DEFAULT CHARSET=utf8;
/*!40101 SET character_set_client = @saved_cs_client */;

--
-- Dumping data for table `vtiger_customerportal_prefs`
--

LOCK TABLES `vtiger_customerportal_prefs` WRITE;
/*!40000 ALTER TABLE `vtiger_customerportal_prefs` DISABLE KEYS */;
INSERT INTO `vtiger_customerportal_prefs` VALUES (0,'defaultassignee',1),(0,'userid',1),(4,'showrelatedinfo',1),(6,'showrelatedinfo',1),(8,'showrelatedinfo',1),(13,'showrelatedinfo',1),(14,'showrelatedinfo',1),(15,'showrelatedinfo',1),(20,'showrelatedinfo',1),(23,'showrelatedinfo',1),(32,'showrelatedinfo',1),(38,'showrelatedinfo',1),(39,'showrelatedinfo',1),(40,'showrelatedinfo',1),(47,'showrelatedinfo',1);
/*!40000 ALTER TABLE `vtiger_customerportal_prefs` ENABLE KEYS */;
UNLOCK TABLES;

--
-- Table structure for table `vtiger_customerportal_relatedmoduleinfo`
--

DROP TABLE IF EXISTS `vtiger_customerportal_relatedmoduleinfo`;
/*!40101 SET @saved_cs_client     = @@character_set_client */;
/*!40101 SET character_set_client = utf8 */;
CREATE TABLE `vtiger_customerportal_relatedmoduleinfo` (
  `tabid` int(19) NOT NULL,
  `relatedmodules` text,
  PRIMARY KEY (`tabid`)
) ENGINE=InnoDB DEFAULT CHARSET=utf8;
/*!40101 SET character_set_client = @saved_cs_client */;

--
-- Dumping data for table `vtiger_customerportal_relatedmoduleinfo`
--

LOCK TABLES `vtiger_customerportal_relatedmoduleinfo` WRITE;
/*!40000 ALTER TABLE `vtiger_customerportal_relatedmoduleinfo` DISABLE KEYS */;
INSERT INTO `vtiger_customerportal_relatedmoduleinfo` VALUES (8,'[{\"name\":\"History\",\"value\":1}]'),(13,'[{\"name\":\"History\",\"value\":1},{\"name\":\"ModComments\",\"value\":1},{\"name\":\"Documents\",\"value\":1}]'),(14,'[{\"name\":\"History\",\"value\":1}]'),(20,'[{\"name\":\"History\",\"value\":1}]'),(23,'[{\"name\":\"History\",\"value\":1}]'),(32,'[{\"name\":\"History\",\"value\":1}]'),(35,'[{\"name\":\"History\",\"value\":1}]'),(38,'[{\"name\":\"History\",\"value\":1}]'),(39,'[{\"name\":\"History\",\"value\":1},{\"name\":\"ModComments\",\"value\":1}]'),(40,'[{\"name\":\"History\",\"value\":1},{\"name\":\"ModComments\",\"value\":1},{\"name\":\"ProjectTask\",\"value\":1},{\"name\":\"ProjectMilestone\",\"value\":1},{\"name\":\"Documents\",\"value\":1}]'),(47,'[{\"name\":\"History\",\"value\":1}]');
/*!40000 ALTER TABLE `vtiger_customerportal_relatedmoduleinfo` ENABLE KEYS */;
UNLOCK TABLES;

--
-- Table structure for table `vtiger_customerportal_settings`
--

DROP TABLE IF EXISTS `vtiger_customerportal_settings`;
/*!40101 SET @saved_cs_client     = @@character_set_client */;
/*!40101 SET character_set_client = utf8 */;
CREATE TABLE `vtiger_customerportal_settings` (
  `id` int(11) DEFAULT NULL,
  `url` varchar(250) DEFAULT NULL,
  `default_assignee` int(11) DEFAULT NULL,
  `support_notification` int(11) DEFAULT NULL,
  `announcement` text,
  `shortcuts` text,
  `widgets` text,
  `charts` text
) ENGINE=InnoDB DEFAULT CHARSET=utf8;
/*!40101 SET character_set_client = @saved_cs_client */;

--
-- Dumping data for table `vtiger_customerportal_settings`
--

LOCK TABLES `vtiger_customerportal_settings` WRITE;
/*!40000 ALTER TABLE `vtiger_customerportal_settings` DISABLE KEYS */;
INSERT INTO `vtiger_customerportal_settings` VALUES (1,NULL,1,NULL,NULL,'{\"Documents\":{\"LBL_ADD_DOCUMENT\":1},\"HelpDesk\":{\"LBL_CREATE_TICKET\":1,\"LBL_OPEN_TICKETS\":1}}','{\"widgets\":{\"HelpDesk\":1,\"Documents\":1,\"Faq\":1}}','{\"charts\":{\"OpenTicketsByPriority\":1,\"TicketsClosureTimeByPriority\":1}}');
/*!40000 ALTER TABLE `vtiger_customerportal_settings` ENABLE KEYS */;
UNLOCK TABLES;

--
-- Table structure for table `vtiger_customerportal_tabs`
--

DROP TABLE IF EXISTS `vtiger_customerportal_tabs`;
/*!40101 SET @saved_cs_client     = @@character_set_client */;
/*!40101 SET character_set_client = utf8 */;
CREATE TABLE `vtiger_customerportal_tabs` (
  `tabid` int(19) NOT NULL,
  `visible` int(1) DEFAULT '1',
  `sequence` int(1) DEFAULT NULL,
  `createrecord` tinyint(1) NOT NULL DEFAULT '0',
  `editrecord` tinyint(1) NOT NULL DEFAULT '0',
  PRIMARY KEY (`tabid`)
) ENGINE=InnoDB DEFAULT CHARSET=utf8;
/*!40101 SET character_set_client = @saved_cs_client */;

--
-- Dumping data for table `vtiger_customerportal_tabs`
--

LOCK TABLES `vtiger_customerportal_tabs` WRITE;
/*!40000 ALTER TABLE `vtiger_customerportal_tabs` DISABLE KEYS */;
INSERT INTO `vtiger_customerportal_tabs` VALUES (4,0,9,0,1),(6,0,10,0,1),(8,1,8,1,0),(13,1,2,1,1),(14,1,6,0,0),(15,1,3,0,0),(20,1,5,0,0),(23,1,4,0,0),(32,1,7,0,0),(35,1,25,0,0),(38,1,13,0,0),(39,1,12,0,0),(40,1,11,0,0),(47,1,14,0,1);
/*!40000 ALTER TABLE `vtiger_customerportal_tabs` ENABLE KEYS */;
UNLOCK TABLES;

--
-- Table structure for table `vtiger_customview`
--

DROP TABLE IF EXISTS `vtiger_customview`;
/*!40101 SET @saved_cs_client     = @@character_set_client */;
/*!40101 SET character_set_client = utf8 */;
CREATE TABLE `vtiger_customview` (
  `cvid` int(19) NOT NULL,
  `viewname` varchar(100) NOT NULL,
  `setdefault` int(1) DEFAULT '0',
  `setmetrics` int(1) DEFAULT '0',
  `entitytype` varchar(25) NOT NULL,
  `status` int(1) DEFAULT '1',
  `userid` int(19) DEFAULT '1',
  PRIMARY KEY (`cvid`),
  KEY `customview_entitytype_idx` (`entitytype`),
  CONSTRAINT `fk_1_vtiger_customview` FOREIGN KEY (`entitytype`) REFERENCES `vtiger_tab` (`name`) ON DELETE CASCADE
) ENGINE=InnoDB DEFAULT CHARSET=utf8;
/*!40101 SET character_set_client = @saved_cs_client */;

--
-- Dumping data for table `vtiger_customview`
--

LOCK TABLES `vtiger_customview` WRITE;
/*!40000 ALTER TABLE `vtiger_customview` DISABLE KEYS */;
INSERT INTO `vtiger_customview` VALUES (1,'All',1,0,'Leads',0,1),(2,'Hot Leads',0,1,'Leads',3,1),(3,'This Month Leads',0,0,'Leads',3,1),(4,'All',1,0,'Accounts',0,1),(5,'Prospect Accounts',0,1,'Accounts',3,1),(6,'New This Week',0,0,'Accounts',3,1),(7,'All',1,0,'Contacts',0,1),(8,'Contacts Address',0,0,'Contacts',3,1),(9,'Todays Birthday',0,0,'Contacts',3,1),(10,'All',1,0,'Potentials',0,1),(11,'Potentials Won',0,1,'Potentials',3,1),(12,'Prospecting',0,0,'Potentials',3,1),(13,'All',1,0,'HelpDesk',0,1),(14,'Open Tickets',0,1,'HelpDesk',3,1),(15,'High Prioriy Tickets',0,0,'HelpDesk',3,1),(16,'All',1,0,'Quotes',0,1),(17,'Open Quotes',0,1,'Quotes',3,1),(18,'Rejected Quotes',0,0,'Quotes',3,1),(19,'All',1,0,'Calendar',0,1),(20,'All',1,0,'Emails',0,1),(21,'All',1,0,'Invoice',0,1),(22,'All',1,0,'Documents',0,1),(23,'All',1,0,'PriceBooks',0,1),(24,'All',1,0,'Products',0,1),(25,'All',1,0,'PurchaseOrder',0,1),(26,'All',1,0,'SalesOrder',0,1),(27,'All',1,0,'Vendors',0,1),(28,'All',1,0,'Faq',0,1),(29,'All',1,0,'Campaigns',0,1),(30,'All',1,0,'Webmails',0,1),(31,'Drafted FAQ',0,0,'Faq',3,1),(32,'Published FAQ',0,0,'Faq',3,1),(33,'Open Purchase Orders',0,0,'PurchaseOrder',3,1),(34,'Received Purchase Orders',0,0,'PurchaseOrder',3,1),(35,'Open Invoices',0,0,'Invoice',3,1),(36,'Paid Invoices',0,0,'Invoice',3,1),(37,'Pending Sales Orders',0,0,'SalesOrder',3,1),(38,'All',1,0,'Services',0,1),(39,'All',1,0,'PBXManager',0,1),(40,'All',1,0,'ServiceContracts',0,1),(44,'All',0,0,'SMSNotifier',0,1),(45,'All',0,0,'ModComments',0,1),(46,'All',1,0,'Assets',0,1),(47,'All',1,0,'ProjectMilestone',0,1),(48,'All',1,0,'ProjectTask',0,1),(49,'All',1,0,'Project',0,1);
/*!40000 ALTER TABLE `vtiger_customview` ENABLE KEYS */;
UNLOCK TABLES;

--
-- Table structure for table `vtiger_customview_seq`
--

DROP TABLE IF EXISTS `vtiger_customview_seq`;
/*!40101 SET @saved_cs_client     = @@character_set_client */;
/*!40101 SET character_set_client = utf8 */;
CREATE TABLE `vtiger_customview_seq` (
  `id` int(11) NOT NULL
) ENGINE=InnoDB DEFAULT CHARSET=utf8;
/*!40101 SET character_set_client = @saved_cs_client */;

--
-- Dumping data for table `vtiger_customview_seq`
--

LOCK TABLES `vtiger_customview_seq` WRITE;
/*!40000 ALTER TABLE `vtiger_customview_seq` DISABLE KEYS */;
INSERT INTO `vtiger_customview_seq` VALUES (49);
/*!40000 ALTER TABLE `vtiger_customview_seq` ENABLE KEYS */;
UNLOCK TABLES;

--
-- Table structure for table `vtiger_cv2group`
--

DROP TABLE IF EXISTS `vtiger_cv2group`;
/*!40101 SET @saved_cs_client     = @@character_set_client */;
/*!40101 SET character_set_client = utf8 */;
CREATE TABLE `vtiger_cv2group` (
  `cvid` int(25) NOT NULL,
  `groupid` int(25) NOT NULL,
  KEY `vtiger_cv2group_ibfk_1` (`cvid`),
  KEY `vtiger_groups_ibfk_1` (`groupid`),
  CONSTRAINT `vtiger_customview_ibfk_2` FOREIGN KEY (`cvid`) REFERENCES `vtiger_customview` (`cvid`) ON DELETE CASCADE,
  CONSTRAINT `vtiger_groups_ibfk_1` FOREIGN KEY (`groupid`) REFERENCES `vtiger_groups` (`groupid`) ON DELETE CASCADE
) ENGINE=InnoDB DEFAULT CHARSET=utf8;
/*!40101 SET character_set_client = @saved_cs_client */;

--
-- Dumping data for table `vtiger_cv2group`
--

LOCK TABLES `vtiger_cv2group` WRITE;
/*!40000 ALTER TABLE `vtiger_cv2group` DISABLE KEYS */;
/*!40000 ALTER TABLE `vtiger_cv2group` ENABLE KEYS */;
UNLOCK TABLES;

--
-- Table structure for table `vtiger_cv2role`
--

DROP TABLE IF EXISTS `vtiger_cv2role`;
/*!40101 SET @saved_cs_client     = @@character_set_client */;
/*!40101 SET character_set_client = utf8 */;
CREATE TABLE `vtiger_cv2role` (
  `cvid` int(25) NOT NULL,
  `roleid` varchar(255) NOT NULL,
  KEY `vtiger_cv2role_ibfk_1` (`cvid`),
  KEY `vtiger_role_ibfk_1` (`roleid`),
  CONSTRAINT `vtiger_customview_ibfk_3` FOREIGN KEY (`cvid`) REFERENCES `vtiger_customview` (`cvid`) ON DELETE CASCADE,
  CONSTRAINT `vtiger_role_ibfk_1` FOREIGN KEY (`roleid`) REFERENCES `vtiger_role` (`roleid`) ON DELETE CASCADE
) ENGINE=InnoDB DEFAULT CHARSET=utf8;
/*!40101 SET character_set_client = @saved_cs_client */;

--
-- Dumping data for table `vtiger_cv2role`
--

LOCK TABLES `vtiger_cv2role` WRITE;
/*!40000 ALTER TABLE `vtiger_cv2role` DISABLE KEYS */;
/*!40000 ALTER TABLE `vtiger_cv2role` ENABLE KEYS */;
UNLOCK TABLES;

--
-- Table structure for table `vtiger_cv2rs`
--

DROP TABLE IF EXISTS `vtiger_cv2rs`;
/*!40101 SET @saved_cs_client     = @@character_set_client */;
/*!40101 SET character_set_client = utf8 */;
CREATE TABLE `vtiger_cv2rs` (
  `cvid` int(25) NOT NULL,
  `rsid` varchar(255) NOT NULL,
  KEY `vtiger_cv2role_ibfk_1` (`cvid`),
  KEY `vtiger_rolesd_ibfk_1` (`rsid`),
  CONSTRAINT `vtiger_customview_ibfk_4` FOREIGN KEY (`cvid`) REFERENCES `vtiger_customview` (`cvid`) ON DELETE CASCADE,
  CONSTRAINT `vtiger_rolesd_ibfk_1` FOREIGN KEY (`rsid`) REFERENCES `vtiger_role` (`roleid`) ON DELETE CASCADE
) ENGINE=InnoDB DEFAULT CHARSET=utf8;
/*!40101 SET character_set_client = @saved_cs_client */;

--
-- Dumping data for table `vtiger_cv2rs`
--

LOCK TABLES `vtiger_cv2rs` WRITE;
/*!40000 ALTER TABLE `vtiger_cv2rs` DISABLE KEYS */;
/*!40000 ALTER TABLE `vtiger_cv2rs` ENABLE KEYS */;
UNLOCK TABLES;

--
-- Table structure for table `vtiger_cv2users`
--

DROP TABLE IF EXISTS `vtiger_cv2users`;
/*!40101 SET @saved_cs_client     = @@character_set_client */;
/*!40101 SET character_set_client = utf8 */;
CREATE TABLE `vtiger_cv2users` (
  `cvid` int(25) NOT NULL,
  `userid` int(25) NOT NULL,
  KEY `vtiger_cv2users_ibfk_1` (`cvid`),
  KEY `vtiger_users_ibfk_1` (`userid`),
  CONSTRAINT `vtiger_customview_ibfk_1` FOREIGN KEY (`cvid`) REFERENCES `vtiger_customview` (`cvid`) ON DELETE CASCADE,
  CONSTRAINT `vtiger_users_ibfk_1` FOREIGN KEY (`userid`) REFERENCES `vtiger_users` (`id`) ON DELETE CASCADE
) ENGINE=InnoDB DEFAULT CHARSET=utf8;
/*!40101 SET character_set_client = @saved_cs_client */;

--
-- Dumping data for table `vtiger_cv2users`
--

LOCK TABLES `vtiger_cv2users` WRITE;
/*!40000 ALTER TABLE `vtiger_cv2users` DISABLE KEYS */;
/*!40000 ALTER TABLE `vtiger_cv2users` ENABLE KEYS */;
UNLOCK TABLES;

--
-- Table structure for table `vtiger_cvadvfilter`
--

DROP TABLE IF EXISTS `vtiger_cvadvfilter`;
/*!40101 SET @saved_cs_client     = @@character_set_client */;
/*!40101 SET character_set_client = utf8 */;
CREATE TABLE `vtiger_cvadvfilter` (
  `cvid` int(19) NOT NULL,
  `columnindex` int(11) NOT NULL,
  `columnname` varchar(250) DEFAULT '',
  `comparator` varchar(20) DEFAULT NULL,
  `value` varchar(512) DEFAULT NULL,
  `groupid` int(11) DEFAULT '1',
  `column_condition` varchar(255) DEFAULT 'and',
  PRIMARY KEY (`cvid`,`columnindex`),
  KEY `cvadvfilter_cvid_idx` (`cvid`),
  CONSTRAINT `fk_1_vtiger_cvadvfilter` FOREIGN KEY (`cvid`) REFERENCES `vtiger_customview` (`cvid`) ON DELETE CASCADE
) ENGINE=InnoDB DEFAULT CHARSET=utf8;
/*!40101 SET character_set_client = @saved_cs_client */;

--
-- Dumping data for table `vtiger_cvadvfilter`
--

LOCK TABLES `vtiger_cvadvfilter` WRITE;
/*!40000 ALTER TABLE `vtiger_cvadvfilter` DISABLE KEYS */;
INSERT INTO `vtiger_cvadvfilter` VALUES (2,0,'vtiger_leaddetails:leadstatus:leadstatus:Leads_Lead_Status:V','e','Attempted to Contact',1,'and'),(5,0,'vtiger_account:account_type:accounttype:Accounts_Type:V','e','Prospect',1,'and'),(11,0,'vtiger_potential:sales_stage:sales_stage:Potentials_Sales_Stage:V','e','Closed Won',1,'and'),(12,0,'vtiger_potential:sales_stage:sales_stage:Potentials_Sales_Stage:V','e','Prospecting',1,'and'),(14,0,'vtiger_troubletickets:status:ticketstatus:HelpDesk_Status:V','n','Closed',1,'and'),(15,0,'vtiger_troubletickets:priority:ticketpriorities:HelpDesk_Priority:V','e','High',1,'and'),(17,0,'vtiger_quotes:quotestage:quotestage:Quotes_Quote_Stage:V','n','Accepted',1,'and'),(17,1,'vtiger_quotes:quotestage:quotestage:Quotes_Quote_Stage:V','n','Rejected',1,'and'),(18,0,'vtiger_quotes:quotestage:quotestage:Quotes_Quote_Stage:V','e','Rejected',1,'and'),(31,0,'vtiger_faq:status:faqstatus:Faq_Status:V','e','Draft',1,'and'),(32,0,'vtiger_faq:status:faqstatus:Faq_Status:V','e','Published',1,'and'),(33,0,'vtiger_purchaseorder:postatus:postatus:PurchaseOrder_Status:V','e','Created, Approved, Delivered',1,'and'),(34,0,'vtiger_purchaseorder:postatus:postatus:PurchaseOrder_Status:V','e','Received Shipment',1,'and'),(35,0,'vtiger_invoice:invoicestatus:invoicestatus:Invoice_Status:V','e','Created, Approved, Sent',1,'and'),(36,0,'vtiger_invoice:invoicestatus:invoicestatus:Invoice_Status:V','e','Paid',1,'and'),(37,0,'vtiger_salesorder:sostatus:sostatus:SalesOrder_Status:V','e','Created, Approved',1,'and');
/*!40000 ALTER TABLE `vtiger_cvadvfilter` ENABLE KEYS */;
UNLOCK TABLES;

--
-- Table structure for table `vtiger_cvadvfilter_grouping`
--

DROP TABLE IF EXISTS `vtiger_cvadvfilter_grouping`;
/*!40101 SET @saved_cs_client     = @@character_set_client */;
/*!40101 SET character_set_client = utf8 */;
CREATE TABLE `vtiger_cvadvfilter_grouping` (
  `groupid` int(11) NOT NULL,
  `cvid` int(19) NOT NULL,
  `group_condition` varchar(255) DEFAULT NULL,
  `condition_expression` text,
  PRIMARY KEY (`groupid`,`cvid`)
) ENGINE=InnoDB DEFAULT CHARSET=utf8;
/*!40101 SET character_set_client = @saved_cs_client */;

--
-- Dumping data for table `vtiger_cvadvfilter_grouping`
--

LOCK TABLES `vtiger_cvadvfilter_grouping` WRITE;
/*!40000 ALTER TABLE `vtiger_cvadvfilter_grouping` DISABLE KEYS */;
INSERT INTO `vtiger_cvadvfilter_grouping` VALUES (1,2,'',''),(1,5,'',''),(1,11,'',''),(1,12,'',''),(1,14,'',''),(1,15,'',''),(1,17,'',''),(1,18,'',''),(1,31,'',''),(1,32,'',''),(1,33,'',''),(1,34,'',''),(1,35,'',''),(1,36,'',''),(1,37,'','');
/*!40000 ALTER TABLE `vtiger_cvadvfilter_grouping` ENABLE KEYS */;
UNLOCK TABLES;

--
-- Table structure for table `vtiger_cvcolumnlist`
--

DROP TABLE IF EXISTS `vtiger_cvcolumnlist`;
/*!40101 SET @saved_cs_client     = @@character_set_client */;
/*!40101 SET character_set_client = utf8 */;
CREATE TABLE `vtiger_cvcolumnlist` (
  `cvid` int(19) NOT NULL,
  `columnindex` int(11) NOT NULL,
  `columnname` varchar(250) DEFAULT '',
  PRIMARY KEY (`cvid`,`columnindex`),
  KEY `cvcolumnlist_columnindex_idx` (`columnindex`),
  KEY `cvcolumnlist_cvid_idx` (`cvid`),
  CONSTRAINT `fk_1_vtiger_cvcolumnlist` FOREIGN KEY (`cvid`) REFERENCES `vtiger_customview` (`cvid`) ON DELETE CASCADE
) ENGINE=InnoDB DEFAULT CHARSET=utf8;
/*!40101 SET character_set_client = @saved_cs_client */;

--
-- Dumping data for table `vtiger_cvcolumnlist`
--

LOCK TABLES `vtiger_cvcolumnlist` WRITE;
/*!40000 ALTER TABLE `vtiger_cvcolumnlist` DISABLE KEYS */;
INSERT INTO `vtiger_cvcolumnlist` VALUES (1,0,'vtiger_crmentity:createdtime:createdtime:Leads_Created_Time:DT'),(1,1,'vtiger_leaddetails:lastname:lastname:Leads_Last_Name:V'),(1,2,'vtiger_leadaddress:mobile:mobile:Leads_Mobile:V'),(1,3,'vtiger_leaddetails:email:email:Leads_Email:V'),(1,4,'vtiger_leaddetails:leadstatus:leadstatus:Leads_Lead_Status:V'),(1,5,'vtiger_leaddetails:leadsource:leadsource:Leads_Lead_Source:V'),(1,6,'vtiger_crmentity:description:description:Leads_Description:V'),(2,0,'vtiger_leaddetails:firstname:firstname:Leads_First_Name:V'),(2,1,'vtiger_leaddetails:lastname:lastname:Leads_Last_Name:V'),(2,2,'vtiger_leaddetails:company:company:Leads_Company:V'),(2,3,'vtiger_leaddetails:leadsource:leadsource:Leads_Lead_Source:V'),(2,4,'vtiger_leadsubdetails:website:website:Leads_Website:V'),(2,5,'vtiger_leaddetails:email:email:Leads_Email:E'),(3,0,'vtiger_leaddetails:firstname:firstname:Leads_First_Name:V'),(3,1,'vtiger_leaddetails:lastname:lastname:Leads_Last_Name:V'),(3,2,'vtiger_leaddetails:company:company:Leads_Company:V'),(3,3,'vtiger_leaddetails:leadsource:leadsource:Leads_Lead_Source:V'),(3,4,'vtiger_leadsubdetails:website:website:Leads_Website:V'),(3,5,'vtiger_leaddetails:email:email:Leads_Email:E'),(4,1,'vtiger_account:accountname:accountname:Accounts_Account_Name:V'),(4,2,'vtiger_accountbillads:bill_city:bill_city:Accounts_Billing_City:V'),(4,3,'vtiger_account:website:website:Accounts_Website:V'),(4,4,'vtiger_account:phone:phone:Accounts_Phone:V'),(4,5,'vtiger_crmentity:smownerid:assigned_user_id:Accounts_Assigned_To:V'),(5,0,'vtiger_account:accountname:accountname:Accounts_Account_Name:V'),(5,1,'vtiger_account:phone:phone:Accounts_Phone:V'),(5,2,'vtiger_account:website:website:Accounts_Website:V'),(5,3,'vtiger_account:rating:rating:Accounts_Rating:V'),(5,4,'vtiger_crmentity:smownerid:assigned_user_id:Accounts_Assigned_To:V'),(6,0,'vtiger_account:accountname:accountname:Accounts_Account_Name:V'),(6,1,'vtiger_account:phone:phone:Accounts_Phone:V'),(6,2,'vtiger_account:website:website:Accounts_Website:V'),(6,3,'vtiger_accountbillads:bill_city:bill_city:Accounts_City:V'),(6,4,'vtiger_crmentity:smownerid:assigned_user_id:Accounts_Assigned_To:V'),(7,0,'vtiger_crmentity:createdtime:createdtime:Contacts_Created_Time:DT'),(7,1,'vtiger_contactdetails:lastname:lastname:Contacts_Last_Name:V'),(7,2,'vtiger_contactdetails:email:email:Contacts_Email:V'),(7,3,'vtiger_contactdetails:mobile:mobile:Contacts_Mobile:V'),(7,4,'vtiger_contactaddress:otherstreet:otherstreet:Contacts_Other_Street:V'),(7,5,'vtiger_contactaddress:mailingcity:mailingcity:Contacts_Mailing_City:V'),(8,0,'vtiger_contactdetails:firstname:firstname:Contacts_First_Name:V'),(8,1,'vtiger_contactdetails:lastname:lastname:Contacts_Last_Name:V'),(8,2,'vtiger_contactaddress:mailingstreet:mailingstreet:Contacts_Mailing_Street:V'),(8,3,'vtiger_contactaddress:mailingcity:mailingcity:Contacts_Mailing_City:V'),(8,4,'vtiger_contactaddress:mailingstate:mailingstate:Contacts_Mailing_State:V'),(8,5,'vtiger_contactaddress:mailingzip:mailingzip:Contacts_Mailing_Zip:V'),(8,6,'vtiger_contactaddress:mailingcountry:mailingcountry:Contacts_Mailing_Country:V'),(9,0,'vtiger_contactdetails:firstname:firstname:Contacts_First_Name:V'),(9,1,'vtiger_contactdetails:lastname:lastname:Contacts_Last_Name:V'),(9,2,'vtiger_contactdetails:title:title:Contacts_Title:V'),(9,3,'vtiger_contactdetails:accountid:account_id:Contacts_Account_Name:I'),(9,4,'vtiger_contactdetails:email:email:Contacts_Email:E'),(9,5,'vtiger_contactsubdetails:otherphone:otherphone:Contacts_Phone:V'),(9,6,'vtiger_crmentity:smownerid:assigned_user_id:Contacts_Assigned_To:V'),(10,1,'vtiger_potential:potentialname:potentialname:Potentials_Potential_Name:V'),(10,2,'vtiger_potential:related_to:related_to:Potentials_Related_To:V'),(10,3,'vtiger_potential:sales_stage:sales_stage:Potentials_Sales_Stage:V'),(10,4,'vtiger_potential:leadsource:leadsource:Potentials_Lead_Source:V'),(10,5,'vtiger_potential:closingdate:closingdate:Potentials_Expected_Close_Date:D'),(10,6,'vtiger_potential:amount:amount:Potentials_Amount:N'),(10,7,'vtiger_crmentity:smownerid:assigned_user_id:Potentials_Assigned_To:V'),(10,8,'vtiger_potential:contact_id:contact_id:Potentials_Contact_Name:V'),(11,0,'vtiger_potential:potentialname:potentialname:Potentials_Potential_Name:V'),(11,1,'vtiger_potential:related_to:related_to:Potentials_Related_To:V'),(11,2,'vtiger_potential:amount:amount:Potentials_Amount:N'),(11,3,'vtiger_potential:closingdate:closingdate:Potentials_Expected_Close_Date:D'),(11,4,'vtiger_crmentity:smownerid:assigned_user_id:Potentials_Assigned_To:V'),(11,5,'vtiger_potential:contact_id:contact_id:Potentials_Contact_Name:V'),(12,0,'vtiger_potential:potentialname:potentialname:Potentials_Potential_Name:V'),(12,1,'vtiger_potential:related_to:related_to:Potentials_Related_To:V'),(12,2,'vtiger_potential:amount:amount:Potentials_Amount:N'),(12,3,'vtiger_potential:leadsource:leadsource:Potentials_Lead_Source:V'),(12,4,'vtiger_potential:closingdate:closingdate:Potentials_Expected_Close_Date:D'),(12,5,'vtiger_crmentity:smownerid:assigned_user_id:Potentials_Assigned_To:V'),(12,6,'vtiger_potential:contact_id:contact_id:Potentials_Contact_Name:V'),(13,1,'vtiger_troubletickets:title:ticket_title:HelpDesk_Title:V'),(13,2,'vtiger_troubletickets:parent_id:parent_id:HelpDesk_Related_To:V'),(13,3,'vtiger_troubletickets:status:ticketstatus:HelpDesk_Status:V'),(13,4,'vtiger_troubletickets:priority:ticketpriorities:HelpDesk_Priority:V'),(13,5,'vtiger_crmentity:smownerid:assigned_user_id:HelpDesk_Assigned_To:V'),(13,6,'vtiger_troubletickets:contact_id:contact_id:HelpDesk_Contact_Name:V'),(14,0,'vtiger_troubletickets:title:ticket_title:HelpDesk_Title:V'),(14,1,'vtiger_troubletickets:parent_id:parent_id:HelpDesk_Related_To:I'),(14,2,'vtiger_troubletickets:priority:ticketpriorities:HelpDesk_Priority:V'),(14,3,'vtiger_troubletickets:product_id:product_id:HelpDesk_Product_Name:I'),(14,4,'vtiger_crmentity:smownerid:assigned_user_id:HelpDesk_Assigned_To:V'),(14,5,'vtiger_troubletickets:contact_id:contact_id:HelpDesk_Contact_Name:V'),(15,0,'vtiger_troubletickets:title:ticket_title:HelpDesk_Title:V'),(15,1,'vtiger_troubletickets:parent_id:parent_id:HelpDesk_Related_To:I'),(15,2,'vtiger_troubletickets:status:ticketstatus:HelpDesk_Status:V'),(15,3,'vtiger_troubletickets:product_id:product_id:HelpDesk_Product_Name:I'),(15,4,'vtiger_crmentity:smownerid:assigned_user_id:HelpDesk_Assigned_To:V'),(15,5,'vtiger_troubletickets:contact_id:contact_id:HelpDesk_Contact_Name:V'),(16,0,'vtiger_crmentity:createdtime:createdtime:Quotes_Created_Time:DT'),(16,1,'vtiger_quotes:subject:subject:Quotes_Subject:V'),(16,2,'vtiger_quotes:quotestage:quotestage:Quotes_Quote_Stage:V'),(16,3,'vtiger_quotes:contactid:contact_id:Quotes_Contact_Name:V'),(16,4,'vtiger_quotes:total:hdnGrandTotal:Quotes_Total:N'),(17,0,'vtiger_quotes:subject:subject:Quotes_Subject:V'),(17,1,'vtiger_quotes:quotestage:quotestage:Quotes_Quote_Stage:V'),(17,2,'vtiger_quotes:potentialid:potential_id:Quotes_Potential_Name:I'),(17,3,'vtiger_quotes:accountid:account_id:Quotes_Account_Name:I'),(17,4,'vtiger_quotes:validtill:validtill:Quotes_Valid_Till:D'),(17,5,'vtiger_crmentity:smownerid:assigned_user_id:Quotes_Assigned_To:V'),(18,0,'vtiger_quotes:subject:subject:Quotes_Subject:V'),(18,1,'vtiger_quotes:potentialid:potential_id:Quotes_Potential_Name:I'),(18,2,'vtiger_quotes:accountid:account_id:Quotes_Account_Name:I'),(18,3,'vtiger_quotes:validtill:validtill:Quotes_Valid_Till:D'),(18,4,'vtiger_crmentity:smownerid:assigned_user_id:Quotes_Assigned_To:V'),(19,0,'vtiger_activity:status:taskstatus:Calendar_Status:V'),(19,1,'vtiger_activity:activitytype:activitytype:Calendar_Activity_Type:V'),(19,2,'vtiger_activity:subject:subject:Calendar_Subject:V'),(19,3,'vtiger_seactivityrel:crmid:parent_id:Calendar_Related_To:V'),(19,4,'vtiger_activity:date_start:date_start:Calendar_Start_Date_&_Time:DT'),(19,5,'vtiger_activity:due_date:due_date:Calendar_Due_Date:D'),(19,6,'vtiger_crmentity:smownerid:assigned_user_id:Calendar_Assigned_To:V'),(20,0,'vtiger_activity:subject:subject:Emails_Subject:V'),(20,1,'vtiger_emaildetails:to_email:saved_toid:Emails_To:V'),(20,2,'vtiger_activity:date_start:date_start:Emails_Date_&_Time_Sent:DT'),(21,1,'vtiger_invoice:subject:subject:Invoice_Subject:V'),(21,2,'vtiger_invoice:salesorderid:salesorder_id:Invoice_Sales_Order:V'),(21,3,'vtiger_invoice:invoicestatus:invoicestatus:Invoice_Status:V'),(21,4,'vtiger_invoice:total:hdnGrandTotal:Invoice_Total:N'),(21,5,'vtiger_crmentity:smownerid:assigned_user_id:Invoice_Assigned_To:V'),(22,1,'vtiger_notes:title:notes_title:Documents_Title:V'),(22,2,'vtiger_notes:filename:filename:Documents_File_Name:V'),(22,3,'vtiger_crmentity:modifiedtime:modifiedtime:Documents_Modified_Time:DT'),(22,4,'vtiger_crmentity:smownerid:assigned_user_id:Documents_Assigned_To:V'),(23,0,'vtiger_pricebook:bookname:bookname:PriceBooks_Price_Book_Name:V'),(23,1,'vtiger_pricebook:active:active:PriceBooks_Active:C'),(23,2,'vtiger_pricebook:currency_id:currency_id:PriceBooks_Currency:V'),(23,3,'vtiger_crmentity:description:description:PriceBooks_Description:V'),(24,0,'vtiger_products:productname:productname:Products_Product_Name:V'),(24,1,'vtiger_products:productcode:productcode:Products_Part_Number:V'),(24,2,'vtiger_products:commissionrate:commissionrate:Products_Commission_Rate:N'),(24,3,'vtiger_products:qtyinstock:qtyinstock:Products_Qty_In_Stock:NN'),(24,4,'vtiger_products:qty_per_unit:qty_per_unit:Products_Qty/Unit:N'),(24,5,'vtiger_products:unit_price:unit_price:Products_Unit_Price:N'),(24,6,'vtiger_products:productcategory:productcategory:Products_Product_Category:V'),(25,1,'vtiger_purchaseorder:subject:subject:PurchaseOrder_Subject:V'),(25,2,'vtiger_purchaseorder:vendorid:vendor_id:PurchaseOrder_Vendor_Name:V'),(25,3,'vtiger_purchaseorder:tracking_no:tracking_no:PurchaseOrder_Tracking_Number:V'),(25,4,'vtiger_purchaseorder:total:hdnGrandTotal:PurchaseOrder_Total:N'),(25,5,'vtiger_crmentity:smownerid:assigned_user_id:PurchaseOrder_Assigned_To:V'),(26,0,'vtiger_salesordercf:cf_865:cf_865:SalesOrder_Fecha_de_venta:D'),(26,1,'vtiger_salesorder:subject:subject:SalesOrder_Subject:V'),(26,2,'vtiger_salesorder:contactid:contact_id:SalesOrder_Contact_Name:V'),(26,3,'vtiger_salesorder:total:hdnGrandTotal:SalesOrder_Total:N'),(27,1,'vtiger_vendor:vendorname:vendorname:Vendors_Vendor_Name:V'),(27,2,'vtiger_vendor:phone:phone:Vendors_Phone:V'),(27,3,'vtiger_vendor:email:email:Vendors_Email:V'),(27,4,'vtiger_vendor:category:category:Vendors_Category:V'),(27,5,'vtiger_crmentity:smownerid:assigned_user_id:Vendors_Assigned_To:V'),(28,1,'vtiger_faq:question:question:Faq_Question:V'),(28,2,'vtiger_faq:category:faqcategories:Faq_Category:V'),(28,3,'vtiger_faq:product_id:product_id:Faq_Product_Name:V'),(28,4,'vtiger_crmentity:createdtime:createdtime:Faq_Created_Time:DT'),(28,5,'vtiger_crmentity:modifiedtime:modifiedtime:Faq_Modified_Time:DT'),(29,1,'vtiger_campaign:campaignname:campaignname:Campaigns_Campaign_Name:V'),(29,2,'vtiger_campaign:campaigntype:campaigntype:Campaigns_Campaign_Type:V'),(29,3,'vtiger_campaign:campaignstatus:campaignstatus:Campaigns_Campaign_Status:V'),(29,4,'vtiger_campaign:expectedrevenue:expectedrevenue:Campaigns_Expected_Revenue:N'),(29,5,'vtiger_campaign:closingdate:closingdate:Campaigns_Expected_Close_Date:D'),(29,6,'vtiger_crmentity:smownerid:assigned_user_id:Campaigns_Assigned_To:V'),(30,0,'subject:subject:subject:Subject:V'),(30,1,'from:fromname:fromname:From:N'),(30,2,'to:tpname:toname:To:N'),(30,3,'body:body:body:Body:V'),(31,0,'vtiger_faq:question:question:Faq_Question:V'),(31,1,'vtiger_faq:status:faqstatus:Faq_Status:V'),(31,2,'vtiger_faq:product_id:product_id:Faq_Product_Name:I'),(31,3,'vtiger_faq:category:faqcategories:Faq_Category:V'),(31,4,'vtiger_crmentity:createdtime:createdtime:Faq_Created_Time:DT'),(32,0,'vtiger_faq:question:question:Faq_Question:V'),(32,1,'vtiger_faq:answer:faq_answer:Faq_Answer:V'),(32,2,'vtiger_faq:status:faqstatus:Faq_Status:V'),(32,3,'vtiger_faq:product_id:product_id:Faq_Product_Name:I'),(32,4,'vtiger_faq:category:faqcategories:Faq_Category:V'),(32,5,'vtiger_crmentity:createdtime:createdtime:Faq_Created_Time:DT'),(33,0,'vtiger_purchaseorder:subject:subject:PurchaseOrder_Subject:V'),(33,1,'vtiger_purchaseorder:postatus:postatus:PurchaseOrder_Status:V'),(33,2,'vtiger_purchaseorder:vendorid:vendor_id:PurchaseOrder_Vendor_Name:I'),(33,3,'vtiger_crmentity:smownerid:assigned_user_id:PurchaseOrder_Assigned_To:V'),(33,4,'vtiger_purchaseorder:duedate:duedate:PurchaseOrder_Due_Date:V'),(34,0,'vtiger_purchaseorder:subject:subject:PurchaseOrder_Subject:V'),(34,1,'vtiger_purchaseorder:vendorid:vendor_id:PurchaseOrder_Vendor_Name:I'),(34,2,'vtiger_crmentity:smownerid:assigned_user_id:PurchaseOrder_Assigned_To:V'),(34,3,'vtiger_purchaseorder:postatus:postatus:PurchaseOrder_Status:V'),(34,4,'vtiger_purchaseorder:carrier:carrier:PurchaseOrder_Carrier:V'),(34,5,'vtiger_poshipads:ship_street:ship_street:PurchaseOrder_Shipping_Address:V'),(35,0,'vtiger_invoice:invoice_no:invoice_no:Invoice_Invoice_No:V'),(35,1,'vtiger_invoice:subject:subject:Invoice_Subject:V'),(35,2,'vtiger_invoice:accountid:account_id:Invoice_Account_Name:I'),(35,3,'vtiger_invoice:salesorderid:salesorder_id:Invoice_Sales_Order:I'),(35,4,'vtiger_invoice:invoicestatus:invoicestatus:Invoice_Status:V'),(35,5,'vtiger_crmentity:smownerid:assigned_user_id:Invoice_Assigned_To:V'),(35,6,'vtiger_crmentity:createdtime:createdtime:Invoice_Created_Time:DT'),(36,0,'vtiger_invoice:invoice_no:invoice_no:Invoice_Invoice_No:V'),(36,1,'vtiger_invoice:subject:subject:Invoice_Subject:V'),(36,2,'vtiger_invoice:accountid:account_id:Invoice_Account_Name:I'),(36,3,'vtiger_invoice:salesorderid:salesorder_id:Invoice_Sales_Order:I'),(36,4,'vtiger_invoice:invoicestatus:invoicestatus:Invoice_Status:V'),(36,5,'vtiger_invoiceshipads:ship_street:ship_street:Invoice_Shipping_Address:V'),(36,6,'vtiger_crmentity:smownerid:assigned_user_id:Invoice_Assigned_To:V'),(37,0,'vtiger_salesorder:subject:subject:SalesOrder_Subject:V'),(37,1,'vtiger_salesorder:accountid:account_id:SalesOrder_Account_Name:I'),(37,2,'vtiger_salesorder:sostatus:sostatus:SalesOrder_Status:V'),(37,3,'vtiger_crmentity:smownerid:assigned_user_id:SalesOrder_Assigned_To:V'),(37,4,'vtiger_soshipads:ship_street:ship_street:SalesOrder_Shipping_Address:V'),(37,5,'vtiger_salesorder:carrier:carrier:SalesOrder_Carrier:V'),(38,1,'vtiger_service:servicename:servicename:Services_Service_Name:V'),(38,2,'vtiger_service:service_usageunit:service_usageunit:Services_Usage_Unit:V'),(38,3,'vtiger_service:unit_price:unit_price:Services_Price:N'),(38,4,'vtiger_service:qty_per_unit:qty_per_unit:Services_No_of_Units:N'),(38,5,'vtiger_service:servicecategory:servicecategory:Services_Service_Category:V'),(38,6,'vtiger_crmentity:smownerid:assigned_user_id:Services_Owner:I'),(39,0,'vtiger_pbxmanager:callstatus:callstatus:PBXManager_Call_Status:V'),(39,1,'vtiger_pbxmanager:customernumber:customernumber:PBXManager_Customer_Number:V'),(39,2,'vtiger_pbxmanager:customer:customer:PBXManager_Customer:V'),(39,3,'vtiger_pbxmanager:user:user:PBXManager_User:V'),(39,4,'vtiger_pbxmanager:recordingurl:recordingurl:PBXManager_Recording_URL:V'),(39,5,'vtiger_pbxmanager:totalduration:totalduration:PBXManager_Total_Duration:I'),(39,6,'vtiger_pbxmanager:starttime:starttime:PBXManager_Start_Time:DT'),(40,1,'vtiger_servicecontracts:subject:subject:ServiceContracts_Subject:V'),(40,2,'vtiger_servicecontracts:sc_related_to:sc_related_to:ServiceContracts_Related_to:V'),(40,3,'vtiger_crmentity:smownerid:assigned_user_id:ServiceContracts_Assigned_To:V'),(40,4,'vtiger_servicecontracts:start_date:start_date:ServiceContracts_Start_Date:D'),(40,5,'vtiger_servicecontracts:due_date:due_date:ServiceContracts_Due_date:D'),(40,7,'vtiger_servicecontracts:progress:progress:ServiceContracts_Progress:N'),(40,8,'vtiger_servicecontracts:contract_status:contract_status:ServiceContracts_Status:V'),(44,0,'vtiger_smsnotifier:message:message:SMSNotifier_message:V'),(44,2,'vtiger_crmentity:smownerid:assigned_user_id:SMSNotifier_Assigned_To:V'),(44,3,'vtiger_crmentity:createdtime:createdtime:SMSNotifier_Created_Time:DT'),(44,4,'vtiger_crmentity:modifiedtime:modifiedtime:SMSNotifier_Modified_Time:DT'),(45,0,'vtiger_modcomments:commentcontent:commentcontent:ModComments_Comment:V'),(45,1,'vtiger_modcomments:related_to:related_to:ModComments_Related_To:V'),(45,2,'vtiger_crmentity:modifiedtime:modifiedtime:ModComments_Modified_Time:DT'),(45,3,'vtiger_crmentity:smownerid:assigned_user_id:ModComments_Assigned_To:V'),(46,1,'vtiger_assets:assetname:assetname:Assets_Asset_Name:V'),(46,2,'vtiger_assets:account:account:Assets_Customer_Name:V'),(46,3,'vtiger_assets:product:product:Assets_Product_Name:V'),(47,0,'vtiger_projectmilestone:projectmilestonename:projectmilestonename:ProjectMilestone_Project_Milestone_Name:V'),(47,1,'vtiger_projectmilestone:projectmilestonedate:projectmilestonedate:ProjectMilestone_Milestone_Date:D'),(47,3,'vtiger_crmentity:description:description:ProjectMilestone_description:V'),(47,4,'vtiger_crmentity:createdtime:createdtime:ProjectMilestone_Created_Time:DT'),(47,5,'vtiger_crmentity:modifiedtime:modifiedtime:ProjectMilestone_Modified_Time:DT'),(48,2,'vtiger_projecttask:projecttaskname:projecttaskname:ProjectTask_Project_Task_Name:V'),(48,3,'vtiger_projecttask:projectid:projectid:ProjectTask_Related_to:V'),(48,4,'vtiger_projecttask:projecttaskpriority:projecttaskpriority:ProjectTask_Priority:V'),(48,5,'vtiger_projecttask:projecttaskprogress:projecttaskprogress:ProjectTask_Progress:V'),(48,6,'vtiger_projecttask:projecttaskhours:projecttaskhours:ProjectTask_Worked_Hours:V'),(48,7,'vtiger_projecttask:startdate:startdate:ProjectTask_Start_Date:D'),(48,8,'vtiger_projecttask:enddate:enddate:ProjectTask_End_Date:D'),(48,9,'vtiger_crmentity:smownerid:assigned_user_id:ProjectTask_Assigned_To:V'),(49,0,'vtiger_project:projectname:projectname:Project_Project_Name:V'),(49,1,'vtiger_project:linktoaccountscontacts:linktoaccountscontacts:Project_Related_to:V'),(49,2,'vtiger_project:startdate:startdate:Project_Start_Date:D'),(49,3,'vtiger_project:targetenddate:targetenddate:Project_Target_End_Date:D'),(49,4,'vtiger_project:actualenddate:actualenddate:Project_Actual_End_Date:D'),(49,5,'vtiger_project:targetbudget:targetbudget:Project_Target_Budget:V'),(49,6,'vtiger_project:progress:progress:Project_Progress:V'),(49,7,'vtiger_project:projectstatus:projectstatus:Project_Status:V'),(49,8,'vtiger_crmentity:smownerid:assigned_user_id:Project_Assigned_To:V'),(49,19,'vtiger_project:contactid:contactid:Project_Contact_Name:V');
/*!40000 ALTER TABLE `vtiger_cvcolumnlist` ENABLE KEYS */;
UNLOCK TABLES;

--
-- Table structure for table `vtiger_cvstdfilter`
--

DROP TABLE IF EXISTS `vtiger_cvstdfilter`;
/*!40101 SET @saved_cs_client     = @@character_set_client */;
/*!40101 SET character_set_client = utf8 */;
CREATE TABLE `vtiger_cvstdfilter` (
  `cvid` int(19) NOT NULL,
  `columnname` varchar(250) DEFAULT '',
  `stdfilter` varchar(250) DEFAULT '',
  `startdate` date DEFAULT NULL,
  `enddate` date DEFAULT NULL,
  KEY `cvstdfilter_cvid_idx` (`cvid`),
  CONSTRAINT `fk_1_vtiger_cvstdfilter` FOREIGN KEY (`cvid`) REFERENCES `vtiger_customview` (`cvid`) ON DELETE CASCADE
) ENGINE=InnoDB DEFAULT CHARSET=utf8;
/*!40101 SET character_set_client = @saved_cs_client */;

--
-- Dumping data for table `vtiger_cvstdfilter`
--

LOCK TABLES `vtiger_cvstdfilter` WRITE;
/*!40000 ALTER TABLE `vtiger_cvstdfilter` DISABLE KEYS */;
INSERT INTO `vtiger_cvstdfilter` VALUES (3,'vtiger_crmentity:modifiedtime:modifiedtime:Leads_Modified_Time','thismonth','2005-06-01','2005-06-30'),(6,'vtiger_crmentity:createdtime:createdtime:Accounts_Created_Time','thisweek','2005-06-19','2005-06-25'),(9,'vtiger_contactsubdetails:birthday:birthday:Contacts_Birthdate','today','2005-06-25','2005-06-25');
/*!40000 ALTER TABLE `vtiger_cvstdfilter` ENABLE KEYS */;
UNLOCK TABLES;

--
-- Table structure for table `vtiger_dashboard_tabs`
--

DROP TABLE IF EXISTS `vtiger_dashboard_tabs`;
/*!40101 SET @saved_cs_client     = @@character_set_client */;
/*!40101 SET character_set_client = utf8 */;
CREATE TABLE `vtiger_dashboard_tabs` (
  `id` int(19) NOT NULL AUTO_INCREMENT,
  `tabname` varchar(50) DEFAULT NULL,
  `isdefault` int(1) DEFAULT '0',
  `sequence` int(5) DEFAULT '2',
  `appname` varchar(20) DEFAULT NULL,
  `modulename` varchar(50) DEFAULT NULL,
  `userid` int(11) DEFAULT NULL,
  PRIMARY KEY (`id`),
  UNIQUE KEY `tabname` (`tabname`,`userid`),
  KEY `vtiger_dashboard_tabs_ibfk_1` (`userid`),
  CONSTRAINT `vtiger_dashboard_tabs_ibfk_1` FOREIGN KEY (`userid`) REFERENCES `vtiger_users` (`id`) ON DELETE CASCADE
) ENGINE=InnoDB AUTO_INCREMENT=8 DEFAULT CHARSET=utf8;
/*!40101 SET character_set_client = @saved_cs_client */;

--
-- Dumping data for table `vtiger_dashboard_tabs`
--

LOCK TABLES `vtiger_dashboard_tabs` WRITE;
/*!40000 ALTER TABLE `vtiger_dashboard_tabs` DISABLE KEYS */;
INSERT INTO `vtiger_dashboard_tabs` VALUES (2,'My Dashboard',1,1,'','',1),(6,'My Dashboard',1,1,'','',5);
/*!40000 ALTER TABLE `vtiger_dashboard_tabs` ENABLE KEYS */;
UNLOCK TABLES;

--
-- Table structure for table `vtiger_datashare_grp2grp`
--

DROP TABLE IF EXISTS `vtiger_datashare_grp2grp`;
/*!40101 SET @saved_cs_client     = @@character_set_client */;
/*!40101 SET character_set_client = utf8 */;
CREATE TABLE `vtiger_datashare_grp2grp` (
  `shareid` int(19) NOT NULL,
  `share_groupid` int(19) DEFAULT NULL,
  `to_groupid` int(19) DEFAULT NULL,
  `permission` int(19) DEFAULT NULL,
  PRIMARY KEY (`shareid`),
  KEY `datashare_grp2grp_share_groupid_idx` (`share_groupid`),
  KEY `datashare_grp2grp_to_groupid_idx` (`to_groupid`),
  CONSTRAINT `fk_3_vtiger_datashare_grp2grp` FOREIGN KEY (`to_groupid`) REFERENCES `vtiger_groups` (`groupid`) ON DELETE CASCADE
) ENGINE=InnoDB DEFAULT CHARSET=utf8;
/*!40101 SET character_set_client = @saved_cs_client */;

--
-- Dumping data for table `vtiger_datashare_grp2grp`
--

LOCK TABLES `vtiger_datashare_grp2grp` WRITE;
/*!40000 ALTER TABLE `vtiger_datashare_grp2grp` DISABLE KEYS */;
/*!40000 ALTER TABLE `vtiger_datashare_grp2grp` ENABLE KEYS */;
UNLOCK TABLES;

--
-- Table structure for table `vtiger_datashare_grp2role`
--

DROP TABLE IF EXISTS `vtiger_datashare_grp2role`;
/*!40101 SET @saved_cs_client     = @@character_set_client */;
/*!40101 SET character_set_client = utf8 */;
CREATE TABLE `vtiger_datashare_grp2role` (
  `shareid` int(19) NOT NULL,
  `share_groupid` int(19) DEFAULT NULL,
  `to_roleid` varchar(255) DEFAULT NULL,
  `permission` int(19) DEFAULT NULL,
  PRIMARY KEY (`shareid`),
  KEY `idx_datashare_grp2role_share_groupid` (`share_groupid`),
  KEY `idx_datashare_grp2role_to_roleid` (`to_roleid`),
  CONSTRAINT `fk_3_vtiger_datashare_grp2role` FOREIGN KEY (`to_roleid`) REFERENCES `vtiger_role` (`roleid`) ON DELETE CASCADE
) ENGINE=InnoDB DEFAULT CHARSET=utf8;
/*!40101 SET character_set_client = @saved_cs_client */;

--
-- Dumping data for table `vtiger_datashare_grp2role`
--

LOCK TABLES `vtiger_datashare_grp2role` WRITE;
/*!40000 ALTER TABLE `vtiger_datashare_grp2role` DISABLE KEYS */;
/*!40000 ALTER TABLE `vtiger_datashare_grp2role` ENABLE KEYS */;
UNLOCK TABLES;

--
-- Table structure for table `vtiger_datashare_grp2rs`
--

DROP TABLE IF EXISTS `vtiger_datashare_grp2rs`;
/*!40101 SET @saved_cs_client     = @@character_set_client */;
/*!40101 SET character_set_client = utf8 */;
CREATE TABLE `vtiger_datashare_grp2rs` (
  `shareid` int(19) NOT NULL,
  `share_groupid` int(19) DEFAULT NULL,
  `to_roleandsubid` varchar(255) DEFAULT NULL,
  `permission` int(19) DEFAULT NULL,
  PRIMARY KEY (`shareid`),
  KEY `datashare_grp2rs_share_groupid_idx` (`share_groupid`),
  KEY `datashare_grp2rs_to_roleandsubid_idx` (`to_roleandsubid`),
  CONSTRAINT `fk_3_vtiger_datashare_grp2rs` FOREIGN KEY (`to_roleandsubid`) REFERENCES `vtiger_role` (`roleid`) ON DELETE CASCADE
) ENGINE=InnoDB DEFAULT CHARSET=utf8;
/*!40101 SET character_set_client = @saved_cs_client */;

--
-- Dumping data for table `vtiger_datashare_grp2rs`
--

LOCK TABLES `vtiger_datashare_grp2rs` WRITE;
/*!40000 ALTER TABLE `vtiger_datashare_grp2rs` DISABLE KEYS */;
/*!40000 ALTER TABLE `vtiger_datashare_grp2rs` ENABLE KEYS */;
UNLOCK TABLES;

--
-- Table structure for table `vtiger_datashare_module_rel`
--

DROP TABLE IF EXISTS `vtiger_datashare_module_rel`;
/*!40101 SET @saved_cs_client     = @@character_set_client */;
/*!40101 SET character_set_client = utf8 */;
CREATE TABLE `vtiger_datashare_module_rel` (
  `shareid` int(19) NOT NULL,
  `tabid` int(19) NOT NULL,
  `relationtype` varchar(200) DEFAULT NULL,
  PRIMARY KEY (`shareid`),
  KEY `idx_datashare_module_rel_tabid` (`tabid`),
  CONSTRAINT `fk_1_vtiger_datashare_module_rel` FOREIGN KEY (`tabid`) REFERENCES `vtiger_tab` (`tabid`) ON DELETE CASCADE
) ENGINE=InnoDB DEFAULT CHARSET=utf8;
/*!40101 SET character_set_client = @saved_cs_client */;

--
-- Dumping data for table `vtiger_datashare_module_rel`
--

LOCK TABLES `vtiger_datashare_module_rel` WRITE;
/*!40000 ALTER TABLE `vtiger_datashare_module_rel` DISABLE KEYS */;
/*!40000 ALTER TABLE `vtiger_datashare_module_rel` ENABLE KEYS */;
UNLOCK TABLES;

--
-- Table structure for table `vtiger_datashare_relatedmodule_permission`
--

DROP TABLE IF EXISTS `vtiger_datashare_relatedmodule_permission`;
/*!40101 SET @saved_cs_client     = @@character_set_client */;
/*!40101 SET character_set_client = utf8 */;
CREATE TABLE `vtiger_datashare_relatedmodule_permission` (
  `shareid` int(19) NOT NULL,
  `datashare_relatedmodule_id` int(19) NOT NULL,
  `permission` int(19) DEFAULT NULL,
  PRIMARY KEY (`shareid`,`datashare_relatedmodule_id`),
  KEY `datashare_relatedmodule_permission_shareid_permissions_idx` (`shareid`,`permission`)
) ENGINE=InnoDB DEFAULT CHARSET=utf8;
/*!40101 SET character_set_client = @saved_cs_client */;

--
-- Dumping data for table `vtiger_datashare_relatedmodule_permission`
--

LOCK TABLES `vtiger_datashare_relatedmodule_permission` WRITE;
/*!40000 ALTER TABLE `vtiger_datashare_relatedmodule_permission` DISABLE KEYS */;
/*!40000 ALTER TABLE `vtiger_datashare_relatedmodule_permission` ENABLE KEYS */;
UNLOCK TABLES;

--
-- Table structure for table `vtiger_datashare_relatedmodules`
--

DROP TABLE IF EXISTS `vtiger_datashare_relatedmodules`;
/*!40101 SET @saved_cs_client     = @@character_set_client */;
/*!40101 SET character_set_client = utf8 */;
CREATE TABLE `vtiger_datashare_relatedmodules` (
  `datashare_relatedmodule_id` int(19) NOT NULL,
  `tabid` int(19) DEFAULT NULL,
  `relatedto_tabid` int(19) DEFAULT NULL,
  PRIMARY KEY (`datashare_relatedmodule_id`),
  KEY `datashare_relatedmodules_tabid_idx` (`tabid`),
  KEY `datashare_relatedmodules_relatedto_tabid_idx` (`relatedto_tabid`),
  CONSTRAINT `fk_2_vtiger_datashare_relatedmodules` FOREIGN KEY (`tabid`) REFERENCES `vtiger_tab` (`tabid`) ON DELETE CASCADE
) ENGINE=InnoDB DEFAULT CHARSET=utf8;
/*!40101 SET character_set_client = @saved_cs_client */;

--
-- Dumping data for table `vtiger_datashare_relatedmodules`
--

LOCK TABLES `vtiger_datashare_relatedmodules` WRITE;
/*!40000 ALTER TABLE `vtiger_datashare_relatedmodules` DISABLE KEYS */;
INSERT INTO `vtiger_datashare_relatedmodules` VALUES (1,6,2),(2,6,13),(3,6,20),(4,6,22),(5,6,23),(6,2,20),(7,2,22),(8,20,22),(9,22,23);
/*!40000 ALTER TABLE `vtiger_datashare_relatedmodules` ENABLE KEYS */;
UNLOCK TABLES;

--
-- Table structure for table `vtiger_datashare_relatedmodules_seq`
--

DROP TABLE IF EXISTS `vtiger_datashare_relatedmodules_seq`;
/*!40101 SET @saved_cs_client     = @@character_set_client */;
/*!40101 SET character_set_client = utf8 */;
CREATE TABLE `vtiger_datashare_relatedmodules_seq` (
  `id` int(11) NOT NULL
) ENGINE=InnoDB DEFAULT CHARSET=utf8;
/*!40101 SET character_set_client = @saved_cs_client */;

--
-- Dumping data for table `vtiger_datashare_relatedmodules_seq`
--

LOCK TABLES `vtiger_datashare_relatedmodules_seq` WRITE;
/*!40000 ALTER TABLE `vtiger_datashare_relatedmodules_seq` DISABLE KEYS */;
INSERT INTO `vtiger_datashare_relatedmodules_seq` VALUES (9);
/*!40000 ALTER TABLE `vtiger_datashare_relatedmodules_seq` ENABLE KEYS */;
UNLOCK TABLES;

--
-- Table structure for table `vtiger_datashare_role2group`
--

DROP TABLE IF EXISTS `vtiger_datashare_role2group`;
/*!40101 SET @saved_cs_client     = @@character_set_client */;
/*!40101 SET character_set_client = utf8 */;
CREATE TABLE `vtiger_datashare_role2group` (
  `shareid` int(19) NOT NULL,
  `share_roleid` varchar(255) DEFAULT NULL,
  `to_groupid` int(19) DEFAULT NULL,
  `permission` int(19) DEFAULT NULL,
  PRIMARY KEY (`shareid`),
  KEY `idx_datashare_role2group_share_roleid` (`share_roleid`),
  KEY `idx_datashare_role2group_to_groupid` (`to_groupid`),
  CONSTRAINT `fk_3_vtiger_datashare_role2group` FOREIGN KEY (`share_roleid`) REFERENCES `vtiger_role` (`roleid`) ON DELETE CASCADE
) ENGINE=InnoDB DEFAULT CHARSET=utf8;
/*!40101 SET character_set_client = @saved_cs_client */;

--
-- Dumping data for table `vtiger_datashare_role2group`
--

LOCK TABLES `vtiger_datashare_role2group` WRITE;
/*!40000 ALTER TABLE `vtiger_datashare_role2group` DISABLE KEYS */;
/*!40000 ALTER TABLE `vtiger_datashare_role2group` ENABLE KEYS */;
UNLOCK TABLES;

--
-- Table structure for table `vtiger_datashare_role2role`
--

DROP TABLE IF EXISTS `vtiger_datashare_role2role`;
/*!40101 SET @saved_cs_client     = @@character_set_client */;
/*!40101 SET character_set_client = utf8 */;
CREATE TABLE `vtiger_datashare_role2role` (
  `shareid` int(19) NOT NULL,
  `share_roleid` varchar(255) DEFAULT NULL,
  `to_roleid` varchar(255) DEFAULT NULL,
  `permission` int(19) DEFAULT NULL,
  PRIMARY KEY (`shareid`),
  KEY `datashare_role2role_share_roleid_idx` (`share_roleid`),
  KEY `datashare_role2role_to_roleid_idx` (`to_roleid`),
  CONSTRAINT `fk_3_vtiger_datashare_role2role` FOREIGN KEY (`to_roleid`) REFERENCES `vtiger_role` (`roleid`) ON DELETE CASCADE
) ENGINE=InnoDB DEFAULT CHARSET=utf8;
/*!40101 SET character_set_client = @saved_cs_client */;

--
-- Dumping data for table `vtiger_datashare_role2role`
--

LOCK TABLES `vtiger_datashare_role2role` WRITE;
/*!40000 ALTER TABLE `vtiger_datashare_role2role` DISABLE KEYS */;
/*!40000 ALTER TABLE `vtiger_datashare_role2role` ENABLE KEYS */;
UNLOCK TABLES;

--
-- Table structure for table `vtiger_datashare_role2rs`
--

DROP TABLE IF EXISTS `vtiger_datashare_role2rs`;
/*!40101 SET @saved_cs_client     = @@character_set_client */;
/*!40101 SET character_set_client = utf8 */;
CREATE TABLE `vtiger_datashare_role2rs` (
  `shareid` int(19) NOT NULL,
  `share_roleid` varchar(255) DEFAULT NULL,
  `to_roleandsubid` varchar(255) DEFAULT NULL,
  `permission` int(19) DEFAULT NULL,
  PRIMARY KEY (`shareid`),
  KEY `datashare_role2s_share_roleid_idx` (`share_roleid`),
  KEY `datashare_role2s_to_roleandsubid_idx` (`to_roleandsubid`),
  CONSTRAINT `fk_3_vtiger_datashare_role2rs` FOREIGN KEY (`to_roleandsubid`) REFERENCES `vtiger_role` (`roleid`) ON DELETE CASCADE
) ENGINE=InnoDB DEFAULT CHARSET=utf8;
/*!40101 SET character_set_client = @saved_cs_client */;

--
-- Dumping data for table `vtiger_datashare_role2rs`
--

LOCK TABLES `vtiger_datashare_role2rs` WRITE;
/*!40000 ALTER TABLE `vtiger_datashare_role2rs` DISABLE KEYS */;
/*!40000 ALTER TABLE `vtiger_datashare_role2rs` ENABLE KEYS */;
UNLOCK TABLES;

--
-- Table structure for table `vtiger_datashare_rs2grp`
--

DROP TABLE IF EXISTS `vtiger_datashare_rs2grp`;
/*!40101 SET @saved_cs_client     = @@character_set_client */;
/*!40101 SET character_set_client = utf8 */;
CREATE TABLE `vtiger_datashare_rs2grp` (
  `shareid` int(19) NOT NULL,
  `share_roleandsubid` varchar(255) DEFAULT NULL,
  `to_groupid` int(19) DEFAULT NULL,
  `permission` int(19) DEFAULT NULL,
  PRIMARY KEY (`shareid`),
  KEY `datashare_rs2grp_share_roleandsubid_idx` (`share_roleandsubid`),
  KEY `datashare_rs2grp_to_groupid_idx` (`to_groupid`),
  CONSTRAINT `fk_3_vtiger_datashare_rs2grp` FOREIGN KEY (`share_roleandsubid`) REFERENCES `vtiger_role` (`roleid`) ON DELETE CASCADE
) ENGINE=InnoDB DEFAULT CHARSET=utf8;
/*!40101 SET character_set_client = @saved_cs_client */;

--
-- Dumping data for table `vtiger_datashare_rs2grp`
--

LOCK TABLES `vtiger_datashare_rs2grp` WRITE;
/*!40000 ALTER TABLE `vtiger_datashare_rs2grp` DISABLE KEYS */;
/*!40000 ALTER TABLE `vtiger_datashare_rs2grp` ENABLE KEYS */;
UNLOCK TABLES;

--
-- Table structure for table `vtiger_datashare_rs2role`
--

DROP TABLE IF EXISTS `vtiger_datashare_rs2role`;
/*!40101 SET @saved_cs_client     = @@character_set_client */;
/*!40101 SET character_set_client = utf8 */;
CREATE TABLE `vtiger_datashare_rs2role` (
  `shareid` int(19) NOT NULL,
  `share_roleandsubid` varchar(255) DEFAULT NULL,
  `to_roleid` varchar(255) DEFAULT NULL,
  `permission` int(19) DEFAULT NULL,
  PRIMARY KEY (`shareid`),
  KEY `datashare_rs2role_share_roleandsubid_idx` (`share_roleandsubid`),
  KEY `datashare_rs2role_to_roleid_idx` (`to_roleid`),
  CONSTRAINT `fk_3_vtiger_datashare_rs2role` FOREIGN KEY (`to_roleid`) REFERENCES `vtiger_role` (`roleid`) ON DELETE CASCADE
) ENGINE=InnoDB DEFAULT CHARSET=utf8;
/*!40101 SET character_set_client = @saved_cs_client */;

--
-- Dumping data for table `vtiger_datashare_rs2role`
--

LOCK TABLES `vtiger_datashare_rs2role` WRITE;
/*!40000 ALTER TABLE `vtiger_datashare_rs2role` DISABLE KEYS */;
/*!40000 ALTER TABLE `vtiger_datashare_rs2role` ENABLE KEYS */;
UNLOCK TABLES;

--
-- Table structure for table `vtiger_datashare_rs2rs`
--

DROP TABLE IF EXISTS `vtiger_datashare_rs2rs`;
/*!40101 SET @saved_cs_client     = @@character_set_client */;
/*!40101 SET character_set_client = utf8 */;
CREATE TABLE `vtiger_datashare_rs2rs` (
  `shareid` int(19) NOT NULL,
  `share_roleandsubid` varchar(255) DEFAULT NULL,
  `to_roleandsubid` varchar(255) DEFAULT NULL,
  `permission` int(19) DEFAULT NULL,
  PRIMARY KEY (`shareid`),
  KEY `datashare_rs2rs_share_roleandsubid_idx` (`share_roleandsubid`),
  KEY `idx_datashare_rs2rs_to_roleandsubid_idx` (`to_roleandsubid`),
  CONSTRAINT `fk_3_vtiger_datashare_rs2rs` FOREIGN KEY (`to_roleandsubid`) REFERENCES `vtiger_role` (`roleid`) ON DELETE CASCADE
) ENGINE=InnoDB DEFAULT CHARSET=utf8;
/*!40101 SET character_set_client = @saved_cs_client */;

--
-- Dumping data for table `vtiger_datashare_rs2rs`
--

LOCK TABLES `vtiger_datashare_rs2rs` WRITE;
/*!40000 ALTER TABLE `vtiger_datashare_rs2rs` DISABLE KEYS */;
/*!40000 ALTER TABLE `vtiger_datashare_rs2rs` ENABLE KEYS */;
UNLOCK TABLES;

--
-- Table structure for table `vtiger_date_format`
--

DROP TABLE IF EXISTS `vtiger_date_format`;
/*!40101 SET @saved_cs_client     = @@character_set_client */;
/*!40101 SET character_set_client = utf8 */;
CREATE TABLE `vtiger_date_format` (
  `date_formatid` int(19) NOT NULL AUTO_INCREMENT,
  `date_format` varchar(200) NOT NULL,
  `sortorderid` int(19) NOT NULL DEFAULT '0',
  `presence` int(1) NOT NULL DEFAULT '1',
  PRIMARY KEY (`date_formatid`)
) ENGINE=InnoDB AUTO_INCREMENT=6 DEFAULT CHARSET=utf8;
/*!40101 SET character_set_client = @saved_cs_client */;

--
-- Dumping data for table `vtiger_date_format`
--

LOCK TABLES `vtiger_date_format` WRITE;
/*!40000 ALTER TABLE `vtiger_date_format` DISABLE KEYS */;
INSERT INTO `vtiger_date_format` VALUES (1,'dd-mm-yyyy',0,1),(2,'mm-dd-yyyy',1,1),(3,'yyyy-mm-dd',2,1),(4,'dd.mm.yyyy',3,1),(5,'dd/mm/yyyy',4,1);
/*!40000 ALTER TABLE `vtiger_date_format` ENABLE KEYS */;
UNLOCK TABLES;

--
-- Table structure for table `vtiger_date_format_seq`
--

DROP TABLE IF EXISTS `vtiger_date_format_seq`;
/*!40101 SET @saved_cs_client     = @@character_set_client */;
/*!40101 SET character_set_client = utf8 */;
CREATE TABLE `vtiger_date_format_seq` (
  `id` int(11) NOT NULL
) ENGINE=InnoDB DEFAULT CHARSET=utf8;
/*!40101 SET character_set_client = @saved_cs_client */;

--
-- Dumping data for table `vtiger_date_format_seq`
--

LOCK TABLES `vtiger_date_format_seq` WRITE;
/*!40000 ALTER TABLE `vtiger_date_format_seq` DISABLE KEYS */;
INSERT INTO `vtiger_date_format_seq` VALUES (3);
/*!40000 ALTER TABLE `vtiger_date_format_seq` ENABLE KEYS */;
UNLOCK TABLES;

--
-- Table structure for table `vtiger_dayoftheweek`
--

DROP TABLE IF EXISTS `vtiger_dayoftheweek`;
/*!40101 SET @saved_cs_client     = @@character_set_client */;
/*!40101 SET character_set_client = utf8 */;
CREATE TABLE `vtiger_dayoftheweek` (
  `dayoftheweekid` int(11) NOT NULL AUTO_INCREMENT,
  `dayoftheweek` varchar(200) NOT NULL,
  `sortorderid` int(11) DEFAULT NULL,
  `presence` int(11) NOT NULL DEFAULT '1',
  PRIMARY KEY (`dayoftheweekid`)
) ENGINE=InnoDB AUTO_INCREMENT=8 DEFAULT CHARSET=utf8;
/*!40101 SET character_set_client = @saved_cs_client */;

--
-- Dumping data for table `vtiger_dayoftheweek`
--

LOCK TABLES `vtiger_dayoftheweek` WRITE;
/*!40000 ALTER TABLE `vtiger_dayoftheweek` DISABLE KEYS */;
INSERT INTO `vtiger_dayoftheweek` VALUES (1,'Sunday',0,1),(2,'Monday',1,1),(3,'Tuesday',2,1),(4,'Wednesday',3,1),(5,'Thursday',4,1),(6,'Friday',5,1),(7,'Saturday',6,1);
/*!40000 ALTER TABLE `vtiger_dayoftheweek` ENABLE KEYS */;
UNLOCK TABLES;

--
-- Table structure for table `vtiger_dayoftheweek_seq`
--

DROP TABLE IF EXISTS `vtiger_dayoftheweek_seq`;
/*!40101 SET @saved_cs_client     = @@character_set_client */;
/*!40101 SET character_set_client = utf8 */;
CREATE TABLE `vtiger_dayoftheweek_seq` (
  `id` int(11) NOT NULL
) ENGINE=InnoDB DEFAULT CHARSET=utf8;
/*!40101 SET character_set_client = @saved_cs_client */;

--
-- Dumping data for table `vtiger_dayoftheweek_seq`
--

LOCK TABLES `vtiger_dayoftheweek_seq` WRITE;
/*!40000 ALTER TABLE `vtiger_dayoftheweek_seq` DISABLE KEYS */;
INSERT INTO `vtiger_dayoftheweek_seq` VALUES (7);
/*!40000 ALTER TABLE `vtiger_dayoftheweek_seq` ENABLE KEYS */;
UNLOCK TABLES;

--
-- Table structure for table `vtiger_def_org_field`
--

DROP TABLE IF EXISTS `vtiger_def_org_field`;
/*!40101 SET @saved_cs_client     = @@character_set_client */;
/*!40101 SET character_set_client = utf8 */;
CREATE TABLE `vtiger_def_org_field` (
  `tabid` int(10) DEFAULT NULL,
  `fieldid` int(19) NOT NULL,
  `visible` int(19) DEFAULT NULL,
  `readonly` int(19) DEFAULT NULL,
  PRIMARY KEY (`fieldid`),
  KEY `def_org_field_tabid_fieldid_idx` (`tabid`,`fieldid`),
  KEY `def_org_field_tabid_idx` (`tabid`),
  KEY `def_org_field_visible_fieldid_idx` (`visible`,`fieldid`)
) ENGINE=InnoDB DEFAULT CHARSET=utf8;
/*!40101 SET character_set_client = @saved_cs_client */;

--
-- Dumping data for table `vtiger_def_org_field`
--

LOCK TABLES `vtiger_def_org_field` WRITE;
/*!40000 ALTER TABLE `vtiger_def_org_field` DISABLE KEYS */;
INSERT INTO `vtiger_def_org_field` VALUES (6,1,0,0),(6,2,0,0),(6,3,0,0),(6,4,0,0),(6,5,0,0),(6,6,0,0),(6,7,0,0),(6,8,0,0),(6,9,0,0),(6,10,0,0),(6,11,0,0),(6,12,0,0),(6,13,0,0),(6,14,0,0),(6,15,0,0),(6,16,0,0),(6,17,0,0),(6,18,0,0),(6,19,0,0),(6,20,0,0),(6,21,0,0),(6,22,0,0),(6,23,0,0),(6,24,0,0),(6,25,0,0),(6,26,0,0),(6,27,0,0),(6,28,0,0),(6,29,0,0),(6,30,0,0),(6,31,0,0),(6,32,0,0),(6,33,0,0),(6,34,0,0),(6,35,0,0),(6,36,0,0),(7,37,0,0),(7,38,0,0),(7,39,0,0),(7,40,0,0),(7,41,0,0),(7,42,0,0),(7,43,0,0),(7,44,0,0),(7,45,0,0),(7,46,0,0),(7,47,0,0),(7,48,0,0),(7,49,0,0),(7,50,0,0),(7,51,0,0),(7,52,0,0),(7,53,0,0),(7,54,0,0),(7,55,0,0),(7,56,0,0),(7,57,0,0),(7,58,0,0),(7,59,0,0),(7,60,0,0),(7,61,0,0),(7,62,0,0),(7,63,0,0),(7,64,0,0),(7,65,0,0),(4,66,0,0),(4,67,0,0),(4,68,0,0),(4,69,0,0),(4,70,0,0),(4,71,0,0),(4,72,0,0),(4,73,0,0),(4,74,0,0),(4,75,0,0),(4,76,0,0),(4,77,0,0),(4,78,0,0),(4,79,0,0),(4,80,0,0),(4,81,0,0),(4,82,0,0),(4,83,0,0),(4,84,0,0),(4,85,0,0),(4,86,0,0),(4,87,0,0),(4,88,0,0),(4,89,0,0),(4,90,0,0),(4,91,0,0),(4,92,0,0),(4,93,0,0),(4,94,0,0),(4,95,0,0),(4,96,0,0),(4,97,0,0),(4,98,0,0),(4,99,0,0),(4,100,0,0),(4,101,0,0),(4,102,0,0),(4,103,0,0),(4,104,0,0),(4,105,0,0),(4,106,0,0),(4,107,0,0),(4,108,0,0),(4,109,0,0),(2,110,0,0),(2,111,0,0),(2,112,0,0),(2,113,0,0),(2,114,0,0),(2,115,0,0),(2,116,0,0),(2,117,0,0),(2,118,0,0),(2,119,0,0),(2,120,0,0),(2,121,0,0),(2,122,0,0),(2,123,0,0),(2,124,0,0),(2,125,0,0),(26,126,0,0),(26,127,0,0),(26,128,0,0),(26,129,0,0),(26,130,0,0),(26,131,0,0),(26,132,0,0),(26,133,0,0),(26,134,0,0),(26,135,0,0),(26,136,0,0),(26,137,0,0),(26,138,0,0),(26,139,0,0),(26,140,0,0),(26,141,0,0),(26,142,0,0),(26,143,0,0),(26,144,0,0),(26,145,0,0),(26,146,0,0),(26,147,0,0),(26,148,0,0),(26,149,0,0),(26,150,0,0),(4,151,0,0),(6,152,0,0),(7,153,0,0),(26,154,0,0),(13,155,0,0),(13,156,0,0),(13,157,0,0),(13,158,0,0),(13,159,0,0),(13,160,0,0),(13,161,0,0),(13,162,0,0),(13,163,0,0),(13,164,0,0),(13,165,0,0),(13,166,0,0),(13,167,0,0),(13,168,0,0),(13,169,0,0),(13,170,0,0),(13,171,0,0),(13,172,0,0),(13,173,0,0),(14,174,0,0),(14,175,0,0),(14,176,0,0),(14,177,0,0),(14,178,0,0),(14,179,0,0),(14,180,0,0),(14,181,0,0),(14,182,0,0),(14,183,0,0),(14,184,0,0),(14,185,0,0),(14,186,0,0),(14,187,0,0),(14,188,0,0),(14,189,0,0),(14,190,0,0),(14,191,0,0),(14,192,0,0),(14,193,0,0),(14,194,0,0),(14,195,0,0),(14,196,0,0),(14,197,0,0),(14,198,0,0),(14,199,0,0),(14,200,0,0),(14,201,0,0),(14,202,0,0),(14,203,0,0),(14,204,0,0),(8,205,0,0),(8,206,0,0),(8,207,0,0),(8,208,0,0),(8,209,0,0),(8,210,0,0),(8,211,0,0),(8,212,0,0),(8,213,0,0),(8,214,0,0),(8,215,0,0),(8,216,0,0),(8,217,0,0),(8,218,0,0),(8,219,0,0),(10,220,0,0),(10,221,0,0),(10,222,0,0),(10,223,0,0),(10,224,0,0),(10,225,0,0),(10,226,0,0),(10,227,0,0),(10,228,0,0),(10,229,0,0),(10,230,0,0),(10,231,0,0),(9,232,0,0),(9,233,0,0),(9,234,0,0),(9,235,0,0),(9,236,0,0),(9,237,0,0),(9,238,0,0),(9,239,0,0),(9,240,0,0),(9,241,0,0),(9,242,0,0),(9,243,0,0),(9,244,0,0),(9,245,0,0),(9,246,0,0),(9,247,0,0),(9,248,0,0),(9,249,0,0),(9,250,0,0),(9,251,0,0),(9,252,0,0),(9,253,0,0),(9,254,0,0),(9,255,0,0),(16,256,0,0),(16,257,0,0),(16,258,0,0),(16,259,0,0),(16,260,0,0),(16,261,0,0),(16,262,0,0),(16,263,0,0),(16,264,0,0),(16,265,0,0),(16,266,0,0),(16,267,0,0),(16,268,0,0),(16,269,0,0),(16,270,0,0),(16,271,0,0),(16,272,0,0),(16,273,0,0),(16,274,0,0),(16,275,0,0),(16,276,0,0),(16,277,0,0),(16,278,0,0),(15,279,0,0),(15,280,0,0),(15,281,0,0),(15,282,0,0),(15,283,0,0),(15,284,0,0),(15,285,0,0),(15,286,0,0),(15,287,0,0),(15,288,0,0),(18,289,0,0),(18,290,0,0),(18,291,0,0),(18,292,0,0),(18,293,0,0),(18,294,0,0),(18,295,0,0),(18,296,0,0),(18,297,0,0),(18,298,0,0),(18,299,0,0),(18,300,0,0),(18,301,0,0),(18,302,0,0),(18,303,0,0),(18,304,0,0),(18,305,0,0),(19,306,0,0),(19,307,0,0),(19,308,0,0),(19,309,0,0),(19,310,0,0),(19,311,0,0),(19,312,0,0),(19,313,0,0),(20,314,0,0),(20,315,0,0),(20,316,0,0),(20,317,0,0),(20,318,0,0),(20,319,0,0),(20,320,0,0),(20,321,0,0),(20,322,0,0),(20,323,0,0),(20,324,0,0),(20,325,0,0),(20,326,0,0),(20,327,0,0),(20,328,0,0),(20,329,0,0),(20,330,0,0),(20,331,0,0),(20,332,0,0),(20,333,0,0),(20,334,0,0),(20,335,0,0),(20,336,0,0),(20,337,0,0),(20,338,0,0),(20,339,0,0),(20,340,0,0),(20,341,0,0),(20,342,0,0),(20,343,0,0),(20,344,0,0),(20,345,0,0),(20,346,0,0),(20,347,0,0),(20,348,0,0),(20,349,0,0),(20,350,0,0),(21,351,0,0),(21,352,0,0),(21,353,0,0),(21,354,0,0),(21,355,0,0),(21,356,0,0),(21,357,0,0),(21,358,0,0),(21,359,0,0),(21,360,0,0),(21,361,0,0),(21,362,0,0),(21,363,0,0),(21,364,0,0),(21,365,0,0),(21,366,0,0),(21,367,0,0),(21,368,0,0),(21,369,0,0),(21,370,0,0),(21,371,0,0),(21,372,0,0),(21,373,0,0),(21,374,0,0),(21,375,0,0),(21,376,0,0),(21,377,0,0),(21,378,0,0),(21,379,0,0),(21,380,0,0),(21,381,0,0),(21,382,0,0),(21,383,0,0),(21,384,0,0),(21,385,0,0),(21,386,0,0),(21,387,0,0),(21,388,0,0),(22,389,0,0),(22,390,0,0),(22,391,0,0),(22,392,0,0),(22,393,0,0),(22,394,0,0),(22,395,0,0),(22,396,0,0),(22,397,0,0),(22,398,0,0),(22,399,0,0),(22,400,0,0),(22,401,0,0),(22,402,0,0),(22,403,0,0),(22,404,0,0),(22,405,0,0),(22,406,0,0),(22,407,0,0),(22,408,0,0),(22,409,0,0),(22,410,0,0),(22,411,0,0),(22,412,0,0),(22,413,0,0),(22,414,0,0),(22,415,0,0),(22,416,0,0),(22,417,0,0),(22,418,0,0),(22,419,0,0),(22,420,0,0),(22,421,0,0),(22,422,0,0),(22,423,0,0),(22,424,0,0),(22,425,0,0),(22,426,0,0),(22,427,0,0),(22,428,0,0),(22,429,0,0),(22,430,0,0),(22,431,0,0),(22,432,0,0),(22,433,0,0),(22,434,0,0),(22,435,0,0),(23,436,0,0),(23,437,0,0),(23,438,0,0),(23,439,0,0),(23,440,0,0),(23,441,0,0),(23,442,0,0),(23,443,0,0),(23,444,0,0),(23,445,0,0),(23,446,0,0),(23,447,0,0),(23,448,0,0),(23,449,0,0),(23,450,0,0),(23,451,0,0),(23,452,0,0),(23,453,0,0),(23,454,0,0),(23,455,0,0),(23,456,0,0),(23,457,0,0),(23,458,0,0),(23,459,0,0),(23,460,0,0),(23,461,0,0),(23,462,0,0),(23,463,0,0),(23,464,0,0),(23,465,0,0),(23,466,0,0),(23,467,0,0),(23,468,0,0),(23,469,0,0),(23,470,0,0),(23,471,0,0),(23,472,0,0),(23,473,0,0),(23,474,0,0),(29,475,0,0),(29,479,0,0),(29,480,0,0),(29,482,0,0),(29,489,0,0),(29,490,0,0),(29,491,0,0),(29,492,0,0),(29,493,0,0),(29,495,0,0),(29,496,0,0),(29,497,0,0),(29,498,0,0),(29,499,0,0),(29,504,0,0),(29,505,0,0),(29,506,0,0),(29,507,0,0),(29,515,0,0),(10,520,0,0),(10,521,0,0),(10,522,0,0),(10,523,0,0),(10,524,0,0),(10,525,0,0),(32,526,0,0),(32,527,0,0),(32,528,0,0),(32,529,0,0),(32,530,0,0),(32,531,0,0),(32,532,0,0),(32,533,0,0),(32,534,0,0),(32,535,0,0),(32,536,0,0),(32,537,0,0),(32,538,0,0),(32,539,0,0),(32,540,0,0),(32,541,0,0),(32,542,0,0),(32,543,0,0),(32,544,0,0),(32,545,0,0),(32,546,0,0),(32,547,0,0),(34,548,0,0),(34,549,0,0),(34,550,0,0),(34,551,0,0),(34,552,0,0),(34,553,0,0),(34,554,0,0),(34,555,0,0),(34,556,0,0),(34,557,0,0),(34,558,0,0),(34,559,0,0),(34,560,0,0),(34,561,0,0),(34,562,0,0),(34,563,0,0),(34,564,0,0),(29,565,0,0),(35,566,0,0),(35,567,0,0),(35,568,0,0),(35,569,0,0),(35,570,0,0),(35,571,0,0),(35,572,0,0),(35,573,0,0),(35,574,0,0),(35,575,0,0),(35,576,0,0),(35,577,0,0),(35,578,0,0),(35,579,0,0),(35,580,0,0),(35,581,0,0),(35,582,0,0),(35,583,0,0),(35,584,0,0),(35,585,0,0),(35,586,0,0),(35,587,0,0),(38,588,0,0),(38,589,0,0),(38,590,0,0),(38,591,0,0),(38,592,0,0),(38,593,0,0),(38,594,0,0),(38,595,0,0),(38,596,0,0),(38,597,0,0),(38,598,0,0),(38,599,0,0),(38,600,0,0),(39,601,0,0),(39,602,0,0),(39,603,0,0),(39,604,0,0),(39,605,0,0),(39,606,0,0),(39,607,0,0),(39,608,0,0),(39,609,0,0),(39,610,0,0),(39,611,0,0),(39,612,0,0),(39,613,0,0),(39,614,0,0),(39,615,0,0),(39,616,0,0),(39,617,0,0),(39,618,0,0),(40,619,0,0),(40,620,0,0),(40,621,0,0),(40,622,0,0),(40,623,0,0),(40,624,0,0),(40,625,0,0),(40,626,0,0),(40,627,0,0),(40,628,0,0),(40,629,0,0),(40,630,0,0),(40,631,0,0),(40,632,0,0),(40,633,0,0),(40,634,0,0),(40,635,0,0),(40,636,0,0),(40,637,0,0),(40,638,0,0),(43,639,0,0),(43,640,0,0),(43,641,0,0),(43,642,0,0),(43,643,0,0),(43,644,0,0),(45,645,0,0),(45,646,0,0),(45,647,0,0),(45,648,0,0),(45,649,0,0),(45,650,0,0),(45,651,0,0),(45,652,0,0),(47,653,0,0),(47,654,0,0),(47,655,0,0),(47,656,0,0),(47,657,0,0),(47,658,0,0),(47,659,0,0),(47,660,0,0),(47,661,0,0),(47,662,0,0),(47,663,0,0),(47,664,0,0),(47,665,0,0),(47,666,0,0),(47,667,0,0),(47,668,0,0),(47,669,0,0),(47,670,0,0),(47,671,0,0),(47,672,0,0),(47,673,0,0),(2,674,0,0),(29,675,0,0),(23,676,0,0),(23,677,0,0),(23,678,0,0),(23,679,0,0),(23,680,0,0),(23,681,0,0),(23,682,0,0),(23,683,0,0),(23,684,0,0),(22,685,0,0),(22,686,0,0),(22,687,0,0),(22,688,0,0),(22,689,0,0),(22,690,0,0),(22,691,0,0),(22,692,0,0),(22,693,0,0),(21,694,0,0),(21,695,0,0),(21,696,0,0),(21,697,0,0),(21,698,0,0),(21,699,0,0),(21,700,0,0),(21,701,0,0),(21,702,0,0),(20,703,0,0),(20,704,0,0),(20,705,0,0),(20,706,0,0),(20,707,0,0),(20,708,0,0),(20,709,0,0),(20,710,0,0),(20,711,0,0),(29,712,0,0),(39,713,0,0),(45,714,0,0),(29,715,0,0),(29,716,0,0),(29,717,0,0),(23,718,0,0),(22,719,0,0),(21,720,0,0),(20,721,0,0),(29,722,0,0),(6,723,0,0),(4,724,0,0),(2,725,0,0),(29,726,0,0),(23,727,0,0),(23,728,0,0),(21,729,0,0),(21,730,0,0),(18,731,0,0),(7,732,0,0),(45,733,0,0),(45,734,0,0),(23,735,0,0),(20,736,0,0),(21,737,0,0),(22,738,0,0),(29,739,0,0),(2,740,0,0),(13,741,0,0),(29,742,0,0),(29,743,0,0),(29,744,0,0),(29,745,0,0),(14,772,0,0),(32,773,0,0),(23,774,0,0),(29,775,0,0),(23,776,0,0),(23,777,0,0),(23,778,0,0),(20,779,0,0),(20,780,0,0),(20,781,0,0),(21,782,0,0),(22,783,0,0),(22,784,0,0),(22,785,0,0),(45,786,0,0),(45,787,0,0),(45,788,0,0),(2,789,0,0),(4,790,0,0),(6,791,0,0),(7,792,0,0),(8,793,0,0),(9,794,0,0),(10,795,0,0),(13,796,0,0),(14,797,0,0),(15,798,0,0),(16,799,0,0),(18,800,0,0),(19,801,0,0),(20,802,0,0),(21,803,0,0),(22,804,0,0),(23,805,0,0),(26,806,0,0),(10,807,0,0),(2,808,0,0),(4,809,0,0),(6,810,0,0),(7,811,0,0),(8,812,0,0),(9,813,0,0),(10,814,0,0),(13,815,0,0),(14,816,0,0),(15,817,0,0),(16,818,0,0),(18,819,0,0),(19,820,0,0),(20,821,0,0),(21,822,0,0),(22,823,0,0),(23,824,0,0),(26,825,0,0),(2,826,0,0),(4,827,0,0),(6,828,0,0),(7,829,0,0),(8,830,0,0),(9,831,0,0),(10,832,0,0),(13,833,0,0),(14,834,0,0),(15,835,0,0),(16,836,0,0),(18,837,0,0),(19,838,0,0),(20,839,0,0),(21,840,0,0),(22,841,0,0),(23,842,0,0),(26,843,0,0),(20,844,0,0),(21,845,0,0),(22,846,0,0),(23,847,0,0),(40,848,0,0),(40,849,0,0),(29,850,0,0),(22,851,0,0),(7,859,0,0),(7,860,0,0),(6,861,0,0),(4,862,0,0),(4,864,0,0),(22,866,0,0);
/*!40000 ALTER TABLE `vtiger_def_org_field` ENABLE KEYS */;
UNLOCK TABLES;

--
-- Table structure for table `vtiger_def_org_share`
--

DROP TABLE IF EXISTS `vtiger_def_org_share`;
/*!40101 SET @saved_cs_client     = @@character_set_client */;
/*!40101 SET character_set_client = utf8 */;
CREATE TABLE `vtiger_def_org_share` (
  `ruleid` int(11) NOT NULL AUTO_INCREMENT,
  `tabid` int(11) NOT NULL,
  `permission` int(19) DEFAULT NULL,
  `editstatus` int(19) DEFAULT NULL,
  PRIMARY KEY (`ruleid`),
  KEY `fk_1_vtiger_def_org_share` (`permission`),
  CONSTRAINT `fk_1_vtiger_def_org_share` FOREIGN KEY (`permission`) REFERENCES `vtiger_org_share_action_mapping` (`share_action_id`) ON DELETE CASCADE
) ENGINE=InnoDB AUTO_INCREMENT=27 DEFAULT CHARSET=utf8;
/*!40101 SET character_set_client = @saved_cs_client */;

--
-- Dumping data for table `vtiger_def_org_share`
--

LOCK TABLES `vtiger_def_org_share` WRITE;
/*!40000 ALTER TABLE `vtiger_def_org_share` DISABLE KEYS */;
INSERT INTO `vtiger_def_org_share` VALUES (1,2,2,0),(2,4,2,0),(3,6,2,0),(4,7,2,0),(5,9,3,1),(6,13,2,0),(7,16,3,2),(8,20,2,0),(9,21,2,0),(10,22,2,0),(11,23,2,0),(12,26,2,0),(13,8,2,0),(14,14,2,0),(15,32,2,0),(16,34,3,0),(17,35,2,0),(18,38,2,0),(19,39,2,0),(20,40,2,0),(21,43,2,0),(22,45,2,0),(23,47,2,0),(24,18,2,0),(25,10,2,0),(26,55,2,0);
/*!40000 ALTER TABLE `vtiger_def_org_share` ENABLE KEYS */;
UNLOCK TABLES;

--
-- Table structure for table `vtiger_def_org_share_seq`
--

DROP TABLE IF EXISTS `vtiger_def_org_share_seq`;
/*!40101 SET @saved_cs_client     = @@character_set_client */;
/*!40101 SET character_set_client = utf8 */;
CREATE TABLE `vtiger_def_org_share_seq` (
  `id` int(11) NOT NULL
) ENGINE=InnoDB DEFAULT CHARSET=utf8;
/*!40101 SET character_set_client = @saved_cs_client */;

--
-- Dumping data for table `vtiger_def_org_share_seq`
--

LOCK TABLES `vtiger_def_org_share_seq` WRITE;
/*!40000 ALTER TABLE `vtiger_def_org_share_seq` DISABLE KEYS */;
INSERT INTO `vtiger_def_org_share_seq` VALUES (26);
/*!40000 ALTER TABLE `vtiger_def_org_share_seq` ENABLE KEYS */;
UNLOCK TABLES;

--
-- Table structure for table `vtiger_default_record_view`
--

DROP TABLE IF EXISTS `vtiger_default_record_view`;
/*!40101 SET @saved_cs_client     = @@character_set_client */;
/*!40101 SET character_set_client = utf8 */;
CREATE TABLE `vtiger_default_record_view` (
  `default_record_viewid` int(11) NOT NULL AUTO_INCREMENT,
  `default_record_view` varchar(200) NOT NULL,
  `sortorderid` int(11) DEFAULT NULL,
  `presence` int(11) NOT NULL DEFAULT '1',
  PRIMARY KEY (`default_record_viewid`)
) ENGINE=InnoDB AUTO_INCREMENT=3 DEFAULT CHARSET=utf8;
/*!40101 SET character_set_client = @saved_cs_client */;

--
-- Dumping data for table `vtiger_default_record_view`
--

LOCK TABLES `vtiger_default_record_view` WRITE;
/*!40000 ALTER TABLE `vtiger_default_record_view` DISABLE KEYS */;
INSERT INTO `vtiger_default_record_view` VALUES (1,'Summary',0,1),(2,'Detail',1,1);
/*!40000 ALTER TABLE `vtiger_default_record_view` ENABLE KEYS */;
UNLOCK TABLES;

--
-- Table structure for table `vtiger_default_record_view_seq`
--

DROP TABLE IF EXISTS `vtiger_default_record_view_seq`;
/*!40101 SET @saved_cs_client     = @@character_set_client */;
/*!40101 SET character_set_client = utf8 */;
CREATE TABLE `vtiger_default_record_view_seq` (
  `id` int(11) NOT NULL
) ENGINE=InnoDB DEFAULT CHARSET=utf8;
/*!40101 SET character_set_client = @saved_cs_client */;

--
-- Dumping data for table `vtiger_default_record_view_seq`
--

LOCK TABLES `vtiger_default_record_view_seq` WRITE;
/*!40000 ALTER TABLE `vtiger_default_record_view_seq` DISABLE KEYS */;
INSERT INTO `vtiger_default_record_view_seq` VALUES (2);
/*!40000 ALTER TABLE `vtiger_default_record_view_seq` ENABLE KEYS */;
UNLOCK TABLES;

--
-- Table structure for table `vtiger_defaultactivitytype`
--

DROP TABLE IF EXISTS `vtiger_defaultactivitytype`;
/*!40101 SET @saved_cs_client     = @@character_set_client */;
/*!40101 SET character_set_client = utf8 */;
CREATE TABLE `vtiger_defaultactivitytype` (
  `defaultactivitytypeid` int(11) NOT NULL AUTO_INCREMENT,
  `defaultactivitytype` varchar(200) NOT NULL,
  `presence` int(1) NOT NULL DEFAULT '1',
  `picklist_valueid` int(11) NOT NULL DEFAULT '0',
  `sortorderid` int(11) DEFAULT '0',
  PRIMARY KEY (`defaultactivitytypeid`)
) ENGINE=InnoDB AUTO_INCREMENT=3 DEFAULT CHARSET=utf8;
/*!40101 SET character_set_client = @saved_cs_client */;

--
-- Dumping data for table `vtiger_defaultactivitytype`
--

LOCK TABLES `vtiger_defaultactivitytype` WRITE;
/*!40000 ALTER TABLE `vtiger_defaultactivitytype` DISABLE KEYS */;
INSERT INTO `vtiger_defaultactivitytype` VALUES (1,'Call',1,299,1),(2,'Meeting',1,300,2);
/*!40000 ALTER TABLE `vtiger_defaultactivitytype` ENABLE KEYS */;
UNLOCK TABLES;

--
-- Table structure for table `vtiger_defaultactivitytype_seq`
--

DROP TABLE IF EXISTS `vtiger_defaultactivitytype_seq`;
/*!40101 SET @saved_cs_client     = @@character_set_client */;
/*!40101 SET character_set_client = utf8 */;
CREATE TABLE `vtiger_defaultactivitytype_seq` (
  `id` int(11) NOT NULL
) ENGINE=InnoDB DEFAULT CHARSET=utf8;
/*!40101 SET character_set_client = @saved_cs_client */;

--
-- Dumping data for table `vtiger_defaultactivitytype_seq`
--

LOCK TABLES `vtiger_defaultactivitytype_seq` WRITE;
/*!40000 ALTER TABLE `vtiger_defaultactivitytype_seq` DISABLE KEYS */;
INSERT INTO `vtiger_defaultactivitytype_seq` VALUES (2);
/*!40000 ALTER TABLE `vtiger_defaultactivitytype_seq` ENABLE KEYS */;
UNLOCK TABLES;

--
-- Table structure for table `vtiger_defaultcalendarview`
--

DROP TABLE IF EXISTS `vtiger_defaultcalendarview`;
/*!40101 SET @saved_cs_client     = @@character_set_client */;
/*!40101 SET character_set_client = utf8 */;
CREATE TABLE `vtiger_defaultcalendarview` (
  `defaultcalendarviewid` int(11) NOT NULL AUTO_INCREMENT,
  `defaultcalendarview` varchar(200) NOT NULL,
  `sortorderid` int(11) DEFAULT NULL,
  `presence` int(11) NOT NULL DEFAULT '1',
  PRIMARY KEY (`defaultcalendarviewid`)
) ENGINE=InnoDB AUTO_INCREMENT=4 DEFAULT CHARSET=utf8;
/*!40101 SET character_set_client = @saved_cs_client */;

--
-- Dumping data for table `vtiger_defaultcalendarview`
--

LOCK TABLES `vtiger_defaultcalendarview` WRITE;
/*!40000 ALTER TABLE `vtiger_defaultcalendarview` DISABLE KEYS */;
INSERT INTO `vtiger_defaultcalendarview` VALUES (1,'ListView',0,1),(2,'MyCalendar',1,1),(3,'SharedCalendar',2,1);
/*!40000 ALTER TABLE `vtiger_defaultcalendarview` ENABLE KEYS */;
UNLOCK TABLES;

--
-- Table structure for table `vtiger_defaultcalendarview_seq`
--

DROP TABLE IF EXISTS `vtiger_defaultcalendarview_seq`;
/*!40101 SET @saved_cs_client     = @@character_set_client */;
/*!40101 SET character_set_client = utf8 */;
CREATE TABLE `vtiger_defaultcalendarview_seq` (
  `id` int(11) NOT NULL
) ENGINE=InnoDB DEFAULT CHARSET=utf8;
/*!40101 SET character_set_client = @saved_cs_client */;

--
-- Dumping data for table `vtiger_defaultcalendarview_seq`
--

LOCK TABLES `vtiger_defaultcalendarview_seq` WRITE;
/*!40000 ALTER TABLE `vtiger_defaultcalendarview_seq` DISABLE KEYS */;
INSERT INTO `vtiger_defaultcalendarview_seq` VALUES (3);
/*!40000 ALTER TABLE `vtiger_defaultcalendarview_seq` ENABLE KEYS */;
UNLOCK TABLES;

--
-- Table structure for table `vtiger_defaultcv`
--

DROP TABLE IF EXISTS `vtiger_defaultcv`;
/*!40101 SET @saved_cs_client     = @@character_set_client */;
/*!40101 SET character_set_client = utf8 */;
CREATE TABLE `vtiger_defaultcv` (
  `tabid` int(19) NOT NULL,
  `defaultviewname` varchar(50) NOT NULL,
  `query` text,
  PRIMARY KEY (`tabid`),
  CONSTRAINT `fk_1_vtiger_defaultcv` FOREIGN KEY (`tabid`) REFERENCES `vtiger_tab` (`tabid`) ON DELETE CASCADE
) ENGINE=InnoDB DEFAULT CHARSET=utf8;
/*!40101 SET character_set_client = @saved_cs_client */;

--
-- Dumping data for table `vtiger_defaultcv`
--

LOCK TABLES `vtiger_defaultcv` WRITE;
/*!40000 ALTER TABLE `vtiger_defaultcv` DISABLE KEYS */;
/*!40000 ALTER TABLE `vtiger_defaultcv` ENABLE KEYS */;
UNLOCK TABLES;

--
-- Table structure for table `vtiger_defaulteventstatus`
--

DROP TABLE IF EXISTS `vtiger_defaulteventstatus`;
/*!40101 SET @saved_cs_client     = @@character_set_client */;
/*!40101 SET character_set_client = utf8 */;
CREATE TABLE `vtiger_defaulteventstatus` (
  `defaulteventstatusid` int(11) NOT NULL AUTO_INCREMENT,
  `defaulteventstatus` varchar(200) NOT NULL,
  `presence` int(1) NOT NULL DEFAULT '1',
  `picklist_valueid` int(11) NOT NULL DEFAULT '0',
  `sortorderid` int(11) DEFAULT '0',
  PRIMARY KEY (`defaulteventstatusid`)
) ENGINE=InnoDB AUTO_INCREMENT=4 DEFAULT CHARSET=utf8;
/*!40101 SET character_set_client = @saved_cs_client */;

--
-- Dumping data for table `vtiger_defaulteventstatus`
--

LOCK TABLES `vtiger_defaulteventstatus` WRITE;
/*!40000 ALTER TABLE `vtiger_defaulteventstatus` DISABLE KEYS */;
INSERT INTO `vtiger_defaulteventstatus` VALUES (1,'Planned',1,296,1),(2,'Held',1,297,2),(3,'Not Held',1,298,3);
/*!40000 ALTER TABLE `vtiger_defaulteventstatus` ENABLE KEYS */;
UNLOCK TABLES;

--
-- Table structure for table `vtiger_defaulteventstatus_seq`
--

DROP TABLE IF EXISTS `vtiger_defaulteventstatus_seq`;
/*!40101 SET @saved_cs_client     = @@character_set_client */;
/*!40101 SET character_set_client = utf8 */;
CREATE TABLE `vtiger_defaulteventstatus_seq` (
  `id` int(11) NOT NULL
) ENGINE=InnoDB DEFAULT CHARSET=utf8;
/*!40101 SET character_set_client = @saved_cs_client */;

--
-- Dumping data for table `vtiger_defaulteventstatus_seq`
--

LOCK TABLES `vtiger_defaulteventstatus_seq` WRITE;
/*!40000 ALTER TABLE `vtiger_defaulteventstatus_seq` DISABLE KEYS */;
INSERT INTO `vtiger_defaulteventstatus_seq` VALUES (3);
/*!40000 ALTER TABLE `vtiger_defaulteventstatus_seq` ENABLE KEYS */;
UNLOCK TABLES;

--
-- Table structure for table `vtiger_defaultlandingpage`
--

DROP TABLE IF EXISTS `vtiger_defaultlandingpage`;
/*!40101 SET @saved_cs_client     = @@character_set_client */;
/*!40101 SET character_set_client = utf8 */;
CREATE TABLE `vtiger_defaultlandingpage` (
  `defaultlandingpageid` int(11) NOT NULL AUTO_INCREMENT,
  `defaultlandingpage` varchar(200) NOT NULL,
  `presence` int(1) NOT NULL DEFAULT '1',
  `picklist_valueid` int(11) NOT NULL DEFAULT '0',
  `sortorderid` int(11) DEFAULT '0',
  `color` varchar(10) DEFAULT NULL,
  PRIMARY KEY (`defaultlandingpageid`)
) ENGINE=InnoDB AUTO_INCREMENT=3 DEFAULT CHARSET=utf8;
/*!40101 SET character_set_client = @saved_cs_client */;

--
-- Dumping data for table `vtiger_defaultlandingpage`
--

LOCK TABLES `vtiger_defaultlandingpage` WRITE;
/*!40000 ALTER TABLE `vtiger_defaultlandingpage` DISABLE KEYS */;
INSERT INTO `vtiger_defaultlandingpage` VALUES (1,'true',1,303,1,NULL),(2,'false',1,304,2,NULL);
/*!40000 ALTER TABLE `vtiger_defaultlandingpage` ENABLE KEYS */;
UNLOCK TABLES;

--
-- Table structure for table `vtiger_defaultlandingpage_seq`
--

DROP TABLE IF EXISTS `vtiger_defaultlandingpage_seq`;
/*!40101 SET @saved_cs_client     = @@character_set_client */;
/*!40101 SET character_set_client = utf8 */;
CREATE TABLE `vtiger_defaultlandingpage_seq` (
  `id` int(11) NOT NULL
) ENGINE=InnoDB DEFAULT CHARSET=utf8;
/*!40101 SET character_set_client = @saved_cs_client */;

--
-- Dumping data for table `vtiger_defaultlandingpage_seq`
--

LOCK TABLES `vtiger_defaultlandingpage_seq` WRITE;
/*!40000 ALTER TABLE `vtiger_defaultlandingpage_seq` DISABLE KEYS */;
INSERT INTO `vtiger_defaultlandingpage_seq` VALUES (2);
/*!40000 ALTER TABLE `vtiger_defaultlandingpage_seq` ENABLE KEYS */;
UNLOCK TABLES;

--
-- Table structure for table `vtiger_duration_minutes`
--

DROP TABLE IF EXISTS `vtiger_duration_minutes`;
/*!40101 SET @saved_cs_client     = @@character_set_client */;
/*!40101 SET character_set_client = utf8 */;
CREATE TABLE `vtiger_duration_minutes` (
  `minutesid` int(19) NOT NULL AUTO_INCREMENT,
  `duration_minutes` varchar(200) NOT NULL,
  `sortorderid` int(19) NOT NULL DEFAULT '0',
  `presence` int(1) NOT NULL DEFAULT '1',
  `color` varchar(10) DEFAULT NULL,
  PRIMARY KEY (`minutesid`)
) ENGINE=InnoDB AUTO_INCREMENT=5 DEFAULT CHARSET=utf8;
/*!40101 SET character_set_client = @saved_cs_client */;

--
-- Dumping data for table `vtiger_duration_minutes`
--

LOCK TABLES `vtiger_duration_minutes` WRITE;
/*!40000 ALTER TABLE `vtiger_duration_minutes` DISABLE KEYS */;
INSERT INTO `vtiger_duration_minutes` VALUES (1,'00',0,1,NULL),(2,'15',1,1,NULL),(3,'30',2,1,NULL),(4,'45',3,1,NULL);
/*!40000 ALTER TABLE `vtiger_duration_minutes` ENABLE KEYS */;
UNLOCK TABLES;

--
-- Table structure for table `vtiger_duration_minutes_seq`
--

DROP TABLE IF EXISTS `vtiger_duration_minutes_seq`;
/*!40101 SET @saved_cs_client     = @@character_set_client */;
/*!40101 SET character_set_client = utf8 */;
CREATE TABLE `vtiger_duration_minutes_seq` (
  `id` int(11) NOT NULL
) ENGINE=InnoDB DEFAULT CHARSET=utf8;
/*!40101 SET character_set_client = @saved_cs_client */;

--
-- Dumping data for table `vtiger_duration_minutes_seq`
--

LOCK TABLES `vtiger_duration_minutes_seq` WRITE;
/*!40000 ALTER TABLE `vtiger_duration_minutes_seq` DISABLE KEYS */;
INSERT INTO `vtiger_duration_minutes_seq` VALUES (4);
/*!40000 ALTER TABLE `vtiger_duration_minutes_seq` ENABLE KEYS */;
UNLOCK TABLES;

--
-- Table structure for table `vtiger_durationhrs`
--

DROP TABLE IF EXISTS `vtiger_durationhrs`;
/*!40101 SET @saved_cs_client     = @@character_set_client */;
/*!40101 SET character_set_client = utf8 */;
CREATE TABLE `vtiger_durationhrs` (
  `hrsid` int(19) NOT NULL AUTO_INCREMENT,
  `hrs` varchar(50) DEFAULT NULL,
  `sortorderid` int(19) NOT NULL DEFAULT '0',
  `presence` int(1) NOT NULL DEFAULT '1',
  PRIMARY KEY (`hrsid`)
) ENGINE=InnoDB DEFAULT CHARSET=utf8;
/*!40101 SET character_set_client = @saved_cs_client */;

--
-- Dumping data for table `vtiger_durationhrs`
--

LOCK TABLES `vtiger_durationhrs` WRITE;
/*!40000 ALTER TABLE `vtiger_durationhrs` DISABLE KEYS */;
/*!40000 ALTER TABLE `vtiger_durationhrs` ENABLE KEYS */;
UNLOCK TABLES;

--
-- Table structure for table `vtiger_durationmins`
--

DROP TABLE IF EXISTS `vtiger_durationmins`;
/*!40101 SET @saved_cs_client     = @@character_set_client */;
/*!40101 SET character_set_client = utf8 */;
CREATE TABLE `vtiger_durationmins` (
  `minsid` int(19) NOT NULL AUTO_INCREMENT,
  `mins` varchar(50) DEFAULT NULL,
  `sortorderid` int(19) NOT NULL DEFAULT '0',
  `presence` int(1) NOT NULL DEFAULT '1',
  PRIMARY KEY (`minsid`)
) ENGINE=InnoDB DEFAULT CHARSET=utf8;
/*!40101 SET character_set_client = @saved_cs_client */;

--
-- Dumping data for table `vtiger_durationmins`
--

LOCK TABLES `vtiger_durationmins` WRITE;
/*!40000 ALTER TABLE `vtiger_durationmins` DISABLE KEYS */;
/*!40000 ALTER TABLE `vtiger_durationmins` ENABLE KEYS */;
UNLOCK TABLES;

--
-- Table structure for table `vtiger_ee_address_autocomplete_settings`
--

DROP TABLE IF EXISTS `vtiger_ee_address_autocomplete_settings`;
/*!40101 SET @saved_cs_client     = @@character_set_client */;
/*!40101 SET character_set_client = utf8 */;
CREATE TABLE `vtiger_ee_address_autocomplete_settings` (
  `key` varchar(255) DEFAULT NULL,
  `value` varchar(255) DEFAULT NULL
) ENGINE=InnoDB DEFAULT CHARSET=utf8;
/*!40101 SET character_set_client = @saved_cs_client */;

--
-- Dumping data for table `vtiger_ee_address_autocomplete_settings`
--

LOCK TABLES `vtiger_ee_address_autocomplete_settings` WRITE;
/*!40000 ALTER TABLE `vtiger_ee_address_autocomplete_settings` DISABLE KEYS */;
INSERT INTO `vtiger_ee_address_autocomplete_settings` VALUES ('api_key','');
/*!40000 ALTER TABLE `vtiger_ee_address_autocomplete_settings` ENABLE KEYS */;
UNLOCK TABLES;

--
-- Table structure for table `vtiger_email_access`
--

DROP TABLE IF EXISTS `vtiger_email_access`;
/*!40101 SET @saved_cs_client     = @@character_set_client */;
/*!40101 SET character_set_client = utf8 */;
CREATE TABLE `vtiger_email_access` (
  `crmid` int(11) DEFAULT NULL,
  `mailid` int(11) DEFAULT NULL,
  `accessdate` date DEFAULT NULL,
  `accesstime` datetime DEFAULT NULL
) ENGINE=InnoDB DEFAULT CHARSET=utf8;
/*!40101 SET character_set_client = @saved_cs_client */;

--
-- Dumping data for table `vtiger_email_access`
--

LOCK TABLES `vtiger_email_access` WRITE;
/*!40000 ALTER TABLE `vtiger_email_access` DISABLE KEYS */;
INSERT INTO `vtiger_email_access` VALUES (1128,1130,'2022-03-05','2022-03-05 03:32:02');
/*!40000 ALTER TABLE `vtiger_email_access` ENABLE KEYS */;
UNLOCK TABLES;

--
-- Table structure for table `vtiger_email_track`
--

DROP TABLE IF EXISTS `vtiger_email_track`;
/*!40101 SET @saved_cs_client     = @@character_set_client */;
/*!40101 SET character_set_client = utf8 */;
CREATE TABLE `vtiger_email_track` (
  `crmid` int(11) DEFAULT NULL,
  `mailid` int(11) DEFAULT NULL,
  `access_count` int(11) DEFAULT NULL,
  `click_count` int(11) NOT NULL DEFAULT '0',
  UNIQUE KEY `link_tabidtype_idx` (`crmid`,`mailid`)
) ENGINE=InnoDB DEFAULT CHARSET=utf8;
/*!40101 SET character_set_client = @saved_cs_client */;

--
-- Dumping data for table `vtiger_email_track`
--

LOCK TABLES `vtiger_email_track` WRITE;
/*!40000 ALTER TABLE `vtiger_email_track` DISABLE KEYS */;
INSERT INTO `vtiger_email_track` VALUES (29,30,0,0),(29,31,0,0),(1074,1075,0,0),(1076,1077,0,0),(1078,1080,0,0),(1079,1081,0,0),(1082,1083,0,0),(1082,1085,0,0),(1079,1089,0,0),(1091,1092,0,0),(1094,1099,0,0),(1091,1100,0,0),(1094,1101,0,0),(1095,1102,0,0),(1098,1103,0,0),(1105,1112,0,0),(1107,1113,0,0),(1109,1114,0,0),(1111,1115,0,0),(1117,1119,0,0),(1117,1120,0,0),(1121,1125,0,0),(1123,1126,0,0),(1128,1129,0,0),(1128,1130,1,0);
/*!40000 ALTER TABLE `vtiger_email_track` ENABLE KEYS */;
UNLOCK TABLES;

--
-- Table structure for table `vtiger_emaildetails`
--

DROP TABLE IF EXISTS `vtiger_emaildetails`;
/*!40101 SET @saved_cs_client     = @@character_set_client */;
/*!40101 SET character_set_client = utf8 */;
CREATE TABLE `vtiger_emaildetails` (
  `emailid` int(19) NOT NULL,
  `from_email` varchar(50) NOT NULL DEFAULT '',
  `to_email` text,
  `cc_email` text,
  `bcc_email` text,
  `assigned_user_email` varchar(50) NOT NULL DEFAULT '',
  `idlists` text,
  `email_flag` varchar(50) NOT NULL DEFAULT '',
  PRIMARY KEY (`emailid`)
) ENGINE=InnoDB DEFAULT CHARSET=utf8;
/*!40101 SET character_set_client = @saved_cs_client */;

--
-- Dumping data for table `vtiger_emaildetails`
--

LOCK TABLES `vtiger_emaildetails` WRITE;
/*!40000 ALTER TABLE `vtiger_emaildetails` DISABLE KEYS */;
INSERT INTO `vtiger_emaildetails` VALUES (30,'programadorweb@mediosefectivos.com','[\"programadorweb@mediosefectivos.com\"]','[\"\"]','[\"\"]','','29@1|','SENT'),(31,'programadorweb@mediosefectivos.com','[\"programadorweb@mediosefectivos.com\"]','[\"\"]','[\"\"]','','29@1|','SENT'),(1075,'giradel26@hotmail.com','[\"giradel26@hotmail.com\"]','[\"\"]','[\"\"]','','1074@1|','SENT'),(1077,'giradel26@hotmail.com','[\"giradel26@hotmail.com\"]','[\"\"]','[\"\"]','','1076@1|','SENT'),(1080,'giradel26@hotmail.com','[\"giradel26@hotmail.com\"]','[\"\"]','[\"\"]','','1078@1|','SENT'),(1081,'giradel26@hotmail.com','[\"giradel26@hotmail.com\"]','[\"\"]','[\"\"]','','1079@1|','SENT'),(1083,'giradel26@hotmail.com','[\"giradel26@hotmail.com\"]','[\"\"]','[\"\"]','','1082@1|','SENT'),(1085,'giradel26@hotmail.com','[\"giradel26@hotmail.com\"]','[\"\"]','[\"\"]','','1082@1|','SENT'),(1089,'giradel26@hotmail.com','[\"giradel26@hotmail.com\"]','[\"\"]','[\"\"]','','1079@1|','SENT'),(1092,'giradel26@hotmail.com','[\"giradel26@hotmail.com\"]','[\"\"]','[\"\"]','','1091@1|','SENT'),(1099,'giradel26@hotmail.com','[\"giradel26@hotmail.com\"]','[\"\"]','[\"\"]','','1094@1|','SENT'),(1100,'giradel26@hotmail.com','[\"giradel26@hotmail.com\"]','[\"\"]','[\"\"]','','1091@1|','SENT'),(1101,'giradel26@hotmail.com','[\"giradel26@hotmail.com\"]','[\"\"]','[\"\"]','','1094@1|','SENT'),(1102,'giradel26@hotmail.com','[\"giradel26@hotmail.com\"]','[\"\"]','[\"\"]','','1095@1|','SENT'),(1103,'giradel26@hotmail.com','[\"giradel26@hotmail.com\"]','[\"\"]','[\"\"]','','1098@1|','SENT'),(1112,'giradel26@hotmail.com','[\"giradel26@hotmail.com\"]','[\"\"]','[\"\"]','','1105@1|','SENT'),(1113,'giradel26@hotmail.com','[\"giradel26@hotmail.com\"]','[\"\"]','[\"\"]','','1107@1|','SENT'),(1114,'giradel26@hotmail.com','[\"giradel26@hotmail.com\"]','[\"\"]','[\"\"]','','1109@1|','SENT'),(1115,'giradel26@hotmail.com','[\"giradel26@hotmail.com\"]','[\"\"]','[\"\"]','','1111@1|','SENT'),(1119,'giradel26@hotmail.com','[\"giradel26@hotmail.com\"]','[\"\"]','[\"\"]','','1117@1|','SENT'),(1120,'giradel26@hotmail.com','[\"giradel26@hotmail.com\"]','[\"\"]','[\"\"]','','1117@1|','SENT'),(1125,'giradel26@hotmail.com','[\"giradel26@hotmail.com\"]','[\"\"]','[\"\"]','','1121@1|','SENT'),(1126,'giradel26@hotmail.com','[\"giradel26@hotmail.com\"]','[\"\"]','[\"\"]','','1123@1|','SENT'),(1129,'programadorweb@mediosefectivos.com','[\"victor.diaz@emefectivas.com\"]','[\"\"]','[\"\"]','','1128@1|','SENT'),(1130,'paola.delgado@detupiel.co','[\"\",\"victor.diaz@emefectivas.com\"]','[\"\"]','[\"\"]','','1128@1|','SENT');
/*!40000 ALTER TABLE `vtiger_emaildetails` ENABLE KEYS */;
UNLOCK TABLES;

--
-- Table structure for table `vtiger_emails_recipientprefs`
--

DROP TABLE IF EXISTS `vtiger_emails_recipientprefs`;
/*!40101 SET @saved_cs_client     = @@character_set_client */;
/*!40101 SET character_set_client = utf8 */;
CREATE TABLE `vtiger_emails_recipientprefs` (
  `id` int(11) NOT NULL AUTO_INCREMENT,
  `tabid` int(11) NOT NULL,
  `prefs` varchar(255) DEFAULT NULL,
  `userid` int(11) DEFAULT NULL,
  PRIMARY KEY (`id`)
) ENGINE=InnoDB DEFAULT CHARSET=utf8;
/*!40101 SET character_set_client = @saved_cs_client */;

--
-- Dumping data for table `vtiger_emails_recipientprefs`
--

LOCK TABLES `vtiger_emails_recipientprefs` WRITE;
/*!40000 ALTER TABLE `vtiger_emails_recipientprefs` DISABLE KEYS */;
/*!40000 ALTER TABLE `vtiger_emails_recipientprefs` ENABLE KEYS */;
UNLOCK TABLES;

--
-- Table structure for table `vtiger_emailslookup`
--

DROP TABLE IF EXISTS `vtiger_emailslookup`;
/*!40101 SET @saved_cs_client     = @@character_set_client */;
/*!40101 SET character_set_client = utf8 */;
CREATE TABLE `vtiger_emailslookup` (
  `crmid` int(20) DEFAULT NULL,
  `setype` varchar(100) DEFAULT NULL,
  `value` varchar(100) DEFAULT NULL,
  `fieldid` int(20) DEFAULT NULL,
  UNIQUE KEY `emailslookup_crmid_setype_fieldname_uk` (`crmid`,`setype`,`fieldid`),
  KEY `emailslookup_fieldid_setype_idx` (`fieldid`,`setype`),
  CONSTRAINT `emailslookup_crmid_fk` FOREIGN KEY (`crmid`) REFERENCES `vtiger_crmentity` (`crmid`) ON DELETE CASCADE
) ENGINE=InnoDB DEFAULT CHARSET=utf8;
/*!40101 SET character_set_client = @saved_cs_client */;

--
-- Dumping data for table `vtiger_emailslookup`
--

LOCK TABLES `vtiger_emailslookup` WRITE;
/*!40000 ALTER TABLE `vtiger_emailslookup` DISABLE KEYS */;
INSERT INTO `vtiger_emailslookup` VALUES (1059,'Leads','sandra77spa@hotmail.com',46),(1071,'Leads','DIRECTOR@MEDIOSEFECTIVOS.CO',46),(1074,'Contacts','DIRECTOR@MEDIOSEFECTIVOS.CO',80),(1076,'Contacts','andreita.vera15@gmail.com',80),(1079,'Contacts','dava8531@hotmail.com',80),(1091,'Contacts','kren255@hotmail.com',80),(1094,'Contacts','Yo.lima.hidalgo@hotmail.com',80),(1098,'Contacts','nicho-jg@hotmail.com',80),(1105,'Contacts','alexandraacherocca@gmail.com',80),(1107,'Contacts','janellycortes75@gmail.com',80),(1117,'Contacts','claumi21@gmail.com',80),(1121,'Contacts','s_te_fa25@hotmail.com',80),(1123,'Contacts','jessicaospinaramirez@gmail.com',80),(1133,'Leads','woodthighgire1988@gmail.com',46),(1134,'Leads','no-replyEnteby@gmail.com',46),(1159,'Contacts','nuevotest@mediosefectivos.co',80);
/*!40000 ALTER TABLE `vtiger_emailslookup` ENABLE KEYS */;
UNLOCK TABLES;

--
-- Table structure for table `vtiger_emailtemplates`
--

DROP TABLE IF EXISTS `vtiger_emailtemplates`;
/*!40101 SET @saved_cs_client     = @@character_set_client */;
/*!40101 SET character_set_client = utf8 */;
CREATE TABLE `vtiger_emailtemplates` (
  `foldername` varchar(100) DEFAULT NULL,
  `templatename` varchar(100) DEFAULT NULL,
  `templatepath` varchar(100) DEFAULT NULL,
  `subject` varchar(255) DEFAULT NULL,
  `description` text,
  `body` text,
  `deleted` int(1) NOT NULL DEFAULT '0',
  `templateid` int(19) NOT NULL AUTO_INCREMENT,
  `systemtemplate` int(1) NOT NULL DEFAULT '0',
  `module` varchar(100) DEFAULT NULL,
  PRIMARY KEY (`templateid`),
  KEY `emailtemplates_foldernamd_templatename_subject_idx` (`foldername`,`templatename`,`subject`)
) ENGINE=InnoDB AUTO_INCREMENT=17 DEFAULT CHARSET=utf8;
/*!40101 SET character_set_client = @saved_cs_client */;

--
-- Dumping data for table `vtiger_emailtemplates`
--

LOCK TABLES `vtiger_emailtemplates` WRITE;
/*!40000 ALTER TABLE `vtiger_emailtemplates` DISABLE KEYS */;
INSERT INTO `vtiger_emailtemplates` VALUES ('Public','Announcement for Release','','Announcement for Release','Announcement of a release','Hello!   <br />\n	<br />\n	On behalf of the vtiger team,  I am pleased to announce the release of vtiger crm4.2 . This is a feature packed release including the mass email template handling, custom view feature, vtiger_reports feature and a host of other utilities. vtiger runs on all platforms.    <br />\n        <br />\n	Notable Features of vtiger are :   <br />\n	<br />\n	-Email Client Integration    <br />\n	-Trouble Ticket Integration   <br />\n	-Invoice Management Integration   <br />\n	-Reports Integration   <br />\n	-Portal Integration   <br />\n	-Enhanced Word Plugin Support   <br />\n	-Custom View Integration   <br />\n	<br />\n	Known Issues:   <br />\n	-ABCD   <br />\n	-EFGH   <br />\n	-IJKL   <br />\n	-MNOP   <br />\n	-QRST',0,1,0,'Contacts'),('Public','Pending Invoices','','Invoices Pending','Payment Due','name <br />\nstreet, <br />\ncity, <br />\nstate, <br />\n zip) <br />\n  <br />\n Dear <br />\n <br />\n Please check the following invoices that are yet to be paid by you: <br />\n <br />\n No. Date      Amount <br />\n 1   1/1/01    $4000 <br />\n 2   2/2//01   $5000 <br />\n 3   3/3/01    $10000 <br />\n 4   7/4/01    $23560 <br />\n <br />\n Kindly let us know if there are any issues that you feel are pending to be discussed. <br />\n We will be more than happy to give you a call. <br />\n We would like to continue our business with you.',0,2,0,'Contacts'),('Public','Acceptance Proposal','','Acceptance Proposal','Acceptance of Proposal',' Dear <br />\n <br />\nYour proposal on the project XYZW has been reviewed by us <br />\nand is acceptable in its entirety. <br />\n <br />\nWe are eagerly looking forward to this project <br />\nand are pleased about having the opportunity to work <br />\ntogether. We look forward to a long standing relationship <br />\nwith your esteemed firm. <br />\n<br />\nI would like to take this opportunity to invite you <br />\nto a game of golf on Wednesday morning 9am at the <br />\nCuff Links Ground. We will be waiting for you in the <br />\nExecutive Lounge. <br />\n<br />\nLooking forward to seeing you there.',0,3,0,'Contacts'),('Public','Goods received acknowledgement','','Goods received acknowledgement','Acknowledged Receipt of Goods',' The undersigned hereby acknowledges receipt and delivery of the goods. <br />\nThe undersigned will release the payment subject to the goods being discovered not satisfactory. <br />\n<br />\nSigned under seal this <date>',0,4,0,'Contacts'),('Public','Accept Order','','Accept Order','Acknowledgement/Acceptance of Order',' Dear <br />\n         We are in receipt of your order as contained in the <br />\n   purchase order form.We consider this to be final and binding on both sides. <br />\nIf there be any exceptions noted, we shall consider them <br />\nonly if the objection is received within ten days of receipt of <br />\nthis notice. <br />\n <br />\nThank you for your patronage.',0,5,0,'Contacts'),('Public','Address Change','','Change of Address','Address Change','Dear <br />\n <br />\nWe are relocating our office to <br />\n11111,XYZDEF Cross, <br />\nUVWWX Circle <br />\nThe telephone number for this new location is (101) 1212-1328. <br />\n<br />\nOur Manufacturing Division will continue operations <br />\nat 3250 Lovedale Square Avenue, in Frankfurt. <br />\n<br />\nWe hope to keep in touch with you all. <br />\nPlease update your addressbooks.',0,6,0,'Contacts'),('Public','Follow Up','','Follow Up','Follow Up of meeting','Dear <br />\n<br />\nThank you for extending us the opportunity to meet with <br />\nyou and members of your staff. <br />\n<br />\nI know that John Doe serviced your account <br />\nfor many years and made many friends at your firm. He has personally <br />\ndiscussed with me the deep relationship that he had with your firm. <br />\nWhile his presence will be missed, I can promise that we will <br />\ncontinue to provide the fine service that was accorded by <br />\nJohn to your firm. <br />\n<br />\nI was genuinely touched to receive such fine hospitality. <br />\n<br />\nThank you once again.',0,7,0,'Contacts'),('Public','Target Crossed!','','Target Crossed!','Fantastic Sales Spree!','Congratulations! <br />\n<br />\nThe numbers are in and I am proud to inform you that our <br />\ntotal sales for the previous quarter <br />\namounts to $100,000,00.00!. This is the first time <br />\nwe have exceeded the target by almost 30%. <br />\nWe have also beat the previous quarter record by a <br />\nwhopping 75%! <br />\n<br />\nLet us meet at Smoking Joe for a drink in the evening! <br />\n\nC you all there guys!',0,8,0,'Contacts'),('Public','Thanks Note','','Thanks Note','Note of thanks','Dear <br />\n<br />\nThank you for your confidence in our ability to serve you. <br />\nWe are glad to be given the chance to serve you.I look <br />\nforward to establishing a long term partnership with you. <br />\nConsider me as a friend. <br />\nShould any need arise,please do give us a call.',0,9,0,'Contacts'),('Public','Customer Login Details','','Customer Portal Login Details','Send Portal login details to customer','<!DOCTYPE HTML PUBLIC \"-//W3C//DTD HTML 4.01//EN\" \"http://www.w3.org/TR/html4/strict.dtd\">\n        <html>\n        <head>\n          <title></title>\n        </head>\n        <body class=\"scayt-enabled\">\n          <!-- <center> -->\n            <table border=\"0\" cellpadding=\"0\" cellspacing=\"0\" class=\"borderGrey\" width=\"600px\" style=\"margin-left:0px;\">\n              <tbody>\n                <tr>\n                  <td colspan=\"6\"><!-- Begin Pre header --><!-- // End Pre header \\ --></td>\n                </tr>\n                <tr style=\"height:50px;\">\n                  <td colspan=\"6\" style=\"\n                  font-family: Helvetica,Verdana,sans-serif\">\n                  <div style=\"margin-bottom:10px;color: rgb(34, 34, 34); font-family: arial, sans-serif; font-size: 14px; background-color: rgb(255, 255, 255);\"><br />\n                    Dear $contacts-firstname$ $contacts-lastname$,</div>\n\n                    <div style=\"margin-top:20px;margin-bottom:20px; color: rgb(34, 34, 34); font-family: arial, sans-serif; font-size: 14px; background-color: rgb(255, 255, 255);\">As our customer, you can be assured of getting excellent support from our team. I would like to take this opportunity to introduce the portal we have setup for valuable customers like you. You can submit questions/issues via the portal, see past issues and responses. In addition, Portal provides you access to our knowledge base and documents we shared with you in the past.\n                    </div>\n\n                    <div style=\"margin-top:10px;color: rgb(34, 34, 34); font-family: arial, sans-serif; font-size: 14px; background-color: rgb(255, 255, 255);\">$URL$ to login to the portal, with the credentials below.</div>\n\n                    <div style=\"margin-top:20px;color: rgb(34, 34, 34); font-family: arial, sans-serif; font-size: 14px; background-color: rgb(255, 255, 255);\">Your Username: $login_name$</div>\n\n                    <div style=\"margin-bottom:20px;color: rgb(34, 34, 34); font-family: arial, sans-serif; font-size: 14px; background-color: rgb(255, 255, 255);\">Your Password: $password$</div>\n                    <div class=\"gmail_extra\" style=\"margin-top:10px;color: rgb(34, 34, 34); font-family: arial, sans-serif; font-size: 14px; background-color: rgb(255, 255, 255);\">Thank you,<br />\n                      $contacts-smownerid$</div>\n\n                    </td>\n                  </tr>\n                  <tr>\n                    <td colspan=\"6\" style=\"font-family: Helvetica,Verdana,sans-serif;font-size: 11px;color: #666666;\">\n                      <table border=\"0\" cellpadding=\"4\" cellspacing=\"0\" width=\"100%\">\n                        <tbody>\n                          <!--copy right data-->\n                          <tr>\n                            <td valign=\"top\" style=\"\n                            padding-left: 0px;\n                            padding-right: 0px;\n                            width:350px\">\n                                <div style=\"margin-top:20px;\"><em>Powered By <a href=\"www.vtiger.com\">Vtiger</a><div>\n                            </td>\n                          </tr>\n                          <!--subscribers links-->\n                        </tbody>\n                      </table>\n                    </td>\n                  </tr>\n                </tbody>\n              </table>\n            <!-- </center> -->\n          </body>\n          </html>',0,10,0,'Contacts'),('Public','Support end notification before a week','','VtigerCRM Support Notification','Send Notification mail to customer before a week of support end date','<html>\r\n<head>\r\n	<title></title>\r\n</head>\r\n<body>\r\n<table align=\"center\" border=\"0\" cellpadding=\"0\" cellspacing=\"0\" style=\"font-family: Arial,Helvetica,sans-serif; font-size: 12px; font-weight: normal; text-decoration: none; background-color: rgb(122, 122, 254);\" width=\"700\">\r\n	<tbody>\r\n		<tr>\r\n			<td></td>\r\n			<td></td>\r\n			<td></td>\r\n		</tr>\r\n		<tr>\r\n			<td></td>\r\n			<td></td>\r\n			<td></td>\r\n		</tr>\r\n		<tr>\r\n			<td></td>\r\n			<td></td>\r\n			<td></td>\r\n		</tr>\r\n		<tr>\r\n			<td width=\"50\"></td>\r\n			<td>\r\n			<table border=\"0\" cellpadding=\"0\" cellspacing=\"0\" width=\"100%\">\r\n				<tbody>\r\n					<tr>\r\n						<td>\r\n						<table border=\"0\" cellpadding=\"0\" cellspacing=\"0\" style=\"background-color: rgb(27, 77, 140); font-family: Arial,Helvetica,sans-serif; font-size: 14px; color: rgb(255, 255, 255); font-weight: normal; line-height: 25px;\" width=\"100%\">\r\n							<tbody>\r\n								<tr>\r\n									<td align=\"center\" rowspan=\"4\">$logo$</td>\r\n									<td align=\"center\"></td>\r\n								</tr>\r\n								<tr>\r\n									<td align=\"left\" style=\"background-color: rgb(27, 77, 140); font-family: Arial,Helvetica,sans-serif; font-size: 24px; color: rgb(255, 255, 255); font-weight: bolder; line-height: 35px;\">CRM</td>\r\n								</tr>\r\n								<tr>\r\n									<td align=\"right\" style=\"padding-right: 100px;\">The honest Open Source CRM</td>\r\n								</tr>\r\n								<tr>\r\n									<td></td>\r\n								</tr>\r\n							</tbody>\r\n						</table>\r\n						</td>\r\n					</tr>\r\n					<tr>\r\n						<td>\r\n						<table border=\"0\" cellpadding=\"0\" cellspacing=\"0\" style=\"font-family: Arial,Helvetica,sans-serif; font-size: 12px; font-weight: normal; color: rgb(0, 0, 0); background-color: rgb(255, 255, 255);\" width=\"100%\">\r\n							<tbody>\r\n								<tr>\r\n									<td valign=\"top\">\r\n									<table border=\"0\" cellpadding=\"5\" cellspacing=\"0\" width=\"100%\">\r\n										<tbody>\r\n											<tr>\r\n												<td align=\"right\" style=\"font-family: Arial,Helvetica,sans-serif; font-size: 12px; font-weight: bolder; text-decoration: none; color: rgb(66, 66, 253);\"></td>\r\n											</tr>\r\n											<tr>\r\n												<td></td>\r\n											</tr>\r\n											<tr>\r\n												<td style=\"font-family: Arial,Helvetica,sans-serif; font-size: 14px; color: rgb(22, 72, 134); font-weight: bolder; line-height: 15px;\">Dear $contacts-lastname$,</td>\r\n											</tr>\r\n											<tr>\r\n												<td style=\"font-family: Arial,Helvetica,sans-serif; font-size: 12px; color: rgb(0, 0, 0); font-weight: normal; text-align: justify; line-height: 20px;\">This is just a notification mail regarding your support end.<br />\r\n												<span style=\"font-weight: bold;\">Priority:</span> Urgent<br />\r\n												Your Support is going to expire on next week<br />\r\n												Please contact support@vtiger.com.<br />\r\n												<br />\r\n												&nbsp;</td>\r\n											</tr>\r\n											<tr>\r\n												<td align=\"center\"></td>\r\n											</tr>\r\n											<tr>\r\n												<td align=\"right\"><br />\r\n												<br />\r\n												<strong style=\"padding: 2px; font-family: Arial,Helvetica,sans-serif; font-size: 12px; color: rgb(0, 0, 0); font-weight: bold;\">Sincerly</strong></td>\r\n											</tr>\r\n											<tr>\r\n												<td align=\"right\" style=\"font-family: Arial,Helvetica,sans-serif; font-size: 12px; color: rgb(0, 0, 0); font-weight: normal; line-height: 20px;\">Support Team</td>\r\n											</tr>\r\n											<tr>\r\n												<td align=\"right\"><a href=\"https://mediosefectivos.co/\" style=\"font-family: Arial,Helvetica,sans-serif; font-size: 12px; font-weight: bolder; text-decoration: none; color: rgb(66, 66, 253);\">www.mediosefectivos.co</a></td>\r\n											</tr>\r\n											<tr>\r\n												<td></td>\r\n											</tr>\r\n										</tbody>\r\n									</table>\r\n									</td>\r\n									<td valign=\"top\" width=\"1%\"></td>\r\n								</tr>\r\n							</tbody>\r\n						</table>\r\n						</td>\r\n					</tr>\r\n					<tr>\r\n						<td>\r\n						<table border=\"0\" cellpadding=\"5\" cellspacing=\"0\" style=\"font-family: Arial,Helvetica,sans-serif; font-size: 12px; color: rgb(255, 255, 255); font-weight: normal; line-height: 15px; background-color: rgb(51, 51, 51);\" width=\"100%\">\r\n							<tbody>\r\n								<tr>\r\n									<td align=\"center\">Carrera 34 # 3A-95 Cali - Colombia</td>\r\n								</tr>\r\n								<tr>\r\n									<td align=\"center\">Telephone No: +57 - 3148715813</td>\r\n								</tr>\r\n								<tr>\r\n									<td align=\"center\">Email Id: <a href=\"mailto:info@vtiger.com\" style=\"font-family: Arial,Helvetica,sans-serif; font-size: 12px; font-weight: bolder; text-decoration: none; color: rgb(255, 255, 255);\">info@mediosefectivos.co</a></td>\r\n								</tr>\r\n							</tbody>\r\n						</table>\r\n						</td>\r\n					</tr>\r\n				</tbody>\r\n			</table>\r\n			</td>\r\n			<td width=\"50\"></td>\r\n		</tr>\r\n		<tr>\r\n			<td></td>\r\n			<td></td>\r\n			<td></td>\r\n		</tr>\r\n		<tr>\r\n			<td></td>\r\n			<td></td>\r\n			<td></td>\r\n		</tr>\r\n		<tr>\r\n			<td></td>\r\n			<td></td>\r\n			<td></td>\r\n		</tr>\r\n	</tbody>\r\n</table>\r\n</body>\r\n</html>\r\n',0,11,0,'Contacts'),('Public','Support end notification before a month','','VtigerCRM Support Notification','Send Notification mail to customer before a month of support end date','<html>\r\n<head>\r\n	<title></title>\r\n</head>\r\n<body>\r\n<table align=\"center\" border=\"0\" cellpadding=\"0\" cellspacing=\"0\" style=\"font-family: Arial,Helvetica,sans-serif; font-size: 12px; font-weight: normal; text-decoration: none; background-color: rgb(122, 122, 254);\" width=\"700\">\r\n	<tbody>\r\n		<tr>\r\n			<td></td>\r\n			<td></td>\r\n			<td></td>\r\n		</tr>\r\n		<tr>\r\n			<td></td>\r\n			<td></td>\r\n			<td></td>\r\n		</tr>\r\n		<tr>\r\n			<td></td>\r\n			<td></td>\r\n			<td></td>\r\n		</tr>\r\n		<tr>\r\n			<td width=\"50\"></td>\r\n			<td>\r\n			<table border=\"0\" cellpadding=\"0\" cellspacing=\"0\" width=\"100%\">\r\n				<tbody>\r\n					<tr>\r\n						<td>\r\n						<table border=\"0\" cellpadding=\"0\" cellspacing=\"0\" style=\"background-color: rgb(27, 77, 140); font-family: Arial,Helvetica,sans-serif; font-size: 14px; color: rgb(255, 255, 255); font-weight: normal; line-height: 25px;\" width=\"100%\">\r\n							<tbody>\r\n								<tr>\r\n									<td align=\"center\" rowspan=\"4\">$logo$</td>\r\n									<td align=\"center\"></td>\r\n								</tr>\r\n								<tr>\r\n									<td align=\"left\" style=\"background-color: rgb(27, 77, 140); font-family: Arial,Helvetica,sans-serif; font-size: 24px; color: rgb(255, 255, 255); font-weight: bolder; line-height: 35px;\">CRM</td>\r\n								</tr>\r\n								<tr>\r\n									<td align=\"right\" style=\"padding-right: 100px;\">The honest Open Source CRM</td>\r\n								</tr>\r\n								<tr>\r\n									<td></td>\r\n								</tr>\r\n							</tbody>\r\n						</table>\r\n						</td>\r\n					</tr>\r\n					<tr>\r\n						<td>\r\n						<table border=\"0\" cellpadding=\"0\" cellspacing=\"0\" style=\"font-family: Arial,Helvetica,sans-serif; font-size: 12px; font-weight: normal; color: rgb(0, 0, 0); background-color: rgb(255, 255, 255);\" width=\"100%\">\r\n							<tbody>\r\n								<tr>\r\n									<td valign=\"top\">\r\n									<table border=\"0\" cellpadding=\"5\" cellspacing=\"0\" width=\"100%\">\r\n										<tbody>\r\n											<tr>\r\n												<td align=\"right\" style=\"font-family: Arial,Helvetica,sans-serif; font-size: 12px; font-weight: bolder; text-decoration: none; color: rgb(66, 66, 253);\"></td>\r\n											</tr>\r\n											<tr>\r\n												<td></td>\r\n											</tr>\r\n											<tr>\r\n												<td style=\"font-family: Arial,Helvetica,sans-serif; font-size: 14px; color: rgb(22, 72, 134); font-weight: bolder; line-height: 15px;\">Dear $contacts-lastname$,</td>\r\n											</tr>\r\n											<tr>\r\n												<td style=\"font-family: Arial,Helvetica,sans-serif; font-size: 12px; color: rgb(0, 0, 0); font-weight: normal; text-align: justify; line-height: 20px;\">This is just a notification mail regarding your support end.<br />\r\n												<span style=\"font-weight: bold;\">Priority:</span> Normal<br />\r\n												Your Support is going to expire on next month.<br />\r\n												Please contact support@vtiger.com<br />\r\n												<br />\r\n												&nbsp;</td>\r\n											</tr>\r\n											<tr>\r\n												<td align=\"center\"></td>\r\n											</tr>\r\n											<tr>\r\n												<td align=\"right\"><br />\r\n												<br />\r\n												<strong style=\"padding: 2px; font-family: Arial,Helvetica,sans-serif; font-size: 12px; color: rgb(0, 0, 0); font-weight: bold;\">Sincerly</strong></td>\r\n											</tr>\r\n											<tr>\r\n												<td align=\"right\" style=\"font-family: Arial,Helvetica,sans-serif; font-size: 12px; color: rgb(0, 0, 0); font-weight: normal; line-height: 20px;\">Support Team</td>\r\n											</tr>\r\n											<tr>\r\n												<td align=\"right\"><a href=\"https://mediosefectivos.co/\" style=\"font-family: Arial,Helvetica,sans-serif; font-size: 12px; font-weight: bolder; text-decoration: none; color: rgb(66, 66, 253);\">www.mediosefectivos.co</a></td>\r\n											</tr>\r\n											<tr>\r\n												<td></td>\r\n											</tr>\r\n										</tbody>\r\n									</table>\r\n									</td>\r\n									<td valign=\"top\" width=\"1%\"></td>\r\n								</tr>\r\n							</tbody>\r\n						</table>\r\n						</td>\r\n					</tr>\r\n					<tr>\r\n						<td>\r\n						<table border=\"0\" cellpadding=\"5\" cellspacing=\"0\" style=\"font-family: Arial,Helvetica,sans-serif; font-size: 12px; color: rgb(255, 255, 255); font-weight: normal; line-height: 15px; background-color: rgb(51, 51, 51);\" width=\"100%\">\r\n							<tbody>\r\n								<tr>\r\n									<td align=\"center\">Carrera 34 No. 3A-95 Cali - Colombia</td>\r\n								</tr>\r\n								<tr>\r\n									<td align=\"center\">Telephone No: +57 -3148715813</td>\r\n								</tr>\r\n								<tr>\r\n									<td align=\"center\">Email Id: <a href=\"mailto:info@vtiger.com\" style=\"font-family: Arial,Helvetica,sans-serif; font-size: 12px; font-weight: bolder; text-decoration: none; color: rgb(255, 255, 255);\">info@mediosefectivos.co</a></td>\r\n								</tr>\r\n							</tbody>\r\n						</table>\r\n						</td>\r\n					</tr>\r\n				</tbody>\r\n			</table>\r\n			</td>\r\n			<td width=\"50\"></td>\r\n		</tr>\r\n		<tr>\r\n			<td></td>\r\n			<td></td>\r\n			<td></td>\r\n		</tr>\r\n		<tr>\r\n			<td></td>\r\n			<td></td>\r\n			<td></td>\r\n		</tr>\r\n		<tr>\r\n			<td></td>\r\n			<td></td>\r\n			<td></td>\r\n		</tr>\r\n	</tbody>\r\n</table>\r\n</body>\r\n</html>\r\n',0,12,0,'Contacts'),('Public','Activity Reminder',NULL,'Reminder','Reminder','<p>This is a reminder notification for the Activity<br/>The details are :<br/> \n							&nbsp; Subject : $events-subject$<br/> \n							&nbsp; Start Date & Time : $events-date_start$<br/>\n							&nbsp; End Date & Time : $events-due_date$<br/> \n							&nbsp; Status : $events-eventstatus$<br/> \n							&nbsp; Location : $events-location$<br/> \n							&nbsp; Description : $events-description$<br/><br/> \n							<p/>',0,14,1,'Events'),('Public','ToDo Reminder',NULL,'Activity Reminder','Reminder','<p>This is a reminder notification for the Activity<br/>The details are :<br/>\n								&nbsp; Subject : $calendar-subject$<br/>\n								&nbsp; Start Date & Time : $calendar-date_start$<br/>\n								&nbsp; Due Date : $calendar-due_date$<br/>\n								&nbsp; Status : $calendar-status$<br/>\n								&nbsp; Location : $calendar-location$<br/>\n								&nbsp; Description : $calendar-description$<br/><br/>\n								<p/>',0,15,1,'Events'),('Public','Invite Users',NULL,'Invitation','Invite Users','<p>$invitee_name$,<br/><br/>You have been invited for an activity<br/><br/>The details are :<br/>\n								&nbsp; Subject : $events-subject$<br/>\n								&nbsp; Start Date & Time : $events-date_start$<br/> \n								&nbsp; End Date & Time : $events-due_date$<br/>\n								&nbsp; Status : $events-eventstatus$<br/>\n								&nbsp; Priority : $events-priority$<br/>\n								&nbsp; Related To : $events-crmid$<br/>\n								&nbsp; Contact List : $events-contactid$<br/>\n								&nbsp; Location : $events-location$<br/>\n								&nbsp; Description : $events-description$<br/><br/>\n								Thanks & Regards,<br/>\n								$current_user_name$\n								<p/>',0,16,1,'Events');
/*!40000 ALTER TABLE `vtiger_emailtemplates` ENABLE KEYS */;
UNLOCK TABLES;

--
-- Table structure for table `vtiger_emailtemplates_seq`
--

DROP TABLE IF EXISTS `vtiger_emailtemplates_seq`;
/*!40101 SET @saved_cs_client     = @@character_set_client */;
/*!40101 SET character_set_client = utf8 */;
CREATE TABLE `vtiger_emailtemplates_seq` (
  `id` int(11) NOT NULL
) ENGINE=InnoDB DEFAULT CHARSET=utf8;
/*!40101 SET character_set_client = @saved_cs_client */;

--
-- Dumping data for table `vtiger_emailtemplates_seq`
--

LOCK TABLES `vtiger_emailtemplates_seq` WRITE;
/*!40000 ALTER TABLE `vtiger_emailtemplates_seq` DISABLE KEYS */;
INSERT INTO `vtiger_emailtemplates_seq` VALUES (16);
/*!40000 ALTER TABLE `vtiger_emailtemplates_seq` ENABLE KEYS */;
UNLOCK TABLES;

--
-- Table structure for table `vtiger_entityname`
--

DROP TABLE IF EXISTS `vtiger_entityname`;
/*!40101 SET @saved_cs_client     = @@character_set_client */;
/*!40101 SET character_set_client = utf8 */;
CREATE TABLE `vtiger_entityname` (
  `tabid` int(19) NOT NULL DEFAULT '0',
  `modulename` varchar(100) DEFAULT NULL,
  `tablename` varchar(100) NOT NULL,
  `fieldname` varchar(150) NOT NULL,
  `entityidfield` varchar(150) NOT NULL,
  `entityidcolumn` varchar(150) NOT NULL,
  PRIMARY KEY (`tabid`),
  KEY `entityname_tabid_idx` (`tabid`),
  CONSTRAINT `fk_1_vtiger_entityname` FOREIGN KEY (`tabid`) REFERENCES `vtiger_tab` (`tabid`) ON DELETE CASCADE
) ENGINE=InnoDB DEFAULT CHARSET=utf8;
/*!40101 SET character_set_client = @saved_cs_client */;

--
-- Dumping data for table `vtiger_entityname`
--

LOCK TABLES `vtiger_entityname` WRITE;
/*!40000 ALTER TABLE `vtiger_entityname` DISABLE KEYS */;
INSERT INTO `vtiger_entityname` VALUES (2,'Potentials','vtiger_potential','potentialname','potentialid','potential_id'),(4,'Contacts','vtiger_contactdetails','firstname,lastname','contactid','contact_id'),(6,'Accounts','vtiger_account','accountname','accountid','account_id'),(7,'Leads','vtiger_leaddetails','firstname,lastname','leadid','leadid'),(8,'Documents','vtiger_notes','title','notesid','notesid'),(9,'Calendar','vtiger_activity','subject','activityid','activityid'),(10,'Emails','vtiger_activity','subject','activityid','activityid'),(13,'HelpDesk','vtiger_troubletickets','title','ticketid','ticketid'),(14,'Products','vtiger_products','productname','productid','product_id'),(15,'Faq','vtiger_faq','question','id','id'),(18,'Vendors','vtiger_vendor','vendorname','vendorid','vendor_id'),(19,'PriceBooks','vtiger_pricebook','bookname','pricebookid','pricebookid'),(20,'Quotes','vtiger_quotes','subject','quoteid','quote_id'),(21,'PurchaseOrder','vtiger_purchaseorder','subject','purchaseorderid','purchaseorderid'),(22,'SalesOrder','vtiger_salesorder','subject','salesorderid','salesorder_id'),(23,'Invoice','vtiger_invoice','subject','invoiceid','invoiceid'),(26,'Campaigns','vtiger_campaign','campaignname','campaignid','campaignid'),(29,'Users','vtiger_users','first_name,last_name','id','id'),(32,'Services','vtiger_service','servicename','serviceid','serviceid'),(34,'PBXManager','vtiger_pbxmanager','customernumber','pbxmanagerid','pbxmanagerid'),(35,'ServiceContracts','vtiger_servicecontracts','subject','servicecontractsid','servicecontractsid'),(38,'ProjectMilestone','vtiger_projectmilestone','projectmilestonename','projectmilestoneid','projectmilestoneid'),(39,'ProjectTask','vtiger_projecttask','projecttaskname','projecttaskid','projecttaskid'),(40,'Project','vtiger_project','projectname','projectid','projectid'),(43,'SMSNotifier','vtiger_smsnotifier','message','smsnotifierid','smsnotifierid'),(45,'ModComments','vtiger_modcomments','commentcontent','modcommentsid','modcommentsid'),(47,'Assets','vtiger_assets','assetname','assetsid','assetsid');
/*!40000 ALTER TABLE `vtiger_entityname` ENABLE KEYS */;
UNLOCK TABLES;

--
-- Table structure for table `vtiger_eventhandler_module`
--

DROP TABLE IF EXISTS `vtiger_eventhandler_module`;
/*!40101 SET @saved_cs_client     = @@character_set_client */;
/*!40101 SET character_set_client = utf8 */;
CREATE TABLE `vtiger_eventhandler_module` (
  `eventhandler_module_id` int(11) NOT NULL AUTO_INCREMENT,
  `module_name` varchar(100) DEFAULT NULL,
  `handler_class` varchar(100) DEFAULT NULL,
  PRIMARY KEY (`eventhandler_module_id`)
) ENGINE=InnoDB AUTO_INCREMENT=6 DEFAULT CHARSET=utf8;
/*!40101 SET character_set_client = @saved_cs_client */;

--
-- Dumping data for table `vtiger_eventhandler_module`
--

LOCK TABLES `vtiger_eventhandler_module` WRITE;
/*!40000 ALTER TABLE `vtiger_eventhandler_module` DISABLE KEYS */;
INSERT INTO `vtiger_eventhandler_module` VALUES (1,'ModTracker','ModTrackerHandler'),(2,'ServiceContracts','ServiceContractsHandler'),(3,'Home','Vtiger_RecordLabelUpdater_Handler'),(4,'Invoice','InvoiceHandler'),(5,'PurchaseOrder','PurchaseOrderHandler');
/*!40000 ALTER TABLE `vtiger_eventhandler_module` ENABLE KEYS */;
UNLOCK TABLES;

--
-- Table structure for table `vtiger_eventhandler_module_seq`
--

DROP TABLE IF EXISTS `vtiger_eventhandler_module_seq`;
/*!40101 SET @saved_cs_client     = @@character_set_client */;
/*!40101 SET character_set_client = utf8 */;
CREATE TABLE `vtiger_eventhandler_module_seq` (
  `id` int(11) NOT NULL
) ENGINE=InnoDB DEFAULT CHARSET=utf8;
/*!40101 SET character_set_client = @saved_cs_client */;

--
-- Dumping data for table `vtiger_eventhandler_module_seq`
--

LOCK TABLES `vtiger_eventhandler_module_seq` WRITE;
/*!40000 ALTER TABLE `vtiger_eventhandler_module_seq` DISABLE KEYS */;
INSERT INTO `vtiger_eventhandler_module_seq` VALUES (5);
/*!40000 ALTER TABLE `vtiger_eventhandler_module_seq` ENABLE KEYS */;
UNLOCK TABLES;

--
-- Table structure for table `vtiger_eventhandlers`
--

DROP TABLE IF EXISTS `vtiger_eventhandlers`;
/*!40101 SET @saved_cs_client     = @@character_set_client */;
/*!40101 SET character_set_client = utf8 */;
CREATE TABLE `vtiger_eventhandlers` (
  `eventhandler_id` int(11) NOT NULL AUTO_INCREMENT,
  `event_name` varchar(100) NOT NULL,
  `handler_path` varchar(400) NOT NULL,
  `handler_class` varchar(100) NOT NULL,
  `cond` text,
  `is_active` int(1) NOT NULL,
  `dependent_on` varchar(255) DEFAULT '[]',
  PRIMARY KEY (`eventhandler_id`,`event_name`,`handler_class`),
  UNIQUE KEY `eventhandler_idx` (`eventhandler_id`)
) ENGINE=InnoDB AUTO_INCREMENT=36 DEFAULT CHARSET=utf8;
/*!40101 SET character_set_client = @saved_cs_client */;

--
-- Dumping data for table `vtiger_eventhandlers`
--

LOCK TABLES `vtiger_eventhandlers` WRITE;
/*!40000 ALTER TABLE `vtiger_eventhandlers` DISABLE KEYS */;
INSERT INTO `vtiger_eventhandlers` VALUES (1,'vtiger.entity.aftersave','modules/SalesOrder/RecurringInvoiceHandler.php','RecurringInvoiceHandler','',1,'[]'),(2,'vtiger.entity.beforesave','data/VTEntityDelta.php','VTEntityDelta','',1,'[]'),(3,'vtiger.entity.aftersave','data/VTEntityDelta.php','VTEntityDelta','',1,'[]'),(4,'vtiger.entity.aftersave','modules/com_vtiger_workflow/VTEventHandler.inc','VTWorkflowEventHandler','',1,'[\"VTEntityDelta\"]'),(5,'vtiger.entity.afterrestore','modules/com_vtiger_workflow/VTEventHandler.inc','VTWorkflowEventHandler','',1,'[]'),(6,'vtiger.entity.aftersave.final','modules/HelpDesk/HelpDeskHandler.php','HelpDeskHandler','',1,'[]'),(7,'vtiger.entity.aftersave.final','modules/ModTracker/ModTrackerHandler.php','ModTrackerHandler','',1,'[]'),(8,'vtiger.entity.beforedelete','modules/ModTracker/ModTrackerHandler.php','ModTrackerHandler','',1,'[]'),(9,'vtiger.entity.afterrestore','modules/ModTracker/ModTrackerHandler.php','ModTrackerHandler','',1,'[]'),(16,'vtiger.entity.beforesave','modules/ServiceContracts/ServiceContractsHandler.php','ServiceContractsHandler','',0,'[]'),(17,'vtiger.entity.aftersave','modules/ServiceContracts/ServiceContractsHandler.php','ServiceContractsHandler','',0,'[]'),(18,'vtiger.entity.aftersave','modules/WSAPP/WorkFlowHandlers/WSAPPAssignToTracker.php','WSAPPAssignToTracker','',1,'[\"VTEntityDelta\"]'),(19,'vtiger.entity.aftersave','modules/Vtiger/handlers/RecordLabelUpdater.php','Vtiger_RecordLabelUpdater_Handler','',1,'[]'),(20,'vtiger.entity.aftersave','modules/Invoice/InvoiceHandler.php','InvoiceHandler','',1,'[]'),(21,'vtiger.entity.aftersave','modules/PurchaseOrder/PurchaseOrderHandler.php','PurchaseOrderHandler','',1,'[]'),(22,'vtiger.entity.aftersave','modules/ModComments/ModCommentsHandler.php','ModCommentsHandler','',1,'[]'),(23,'vtiger.picklist.afterrename','modules/Settings/Picklist/handlers/PickListHandler.php','PickListHandler','',1,'[]'),(24,'vtiger.picklist.afterdelete','modules/Settings/Picklist/handlers/PickListHandler.php','PickListHandler','',1,'[]'),(25,'vtiger.entity.aftersave','modules/Vtiger/handlers/EmailLookupHandler.php','EmailLookupHandler','',1,'[\"VTEntityDelta\"]'),(26,'vtiger.entity.afterdelete','modules/Vtiger/handlers/EmailLookupHandler.php','EmailLookupHandler','',1,'[]'),(27,'vtiger.entity.afterrestore','modules/Vtiger/handlers/EmailLookupHandler.php','EmailLookupHandler','',1,'[]'),(28,'vtiger.batchevent.save','modules/Vtiger/handlers/EmailLookupHandler.php','EmailLookupBatchHandler','',1,'[]'),(29,'vtiger.lead.convertlead','modules/Leads/handlers/LeadHandler.php','LeadHandler','',1,'[]'),(30,'vtiger.entity.beforesave','modules/Vtiger/handlers/CheckDuplicateHandler.php','CheckDuplicateHandler','',1,'[]'),(31,'vtiger.entity.beforerestore','modules/Vtiger/handlers/CheckDuplicateHandler.php','CheckDuplicateHandler','',1,'[]'),(32,'vtiger.entity.aftersave','modules/Vtiger/handlers/FollowRecordHandler.php','FollowRecordHandler','',1,'[]'),(33,'vtiger.field.afterdelete','modules/Vtiger/handlers/FieldEventHandler.php','FieldEventHandler','',1,'[]'),(34,'vtiger.entity.beforerelate','modules/Vtiger/handlers/RelateEntitesHandler.php','RelateEntitesHandler','',1,'[]'),(35,'vtiger.entity.afterrelate','modules/Vtiger/handlers/RelateEntitesHandler.php','RelateEntitesHandler','',1,'[]');
/*!40000 ALTER TABLE `vtiger_eventhandlers` ENABLE KEYS */;
UNLOCK TABLES;

--
-- Table structure for table `vtiger_eventhandlers_seq`
--

DROP TABLE IF EXISTS `vtiger_eventhandlers_seq`;
/*!40101 SET @saved_cs_client     = @@character_set_client */;
/*!40101 SET character_set_client = utf8 */;
CREATE TABLE `vtiger_eventhandlers_seq` (
  `id` int(11) NOT NULL
) ENGINE=InnoDB DEFAULT CHARSET=utf8;
/*!40101 SET character_set_client = @saved_cs_client */;

--
-- Dumping data for table `vtiger_eventhandlers_seq`
--

LOCK TABLES `vtiger_eventhandlers_seq` WRITE;
/*!40000 ALTER TABLE `vtiger_eventhandlers_seq` DISABLE KEYS */;
INSERT INTO `vtiger_eventhandlers_seq` VALUES (35);
/*!40000 ALTER TABLE `vtiger_eventhandlers_seq` ENABLE KEYS */;
UNLOCK TABLES;

--
-- Table structure for table `vtiger_eventstatus`
--

DROP TABLE IF EXISTS `vtiger_eventstatus`;
/*!40101 SET @saved_cs_client     = @@character_set_client */;
/*!40101 SET character_set_client = utf8 */;
CREATE TABLE `vtiger_eventstatus` (
  `eventstatusid` int(19) NOT NULL AUTO_INCREMENT,
  `eventstatus` varchar(200) NOT NULL,
  `presence` int(1) NOT NULL DEFAULT '1',
  `picklist_valueid` int(19) NOT NULL DEFAULT '0',
  `sortorderid` int(11) DEFAULT NULL,
  `color` varchar(10) DEFAULT NULL,
  PRIMARY KEY (`eventstatusid`)
) ENGINE=InnoDB AUTO_INCREMENT=4 DEFAULT CHARSET=utf8;
/*!40101 SET character_set_client = @saved_cs_client */;

--
-- Dumping data for table `vtiger_eventstatus`
--

LOCK TABLES `vtiger_eventstatus` WRITE;
/*!40000 ALTER TABLE `vtiger_eventstatus` DISABLE KEYS */;
INSERT INTO `vtiger_eventstatus` VALUES (1,'Planned',0,38,0,NULL),(2,'Held',0,39,1,NULL),(3,'Not Held',0,40,2,NULL);
/*!40000 ALTER TABLE `vtiger_eventstatus` ENABLE KEYS */;
UNLOCK TABLES;

--
-- Table structure for table `vtiger_eventstatus_seq`
--

DROP TABLE IF EXISTS `vtiger_eventstatus_seq`;
/*!40101 SET @saved_cs_client     = @@character_set_client */;
/*!40101 SET character_set_client = utf8 */;
CREATE TABLE `vtiger_eventstatus_seq` (
  `id` int(11) NOT NULL
) ENGINE=InnoDB DEFAULT CHARSET=utf8;
/*!40101 SET character_set_client = @saved_cs_client */;

--
-- Dumping data for table `vtiger_eventstatus_seq`
--

LOCK TABLES `vtiger_eventstatus_seq` WRITE;
/*!40000 ALTER TABLE `vtiger_eventstatus_seq` DISABLE KEYS */;
INSERT INTO `vtiger_eventstatus_seq` VALUES (3);
/*!40000 ALTER TABLE `vtiger_eventstatus_seq` ENABLE KEYS */;
UNLOCK TABLES;

--
-- Table structure for table `vtiger_expectedresponse`
--

DROP TABLE IF EXISTS `vtiger_expectedresponse`;
/*!40101 SET @saved_cs_client     = @@character_set_client */;
/*!40101 SET character_set_client = utf8 */;
CREATE TABLE `vtiger_expectedresponse` (
  `expectedresponseid` int(19) NOT NULL AUTO_INCREMENT,
  `expectedresponse` varchar(200) NOT NULL,
  `presence` int(1) NOT NULL DEFAULT '1',
  `picklist_valueid` int(19) NOT NULL DEFAULT '0',
  `sortorderid` int(11) DEFAULT NULL,
  `color` varchar(10) DEFAULT NULL,
  PRIMARY KEY (`expectedresponseid`),
  UNIQUE KEY `CampaignExpRes_UK01` (`expectedresponse`)
) ENGINE=InnoDB AUTO_INCREMENT=6 DEFAULT CHARSET=utf8;
/*!40101 SET character_set_client = @saved_cs_client */;

--
-- Dumping data for table `vtiger_expectedresponse`
--

LOCK TABLES `vtiger_expectedresponse` WRITE;
/*!40000 ALTER TABLE `vtiger_expectedresponse` DISABLE KEYS */;
INSERT INTO `vtiger_expectedresponse` VALUES (2,'Excellent',1,42,1,NULL),(3,'Good',1,43,2,NULL),(4,'Average',1,44,3,NULL),(5,'Poor',1,45,4,NULL);
/*!40000 ALTER TABLE `vtiger_expectedresponse` ENABLE KEYS */;
UNLOCK TABLES;

--
-- Table structure for table `vtiger_expectedresponse_seq`
--

DROP TABLE IF EXISTS `vtiger_expectedresponse_seq`;
/*!40101 SET @saved_cs_client     = @@character_set_client */;
/*!40101 SET character_set_client = utf8 */;
CREATE TABLE `vtiger_expectedresponse_seq` (
  `id` int(11) NOT NULL
) ENGINE=InnoDB DEFAULT CHARSET=utf8;
/*!40101 SET character_set_client = @saved_cs_client */;

--
-- Dumping data for table `vtiger_expectedresponse_seq`
--

LOCK TABLES `vtiger_expectedresponse_seq` WRITE;
/*!40000 ALTER TABLE `vtiger_expectedresponse_seq` DISABLE KEYS */;
INSERT INTO `vtiger_expectedresponse_seq` VALUES (5);
/*!40000 ALTER TABLE `vtiger_expectedresponse_seq` ENABLE KEYS */;
UNLOCK TABLES;

--
-- Table structure for table `vtiger_extnstore_users`
--

DROP TABLE IF EXISTS `vtiger_extnstore_users`;
/*!40101 SET @saved_cs_client     = @@character_set_client */;
/*!40101 SET character_set_client = utf8 */;
CREATE TABLE `vtiger_extnstore_users` (
  `id` int(11) NOT NULL AUTO_INCREMENT,
  `username` varchar(50) DEFAULT NULL,
  `password` varchar(75) DEFAULT NULL,
  `instanceurl` varchar(255) DEFAULT NULL,
  `createdon` datetime DEFAULT NULL,
  `deleted` int(1) NOT NULL DEFAULT '0',
  PRIMARY KEY (`id`)
) ENGINE=InnoDB AUTO_INCREMENT=2 DEFAULT CHARSET=utf8;
/*!40101 SET character_set_client = @saved_cs_client */;

--
-- Dumping data for table `vtiger_extnstore_users`
--

LOCK TABLES `vtiger_extnstore_users` WRITE;
/*!40000 ALTER TABLE `vtiger_extnstore_users` DISABLE KEYS */;
INSERT INTO `vtiger_extnstore_users` VALUES (1,'victor.diaz@emefectivas.com',NULL,NULL,'2022-01-23 16:01:49',0);
/*!40000 ALTER TABLE `vtiger_extnstore_users` ENABLE KEYS */;
UNLOCK TABLES;

--
-- Table structure for table `vtiger_faq`
--

DROP TABLE IF EXISTS `vtiger_faq`;
/*!40101 SET @saved_cs_client     = @@character_set_client */;
/*!40101 SET character_set_client = utf8 */;
CREATE TABLE `vtiger_faq` (
  `id` int(11) NOT NULL AUTO_INCREMENT,
  `faq_no` varchar(100) NOT NULL,
  `product_id` varchar(100) DEFAULT NULL,
  `question` text,
  `answer` text,
  `category` varchar(200) NOT NULL,
  `status` varchar(200) NOT NULL,
  `tags` varchar(1) DEFAULT NULL,
  PRIMARY KEY (`id`),
  KEY `faq_id_idx` (`id`),
  CONSTRAINT `fk_1_vtiger_faq` FOREIGN KEY (`id`) REFERENCES `vtiger_crmentity` (`crmid`) ON DELETE CASCADE
) ENGINE=InnoDB DEFAULT CHARSET=utf8;
/*!40101 SET character_set_client = @saved_cs_client */;

--
-- Dumping data for table `vtiger_faq`
--

LOCK TABLES `vtiger_faq` WRITE;
/*!40000 ALTER TABLE `vtiger_faq` DISABLE KEYS */;
/*!40000 ALTER TABLE `vtiger_faq` ENABLE KEYS */;
UNLOCK TABLES;

--
-- Table structure for table `vtiger_faqcategories`
--

DROP TABLE IF EXISTS `vtiger_faqcategories`;
/*!40101 SET @saved_cs_client     = @@character_set_client */;
/*!40101 SET character_set_client = utf8 */;
CREATE TABLE `vtiger_faqcategories` (
  `faqcategories_id` int(19) NOT NULL AUTO_INCREMENT,
  `faqcategories` varchar(200) DEFAULT NULL,
  `presence` int(1) NOT NULL DEFAULT '1',
  `picklist_valueid` int(19) NOT NULL DEFAULT '0',
  `sortorderid` int(11) DEFAULT NULL,
  `color` varchar(10) DEFAULT NULL,
  PRIMARY KEY (`faqcategories_id`)
) ENGINE=InnoDB AUTO_INCREMENT=2 DEFAULT CHARSET=utf8;
/*!40101 SET character_set_client = @saved_cs_client */;

--
-- Dumping data for table `vtiger_faqcategories`
--

LOCK TABLES `vtiger_faqcategories` WRITE;
/*!40000 ALTER TABLE `vtiger_faqcategories` DISABLE KEYS */;
INSERT INTO `vtiger_faqcategories` VALUES (1,'General',1,46,0,NULL);
/*!40000 ALTER TABLE `vtiger_faqcategories` ENABLE KEYS */;
UNLOCK TABLES;

--
-- Table structure for table `vtiger_faqcategories_seq`
--

DROP TABLE IF EXISTS `vtiger_faqcategories_seq`;
/*!40101 SET @saved_cs_client     = @@character_set_client */;
/*!40101 SET character_set_client = utf8 */;
CREATE TABLE `vtiger_faqcategories_seq` (
  `id` int(11) NOT NULL
) ENGINE=InnoDB DEFAULT CHARSET=utf8;
/*!40101 SET character_set_client = @saved_cs_client */;

--
-- Dumping data for table `vtiger_faqcategories_seq`
--

LOCK TABLES `vtiger_faqcategories_seq` WRITE;
/*!40000 ALTER TABLE `vtiger_faqcategories_seq` DISABLE KEYS */;
INSERT INTO `vtiger_faqcategories_seq` VALUES (1);
/*!40000 ALTER TABLE `vtiger_faqcategories_seq` ENABLE KEYS */;
UNLOCK TABLES;

--
-- Table structure for table `vtiger_faqcf`
--

DROP TABLE IF EXISTS `vtiger_faqcf`;
/*!40101 SET @saved_cs_client     = @@character_set_client */;
/*!40101 SET character_set_client = utf8 */;
CREATE TABLE `vtiger_faqcf` (
  `faqid` int(19) NOT NULL DEFAULT '0',
  PRIMARY KEY (`faqid`),
  CONSTRAINT `fk_1_vtiger_faqcf` FOREIGN KEY (`faqid`) REFERENCES `vtiger_faq` (`id`) ON DELETE CASCADE
) ENGINE=InnoDB DEFAULT CHARSET=utf8;
/*!40101 SET character_set_client = @saved_cs_client */;

--
-- Dumping data for table `vtiger_faqcf`
--

LOCK TABLES `vtiger_faqcf` WRITE;
/*!40000 ALTER TABLE `vtiger_faqcf` DISABLE KEYS */;
/*!40000 ALTER TABLE `vtiger_faqcf` ENABLE KEYS */;
UNLOCK TABLES;

--
-- Table structure for table `vtiger_faqcomments`
--

DROP TABLE IF EXISTS `vtiger_faqcomments`;
/*!40101 SET @saved_cs_client     = @@character_set_client */;
/*!40101 SET character_set_client = utf8 */;
CREATE TABLE `vtiger_faqcomments` (
  `commentid` int(19) NOT NULL AUTO_INCREMENT,
  `faqid` int(19) DEFAULT NULL,
  `comments` text,
  `createdtime` datetime NOT NULL,
  PRIMARY KEY (`commentid`),
  KEY `faqcomments_faqid_idx` (`faqid`),
  CONSTRAINT `fk_1_vtiger_faqcomments` FOREIGN KEY (`faqid`) REFERENCES `vtiger_faq` (`id`) ON DELETE CASCADE
) ENGINE=InnoDB DEFAULT CHARSET=utf8;
/*!40101 SET character_set_client = @saved_cs_client */;

--
-- Dumping data for table `vtiger_faqcomments`
--

LOCK TABLES `vtiger_faqcomments` WRITE;
/*!40000 ALTER TABLE `vtiger_faqcomments` DISABLE KEYS */;
/*!40000 ALTER TABLE `vtiger_faqcomments` ENABLE KEYS */;
UNLOCK TABLES;

--
-- Table structure for table `vtiger_faqstatus`
--

DROP TABLE IF EXISTS `vtiger_faqstatus`;
/*!40101 SET @saved_cs_client     = @@character_set_client */;
/*!40101 SET character_set_client = utf8 */;
CREATE TABLE `vtiger_faqstatus` (
  `faqstatus_id` int(19) NOT NULL AUTO_INCREMENT,
  `faqstatus` varchar(200) DEFAULT NULL,
  `presence` int(1) NOT NULL DEFAULT '1',
  `picklist_valueid` int(19) NOT NULL DEFAULT '0',
  `sortorderid` int(11) DEFAULT NULL,
  `color` varchar(10) DEFAULT NULL,
  PRIMARY KEY (`faqstatus_id`)
) ENGINE=InnoDB AUTO_INCREMENT=5 DEFAULT CHARSET=utf8;
/*!40101 SET character_set_client = @saved_cs_client */;

--
-- Dumping data for table `vtiger_faqstatus`
--

LOCK TABLES `vtiger_faqstatus` WRITE;
/*!40000 ALTER TABLE `vtiger_faqstatus` DISABLE KEYS */;
INSERT INTO `vtiger_faqstatus` VALUES (1,'Draft',0,47,0,NULL),(2,'Reviewed',0,48,1,NULL),(3,'Published',0,49,2,NULL),(4,'Obsolete',0,50,3,NULL);
/*!40000 ALTER TABLE `vtiger_faqstatus` ENABLE KEYS */;
UNLOCK TABLES;

--
-- Table structure for table `vtiger_faqstatus_seq`
--

DROP TABLE IF EXISTS `vtiger_faqstatus_seq`;
/*!40101 SET @saved_cs_client     = @@character_set_client */;
/*!40101 SET character_set_client = utf8 */;
CREATE TABLE `vtiger_faqstatus_seq` (
  `id` int(11) NOT NULL
) ENGINE=InnoDB DEFAULT CHARSET=utf8;
/*!40101 SET character_set_client = @saved_cs_client */;

--
-- Dumping data for table `vtiger_faqstatus_seq`
--

LOCK TABLES `vtiger_faqstatus_seq` WRITE;
/*!40000 ALTER TABLE `vtiger_faqstatus_seq` DISABLE KEYS */;
INSERT INTO `vtiger_faqstatus_seq` VALUES (4);
/*!40000 ALTER TABLE `vtiger_faqstatus_seq` ENABLE KEYS */;
UNLOCK TABLES;

--
-- Table structure for table `vtiger_feedback`
--

DROP TABLE IF EXISTS `vtiger_feedback`;
/*!40101 SET @saved_cs_client     = @@character_set_client */;
/*!40101 SET character_set_client = utf8 */;
CREATE TABLE `vtiger_feedback` (
  `userid` int(19) DEFAULT NULL,
  `dontshow` varchar(19) DEFAULT 'false'
) ENGINE=InnoDB DEFAULT CHARSET=utf8;
/*!40101 SET character_set_client = @saved_cs_client */;

--
-- Dumping data for table `vtiger_feedback`
--

LOCK TABLES `vtiger_feedback` WRITE;
/*!40000 ALTER TABLE `vtiger_feedback` DISABLE KEYS */;
/*!40000 ALTER TABLE `vtiger_feedback` ENABLE KEYS */;
UNLOCK TABLES;

--
-- Table structure for table `vtiger_field`
--

DROP TABLE IF EXISTS `vtiger_field`;
/*!40101 SET @saved_cs_client     = @@character_set_client */;
/*!40101 SET character_set_client = utf8 */;
CREATE TABLE `vtiger_field` (
  `tabid` int(19) NOT NULL,
  `fieldid` int(19) NOT NULL AUTO_INCREMENT,
  `columnname` varchar(30) NOT NULL,
  `tablename` varchar(100) DEFAULT NULL,
  `generatedtype` int(19) NOT NULL DEFAULT '0',
  `uitype` varchar(30) NOT NULL,
  `fieldname` varchar(50) NOT NULL,
  `fieldlabel` varchar(50) NOT NULL,
  `readonly` int(1) NOT NULL,
  `presence` int(19) NOT NULL DEFAULT '1',
  `defaultvalue` text,
  `maximumlength` int(19) DEFAULT NULL,
  `sequence` int(19) DEFAULT NULL,
  `block` int(19) DEFAULT NULL,
  `displaytype` int(19) DEFAULT NULL,
  `typeofdata` varchar(100) DEFAULT NULL,
  `quickcreate` int(10) NOT NULL DEFAULT '1',
  `quickcreatesequence` int(19) DEFAULT NULL,
  `info_type` varchar(20) DEFAULT NULL,
  `masseditable` int(10) NOT NULL DEFAULT '1',
  `helpinfo` text,
  `summaryfield` int(10) NOT NULL DEFAULT '0',
  `headerfield` int(1) DEFAULT '0',
  `isunique` tinyint(1) DEFAULT '0',
  PRIMARY KEY (`fieldid`),
  KEY `field_tabid_idx` (`tabid`),
  KEY `field_fieldname_idx` (`fieldname`),
  KEY `field_block_idx` (`block`),
  KEY `field_displaytype_idx` (`displaytype`),
  CONSTRAINT `fk_1_vtiger_field` FOREIGN KEY (`tabid`) REFERENCES `vtiger_tab` (`tabid`) ON DELETE CASCADE
) ENGINE=InnoDB AUTO_INCREMENT=867 DEFAULT CHARSET=utf8;
/*!40101 SET character_set_client = @saved_cs_client */;

--
-- Dumping data for table `vtiger_field`
--

LOCK TABLES `vtiger_field` WRITE;
/*!40000 ALTER TABLE `vtiger_field` DISABLE KEYS */;
INSERT INTO `vtiger_field` VALUES (6,1,'accountname','vtiger_account',1,'2','accountname','Account Name',1,0,'',100,1,9,1,'V~M',0,1,'BAS',1,NULL,1,0,1),(6,2,'account_no','vtiger_account',1,'4','account_no','Account No',1,0,'',100,2,9,1,'V~O',3,NULL,'BAS',0,NULL,0,0,0),(6,3,'phone','vtiger_account',1,'11','phone','Phone',1,2,'',100,4,9,1,'V~O',2,2,'BAS',1,NULL,0,1,0),(6,4,'website','vtiger_account',1,'17','website','Website',1,2,'',100,3,9,1,'V~O',2,3,'BAS',1,NULL,0,1,0),(6,5,'fax','vtiger_account',1,'11','fax','Fax',1,1,'',100,6,9,1,'V~O',1,NULL,'BAS',1,NULL,0,0,0),(6,6,'tickersymbol','vtiger_account',1,'1','tickersymbol','Ticker Symbol',1,1,'',100,5,9,1,'V~O',1,NULL,'BAS',1,NULL,0,0,0),(6,7,'otherphone','vtiger_account',1,'11','otherphone','Other Phone',1,2,'',100,8,9,1,'V~O',1,NULL,'ADV',1,NULL,0,0,0),(6,8,'parentid','vtiger_account',1,'51','account_id','Member Of',1,2,'',100,7,9,1,'I~O',1,NULL,'BAS',0,NULL,0,0,0),(6,9,'email1','vtiger_account',1,'13','email1','Email',1,2,'',100,10,9,1,'E~O',1,NULL,'BAS',1,NULL,0,1,0),(6,10,'employees','vtiger_account',1,'7','employees','Employees',1,2,'',100,9,9,1,'I~O',1,NULL,'ADV',1,NULL,0,0,0),(6,11,'email2','vtiger_account',1,'13','email2','Other Email',1,2,'',100,11,9,1,'E~O',1,NULL,'ADV',1,NULL,0,0,0),(6,12,'ownership','vtiger_account',1,'1','ownership','Ownership',1,2,'',100,12,9,1,'V~O',1,NULL,'ADV',1,NULL,0,0,0),(6,13,'rating','vtiger_account',1,'15','rating','Rating',1,2,'',100,14,9,1,'V~O',1,NULL,'ADV',1,NULL,0,0,0),(6,14,'industry','vtiger_account',1,'15','industry','industry',1,2,'',100,13,9,1,'V~O',1,NULL,'ADV',1,NULL,0,0,0),(6,15,'siccode','vtiger_account',1,'1','siccode','SIC Code',1,2,'',100,16,9,1,'V~O',1,NULL,'ADV',1,NULL,0,0,0),(6,16,'account_type','vtiger_account',1,'15','accounttype','Type',1,2,'',100,15,9,1,'V~O',1,NULL,'ADV',1,NULL,0,0,0),(6,17,'annualrevenue','vtiger_account',1,'71','annual_revenue','Annual Revenue',1,2,'',100,18,9,1,'N~O',1,NULL,'ADV',1,NULL,0,0,0),(6,18,'emailoptout','vtiger_account',1,'56','emailoptout','Email Opt Out',1,0,'',100,17,9,1,'C~O',1,NULL,'ADV',1,NULL,0,0,0),(6,19,'notify_owner','vtiger_account',1,'56','notify_owner','Notify Owner',1,2,'',10,20,9,1,'C~O',1,NULL,'ADV',1,NULL,0,0,0),(6,20,'smownerid','vtiger_crmentity',1,'53','assigned_user_id','Assigned To',1,0,'',100,19,9,1,'V~M',0,4,'BAS',1,NULL,1,0,0),(6,21,'createdtime','vtiger_crmentity',1,'70','createdtime','Created Time',1,0,'',100,22,9,2,'DT~O',3,NULL,'BAS',0,NULL,0,0,0),(6,22,'modifiedtime','vtiger_crmentity',1,'70','modifiedtime','Modified Time',1,0,'',100,21,9,2,'DT~O',3,NULL,'BAS',0,NULL,0,0,0),(6,23,'modifiedby','vtiger_crmentity',1,'52','modifiedby','Last Modified By',1,0,'',100,23,9,3,'V~O',3,NULL,'BAS',0,NULL,0,0,0),(6,24,'bill_street','vtiger_accountbillads',1,'21','bill_street','Billing Address',1,2,'',100,1,11,1,'V~O',1,NULL,'BAS',1,NULL,0,0,0),(6,25,'ship_street','vtiger_accountshipads',1,'21','ship_street','Shipping Address',1,2,'',100,2,11,1,'V~O',1,NULL,'BAS',1,NULL,0,0,0),(6,26,'bill_city','vtiger_accountbillads',1,'1','bill_city','Billing City',1,2,'',100,5,11,1,'V~O',1,NULL,'BAS',1,NULL,1,0,0),(6,27,'ship_city','vtiger_accountshipads',1,'1','ship_city','Shipping City',1,2,'',100,6,11,1,'V~O',1,NULL,'BAS',1,NULL,0,0,0),(6,28,'bill_state','vtiger_accountbillads',1,'1','bill_state','Billing State',1,2,'',100,7,11,1,'V~O',1,NULL,'BAS',1,NULL,0,0,0),(6,29,'ship_state','vtiger_accountshipads',1,'1','ship_state','Shipping State',1,2,'',100,8,11,1,'V~O',1,NULL,'BAS',1,NULL,0,0,0),(6,30,'bill_code','vtiger_accountbillads',1,'1','bill_code','Billing Code',1,2,'',100,9,11,1,'V~O',1,NULL,'BAS',1,NULL,0,0,0),(6,31,'ship_code','vtiger_accountshipads',1,'1','ship_code','Shipping Code',1,2,'',100,10,11,1,'V~O',1,NULL,'BAS',1,NULL,0,0,0),(6,32,'bill_country','vtiger_accountbillads',1,'1','bill_country','Billing Country',1,2,'',100,11,11,1,'V~O',1,NULL,'BAS',1,NULL,1,0,0),(6,33,'ship_country','vtiger_accountshipads',1,'1','ship_country','Shipping Country',1,2,'',100,12,11,1,'V~O',1,NULL,'BAS',1,NULL,0,0,0),(6,34,'bill_pobox','vtiger_accountbillads',1,'1','bill_pobox','Billing Po Box',1,2,'',100,3,11,1,'V~O',1,NULL,'BAS',1,NULL,0,0,0),(6,35,'ship_pobox','vtiger_accountshipads',1,'1','ship_pobox','Shipping Po Box',1,2,'',100,4,11,1,'V~O',1,NULL,'BAS',1,NULL,0,0,0),(6,36,'description','vtiger_crmentity',1,'19','description','Description',1,2,'',100,1,12,1,'V~O',1,NULL,'BAS',1,NULL,0,0,0),(7,37,'salutation','vtiger_leaddetails',1,'55','salutationtype','Salutation',1,0,'',100,1,13,3,'V~O',1,NULL,'BAS',1,NULL,0,0,0),(7,38,'firstname','vtiger_leaddetails',1,'55','firstname','First Name',1,1,'',100,28,13,1,'V~O',2,1,'BAS',1,NULL,1,0,0),(7,39,'lead_no','vtiger_leaddetails',1,'4','lead_no','Lead No',1,0,'',100,2,13,1,'V~O',3,NULL,'BAS',0,NULL,0,0,0),(7,40,'phone','vtiger_leadaddress',1,'11','phone','Phone',1,2,'',100,6,13,1,'V~O',2,4,'BAS',1,NULL,0,1,0),(7,41,'lastname','vtiger_leaddetails',1,'255','lastname','Last Name',1,0,'',100,3,13,1,'V~M',0,2,'BAS',1,NULL,1,0,0),(7,42,'mobile','vtiger_leadaddress',1,'11','mobile','Mobile',1,2,'',100,8,13,1,'V~O',1,NULL,'BAS',1,NULL,0,1,0),(7,43,'company','vtiger_leaddetails',1,'2','company','Company',1,1,'',100,5,13,1,'V~O',2,3,'BAS',1,NULL,0,0,0),(7,44,'fax','vtiger_leadaddress',1,'11','fax','Fax',1,1,'',100,9,13,1,'V~O',1,NULL,'BAS',1,NULL,0,0,0),(7,45,'designation','vtiger_leaddetails',1,'1','designation','Designation',1,1,'',100,7,13,1,'V~O',1,NULL,'BAS',1,NULL,0,0,0),(7,46,'email','vtiger_leaddetails',1,'13','email','Email',1,2,'',100,9,13,1,'E~O',2,5,'BAS',1,NULL,0,1,0),(7,47,'leadsource','vtiger_leaddetails',1,'15','leadsource','Lead Source',1,2,'',100,10,13,1,'V~M',2,NULL,'BAS',1,NULL,1,0,0),(7,48,'website','vtiger_leadsubdetails',1,'17','website','Website',1,1,'',100,13,13,1,'V~O',1,NULL,'ADV',1,NULL,1,0,0),(7,49,'industry','vtiger_leaddetails',1,'15','industry','Industry',1,1,'',100,12,13,1,'V~O',1,NULL,'ADV',1,NULL,0,0,0),(7,50,'leadstatus','vtiger_leaddetails',1,'15','leadstatus','Lead Status',1,2,'',100,11,13,1,'V~O',1,NULL,'BAS',1,NULL,0,0,0),(7,51,'annualrevenue','vtiger_leaddetails',1,'71','annualrevenue','Annual Revenue',1,1,'',100,14,13,1,'N~O',1,NULL,'ADV',1,NULL,0,0,0),(7,52,'rating','vtiger_leaddetails',1,'15','rating','Rating',1,2,'Persona Natural',100,13,13,1,'V~O',1,NULL,'ADV',1,NULL,0,0,0),(7,53,'noofemployees','vtiger_leaddetails',1,'1','noofemployees','No Of Employees',1,1,'',100,14,13,1,'I~O',1,NULL,'ADV',1,NULL,0,0,0),(7,54,'smownerid','vtiger_crmentity',1,'53','assigned_user_id','Assigned To',1,0,'',100,15,13,1,'V~M',0,6,'BAS',1,NULL,1,0,0),(7,55,'secondaryemail','vtiger_leaddetails',1,'13','secondaryemail','Secondary Email',1,1,'',100,16,13,1,'E~O',1,NULL,'ADV',1,NULL,0,0,0),(7,56,'createdtime','vtiger_crmentity',1,'70','createdtime','Created Time',1,0,'',100,17,13,2,'DT~O',3,NULL,'BAS',0,NULL,0,0,0),(7,57,'modifiedtime','vtiger_crmentity',1,'70','modifiedtime','Modified Time',1,0,'',100,18,13,2,'DT~O',3,NULL,'BAS',0,NULL,0,0,0),(7,58,'modifiedby','vtiger_crmentity',1,'52','modifiedby','Last Modified By',1,0,'',100,23,13,3,'V~O',3,NULL,'BAS',0,NULL,0,0,0),(7,59,'lane','vtiger_leadaddress',1,'21','lane','Street',1,2,'',100,1,15,1,'V~O',1,NULL,'BAS',1,NULL,0,0,0),(7,60,'code','vtiger_leadaddress',1,'1','code','Postal Code',1,2,'',100,3,15,1,'V~O',1,NULL,'BAS',1,NULL,0,0,0),(7,61,'city','vtiger_leadaddress',1,'1','city','City',1,2,'',100,4,15,1,'V~O',1,NULL,'BAS',1,NULL,1,0,0),(7,62,'country','vtiger_leadaddress',1,'1','country','Country',1,2,'',100,5,15,1,'V~O',1,NULL,'BAS',1,NULL,1,0,0),(7,63,'state','vtiger_leadaddress',1,'1','state','State',1,2,'',100,6,15,1,'V~O',1,NULL,'BAS',1,NULL,0,0,0),(7,64,'pobox','vtiger_leadaddress',1,'1','pobox','Po Box',1,2,'',100,2,15,1,'V~O',1,NULL,'BAS',1,NULL,0,0,0),(7,65,'description','vtiger_crmentity',1,'19','description','Description',1,2,'',100,1,16,1,'V~O',1,NULL,'BAS',1,NULL,0,0,0),(4,66,'salutation','vtiger_contactdetails',1,'55','salutationtype','Salutation',1,0,'',100,1,4,3,'V~O',1,NULL,'BAS',1,NULL,0,0,0),(4,67,'firstname','vtiger_contactdetails',1,'55','firstname','First Name',1,1,'',100,33,4,1,'V~O',2,1,'BAS',1,NULL,1,0,0),(4,68,'contact_no','vtiger_contactdetails',1,'4','contact_no','Contact Id',1,0,'',100,3,4,1,'V~O',3,NULL,'BAS',0,NULL,0,0,0),(4,69,'phone','vtiger_contactdetails',1,'11','phone','Office Phone',1,1,'',100,5,4,1,'V~O',2,4,'BAS',1,NULL,0,1,0),(4,70,'lastname','vtiger_contactdetails',1,'255','lastname','Last Name',1,0,'',100,4,4,1,'V~M',0,2,'BAS',1,NULL,1,0,0),(4,71,'mobile','vtiger_contactdetails',1,'11','mobile','Mobile',1,2,'',100,7,4,1,'V~O',1,NULL,'BAS',1,NULL,0,1,0),(4,72,'accountid','vtiger_contactdetails',1,'51','account_id','Account Name',1,0,'',100,6,4,1,'I~O',2,3,'BAS',1,NULL,0,0,0),(4,73,'homephone','vtiger_contactsubdetails',1,'11','homephone','Home Phone',1,1,'',100,9,4,1,'V~O',1,NULL,'ADV',1,NULL,0,0,0),(4,74,'leadsource','vtiger_contactsubdetails',1,'15','leadsource','Lead Source',1,2,'',100,8,4,1,'V~O',2,NULL,'BAS',1,NULL,1,0,0),(4,75,'otherphone','vtiger_contactsubdetails',1,'11','otherphone','Other Phone',1,1,'',100,11,4,1,'V~O',1,NULL,'ADV',1,NULL,0,0,0),(4,76,'title','vtiger_contactdetails',1,'1','title','Title',1,1,'',100,10,4,1,'V~O',1,NULL,'BAS',1,NULL,1,0,0),(4,77,'fax','vtiger_contactdetails',1,'11','fax','Fax',1,1,'',100,13,4,1,'V~O',1,NULL,'BAS',1,NULL,0,0,0),(4,78,'department','vtiger_contactdetails',1,'1','department','Department',1,1,'',100,12,4,1,'V~O',1,NULL,'ADV',1,NULL,0,0,0),(4,79,'birthday','vtiger_contactsubdetails',1,'5','birthday','Birthdate',1,2,'',100,16,4,1,'D~O',1,NULL,'ADV',1,NULL,0,0,0),(4,80,'email','vtiger_contactdetails',1,'13','email','Email',1,2,'',100,15,4,1,'E~O',2,5,'BAS',1,NULL,0,1,0),(4,81,'reportsto','vtiger_contactdetails',1,'57','contact_id','Reports To',1,1,'',100,18,4,1,'V~O',1,NULL,'ADV',0,NULL,0,0,0),(4,82,'assistant','vtiger_contactsubdetails',1,'1','assistant','Assistant',1,1,'',100,17,4,1,'V~O',1,NULL,'ADV',1,NULL,0,0,0),(4,83,'secondaryemail','vtiger_contactdetails',1,'13','secondaryemail','Secondary Email',1,1,'',100,20,4,1,'E~O',1,NULL,'ADV',1,NULL,0,0,0),(4,84,'assistantphone','vtiger_contactsubdetails',1,'11','assistantphone','Assistant Phone',1,1,'',100,19,4,1,'V~O',1,NULL,'ADV',1,NULL,0,0,0),(4,85,'donotcall','vtiger_contactdetails',1,'56','donotcall','Do Not Call',1,2,'',100,22,4,1,'C~O',1,NULL,'ADV',1,NULL,0,0,0),(4,86,'emailoptout','vtiger_contactdetails',1,'56','emailoptout','Email Opt Out',1,0,'',100,21,4,1,'C~O',1,NULL,'ADV',1,NULL,0,0,0),(4,87,'smownerid','vtiger_crmentity',1,'53','assigned_user_id','Assigned To',1,0,'',100,24,4,1,'V~M',0,6,'BAS',1,NULL,1,0,0),(4,88,'reference','vtiger_contactdetails',1,'56','reference','Reference',1,1,'0',10,23,4,1,'C~O',1,NULL,'ADV',1,NULL,0,0,0),(4,89,'notify_owner','vtiger_contactdetails',1,'56','notify_owner','Notify Owner',1,2,'',10,26,4,1,'C~O',1,NULL,'ADV',1,NULL,0,0,0),(4,90,'createdtime','vtiger_crmentity',1,'70','createdtime','Created Time',1,0,'',100,25,4,2,'DT~O',3,NULL,'BAS',0,NULL,0,0,0),(4,91,'modifiedtime','vtiger_crmentity',1,'70','modifiedtime','Modified Time',1,0,'',100,27,4,2,'DT~O',3,NULL,'BAS',0,NULL,0,0,0),(4,92,'modifiedby','vtiger_crmentity',1,'52','modifiedby','Last Modified By',1,0,'',100,28,4,3,'V~O',3,NULL,'BAS',0,NULL,0,0,0),(4,93,'portal','vtiger_customerdetails',1,'56','portal','Portal User',1,1,'0',100,1,6,1,'C~O',1,NULL,'ADV',1,NULL,0,0,0),(4,94,'support_start_date','vtiger_customerdetails',1,'5','support_start_date','Support Start Date',1,1,'21-01-2022',100,2,6,1,'D~O',1,NULL,'ADV',1,NULL,0,0,0),(4,95,'support_end_date','vtiger_customerdetails',1,'5','support_end_date','Support End Date',1,1,'21-01-2023',100,3,6,1,'D~O~OTH~GE~support_start_date~Support Start Date',1,NULL,'ADV',1,NULL,0,0,0),(4,96,'mailingstreet','vtiger_contactaddress',1,'21','mailingstreet','Mailing Street',1,1,'',100,1,7,1,'V~O',1,NULL,'BAS',1,NULL,0,0,0),(4,97,'otherstreet','vtiger_contactaddress',1,'21','otherstreet','Other Street',1,2,'',100,1,7,1,'V~O',1,NULL,'BAS',1,NULL,0,0,0),(4,98,'mailingcity','vtiger_contactaddress',1,'1','mailingcity','Mailing City',1,2,'',100,2,7,1,'V~O',1,NULL,'BAS',1,NULL,1,0,0),(4,99,'othercity','vtiger_contactaddress',1,'1','othercity','Other City',1,1,'',100,6,7,1,'V~O',1,NULL,'BAS',1,NULL,0,0,0),(4,100,'mailingstate','vtiger_contactaddress',1,'1','mailingstate','Mailing State',1,1,'',100,7,7,1,'V~O',1,NULL,'BAS',1,NULL,0,0,0),(4,101,'otherstate','vtiger_contactaddress',1,'1','otherstate','Other State',1,2,'',100,4,7,1,'V~O',1,NULL,'BAS',1,NULL,0,0,0),(4,102,'mailingzip','vtiger_contactaddress',1,'1','mailingzip','Mailing Zip',1,2,'',100,3,7,1,'V~O',1,NULL,'BAS',1,NULL,0,0,0),(4,103,'otherzip','vtiger_contactaddress',1,'1','otherzip','Other Zip',1,2,'',100,7,7,1,'V~O',1,NULL,'BAS',1,NULL,0,0,0),(4,104,'mailingcountry','vtiger_contactaddress',1,'1','mailingcountry','Mailing Country',1,1,'',100,11,7,1,'V~O',1,NULL,'BAS',1,NULL,1,0,0),(4,105,'othercountry','vtiger_contactaddress',1,'1','othercountry','Other Country',1,2,'',100,8,7,1,'V~O',1,NULL,'BAS',1,NULL,0,0,0),(4,106,'mailingpobox','vtiger_contactaddress',1,'1','mailingpobox','Mailing Po Box',1,1,'',100,3,7,1,'V~O',1,NULL,'BAS',1,NULL,0,0,0),(4,107,'otherpobox','vtiger_contactaddress',1,'1','otherpobox','Other Po Box',1,1,'',100,5,7,1,'V~O',1,NULL,'BAS',1,NULL,0,0,0),(4,108,'imagename','vtiger_contactdetails',1,'69','imagename','Contact Image',1,2,'',100,1,73,1,'V~O',3,NULL,'ADV',0,NULL,0,0,0),(4,109,'description','vtiger_crmentity',1,'19','description','Description',1,2,'',100,1,8,1,'V~O',1,NULL,'BAS',1,NULL,0,0,0),(2,110,'potentialname','vtiger_potential',1,'2','potentialname','Potential Name',1,0,'',100,1,1,1,'V~M',0,1,'BAS',1,NULL,1,0,0),(2,111,'potential_no','vtiger_potential',1,'4','potential_no','Potential No',1,0,'',100,2,1,1,'V~O',3,NULL,'BAS',0,NULL,0,0,0),(2,112,'amount','vtiger_potential',1,'71','amount','Amount',1,2,'',100,5,1,1,'N~O',2,5,'BAS',1,NULL,0,1,0),(2,113,'related_to','vtiger_potential',1,'10','related_to','Related To',1,0,'',100,3,1,1,'V~O',0,2,'BAS',1,NULL,0,1,0),(2,114,'closingdate','vtiger_potential',1,'23','closingdate','Expected Close Date',1,2,'',100,8,1,1,'D~M',2,3,'BAS',1,NULL,1,0,0),(2,115,'potentialtype','vtiger_potential',1,'15','opportunity_type','Type',1,2,'',100,7,1,1,'V~O',1,NULL,'BAS',1,NULL,0,0,0),(2,116,'nextstep','vtiger_potential',1,'1','nextstep','Next Step',1,2,'',100,10,1,1,'V~O',1,NULL,'BAS',1,NULL,0,0,0),(2,117,'leadsource','vtiger_potential',1,'15','leadsource','Lead Source',1,2,'',100,9,1,1,'V~O',1,NULL,'BAS',1,NULL,0,0,0),(2,118,'sales_stage','vtiger_potential',1,'15','sales_stage','Sales Stage',1,2,'',100,12,1,1,'V~M',2,4,'BAS',1,NULL,0,1,0),(2,119,'smownerid','vtiger_crmentity',1,'53','assigned_user_id','Assigned To',1,2,'',100,11,1,1,'V~M',0,6,'BAS',1,NULL,1,0,0),(2,120,'probability','vtiger_potential',1,'9','probability','Probability',1,2,'',100,14,1,1,'N~O',1,NULL,'BAS',1,NULL,0,0,0),(2,121,'campaignid','vtiger_potential',1,'58','campaignid','Campaign Source',1,2,'',100,13,1,1,'N~O',1,NULL,'BAS',1,NULL,0,0,0),(2,122,'createdtime','vtiger_crmentity',1,'70','createdtime','Created Time',1,0,'',100,16,1,2,'DT~O',3,NULL,'BAS',0,NULL,0,0,0),(2,123,'modifiedtime','vtiger_crmentity',1,'70','modifiedtime','Modified Time',1,0,'',100,15,1,2,'DT~O',3,NULL,'BAS',0,NULL,0,0,0),(2,124,'modifiedby','vtiger_crmentity',1,'52','modifiedby','Last Modified By',1,0,'',100,17,1,3,'V~O',3,NULL,'BAS',0,NULL,0,0,0),(2,125,'description','vtiger_crmentity',1,'19','description','Description',1,2,'',100,1,3,1,'V~O',1,NULL,'BAS',1,NULL,0,0,0),(26,126,'campaignname','vtiger_campaign',1,'2','campaignname','Campaign Name',1,0,'',100,1,74,1,'V~M',0,1,'BAS',1,NULL,1,0,0),(26,127,'campaign_no','vtiger_campaign',1,'4','campaign_no','Campaign No',1,0,'',100,2,74,1,'V~O',3,NULL,'BAS',0,NULL,0,0,0),(26,128,'campaigntype','vtiger_campaign',1,'15','campaigntype','Campaign Type',1,2,'',100,5,74,1,'V~O',2,3,'BAS',1,NULL,1,0,0),(26,129,'product_id','vtiger_campaign',1,'59','product_id','Product',1,2,'',100,6,74,1,'I~O',2,5,'BAS',1,NULL,0,0,0),(26,130,'campaignstatus','vtiger_campaign',1,'15','campaignstatus','Campaign Status',1,2,'',100,4,74,1,'V~O',2,6,'BAS',1,NULL,1,0,0),(26,131,'closingdate','vtiger_campaign',1,'23','closingdate','Expected Close Date',1,2,'',100,8,74,1,'D~M',2,2,'BAS',1,NULL,1,0,0),(26,132,'smownerid','vtiger_crmentity',1,'53','assigned_user_id','Assigned To',1,0,'',100,3,74,1,'V~M',0,7,'BAS',1,NULL,1,0,0),(26,133,'numsent','vtiger_campaign',1,'9','numsent','Num Sent',1,2,'',100,12,74,1,'N~O',1,NULL,'BAS',1,NULL,0,0,0),(26,134,'sponsor','vtiger_campaign',1,'1','sponsor','Sponsor',1,2,'',100,9,74,1,'V~O',1,NULL,'BAS',1,NULL,0,0,0),(26,135,'targetaudience','vtiger_campaign',1,'1','targetaudience','Target Audience',1,2,'',100,7,74,1,'V~O',1,NULL,'BAS',1,NULL,0,0,0),(26,136,'targetsize','vtiger_campaign',1,'1','targetsize','TargetSize',1,2,'',100,10,74,1,'I~O',1,NULL,'BAS',1,NULL,0,0,0),(26,137,'createdtime','vtiger_crmentity',1,'70','createdtime','Created Time',1,0,'',100,11,74,2,'DT~O',3,NULL,'BAS',0,NULL,0,0,0),(26,138,'modifiedtime','vtiger_crmentity',1,'70','modifiedtime','Modified Time',1,0,'',100,13,74,2,'DT~O',3,NULL,'BAS',0,NULL,0,0,0),(26,139,'modifiedby','vtiger_crmentity',1,'52','modifiedby','Last Modified By',1,0,'',100,16,74,3,'V~O',3,NULL,'BAS',0,NULL,0,0,0),(26,140,'expectedresponse','vtiger_campaign',1,'15','expectedresponse','Expected Response',1,2,'',100,3,76,1,'V~O',2,4,'BAS',1,NULL,0,0,0),(26,141,'expectedrevenue','vtiger_campaign',1,'71','expectedrevenue','Expected Revenue',1,2,'',100,4,76,1,'N~O',1,NULL,'BAS',1,NULL,1,0,0),(26,142,'budgetcost','vtiger_campaign',1,'71','budgetcost','Budget Cost',1,2,'',100,1,76,1,'N~O',1,NULL,'BAS',1,NULL,0,0,0),(26,143,'actualcost','vtiger_campaign',1,'71','actualcost','Actual Cost',1,2,'',100,2,76,1,'N~O',1,NULL,'BAS',1,NULL,0,0,0),(26,144,'expectedresponsecount','vtiger_campaign',1,'1','expectedresponsecount','Expected Response Count',1,2,'',100,7,76,1,'I~O',1,NULL,'BAS',1,NULL,0,0,0),(26,145,'expectedsalescount','vtiger_campaign',1,'1','expectedsalescount','Expected Sales Count',1,2,'',100,5,76,1,'I~O',1,NULL,'BAS',1,NULL,0,0,0),(26,146,'expectedroi','vtiger_campaign',1,'71','expectedroi','Expected ROI',1,2,'',100,9,76,1,'N~O',1,NULL,'BAS',1,NULL,0,0,0),(26,147,'actualresponsecount','vtiger_campaign',1,'1','actualresponsecount','Actual Response Count',1,2,'',100,8,76,1,'I~O',1,NULL,'BAS',1,NULL,0,0,0),(26,148,'actualsalescount','vtiger_campaign',1,'1','actualsalescount','Actual Sales Count',1,2,'',100,6,76,1,'I~O',1,NULL,'BAS',1,NULL,0,0,0),(26,149,'actualroi','vtiger_campaign',1,'71','actualroi','Actual ROI',1,2,'',100,10,76,1,'N~O',1,NULL,'BAS',1,NULL,0,0,0),(26,150,'description','vtiger_crmentity',1,'19','description','Description',1,2,'',100,1,81,1,'V~O',1,NULL,'BAS',1,NULL,0,0,0),(4,151,'campaignrelstatus','vtiger_campaignrelstatus',1,'16','campaignrelstatus','Status',1,0,'0',100,1,NULL,1,'V~O',1,NULL,'BAS',0,NULL,0,0,0),(6,152,'campaignrelstatus','vtiger_campaignrelstatus',1,'16','campaignrelstatus','Status',1,0,'0',100,1,NULL,1,'V~O',1,NULL,'BAS',0,NULL,0,0,0),(7,153,'campaignrelstatus','vtiger_campaignrelstatus',1,'16','campaignrelstatus','Status',1,0,'0',100,1,NULL,1,'V~O',1,NULL,'BAS',0,NULL,0,0,0),(26,154,'campaignrelstatus','vtiger_campaignrelstatus',1,'16','campaignrelstatus','Status',1,0,'0',100,1,NULL,1,'V~O',1,NULL,'BAS',0,NULL,0,0,0),(13,155,'ticket_no','vtiger_troubletickets',1,'4','ticket_no','Ticket No',1,0,'',100,14,25,1,'V~O',3,NULL,'BAS',0,NULL,1,0,0),(13,156,'smownerid','vtiger_crmentity',1,'53','assigned_user_id','Assigned To',1,0,'',100,5,25,1,'V~M',0,4,'BAS',1,NULL,1,0,0),(13,157,'parent_id','vtiger_troubletickets',1,'10','parent_id','Related To',1,0,'',100,2,25,1,'I~O',1,NULL,'BAS',1,NULL,1,0,0),(13,158,'priority','vtiger_troubletickets',1,'15','ticketpriorities','Priority',1,2,'',100,7,25,1,'V~M',2,3,'BAS',1,NULL,0,1,0),(13,159,'product_id','vtiger_troubletickets',1,'59','product_id','Product Name',1,2,'',100,6,25,1,'I~O',1,NULL,'BAS',1,NULL,0,0,0),(13,160,'severity','vtiger_troubletickets',1,'15','ticketseverities','Severity',1,2,'',100,9,25,1,'V~O',1,NULL,'BAS',1,NULL,1,0,0),(13,161,'status','vtiger_troubletickets',1,'15','ticketstatus','Status',1,2,'',100,8,25,1,'V~M',1,2,'BAS',1,NULL,1,0,0),(13,162,'category','vtiger_troubletickets',1,'15','ticketcategories','Category',1,2,'',100,11,25,1,'V~O',1,NULL,'BAS',1,NULL,0,0,0),(13,163,'update_log','vtiger_troubletickets',1,'19','update_log','Update History',1,1,'',100,12,25,3,'V~O',1,NULL,'BAS',0,NULL,0,0,0),(13,164,'hours','vtiger_troubletickets',1,'1','hours','Hours',1,2,'',100,10,25,1,'N~O',1,NULL,'BAS',1,'This gives the estimated hours for the Ticket.<br>When the same ticket is added to a Service Contract,based on the Tracking Unit of the Service Contract,Used units is updated whenever a ticket is Closed.',0,0,0),(13,165,'days','vtiger_troubletickets',1,'1','days','Days',1,2,'',100,11,25,1,'N~O',1,NULL,'BAS',1,'This gives the estimated days for the Ticket.<br>When the same ticket is added to a Service Contract,based on the Tracking Unit of the Service Contract,Used units is updated whenever a ticket is Closed.',0,0,0),(13,166,'createdtime','vtiger_crmentity',1,'70','createdtime','Created Time',1,0,'',100,10,25,2,'DT~O',3,NULL,'BAS',0,NULL,0,0,0),(13,167,'modifiedtime','vtiger_crmentity',1,'70','modifiedtime','Modified Time',1,0,'',100,13,25,2,'DT~O',3,NULL,'BAS',0,NULL,0,0,0),(13,168,'from_portal','vtiger_ticketcf',1,'56','from_portal','From Portal',1,0,'',100,14,25,3,'C~O',3,NULL,'BAS',0,NULL,0,0,0),(13,169,'modifiedby','vtiger_crmentity',1,'52','modifiedby','Last Modified By',1,0,'',100,17,25,3,'V~O',3,NULL,'BAS',0,NULL,0,0,0),(13,170,'title','vtiger_troubletickets',1,'22','ticket_title','Title',1,0,'',100,1,25,1,'V~M',0,1,'BAS',1,NULL,1,0,0),(13,171,'description','vtiger_crmentity',1,'19','description','Description',1,2,'',100,1,28,1,'V~O',2,4,'BAS',1,NULL,1,0,0),(13,172,'solution','vtiger_troubletickets',1,'19','solution','Solution',1,0,'',100,1,29,1,'V~O',3,NULL,'BAS',0,NULL,0,0,0),(13,173,'comments','vtiger_ticketcomments',1,'19','comments','Add Comment',1,1,'',100,1,30,1,'V~O',3,NULL,'BAS',0,NULL,0,0,0),(14,174,'productname','vtiger_products',1,'2','productname','Product Name',1,0,'',100,1,31,1,'V~M',0,1,'BAS',1,NULL,1,0,0),(14,175,'product_no','vtiger_products',1,'4','product_no','Product No',1,0,'',100,2,31,1,'V~O',3,NULL,'BAS',0,NULL,0,1,0),(14,176,'productcode','vtiger_products',1,'1','productcode','Part Number',1,2,'',100,4,31,1,'V~O',1,NULL,'BAS',1,NULL,1,0,0),(14,177,'discontinued','vtiger_products',1,'56','discontinued','Product Active',1,2,'1',100,3,31,1,'V~O',2,2,'BAS',1,NULL,0,1,0),(14,178,'manufacturer','vtiger_products',1,'15','manufacturer','Manufacturer',1,2,'',100,6,31,1,'V~O',1,NULL,'BAS',1,NULL,0,0,0),(14,179,'productcategory','vtiger_products',1,'15','productcategory','Product Category',1,2,'',100,6,31,1,'V~M',2,NULL,'BAS',1,NULL,0,1,0),(14,180,'sales_start_date','vtiger_products',1,'5','sales_start_date','Sales Start Date',1,2,'',100,5,31,1,'D~O',1,NULL,'BAS',1,NULL,0,0,0),(14,181,'sales_end_date','vtiger_products',1,'5','sales_end_date','Sales End Date',1,2,'',100,8,31,1,'D~O~OTH~GE~sales_start_date~Sales Start Date',1,NULL,'BAS',1,NULL,0,0,0),(14,182,'start_date','vtiger_products',1,'5','start_date','Support Start Date',1,2,'',100,7,31,1,'D~O',1,NULL,'BAS',1,NULL,0,0,0),(14,183,'expiry_date','vtiger_products',1,'5','expiry_date','Support Expiry Date',1,2,'',100,10,31,1,'D~O~OTH~GE~start_date~Start Date',1,NULL,'BAS',1,NULL,0,0,0),(14,184,'website','vtiger_products',1,'17','website','Website',1,2,'',100,14,31,1,'V~O',1,NULL,'BAS',1,NULL,0,0,0),(14,185,'vendor_id','vtiger_products',1,'75','vendor_id','Vendor Name',1,2,'',100,13,31,1,'I~O',1,NULL,'BAS',1,NULL,0,0,0),(14,186,'mfr_part_no','vtiger_products',1,'1','mfr_part_no','Mfr PartNo',1,2,'',100,16,31,1,'V~O',1,NULL,'BAS',1,NULL,0,0,0),(14,187,'vendor_part_no','vtiger_products',1,'1','vendor_part_no','Vendor PartNo',1,2,'',100,15,31,1,'V~O',1,NULL,'BAS',1,NULL,0,0,0),(14,188,'serialno','vtiger_products',1,'1','serial_no','Serial No',1,2,'',100,18,31,1,'V~O',1,NULL,'BAS',1,NULL,0,0,0),(14,189,'productsheet','vtiger_products',1,'1','productsheet','Product Sheet',1,2,'',100,17,31,1,'V~O',1,NULL,'BAS',1,NULL,0,0,0),(14,190,'glacct','vtiger_products',1,'15','glacct','GL Account',1,2,'',100,20,31,1,'V~O',1,NULL,'BAS',1,NULL,0,0,0),(14,191,'createdtime','vtiger_crmentity',1,'70','createdtime','Created Time',1,0,'',100,19,31,2,'DT~O',3,NULL,'BAS',0,NULL,0,0,0),(14,192,'modifiedtime','vtiger_crmentity',1,'70','modifiedtime','Modified Time',1,0,'',100,21,31,2,'DT~O',3,NULL,'BAS',0,NULL,0,0,0),(14,193,'modifiedby','vtiger_crmentity',1,'52','modifiedby','Last Modified By',1,0,'',100,22,31,3,'V~O',3,NULL,'BAS',0,NULL,0,0,0),(14,194,'unit_price','vtiger_products',1,'72','unit_price','Unit Price',1,0,'',100,1,32,1,'N~O',2,3,'BAS',0,NULL,1,0,0),(14,195,'commissionrate','vtiger_products',1,'9','commissionrate','Commission Rate',1,2,'',100,2,32,1,'N~O',1,NULL,'BAS',1,NULL,1,0,0),(14,196,'taxclass','vtiger_products',1,'83','taxclass','Taxes',1,2,'',100,4,32,1,'V~O',2,NULL,'BAS',1,NULL,0,0,0),(14,197,'usageunit','vtiger_products',1,'15','usageunit','Usage Unit',1,2,'',100,1,33,1,'V~O',1,NULL,'ADV',1,NULL,0,0,0),(14,198,'qty_per_unit','vtiger_products',1,'1','qty_per_unit','Qty/Unit',1,2,'',100,2,33,1,'N~O',1,NULL,'ADV',1,NULL,1,0,0),(14,199,'qtyinstock','vtiger_products',1,'1','qtyinstock','Qty In Stock',1,2,'',100,3,33,1,'NN~O',0,4,'ADV',1,NULL,0,1,0),(14,200,'reorderlevel','vtiger_products',1,'1','reorderlevel','Reorder Level',1,2,'',100,4,33,1,'I~O',1,NULL,'ADV',1,NULL,0,0,0),(14,201,'smownerid','vtiger_crmentity',1,'53','assigned_user_id','Handler',1,0,'',100,5,33,1,'V~M',0,5,'BAS',1,NULL,0,0,0),(14,202,'qtyindemand','vtiger_products',1,'1','qtyindemand','Qty In Demand',1,2,'',100,6,33,1,'I~O',1,NULL,'ADV',1,NULL,0,0,0),(14,203,'imagename','vtiger_products',1,'69','imagename','Product Image',1,2,'',100,1,35,1,'V~O',3,NULL,'ADV',0,NULL,0,0,0),(14,204,'description','vtiger_crmentity',1,'19','description','Description',1,2,'',100,1,36,1,'V~O',1,NULL,'BAS',1,NULL,0,0,0),(8,205,'title','vtiger_notes',1,'2','notes_title','Title',1,0,'',100,1,17,1,'V~M',0,1,'BAS',1,NULL,1,0,0),(8,206,'createdtime','vtiger_crmentity',1,'70','createdtime','Created Time',1,0,'',100,5,17,2,'DT~O',3,NULL,'BAS',0,NULL,0,0,0),(8,207,'modifiedtime','vtiger_crmentity',1,'70','modifiedtime','Modified Time',1,0,'',100,6,17,2,'DT~O',3,NULL,'BAS',0,NULL,1,0,0),(8,208,'filename','vtiger_notes',1,'28','filename','File Name',1,2,'',100,3,18,1,'V~O',0,NULL,'BAS',0,NULL,1,0,0),(8,209,'smownerid','vtiger_crmentity',1,'53','assigned_user_id','Assigned To',1,0,'',100,4,17,1,'V~M',0,3,'BAS',1,NULL,1,0,0),(8,210,'notecontent','vtiger_notes',1,'19','notecontent','Note',1,2,'',100,1,84,1,'V~O',1,NULL,'BAS',0,NULL,0,0,0),(8,211,'filetype','vtiger_notes',1,'1','filetype','File Type',1,2,NULL,100,5,18,2,'V~O',3,NULL,'BAS',0,NULL,0,0,0),(8,212,'filesize','vtiger_notes',1,'1','filesize','File Size',1,2,NULL,100,4,18,2,'I~O',3,NULL,'BAS',0,NULL,0,0,0),(8,213,'filelocationtype','vtiger_notes',1,'27','filelocationtype','Download Type',1,0,NULL,100,1,18,1,'V~O',0,NULL,'BAS',0,NULL,0,0,0),(8,214,'fileversion','vtiger_notes',1,'1','fileversion','Version',1,2,NULL,100,6,18,1,'V~O',1,NULL,'BAS',1,NULL,0,0,0),(8,215,'filestatus','vtiger_notes',1,'56','filestatus','Active',1,2,'1',100,2,18,1,'V~O',1,NULL,'BAS',1,NULL,0,0,0),(8,216,'filedownloadcount','vtiger_notes',1,'1','filedownloadcount','Download Count',1,2,NULL,100,7,18,2,'I~O',3,NULL,'BAS',0,NULL,0,0,0),(8,217,'folderid','vtiger_notes',1,'26','folderid','Folder Name',1,2,'',100,2,17,1,'V~O',2,2,'BAS',1,NULL,1,0,0),(8,218,'note_no','vtiger_notes',1,'4','note_no','Document No',1,0,'',100,3,17,1,'V~O',3,NULL,'BAS',0,NULL,0,0,0),(8,219,'modifiedby','vtiger_crmentity',1,'52','modifiedby','Last Modified By',1,0,'',100,12,17,3,'V~O',3,NULL,'BAS',0,NULL,0,0,0),(10,220,'date_start','vtiger_activity',1,'6','date_start','Date & Time Sent',1,0,'',100,1,21,1,'DT~M~time_start~Time Start',1,NULL,'BAS',1,NULL,0,0,0),(10,221,'semodule','vtiger_activity',1,'2','parent_type','Sales Enity Module',1,0,'',100,2,21,3,'',1,NULL,'BAS',1,NULL,0,0,0),(10,222,'activitytype','vtiger_activity',1,'2','activitytype','Activtiy Type',1,0,'',100,3,21,3,'V~O',1,NULL,'BAS',1,NULL,0,0,0),(10,223,'smownerid','vtiger_crmentity',1,'53','assigned_user_id','Assigned To',1,0,'',100,5,21,1,'V~M',1,NULL,'BAS',1,NULL,0,0,0),(10,224,'subject','vtiger_activity',1,'2','subject','Subject',1,0,'',100,1,23,1,'V~M',1,NULL,'BAS',1,NULL,0,0,0),(10,225,'name','vtiger_attachments',1,'61','filename','Attachment',1,0,'',100,2,23,1,'V~O',1,NULL,'BAS',1,NULL,0,0,0),(10,226,'description','vtiger_crmentity',1,'19','description','Description',1,0,'',100,1,24,1,'V~O',1,NULL,'BAS',1,NULL,0,0,0),(10,227,'time_start','vtiger_activity',1,'2','time_start','Time Start',1,0,'',100,9,23,1,'T~O',1,NULL,'BAS',1,NULL,0,0,0),(10,228,'createdtime','vtiger_crmentity',1,'70','createdtime','Created Time',1,0,'',100,10,22,1,'DT~O',3,NULL,'BAS',0,NULL,0,0,0),(10,229,'modifiedtime','vtiger_crmentity',1,'70','modifiedtime','Modified Time',1,0,'',100,11,21,2,'DT~O',3,NULL,'BAS',0,NULL,0,0,0),(10,230,'access_count','vtiger_email_track',1,'25','access_count','Access Count',1,0,'0',100,6,21,3,'I~O',1,NULL,'BAS',0,NULL,0,0,0),(10,231,'modifiedby','vtiger_crmentity',1,'52','modifiedby','Last Modified By',1,0,'',100,12,21,3,'V~O',3,NULL,'BAS',0,NULL,0,0,0),(9,232,'subject','vtiger_activity',1,'2','subject','Subject',1,0,'',100,1,19,1,'V~M',0,1,'BAS',1,NULL,1,0,0),(9,233,'smownerid','vtiger_crmentity',1,'53','assigned_user_id','Assigned To',1,0,'',100,2,19,1,'V~M',0,4,'BAS',1,NULL,1,0,0),(9,234,'date_start','vtiger_activity',1,'6','date_start','Start Date & Time',1,0,'',100,3,19,1,'DT~M~time_start',0,2,'BAS',1,NULL,1,0,0),(9,235,'time_start','vtiger_activity',1,'2','time_start','Time Start',1,0,'',100,4,19,3,'T~M',1,NULL,'BAS',1,NULL,1,0,0),(9,236,'time_end','vtiger_activity',1,'2','time_end','End Time',1,0,'',100,4,19,3,'T~O',1,NULL,'BAS',1,NULL,1,0,0),(9,237,'due_date','vtiger_activity',1,'23','due_date','Due Date',1,0,'',100,5,19,1,'D~M~OTH~GE~date_start~Start Date & Time',1,NULL,'BAS',1,NULL,1,0,0),(9,238,'crmid','vtiger_seactivityrel',1,'66','parent_id','Related To',1,0,'',100,7,19,1,'I~O',1,NULL,'BAS',1,NULL,1,0,0),(9,239,'contactid','vtiger_cntactivityrel',1,'57','contact_id','Contact Name',1,0,'',100,8,19,1,'I~O',1,NULL,'BAS',1,NULL,0,0,0),(9,240,'status','vtiger_activity',1,'15','taskstatus','Status',1,0,'',100,8,19,1,'V~M',0,3,'BAS',1,NULL,0,0,0),(9,241,'eventstatus','vtiger_activity',1,'15','eventstatus','Status',1,0,'',100,9,19,3,'V~O',1,NULL,'BAS',1,NULL,0,0,0),(9,242,'priority','vtiger_activity',1,'15','taskpriority','Priority',1,0,'',100,10,19,1,'V~O',1,NULL,'BAS',1,NULL,0,0,0),(9,243,'sendnotification','vtiger_activity',1,'56','sendnotification','Send Notification',1,0,'',100,11,19,1,'C~O',1,NULL,'BAS',1,NULL,0,0,0),(9,244,'createdtime','vtiger_crmentity',1,'70','createdtime','Created Time',1,0,'',100,14,19,2,'DT~O',3,NULL,'BAS',0,NULL,0,0,0),(9,245,'modifiedtime','vtiger_crmentity',1,'70','modifiedtime','Modified Time',1,0,'',100,15,19,2,'DT~O',3,NULL,'BAS',0,NULL,0,0,0),(9,246,'activitytype','vtiger_activity',1,'15','activitytype','Activity Type',1,0,'',100,16,19,3,'V~O',1,NULL,'BAS',1,NULL,1,0,0),(9,247,'visibility','vtiger_activity',1,'16','visibility','Visibility',1,0,'',100,17,19,3,'V~O',1,NULL,'BAS',1,NULL,0,0,0),(9,248,'description','vtiger_crmentity',1,'19','description','Description',1,0,'',100,1,20,1,'V~O',1,NULL,'BAS',1,NULL,0,0,0),(9,249,'duration_hours','vtiger_activity',1,'63','duration_hours','Duration',1,0,'',100,17,19,3,'T~O',1,NULL,'BAS',1,NULL,0,0,0),(9,250,'duration_minutes','vtiger_activity',1,'16','duration_minutes','Duration Minutes',1,0,'',100,18,19,3,'T~O',1,NULL,'BAS',1,NULL,0,0,0),(9,251,'location','vtiger_activity',1,'1','location','Location',1,0,'',100,19,19,1,'V~O',1,NULL,'BAS',1,NULL,0,0,0),(9,252,'reminder_time','vtiger_activity_reminder',1,'30','reminder_time','Send Reminder',1,0,'',100,1,120,1,'I~O',1,NULL,'BAS',1,NULL,0,0,0),(9,253,'recurringtype','vtiger_activity',1,'16','recurringtype','Recurrence',1,0,'',100,6,19,3,'O~O',1,NULL,'BAS',1,NULL,1,0,0),(9,254,'notime','vtiger_activity',1,'56','notime','No Time',1,0,'',100,20,19,3,'C~O',1,NULL,'BAS',1,NULL,0,0,0),(9,255,'modifiedby','vtiger_crmentity',1,'52','modifiedby','Last Modified By',1,0,'',100,22,19,3,'V~O',3,NULL,'BAS',0,NULL,0,0,0),(16,256,'subject','vtiger_activity',1,'2','subject','Subject',1,0,'',100,1,39,1,'V~M',0,1,'BAS',1,NULL,1,0,0),(16,257,'smownerid','vtiger_crmentity',1,'53','assigned_user_id','Assigned To',1,0,'',100,2,39,1,'V~M',0,6,'BAS',1,NULL,1,0,0),(16,258,'date_start','vtiger_activity',1,'6','date_start','Start Date & Time',1,0,'',100,3,39,1,'DT~M~time_start',0,2,'BAS',1,NULL,1,0,0),(16,259,'time_start','vtiger_activity',1,'2','time_start','Time Start',1,0,'',100,4,39,3,'T~M',1,NULL,'BAS',1,NULL,1,0,0),(16,260,'due_date','vtiger_activity',1,'23','due_date','End Date',1,0,'',100,5,39,1,'D~M~OTH~GE~date_start~Start Date & Time',0,5,'BAS',1,NULL,1,0,0),(16,261,'time_end','vtiger_activity',1,'2','time_end','End Time',1,0,'',100,5,39,3,'T~M',1,NULL,'BAS',1,NULL,1,0,0),(16,262,'recurringtype','vtiger_activity',1,'16','recurringtype','Recurrence',1,0,'',100,6,117,1,'O~O',1,NULL,'BAS',1,NULL,1,0,0),(16,263,'duration_hours','vtiger_activity',1,'63','duration_hours','Duration',1,0,'',100,7,39,3,'I~M',1,NULL,'BAS',1,NULL,0,0,0),(16,264,'duration_minutes','vtiger_activity',1,'16','duration_minutes','Duration Minutes',1,0,'',100,8,39,3,'O~O',1,NULL,'BAS',1,NULL,0,0,0),(16,265,'crmid','vtiger_seactivityrel',1,'66','parent_id','Related To',1,0,'',100,9,119,1,'I~O',1,NULL,'BAS',1,NULL,1,0,0),(16,266,'eventstatus','vtiger_activity',1,'15','eventstatus','Status',1,0,'',100,10,39,1,'V~M',0,3,'BAS',1,NULL,0,0,0),(16,267,'sendnotification','vtiger_activity',1,'56','sendnotification','Send Notification',1,0,'',100,11,39,1,'C~O',1,NULL,'BAS',1,NULL,0,0,0),(16,268,'activitytype','vtiger_activity',1,'15','activitytype','Activity Type',1,0,'',100,12,39,1,'V~M',0,4,'BAS',1,NULL,1,0,0),(16,269,'location','vtiger_activity',1,'1','location','Location',1,0,'',100,13,39,1,'V~O',1,NULL,'BAS',1,NULL,0,0,0),(16,270,'createdtime','vtiger_crmentity',1,'70','createdtime','Created Time',1,0,'',100,14,39,2,'DT~O',3,NULL,'BAS',0,NULL,0,0,0),(16,271,'modifiedtime','vtiger_crmentity',1,'70','modifiedtime','Modified Time',1,0,'',100,15,39,2,'DT~O',3,NULL,'BAS',0,NULL,0,0,0),(16,272,'priority','vtiger_activity',1,'15','taskpriority','Priority',1,0,'',100,16,39,1,'V~O',1,NULL,'BAS',1,NULL,0,0,0),(16,273,'notime','vtiger_activity',1,'56','notime','No Time',1,0,'',100,17,39,3,'C~O',1,NULL,'BAS',1,NULL,0,0,0),(16,274,'visibility','vtiger_activity',1,'16','visibility','Visibility',1,0,'',100,18,39,1,'V~O',1,NULL,'BAS',1,NULL,0,0,0),(16,275,'modifiedby','vtiger_crmentity',1,'52','modifiedby','Last Modified By',1,0,'',100,22,39,3,'V~O',3,NULL,'BAS',0,NULL,0,0,0),(16,276,'description','vtiger_crmentity',1,'19','description','Description',1,0,'',100,1,41,1,'V~O',1,NULL,'BAS',1,NULL,0,0,0),(16,277,'reminder_time','vtiger_activity_reminder',1,'30','reminder_time','Send Reminder',1,0,'',100,1,40,1,'I~O',1,NULL,'BAS',1,NULL,0,0,0),(16,278,'contactid','vtiger_cntactivityrel',1,'57','contact_id','Contact Name',1,0,'',100,1,119,1,'I~O',1,NULL,'BAS',1,NULL,0,0,0),(15,279,'product_id','vtiger_faq',1,'59','product_id','Product Name',1,2,'',100,1,37,1,'I~O',3,NULL,'BAS',1,NULL,1,0,0),(15,280,'faq_no','vtiger_faq',1,'4','faq_no','Faq No',1,0,'',100,2,37,1,'V~O',3,NULL,'BAS',0,NULL,0,0,0),(15,281,'category','vtiger_faq',1,'15','faqcategories','Category',1,2,'',100,4,37,1,'V~O',3,NULL,'BAS',1,NULL,1,0,0),(15,282,'status','vtiger_faq',1,'15','faqstatus','Status',1,2,'',100,3,37,1,'V~M',3,NULL,'BAS',1,NULL,0,0,0),(15,283,'question','vtiger_faq',1,'20','question','Question',1,2,'',100,7,37,1,'V~M',3,NULL,'BAS',1,NULL,1,0,0),(15,284,'answer','vtiger_faq',1,'20','faq_answer','Answer',1,2,'',100,8,37,1,'V~M',3,NULL,'BAS',1,NULL,0,0,0),(15,285,'comments','vtiger_faqcomments',1,'19','comments','Add Comment',1,1,'',100,1,38,1,'V~O',3,NULL,'BAS',0,NULL,0,0,0),(15,286,'createdtime','vtiger_crmentity',1,'70','createdtime','Created Time',1,0,'',100,5,37,2,'DT~O',3,NULL,'BAS',0,NULL,1,0,0),(15,287,'modifiedtime','vtiger_crmentity',1,'70','modifiedtime','Modified Time',1,0,'',100,6,37,2,'DT~O',3,NULL,'BAS',0,NULL,1,0,0),(15,288,'modifiedby','vtiger_crmentity',1,'52','modifiedby','Last Modified By',1,0,'',100,7,37,3,'V~O',3,NULL,'BAS',0,NULL,0,0,0),(18,289,'vendorname','vtiger_vendor',1,'2','vendorname','Vendor Name',1,0,'',100,1,42,1,'V~M',0,1,'BAS',1,NULL,1,0,0),(18,290,'vendor_no','vtiger_vendor',1,'4','vendor_no','Vendor No',1,0,'',100,2,42,1,'V~O',3,NULL,'BAS',0,NULL,0,0,0),(18,291,'phone','vtiger_vendor',1,'1','phone','Phone',1,2,'',100,4,42,1,'V~O',2,2,'BAS',1,NULL,0,1,0),(18,292,'email','vtiger_vendor',1,'13','email','Email',1,2,'',100,3,42,1,'E~O',2,3,'BAS',1,NULL,0,1,0),(18,293,'website','vtiger_vendor',1,'17','website','Website',1,2,'',100,6,42,1,'V~O',1,NULL,'BAS',1,NULL,0,1,0),(18,294,'glacct','vtiger_vendor',1,'15','glacct','GL Account',1,2,'',100,5,42,1,'V~O',1,NULL,'BAS',1,NULL,0,0,0),(18,295,'category','vtiger_vendor',1,'1','category','Category',1,2,'',100,8,42,1,'V~O',1,NULL,'BAS',1,NULL,1,0,0),(18,296,'createdtime','vtiger_crmentity',1,'70','createdtime','Created Time',1,0,'',100,7,42,2,'DT~O',3,NULL,'BAS',0,NULL,0,0,0),(18,297,'modifiedtime','vtiger_crmentity',1,'70','modifiedtime','Modified Time',1,0,'',100,9,42,2,'DT~O',3,NULL,'BAS',0,NULL,0,0,0),(18,298,'modifiedby','vtiger_crmentity',1,'52','modifiedby','Last Modified By',1,0,'',100,12,42,3,'V~O',3,NULL,'BAS',0,NULL,0,0,0),(18,299,'street','vtiger_vendor',1,'21','street','Street',1,2,'',100,1,44,1,'V~O',1,NULL,'ADV',1,NULL,0,0,0),(18,300,'pobox','vtiger_vendor',1,'1','pobox','Po Box',1,2,'',100,2,44,1,'V~O',1,NULL,'ADV',1,NULL,0,0,0),(18,301,'city','vtiger_vendor',1,'1','city','City',1,2,'',100,3,44,1,'V~O',1,NULL,'ADV',1,NULL,0,0,0),(18,302,'state','vtiger_vendor',1,'1','state','State',1,2,'',100,4,44,1,'V~O',1,NULL,'ADV',1,NULL,0,0,0),(18,303,'postalcode','vtiger_vendor',1,'1','postalcode','Postal Code',1,2,'',100,5,44,1,'V~O',1,NULL,'ADV',1,NULL,0,0,0),(18,304,'country','vtiger_vendor',1,'1','country','Country',1,2,'',100,6,44,1,'V~O',1,NULL,'ADV',1,NULL,0,0,0),(18,305,'description','vtiger_crmentity',1,'19','description','Description',1,2,'',100,1,45,1,'V~O',1,NULL,'ADV',1,NULL,0,0,0),(19,306,'bookname','vtiger_pricebook',1,'2','bookname','Price Book Name',1,0,'',100,1,46,1,'V~M',0,1,'BAS',1,NULL,1,0,0),(19,307,'pricebook_no','vtiger_pricebook',1,'4','pricebook_no','PriceBook No',1,0,'',100,3,46,1,'V~O',3,NULL,'BAS',0,NULL,0,0,0),(19,308,'active','vtiger_pricebook',1,'56','active','Active',1,2,'1',100,2,46,1,'C~O',2,2,'BAS',1,NULL,1,0,0),(19,309,'createdtime','vtiger_crmentity',1,'70','createdtime','Created Time',1,0,'',100,4,46,2,'DT~O',3,NULL,'BAS',0,NULL,0,0,0),(19,310,'modifiedtime','vtiger_crmentity',1,'70','modifiedtime','Modified Time',1,0,'',100,5,46,2,'DT~O',3,NULL,'BAS',0,NULL,0,0,0),(19,311,'currency_id','vtiger_pricebook',1,'117','currency_id','Currency',1,0,'',100,5,46,1,'I~M',0,3,'BAS',0,NULL,0,0,0),(19,312,'modifiedby','vtiger_crmentity',1,'52','modifiedby','Last Modified By',1,0,'',100,7,46,3,'V~O',3,NULL,'BAS',0,NULL,0,0,0),(19,313,'description','vtiger_crmentity',1,'19','description','Description',1,2,'',100,1,48,1,'V~O',1,NULL,'BAS',1,NULL,0,0,0),(20,314,'quote_no','vtiger_quotes',1,'4','quote_no','Quote No',1,0,'',100,3,49,1,'V~O',3,NULL,'BAS',0,NULL,1,0,0),(20,315,'subject','vtiger_quotes',1,'2','subject','Subject',1,0,'',100,1,49,1,'V~M',1,NULL,'BAS',1,NULL,1,0,0),(20,316,'potentialid','vtiger_quotes',1,'76','potential_id','Potential Name',1,2,'',100,2,49,1,'I~O',3,NULL,'BAS',1,NULL,1,0,0),(20,317,'quotestage','vtiger_quotes',1,'15','quotestage','Quote Stage',1,2,'',100,4,49,1,'V~M',3,NULL,'BAS',1,NULL,0,1,0),(20,318,'validtill','vtiger_quotes',1,'5','validtill','Valid Till',1,2,'',100,5,49,1,'D~O',3,NULL,'BAS',1,NULL,0,0,0),(20,319,'contactid','vtiger_quotes',1,'57','contact_id','Contact Name',1,2,'',100,6,49,1,'V~O',3,NULL,'BAS',1,NULL,0,1,0),(20,320,'carrier','vtiger_quotes',1,'15','carrier','Carrier',1,2,'',100,8,49,1,'V~O',3,NULL,'BAS',1,NULL,0,0,0),(20,321,'subtotal','vtiger_quotes',1,'72','hdnSubTotal','Sub Total',1,2,'',100,9,49,3,'N~O',3,NULL,'BAS',1,NULL,0,0,0),(20,322,'shipping','vtiger_quotes',1,'1','shipping','Shipping',1,1,'',100,10,49,1,'V~O',3,NULL,'BAS',1,NULL,0,0,0),(20,323,'inventorymanager','vtiger_quotes',1,'77','assigned_user_id1','Inventory Manager',1,2,'',100,11,49,1,'I~O',3,NULL,'BAS',1,NULL,0,0,0),(20,324,'adjustment','vtiger_quotes',1,'72','txtAdjustment','Adjustment',1,2,'',100,20,49,3,'NN~O',3,NULL,'BAS',1,NULL,0,0,0),(20,325,'total','vtiger_quotes',1,'72','hdnGrandTotal','Total',1,2,'',100,14,49,3,'N~O',3,NULL,'BAS',1,NULL,0,1,0),(20,326,'taxtype','vtiger_quotes',1,'16','hdnTaxType','Tax Type',1,2,'',100,14,49,3,'V~O',3,NULL,'BAS',1,NULL,0,0,0),(20,327,'discount_percent','vtiger_quotes',1,'1','hdnDiscountPercent','Discount Percent',1,2,'',100,14,116,5,'N~O',3,NULL,'BAS',1,NULL,0,0,0),(20,328,'discount_amount','vtiger_quotes',1,'72','hdnDiscountAmount','Discount Amount',1,2,'',100,14,116,5,'N~O',3,NULL,'BAS',1,NULL,0,0,0),(20,329,'s_h_amount','vtiger_quotes',1,'72','hdnS_H_Amount','S&H Amount',1,2,'',100,14,49,3,'N~O',3,NULL,'BAS',1,NULL,0,0,0),(20,330,'accountid','vtiger_quotes',1,'73','account_id','Account Name',1,1,'',100,16,49,1,'I~O',3,NULL,'BAS',1,NULL,0,1,0),(20,331,'smownerid','vtiger_crmentity',1,'53','assigned_user_id','Assigned To',1,0,'',100,17,49,1,'V~M',3,NULL,'BAS',1,NULL,1,0,0),(20,332,'createdtime','vtiger_crmentity',1,'70','createdtime','Created Time',1,0,'',100,18,49,2,'DT~O',3,NULL,'BAS',0,NULL,0,0,0),(20,333,'modifiedtime','vtiger_crmentity',1,'70','modifiedtime','Modified Time',1,0,'',100,19,49,2,'DT~O',3,NULL,'BAS',0,NULL,0,0,0),(20,334,'modifiedby','vtiger_crmentity',1,'52','modifiedby','Last Modified By',1,0,'',100,22,49,3,'V~O',3,NULL,'BAS',0,NULL,0,0,0),(20,335,'currency_id','vtiger_quotes',1,'117','currency_id','Currency',1,2,'1',100,20,49,3,'I~O',3,NULL,'BAS',1,NULL,0,0,0),(20,336,'conversion_rate','vtiger_quotes',1,'1','conversion_rate','Conversion Rate',1,2,'1',100,21,49,3,'N~O',3,NULL,'BAS',1,NULL,0,0,0),(20,337,'bill_street','vtiger_quotesbillads',1,'24','bill_street','Billing Address',1,1,'',100,1,51,1,'V~O',3,NULL,'BAS',1,NULL,0,0,0),(20,338,'ship_street','vtiger_quotesshipads',1,'24','ship_street','Shipping Address',1,2,'',100,2,51,1,'V~M',3,NULL,'BAS',1,NULL,0,0,0),(20,339,'bill_city','vtiger_quotesbillads',1,'1','bill_city','Billing City',1,1,'',100,13,51,1,'V~O',3,NULL,'BAS',1,NULL,0,0,0),(20,340,'ship_city','vtiger_quotesshipads',1,'1','ship_city','Shipping City',1,2,'',100,6,51,1,'V~O',3,NULL,'BAS',1,NULL,0,0,0),(20,341,'bill_state','vtiger_quotesbillads',1,'1','bill_state','Billing State',1,2,'',100,7,51,1,'V~O',3,NULL,'BAS',1,NULL,0,0,0),(20,342,'ship_state','vtiger_quotesshipads',1,'1','ship_state','Shipping State',1,2,'',100,8,51,1,'V~O',3,NULL,'BAS',1,NULL,0,0,0),(20,343,'bill_code','vtiger_quotesbillads',1,'1','bill_code','Billing Code',1,1,'',100,9,51,1,'V~O',3,NULL,'BAS',1,NULL,0,0,0),(20,344,'ship_code','vtiger_quotesshipads',1,'1','ship_code','Shipping Code',1,2,'',100,10,51,1,'V~O',3,NULL,'BAS',1,NULL,0,0,0),(20,345,'bill_country','vtiger_quotesbillads',1,'1','bill_country','Billing Country',1,1,'',100,11,51,1,'V~O',3,NULL,'BAS',1,NULL,0,0,0),(20,346,'ship_country','vtiger_quotesshipads',1,'1','ship_country','Shipping Country',1,2,'',100,12,51,1,'V~O',3,NULL,'BAS',1,NULL,0,0,0),(20,347,'bill_pobox','vtiger_quotesbillads',1,'1','bill_pobox','Billing Po Box',1,1,'',100,3,51,1,'V~O',3,NULL,'BAS',1,NULL,0,0,0),(20,348,'ship_pobox','vtiger_quotesshipads',1,'1','ship_pobox','Shipping Po Box',1,1,'',100,4,51,1,'V~O',3,NULL,'BAS',1,NULL,0,0,0),(20,349,'description','vtiger_crmentity',1,'19','description','Description',1,2,'',100,1,54,1,'V~O',3,NULL,'ADV',1,NULL,0,0,0),(20,350,'terms_conditions','vtiger_quotes',1,'19','terms_conditions','Terms & Conditions',1,2,'',100,1,53,1,'V~O',3,NULL,'ADV',1,NULL,0,0,0),(21,351,'purchaseorder_no','vtiger_purchaseorder',1,'4','purchaseorder_no','PurchaseOrder No',1,0,'',100,2,55,1,'V~O',3,NULL,'BAS',0,NULL,1,0,0),(21,352,'subject','vtiger_purchaseorder',1,'2','subject','Subject',1,0,'',100,1,55,1,'V~M',3,NULL,'BAS',1,NULL,1,0,0),(21,353,'vendorid','vtiger_purchaseorder',1,'81','vendor_id','Vendor Name',1,0,'',100,3,55,1,'I~M',3,NULL,'BAS',1,NULL,1,0,0),(21,354,'requisition_no','vtiger_purchaseorder',1,'1','requisition_no','Requisition No',1,2,'',100,4,55,1,'V~O',3,NULL,'BAS',1,NULL,0,0,0),(21,355,'tracking_no','vtiger_purchaseorder',1,'1','tracking_no','Tracking Number',1,2,'',100,5,55,1,'V~O',3,NULL,'BAS',1,NULL,1,0,0),(21,356,'contactid','vtiger_purchaseorder',1,'57','contact_id','Contact Name',1,2,'',100,6,55,1,'I~O',3,NULL,'BAS',1,NULL,0,1,0),(21,357,'duedate','vtiger_purchaseorder',1,'5','duedate','Due Date',1,2,'',100,7,55,1,'D~O',3,NULL,'BAS',1,NULL,0,0,0),(21,358,'carrier','vtiger_purchaseorder',1,'15','carrier','Carrier',1,2,'',100,8,55,1,'V~O',3,NULL,'BAS',1,NULL,0,0,0),(21,359,'adjustment','vtiger_purchaseorder',1,'72','txtAdjustment','Adjustment',1,2,'',100,10,55,3,'NN~O',3,NULL,'BAS',1,NULL,0,0,0),(21,360,'salescommission','vtiger_purchaseorder',1,'1','salescommission','Sales Commission',1,2,'',100,11,55,1,'N~O',3,NULL,'BAS',1,NULL,0,0,0),(21,361,'exciseduty','vtiger_purchaseorder',1,'1','exciseduty','Excise Duty',1,2,'',100,12,55,1,'N~O',3,NULL,'BAS',1,NULL,0,0,0),(21,362,'total','vtiger_purchaseorder',1,'72','hdnGrandTotal','Total',1,2,'',100,13,55,3,'N~O',3,NULL,'BAS',1,NULL,1,0,0),(21,363,'subtotal','vtiger_purchaseorder',1,'72','hdnSubTotal','Sub Total',1,2,'',100,14,55,3,'N~O',3,NULL,'BAS',1,NULL,0,0,0),(21,364,'taxtype','vtiger_purchaseorder',1,'16','hdnTaxType','Tax Type',1,2,'',100,14,55,3,'V~O',3,NULL,'BAS',1,NULL,0,0,0),(21,365,'discount_percent','vtiger_purchaseorder',1,'1','hdnDiscountPercent','Discount Percent',1,2,'',100,14,115,5,'N~O',3,NULL,'BAS',1,NULL,0,0,0),(21,366,'discount_amount','vtiger_purchaseorder',1,'72','hdnDiscountAmount','Discount Amount',1,0,'',100,14,115,5,'N~O',3,NULL,'BAS',1,NULL,0,0,0),(21,367,'s_h_amount','vtiger_purchaseorder',1,'72','hdnS_H_Amount','S&H Amount',1,2,'',100,14,55,3,'N~O',3,NULL,'BAS',1,NULL,0,0,0),(21,368,'postatus','vtiger_purchaseorder',1,'15','postatus','Status',1,2,'',100,15,55,1,'V~M',3,NULL,'BAS',1,NULL,0,1,0),(21,369,'smownerid','vtiger_crmentity',1,'53','assigned_user_id','Assigned To',1,0,'',100,16,55,1,'V~M',3,NULL,'BAS',1,NULL,0,1,0),(21,370,'createdtime','vtiger_crmentity',1,'70','createdtime','Created Time',1,0,'',100,17,55,2,'DT~O',3,NULL,'BAS',0,NULL,0,0,0),(21,371,'modifiedtime','vtiger_crmentity',1,'70','modifiedtime','Modified Time',1,0,'',100,18,55,2,'DT~O',3,NULL,'BAS',0,NULL,0,0,0),(21,372,'modifiedby','vtiger_crmentity',1,'52','modifiedby','Last Modified By',1,0,'',100,22,55,3,'V~O',3,NULL,'BAS',0,NULL,0,0,0),(21,373,'currency_id','vtiger_purchaseorder',1,'117','currency_id','Currency',1,2,'1',100,19,55,3,'I~O',3,NULL,'BAS',1,NULL,0,0,0),(21,374,'conversion_rate','vtiger_purchaseorder',1,'1','conversion_rate','Conversion Rate',1,2,'1',100,20,55,3,'N~O',3,NULL,'BAS',1,NULL,0,0,0),(21,375,'bill_street','vtiger_pobillads',1,'24','bill_street','Billing Address',1,2,'',100,1,57,1,'V~M',3,NULL,'BAS',1,NULL,0,0,0),(21,376,'ship_street','vtiger_poshipads',1,'24','ship_street','Shipping Address',1,2,'',100,2,57,1,'V~M',3,NULL,'BAS',1,NULL,0,0,0),(21,377,'bill_city','vtiger_pobillads',1,'1','bill_city','Billing City',1,2,'',100,5,57,1,'V~O',3,NULL,'BAS',1,NULL,0,0,0),(21,378,'ship_city','vtiger_poshipads',1,'1','ship_city','Shipping City',1,2,'',100,6,57,1,'V~O',3,NULL,'BAS',1,NULL,0,0,0),(21,379,'bill_state','vtiger_pobillads',1,'1','bill_state','Billing State',1,2,'',100,7,57,1,'V~O',3,NULL,'BAS',1,NULL,0,0,0),(21,380,'ship_state','vtiger_poshipads',1,'1','ship_state','Shipping State',1,2,'',100,8,57,1,'V~O',3,NULL,'BAS',1,NULL,0,0,0),(21,381,'bill_code','vtiger_pobillads',1,'1','bill_code','Billing Code',1,2,'',100,9,57,1,'V~O',3,NULL,'BAS',1,NULL,0,0,0),(21,382,'ship_code','vtiger_poshipads',1,'1','ship_code','Shipping Code',1,2,'',100,10,57,1,'V~O',3,NULL,'BAS',1,NULL,0,0,0),(21,383,'bill_country','vtiger_pobillads',1,'1','bill_country','Billing Country',1,2,'',100,11,57,1,'V~O',3,NULL,'BAS',1,NULL,0,0,0),(21,384,'ship_country','vtiger_poshipads',1,'1','ship_country','Shipping Country',1,2,'',100,12,57,1,'V~O',3,NULL,'BAS',1,NULL,0,0,0),(21,385,'bill_pobox','vtiger_pobillads',1,'1','bill_pobox','Billing Po Box',1,2,'',100,3,57,1,'V~O',3,NULL,'BAS',1,NULL,0,0,0),(21,386,'ship_pobox','vtiger_poshipads',1,'1','ship_pobox','Shipping Po Box',1,2,'',100,4,57,1,'V~O',3,NULL,'BAS',1,NULL,0,0,0),(21,387,'description','vtiger_crmentity',1,'19','description','Description',1,2,'',100,1,60,1,'V~O',3,NULL,'ADV',1,NULL,0,0,0),(21,388,'terms_conditions','vtiger_purchaseorder',1,'19','terms_conditions','Terms & Conditions',1,2,'',100,1,59,1,'V~O',3,NULL,'ADV',1,NULL,0,0,0),(22,389,'salesorder_no','vtiger_salesorder',1,'4','salesorder_no','SalesOrder No',1,0,'',100,6,61,1,'V~O',3,NULL,'BAS',0,NULL,1,0,0),(22,390,'subject','vtiger_salesorder',1,'2','subject','Subject',1,0,'',100,1,61,1,'V~M',3,NULL,'BAS',1,NULL,1,0,0),(22,391,'potentialid','vtiger_salesorder',1,'76','potential_id','Potential Name',1,1,'',100,4,61,1,'I~O',3,NULL,'BAS',1,NULL,0,0,0),(22,392,'customerno','vtiger_salesorder',1,'1','customerno','Customer No',1,1,'',100,3,61,1,'V~O',3,NULL,'BAS',1,NULL,0,0,0),(22,393,'quoteid','vtiger_salesorder',1,'78','quote_id','Quote Name',1,2,'',100,5,61,1,'I~O',3,NULL,'BAS',0,NULL,1,0,0),(22,394,'purchaseorder','vtiger_salesorder',1,'1','vtiger_purchaseorder','Purchase Order',1,1,'',100,8,61,1,'V~O',3,NULL,'BAS',1,NULL,0,0,0),(22,395,'contactid','vtiger_salesorder',1,'57','contact_id','Contact Name',1,2,'',100,7,61,1,'I~M',3,NULL,'BAS',1,NULL,0,1,0),(22,396,'duedate','vtiger_salesorder',1,'5','duedate','Due Date',1,2,'',100,10,61,1,'D~O',3,NULL,'BAS',1,NULL,0,0,0),(22,397,'carrier','vtiger_salesorder',1,'15','carrier','Carrier',1,2,'',100,9,61,1,'V~O',3,NULL,'BAS',1,NULL,0,0,0),(22,398,'pending','vtiger_salesorder',1,'1','pending','Pending',1,1,'',100,12,61,1,'V~O',3,NULL,'BAS',1,NULL,0,0,0),(22,399,'sostatus','vtiger_salesorder',1,'15','sostatus','Status',1,2,'',100,11,61,1,'V~M',3,NULL,'BAS',1,NULL,0,1,0),(22,400,'adjustment','vtiger_salesorder',1,'72','txtAdjustment','Adjustment',1,2,'',100,12,61,3,'NN~O',3,NULL,'BAS',1,NULL,0,0,0),(22,401,'salescommission','vtiger_salesorder',1,'1','salescommission','Sales Commission',1,1,'',100,14,61,1,'N~O',3,NULL,'BAS',1,NULL,0,0,0),(22,402,'exciseduty','vtiger_salesorder',1,'1','exciseduty','Excise Duty',1,1,'',100,13,61,1,'N~O',3,NULL,'BAS',1,NULL,0,0,0),(22,403,'total','vtiger_salesorder',1,'72','hdnGrandTotal','Total',1,2,'',100,14,61,3,'N~O',3,NULL,'BAS',1,NULL,1,0,0),(22,404,'subtotal','vtiger_salesorder',1,'72','hdnSubTotal','Sub Total',1,2,'',100,15,61,3,'N~O',3,NULL,'BAS',1,NULL,0,0,0),(22,405,'taxtype','vtiger_salesorder',1,'16','hdnTaxType','Tax Type',1,2,'',100,15,61,3,'V~O',3,NULL,'BAS',1,NULL,0,0,0),(22,406,'discount_percent','vtiger_salesorder',1,'1','hdnDiscountPercent','Discount Percent',1,2,'',100,15,114,5,'N~O',3,NULL,'BAS',1,NULL,0,0,0),(22,407,'discount_amount','vtiger_salesorder',1,'72','hdnDiscountAmount','Discount Amount',1,0,'',100,15,114,5,'N~O',3,NULL,'BAS',1,NULL,0,0,0),(22,408,'s_h_amount','vtiger_salesorder',1,'72','hdnS_H_Amount','S&H Amount',1,2,'',100,15,61,3,'N~O',3,NULL,'BAS',1,NULL,0,0,0),(22,409,'accountid','vtiger_salesorder',1,'73','account_id','Account Name',1,1,'',100,16,61,1,'I~O',3,NULL,'BAS',1,NULL,0,1,0),(22,410,'smownerid','vtiger_crmentity',1,'53','assigned_user_id','Assigned To',1,0,'',100,16,61,1,'V~M',3,NULL,'BAS',1,NULL,0,1,0),(22,411,'createdtime','vtiger_crmentity',1,'70','createdtime','Created Time',1,0,'',100,15,61,2,'DT~O',3,NULL,'BAS',0,NULL,0,0,0),(22,412,'modifiedtime','vtiger_crmentity',1,'70','modifiedtime','Modified Time',1,0,'',100,18,61,2,'DT~O',3,NULL,'BAS',0,NULL,0,0,0),(22,413,'modifiedby','vtiger_crmentity',1,'52','modifiedby','Last Modified By',1,0,'',100,22,61,3,'V~O',3,NULL,'BAS',0,NULL,0,0,0),(22,414,'currency_id','vtiger_salesorder',1,'117','currency_id','Currency',1,2,'1',100,20,61,3,'I~O',3,NULL,'BAS',1,NULL,0,0,0),(22,415,'conversion_rate','vtiger_salesorder',1,'1','conversion_rate','Conversion Rate',1,2,'1',100,21,61,3,'N~O',3,NULL,'BAS',1,NULL,0,0,0),(22,416,'bill_street','vtiger_sobillads',1,'24','bill_street','Billing Address',1,1,'',100,1,63,1,'V~O',3,NULL,'BAS',1,NULL,0,0,0),(22,417,'ship_street','vtiger_soshipads',1,'24','ship_street','Shipping Address',1,2,'',100,2,63,1,'V~O',3,NULL,'BAS',1,NULL,0,0,0),(22,418,'bill_city','vtiger_sobillads',1,'1','bill_city','Billing City',1,1,'',100,5,63,1,'V~O',3,NULL,'BAS',1,NULL,0,0,0),(22,419,'ship_city','vtiger_soshipads',1,'1','ship_city','Shipping City',1,2,'',100,6,63,1,'V~O',3,NULL,'BAS',1,NULL,0,0,0),(22,420,'bill_state','vtiger_sobillads',1,'1','bill_state','Billing State',1,1,'',100,7,63,1,'V~O',3,NULL,'BAS',1,NULL,0,0,0),(22,421,'ship_state','vtiger_soshipads',1,'1','ship_state','Shipping State',1,2,'',100,8,63,1,'V~O',3,NULL,'BAS',1,NULL,0,0,0),(22,422,'bill_code','vtiger_sobillads',1,'1','bill_code','Billing Code',1,2,'',100,9,63,1,'V~O',3,NULL,'BAS',1,NULL,0,0,0),(22,423,'ship_code','vtiger_soshipads',1,'1','ship_code','Shipping Code',1,2,'',100,10,63,1,'V~O',3,NULL,'BAS',1,NULL,0,0,0),(22,424,'bill_country','vtiger_sobillads',1,'1','bill_country','Billing Country',1,1,'',100,11,63,1,'V~O',3,NULL,'BAS',1,NULL,0,0,0),(22,425,'ship_country','vtiger_soshipads',1,'1','ship_country','Shipping Country',1,2,'',100,12,63,1,'V~O',3,NULL,'BAS',1,NULL,0,0,0),(22,426,'bill_pobox','vtiger_sobillads',1,'1','bill_pobox','Billing Po Box',1,1,'',100,3,63,1,'V~O',3,NULL,'BAS',1,NULL,0,0,0),(22,427,'ship_pobox','vtiger_soshipads',1,'1','ship_pobox','Shipping Po Box',1,2,'',100,4,63,1,'V~O',3,NULL,'BAS',1,NULL,0,0,0),(22,428,'description','vtiger_crmentity',1,'19','description','Description',1,2,'',100,1,66,1,'V~O',3,NULL,'ADV',1,NULL,0,0,0),(22,429,'terms_conditions','vtiger_salesorder',1,'19','terms_conditions','Terms & Conditions',1,2,'',100,1,65,1,'V~O',3,NULL,'ADV',1,NULL,0,0,0),(22,430,'enable_recurring','vtiger_salesorder',1,'56','enable_recurring','Enable Recurring',1,0,'',100,1,85,1,'C~O',3,NULL,'BAS',0,NULL,0,0,0),(22,431,'recurring_frequency','vtiger_invoice_recurring_info',1,'16','recurring_frequency','Frequency',1,0,'',100,2,85,1,'V~O',3,NULL,'BAS',0,NULL,0,0,0),(22,432,'start_period','vtiger_invoice_recurring_info',1,'5','start_period','Start Period',1,0,'',100,3,85,1,'D~O',3,NULL,'BAS',0,NULL,0,0,0),(22,433,'end_period','vtiger_invoice_recurring_info',1,'5','end_period','End Period',1,0,'',100,4,85,1,'D~O~OTH~G~start_period~Start Period',3,NULL,'BAS',0,NULL,0,0,0),(22,434,'payment_duration','vtiger_invoice_recurring_info',1,'16','payment_duration','Payment Duration',1,0,'',100,5,85,1,'V~O',3,NULL,'BAS',0,NULL,0,0,0),(22,435,'invoice_status','vtiger_invoice_recurring_info',1,'15','invoicestatus','Invoice Status',1,0,'',100,6,85,1,'V~M',3,NULL,'BAS',0,NULL,0,0,0),(23,436,'subject','vtiger_invoice',1,'2','subject','Subject',1,0,'',100,1,67,1,'V~M',3,NULL,'BAS',1,NULL,1,0,0),(23,437,'salesorderid','vtiger_invoice',1,'80','salesorder_id','Sales Order',1,2,'',100,2,67,1,'I~O',3,NULL,'BAS',0,NULL,1,0,0),(23,438,'customerno','vtiger_invoice',1,'1','customerno','Customer No',1,2,'',100,3,67,1,'V~O',3,NULL,'BAS',1,NULL,0,0,0),(23,439,'contactid','vtiger_invoice',1,'57','contact_id','Contact Name',1,2,'',100,4,67,1,'I~O',3,NULL,'BAS',1,NULL,0,1,0),(23,440,'invoicedate','vtiger_invoice',1,'5','invoicedate','Invoice Date',1,2,'',100,5,67,1,'D~O',3,NULL,'BAS',1,NULL,0,0,0),(23,441,'duedate','vtiger_invoice',1,'5','duedate','Due Date',1,2,'',100,6,67,1,'D~O',3,NULL,'BAS',1,NULL,0,0,0),(23,442,'purchaseorder','vtiger_invoice',1,'1','vtiger_purchaseorder','Purchase Order',1,2,'',100,8,67,1,'V~O',3,NULL,'BAS',1,NULL,0,0,0),(23,443,'adjustment','vtiger_invoice',1,'72','txtAdjustment','Adjustment',1,2,'',100,9,67,3,'NN~O',3,NULL,'BAS',1,NULL,0,0,0),(23,444,'salescommission','vtiger_invoice',1,'1','salescommission','Sales Commission',1,2,'',10,13,67,1,'N~O',3,NULL,'BAS',1,NULL,0,0,0),(23,445,'exciseduty','vtiger_invoice',1,'1','exciseduty','Excise Duty',1,2,'',100,11,67,1,'N~O',3,NULL,'BAS',1,NULL,0,0,0),(23,446,'subtotal','vtiger_invoice',1,'72','hdnSubTotal','Sub Total',1,2,'',100,12,67,3,'N~O',3,NULL,'BAS',1,NULL,0,0,0),(23,447,'total','vtiger_invoice',1,'72','hdnGrandTotal','Total',1,2,'',100,13,67,3,'N~O',3,NULL,'BAS',1,NULL,1,0,0),(23,448,'taxtype','vtiger_invoice',1,'16','hdnTaxType','Tax Type',1,2,'',100,13,67,3,'V~O',3,NULL,'BAS',1,NULL,0,0,0),(23,449,'discount_percent','vtiger_invoice',1,'1','hdnDiscountPercent','Discount Percent',1,2,'',100,13,113,5,'N~O',3,NULL,'BAS',1,NULL,0,0,0),(23,450,'discount_amount','vtiger_invoice',1,'72','hdnDiscountAmount','Discount Amount',1,2,'',100,13,113,5,'N~O',3,NULL,'BAS',1,NULL,0,0,0),(23,451,'s_h_amount','vtiger_invoice',1,'72','hdnS_H_Amount','S&H Amount',1,2,'',100,14,69,3,'N~O',3,NULL,'BAS',1,NULL,0,0,0),(23,452,'accountid','vtiger_invoice',1,'73','account_id','Account Name',1,2,'',100,14,67,1,'I~M',3,NULL,'BAS',1,NULL,0,1,0),(23,453,'invoicestatus','vtiger_invoice',1,'15','invoicestatus','Status',1,2,'',100,15,67,1,'V~O',3,NULL,'BAS',1,NULL,0,1,0),(23,454,'smownerid','vtiger_crmentity',1,'53','assigned_user_id','Assigned To',1,0,'',100,16,67,1,'V~M',3,NULL,'BAS',1,NULL,0,1,0),(23,455,'createdtime','vtiger_crmentity',1,'70','createdtime','Created Time',1,0,'',100,17,67,2,'DT~O',3,NULL,'BAS',0,NULL,0,0,0),(23,456,'modifiedtime','vtiger_crmentity',1,'70','modifiedtime','Modified Time',1,0,'',100,18,67,2,'DT~O',3,NULL,'BAS',0,NULL,0,0,0),(23,457,'modifiedby','vtiger_crmentity',1,'52','modifiedby','Last Modified By',1,0,'',100,22,67,3,'V~O',3,NULL,'BAS',0,NULL,0,0,0),(23,458,'currency_id','vtiger_invoice',1,'117','currency_id','Currency',1,2,'1',100,19,67,3,'I~O',3,NULL,'BAS',1,NULL,0,0,0),(23,459,'conversion_rate','vtiger_invoice',1,'1','conversion_rate','Conversion Rate',1,2,'1',100,20,67,3,'N~O',3,NULL,'BAS',1,NULL,0,0,0),(23,460,'bill_street','vtiger_invoicebillads',1,'24','bill_street','Billing Address',1,2,'',100,1,69,1,'V~M',3,NULL,'BAS',1,NULL,0,0,0),(23,461,'ship_street','vtiger_invoiceshipads',1,'24','ship_street','Shipping Address',1,2,'',100,2,69,1,'V~M',3,NULL,'BAS',1,NULL,0,0,0),(23,462,'bill_city','vtiger_invoicebillads',1,'1','bill_city','Billing City',1,2,'',100,5,69,1,'V~O',3,NULL,'BAS',1,NULL,0,0,0),(23,463,'ship_city','vtiger_invoiceshipads',1,'1','ship_city','Shipping City',1,2,'',100,6,69,1,'V~O',3,NULL,'BAS',1,NULL,0,0,0),(23,464,'bill_state','vtiger_invoicebillads',1,'1','bill_state','Billing State',1,2,'',100,7,69,1,'V~O',3,NULL,'BAS',1,NULL,0,0,0),(23,465,'ship_state','vtiger_invoiceshipads',1,'1','ship_state','Shipping State',1,2,'',100,8,69,1,'V~O',3,NULL,'BAS',1,NULL,0,0,0),(23,466,'bill_code','vtiger_invoicebillads',1,'1','bill_code','Billing Code',1,2,'',100,9,69,1,'V~O',3,NULL,'BAS',1,NULL,0,0,0),(23,467,'ship_code','vtiger_invoiceshipads',1,'1','ship_code','Shipping Code',1,2,'',100,10,69,1,'V~O',3,NULL,'BAS',1,NULL,0,0,0),(23,468,'bill_country','vtiger_invoicebillads',1,'1','bill_country','Billing Country',1,2,'',100,11,69,1,'V~O',3,NULL,'BAS',1,NULL,0,0,0),(23,469,'ship_country','vtiger_invoiceshipads',1,'1','ship_country','Shipping Country',1,2,'',100,12,69,1,'V~O',3,NULL,'BAS',1,NULL,0,0,0),(23,470,'bill_pobox','vtiger_invoicebillads',1,'1','bill_pobox','Billing Po Box',1,2,'',100,3,69,1,'V~O',3,NULL,'BAS',1,NULL,0,0,0),(23,471,'ship_pobox','vtiger_invoiceshipads',1,'1','ship_pobox','Shipping Po Box',1,2,'',100,4,69,1,'V~O',3,NULL,'BAS',1,NULL,0,0,0),(23,472,'description','vtiger_crmentity',1,'19','description','Description',1,2,'',100,1,72,1,'V~O',3,NULL,'ADV',1,NULL,0,0,0),(23,473,'terms_conditions','vtiger_invoice',1,'19','terms_conditions','Terms & Conditions',1,2,'',100,1,71,1,'V~O',3,NULL,'ADV',1,NULL,0,0,0),(23,474,'invoice_no','vtiger_invoice',1,'4','invoice_no','Invoice No',1,0,'',100,3,67,1,'V~O',3,NULL,'BAS',0,NULL,1,0,0),(29,475,'user_name','vtiger_users',1,'106','user_name','User Name',1,0,'',11,1,77,1,'V~M',1,NULL,'BAS',1,NULL,0,0,0),(29,476,'is_admin','vtiger_users',1,'156','is_admin','Admin',1,0,'',3,7,77,1,'V~O',1,NULL,'BAS',1,NULL,0,0,0),(29,477,'user_password','vtiger_users',1,'99','user_password','Password',1,0,'',30,5,77,4,'P~M',1,NULL,'BAS',1,NULL,0,0,0),(29,478,'confirm_password','vtiger_users',1,'99','confirm_password','Confirm Password',1,0,'',30,6,77,4,'P~M',1,NULL,'BAS',1,NULL,0,0,0),(29,479,'first_name','vtiger_users',1,'1','first_name','First Name',1,0,'',30,3,77,1,'V~O',1,NULL,'BAS',1,NULL,0,0,0),(29,480,'last_name','vtiger_users',1,'2','last_name','Last Name',1,0,'',30,4,77,1,'V~M',1,NULL,'BAS',1,NULL,0,0,0),(29,481,'roleid','vtiger_user2role',1,'98','roleid','Role',1,0,'',200,8,77,1,'V~M',1,NULL,'BAS',1,NULL,0,0,0),(29,482,'email1','vtiger_users',1,'104','email1','Email',1,0,'',100,2,77,1,'E~M',1,NULL,'BAS',1,NULL,0,0,0),(29,483,'status','vtiger_users',1,'115','status','Status',1,0,'Active',100,10,77,1,'V~O',1,NULL,'BAS',1,NULL,0,0,0),(29,484,'activity_view','vtiger_users',1,'16','activity_view','Default Activity View',1,0,'',100,6,118,1,'V~O',1,NULL,'BAS',1,NULL,0,0,0),(29,485,'lead_view','vtiger_users',1,'16','lead_view','Default Lead View',1,0,'',100,9,77,1,'V~O',1,NULL,'BAS',1,NULL,0,0,0),(29,486,'hour_format','vtiger_users',1,'16','hour_format','Calendar Hour Format',1,0,'12',100,4,118,1,'V~O',1,NULL,'BAS',1,NULL,0,0,0),(29,487,'end_hour','vtiger_users',1,'116','end_hour','Day ends at',1,0,'',100,11,77,3,'V~O',1,NULL,'BAS',1,NULL,0,0,0),(29,488,'start_hour','vtiger_users',1,'16','start_hour','Day starts at',1,0,'',100,2,118,1,'V~O',1,NULL,'BAS',1,NULL,0,0,0),(29,489,'is_owner','vtiger_users',1,'1','is_owner','Account Owner',0,2,'0',100,12,77,5,'V~O',0,1,'BAS',0,NULL,0,0,0),(29,490,'title','vtiger_users',1,'1','title','Title',1,0,'',50,1,79,1,'V~O',1,NULL,'BAS',1,NULL,0,0,0),(29,491,'phone_work','vtiger_users',1,'11','phone_work','Office Phone',1,0,'',50,5,79,1,'V~O',1,NULL,'BAS',1,NULL,0,0,0),(29,492,'department','vtiger_users',1,'1','department','Department',1,0,'',50,3,79,1,'V~O',1,NULL,'BAS',1,NULL,0,0,0),(29,493,'phone_mobile','vtiger_users',1,'11','phone_mobile','Mobile',1,0,'',50,7,79,1,'V~O',1,NULL,'BAS',1,NULL,0,0,0),(29,494,'reports_to_id','vtiger_users',1,'101','reports_to_id','Reports To',1,0,'',50,8,79,1,'V~O',1,NULL,'BAS',1,NULL,0,0,0),(29,495,'phone_other','vtiger_users',1,'11','phone_other','Other Phone',1,0,'',50,11,79,1,'V~O',1,NULL,'BAS',1,NULL,0,0,0),(29,496,'email2','vtiger_users',1,'13','email2','Other Email',1,0,'',100,4,79,1,'E~O',1,NULL,'BAS',1,NULL,0,0,0),(29,497,'phone_fax','vtiger_users',1,'11','phone_fax','Fax',1,0,'',50,2,79,1,'V~O',1,NULL,'BAS',1,NULL,0,0,0),(29,498,'secondaryemail','vtiger_users',1,'13','secondaryemail','Secondary Email',1,0,'',100,6,79,1,'E~O',1,NULL,'BAS',1,NULL,0,0,0),(29,499,'phone_home','vtiger_users',1,'11','phone_home','Home Phone',1,0,'',50,9,79,1,'V~O',1,NULL,'BAS',1,NULL,0,0,0),(29,500,'date_format','vtiger_users',1,'16','date_format','Date Format',1,0,'',30,3,118,1,'V~O',1,NULL,'BAS',1,NULL,0,0,0),(29,501,'signature','vtiger_users',1,'21','signature','Signature',1,0,'',250,13,79,1,'V~O',1,NULL,'BAS',1,NULL,0,0,0),(29,502,'description','vtiger_users',1,'21','description','Documents',1,0,'',250,14,79,1,'V~O',1,NULL,'BAS',1,NULL,0,0,0),(29,503,'address_street','vtiger_users',1,'21','address_street','Street Address',1,0,'',250,1,80,1,'V~O',1,NULL,'BAS',1,NULL,0,0,0),(29,504,'address_city','vtiger_users',1,'1','address_city','City',1,0,'',100,3,80,1,'V~O',1,NULL,'BAS',1,NULL,0,0,0),(29,505,'address_state','vtiger_users',1,'1','address_state','State',1,0,'',100,5,80,1,'V~O',1,NULL,'BAS',1,NULL,0,0,0),(29,506,'address_postalcode','vtiger_users',1,'1','address_postalcode','Postal Code',1,0,'',100,4,80,1,'V~O',1,NULL,'BAS',1,NULL,0,0,0),(29,507,'address_country','vtiger_users',1,'1','address_country','Country',1,0,'',100,2,80,1,'V~O',1,NULL,'BAS',1,NULL,0,0,0),(29,508,'accesskey','vtiger_users',1,'3','accesskey','Webservice Access Key',1,0,'',100,2,83,2,'V~O',1,NULL,'BAS',1,NULL,0,0,0),(29,509,'time_zone','vtiger_users',1,'16','time_zone','Time Zone',1,0,'',200,5,118,1,'V~O',1,NULL,'BAS',1,NULL,0,0,0),(29,510,'currency_id','vtiger_users',1,'117','currency_id','Currency',1,0,'',100,1,78,1,'I~O',1,NULL,'BAS',1,NULL,0,0,0),(29,511,'currency_grouping_pattern','vtiger_users',1,'16','currency_grouping_pattern','Digit Grouping Pattern',1,0,'',100,2,78,1,'V~O',1,NULL,'BAS',1,'<b>Currency - Digit Grouping Pattern</b> <br/><br/>This pattern specifies the format in which the currency separator will be placed.',0,0,0),(29,512,'currency_decimal_separator','vtiger_users',1,'16','currency_decimal_separator','Decimal Separator',1,0,'.',2,3,78,1,'V~O',1,NULL,'BAS',1,'<b>Currency - Decimal Separator</b> <br/><br/>Decimal separator specifies the separator to be used to separate the fractional values from the whole number part. <br/><b>Eg:</b> <br/>. => 123.45 <br/>, => 123,45 <br/>\' => 123\'45 <br/>  => 123 45 <br/>$ => 123$45 <br/>',0,0,0),(29,513,'currency_grouping_separator','vtiger_users',1,'16','currency_grouping_separator','Digit Grouping Separator',1,0,',',2,4,78,1,'V~O',1,NULL,'BAS',1,'<b>Currency - Grouping Separator</b> <br/><br/>Grouping separator specifies the separator to be used to group the whole number part into hundreds, thousands etc. <br/><b>Eg:</b> <br/>. => 123.456.789 <br/>, => 123,456,789 <br/>\' => 123\'456\'789 <br/>  => 123 456 789 <br/>$ => 123$456$789 <br/>',0,0,0),(29,514,'currency_symbol_placement','vtiger_users',1,'16','currency_symbol_placement','Symbol Placement',1,0,'',20,5,78,1,'V~O',1,NULL,'BAS',1,'<b>Currency - Symbol Placement</b> <br/><br/>Symbol Placement allows you to configure the position of the currency symbol with respect to the currency value.<br/><b>Eg:</b> <br/>$1.0 => $123,456,789.50 <br/>1.0$ => 123,456,789.50$ <br/>',0,0,0),(29,515,'imagename','vtiger_users',1,'105','imagename','User Image',1,0,'',250,10,82,1,'V~O',1,NULL,'BAS',1,NULL,0,0,0),(29,516,'internal_mailer','vtiger_users',1,'56','internal_mailer','INTERNAL_MAIL_COMPOSER',1,0,'',50,15,79,1,'V~O',1,NULL,'BAS',1,NULL,0,0,0),(29,517,'theme','vtiger_users',1,'31','theme','Theme',1,0,'softed',100,16,79,1,'V~O',1,NULL,'BAS',1,NULL,0,0,0),(29,518,'language','vtiger_users',1,'32','language','Language',1,0,'en_us',100,17,79,1,'V~O',1,NULL,'BAS',1,NULL,0,0,0),(29,519,'reminder_interval','vtiger_users',1,'16','reminder_interval','Reminder Interval',1,0,'',100,11,118,1,'V~O',1,NULL,'BAS',1,NULL,0,0,0),(10,520,'from_email','vtiger_emaildetails',1,'12','from_email','From',1,2,'',100,1,21,3,'V~M',3,NULL,'BAS',0,NULL,0,0,0),(10,521,'to_email','vtiger_emaildetails',1,'8','saved_toid','To',1,2,'',100,2,21,1,'V~M',3,NULL,'BAS',0,NULL,0,0,0),(10,522,'cc_email','vtiger_emaildetails',1,'8','ccmail','CC',1,2,'',1000,3,21,1,'V~O',3,NULL,'BAS',0,NULL,0,0,0),(10,523,'bcc_email','vtiger_emaildetails',1,'8','bccmail','BCC',1,2,'',1000,4,21,1,'V~O',3,NULL,'BAS',0,NULL,0,0,0),(10,524,'idlists','vtiger_emaildetails',1,'357','parent_id','Parent ID',1,2,'',1000,5,21,1,'V~O',3,NULL,'BAS',0,NULL,0,0,0),(10,525,'email_flag','vtiger_emaildetails',1,'16','email_flag','Email Flag',1,2,'',1000,6,21,3,'V~O',3,NULL,'BAS',0,NULL,0,0,0),(32,526,'servicename','vtiger_service',1,'2','servicename','Service Name',1,0,'',100,1,88,1,'V~M',0,1,'BAS',1,'',1,0,0),(32,527,'service_no','vtiger_service',1,'4','service_no','Service No',1,0,'',100,2,88,1,'V~O',3,0,'BAS',0,'',1,0,0),(32,528,'discontinued','vtiger_service',1,'56','discontinued','Service Active',1,2,'1',100,4,88,1,'V~O',2,3,'BAS',1,'',0,0,0),(32,529,'sales_start_date','vtiger_service',1,'5','sales_start_date','Sales Start Date',1,2,'',100,9,88,1,'D~O',1,0,'BAS',1,'',0,0,0),(32,530,'sales_end_date','vtiger_service',1,'5','sales_end_date','Sales End Date',1,2,'',100,10,88,1,'D~O~OTH~GE~sales_start_date~Sales Start Date',1,0,'BAS',1,'',0,0,0),(32,531,'start_date','vtiger_service',1,'5','start_date','Support Start Date',1,2,'',100,11,88,1,'D~O',1,0,'BAS',1,'',0,0,0),(32,532,'expiry_date','vtiger_service',1,'5','expiry_date','Support Expiry Date',1,2,'',100,12,88,1,'D~O~OTH~GE~start_date~Start Date',1,0,'BAS',1,'',0,0,0),(32,533,'website','vtiger_service',1,'17','website','Website',1,2,'',100,6,88,1,'V~O',1,0,'BAS',1,'',0,0,0),(32,534,'createdtime','vtiger_crmentity',1,'70','createdtime','Created Time',1,0,'',100,13,88,2,'DT~O',3,0,'BAS',0,'',0,0,0),(32,535,'modifiedtime','vtiger_crmentity',1,'70','modifiedtime','Modified Time',1,0,'',100,14,88,2,'DT~O',3,0,'BAS',0,'',0,0,0),(32,536,'modifiedby','vtiger_crmentity',1,'52','modifiedby','Last Modified By',1,0,'',100,16,88,3,'V~O',3,0,'BAS',0,'',0,0,0),(32,537,'service_usageunit','vtiger_service',1,'15','service_usageunit','Usage Unit',1,2,'',100,3,88,1,'V~O',1,0,'BAS',1,'',0,0,0),(32,538,'qty_per_unit','vtiger_service',1,'1','qty_per_unit','No of Units',1,2,'',100,5,88,1,'N~O',1,0,'BAS',1,'',1,0,0),(32,539,'smownerid','vtiger_crmentity',1,'53','assigned_user_id','Owner',1,0,'',100,8,88,1,'I~O',1,0,'BAS',1,'',0,0,0),(32,540,'servicecategory','vtiger_service',1,'15','servicecategory','Service Category',1,2,'',100,7,88,1,'V~O',1,0,'BAS',1,'',0,0,0),(32,541,'unit_price','vtiger_service',1,'72','unit_price','Price',1,0,'',100,1,89,1,'N~O',2,2,'BAS',0,'',1,0,0),(32,542,'taxclass','vtiger_service',1,'83','taxclass','Taxes',1,2,'',100,4,89,1,'V~O',2,0,'BAS',1,'',0,0,0),(32,543,'commissionrate','vtiger_service',1,'9','commissionrate','Commission Rate',1,2,'',100,2,89,1,'N~O',1,0,'BAS',1,'',1,0,0),(32,544,'description','vtiger_crmentity',1,'19','description','Description',1,2,'',100,1,91,1,'V~O',1,0,'BAS',1,'',0,0,0),(32,545,'source','vtiger_crmentity',1,'1','source','Source',1,2,'',100,17,88,2,'V~O',3,4,'BAS',0,'',0,0,0),(32,546,'starred','vtiger_crmentity_user_field',1,'56','starred','starred',1,2,'',100,18,88,6,'C~O',3,5,'BAS',0,'',0,0,0),(32,547,'tags','vtiger_service',1,'1','tags','tags',1,2,'',100,19,88,6,'V~O',3,6,'BAS',0,'',0,0,0),(34,548,'direction','vtiger_pbxmanager',1,'1','direction','Direction',1,2,'',100,1,92,1,'V~O',1,0,'BAS',1,'',0,0,0),(34,549,'callstatus','vtiger_pbxmanager',1,'1','callstatus','Call Status',1,2,'',100,2,92,1,'V~O',1,0,'BAS',1,'',1,0,0),(34,550,'starttime','vtiger_pbxmanager',1,'70','starttime','Start Time',1,2,'',100,7,92,1,'DT~O',1,0,'BAS',1,'',1,0,0),(34,551,'endtime','vtiger_pbxmanager',1,'70','endtime','End Time',1,2,'',100,8,92,1,'DT~O',1,0,'BAS',1,'',0,0,0),(34,552,'totalduration','vtiger_pbxmanager',1,'7','totalduration','Total Duration',1,2,'',100,10,92,1,'I~O',1,0,'BAS',1,'',0,0,0),(34,553,'billduration','vtiger_pbxmanager',1,'7','billduration','Bill Duration',1,2,'',100,11,92,1,'I~O',1,0,'BAS',1,'',0,0,0),(34,554,'recordingurl','vtiger_pbxmanager',1,'17','recordingurl','Recording URL',1,2,'',100,9,92,1,'V~O',1,0,'BAS',1,'',1,0,0),(34,555,'sourceuuid','vtiger_pbxmanager',1,'1','sourceuuid','Source UUID',1,2,'',100,12,92,1,'V~O',1,0,'BAS',1,'',0,0,0),(34,556,'gateway','vtiger_pbxmanager',1,'1','gateway','Gateway',1,2,'',100,13,92,1,'V~O',1,0,'BAS',1,'',0,0,0),(34,557,'customer','vtiger_pbxmanager',1,'10','customer','Customer',1,2,'',100,3,92,1,'V~O',1,0,'BAS',1,'',1,0,0),(34,558,'user','vtiger_pbxmanager',1,'52','user','User',1,2,'',100,4,92,1,'V~O',1,0,'BAS',1,'',1,0,0),(34,559,'customernumber','vtiger_pbxmanager',1,'11','customernumber','Customer Number',1,2,'',100,5,92,1,'V~M',1,0,'BAS',1,'',0,0,0),(34,560,'customertype','vtiger_pbxmanager',1,'1','customertype','Customer Type',1,2,'',100,6,92,1,'V~O',1,0,'BAS',1,'',0,0,0),(34,561,'smownerid','vtiger_crmentity',1,'53','assigned_user_id','Assigned To',1,2,'',100,14,92,1,'V~M',1,0,'BAS',1,'',0,0,0),(34,562,'createdtime','vtiger_crmentity',1,'70','CreatedTime','Created Time',1,2,'',100,15,92,2,'DT~O',1,0,'BAS',0,'',0,0,0),(34,563,'modifiedtime','vtiger_crmentity',1,'70','ModifiedTime','Modified Time',1,2,'',100,16,92,2,'DT~O',1,0,'BAS',0,'',0,0,0),(34,564,'source','vtiger_crmentity',1,'1','source','Source',1,2,'',100,17,92,2,'V~O',3,1,'BAS',0,'',0,0,0),(29,565,'phone_crm_extension','vtiger_users',1,'11','phone_crm_extension','CRM Phone Extension',1,2,'',100,18,79,1,'V~O',1,0,'BAS',1,'',0,0,0),(35,566,'smownerid','vtiger_crmentity',1,'53','assigned_user_id','Assigned To',1,2,'',100,4,93,1,'V~M',2,2,'BAS',1,'',1,0,0),(35,567,'createdtime','vtiger_crmentity',1,'70','createdtime','Created Time',1,0,'',100,17,93,2,'DT~O',3,0,'BAS',0,'',0,0,0),(35,568,'modifiedtime','vtiger_crmentity',1,'70','modifiedtime','Modified Time',1,0,'',100,18,93,2,'DT~O',3,0,'BAS',0,'',0,0,0),(35,569,'start_date','vtiger_servicecontracts',1,'5','start_date','Start Date',1,2,'',100,7,93,1,'D~O',2,4,'BAS',1,'',0,0,0),(35,570,'end_date','vtiger_servicecontracts',1,'5','end_date','End Date',1,2,'',100,11,93,2,'D~O',3,0,'BAS',0,'',0,0,0),(35,571,'sc_related_to','vtiger_servicecontracts',1,'10','sc_related_to','Related to',1,2,'',100,3,93,1,'V~O',2,6,'BAS',1,'',0,0,0),(35,572,'tracking_unit','vtiger_servicecontracts',1,'15','tracking_unit','Tracking Unit',1,2,'',100,6,93,1,'V~O',2,7,'BAS',1,'',0,0,0),(35,573,'total_units','vtiger_servicecontracts',1,'7','total_units','Total Units',1,2,'',100,8,93,1,'NN~O',2,8,'BAS',1,'',1,0,0),(35,574,'used_units','vtiger_servicecontracts',1,'7','used_units','Used Units',1,2,'',100,10,93,1,'NN~O',2,9,'BAS',1,'',1,0,0),(35,575,'subject','vtiger_servicecontracts',1,'1','subject','Subject',1,0,'',100,1,93,1,'V~M',0,1,'BAS',1,'',1,0,0),(35,576,'due_date','vtiger_servicecontracts',1,'23','due_date','Due date',1,2,'',100,9,93,1,'D~O',2,5,'BAS',1,'',0,0,0),(35,577,'planned_duration','vtiger_servicecontracts',1,'1','planned_duration','Planned Duration',1,2,'',100,13,93,2,'V~O',3,0,'BAS',0,'',0,0,0),(35,578,'actual_duration','vtiger_servicecontracts',1,'1','actual_duration','Actual Duration',1,2,'',100,15,93,2,'V~O',3,0,'BAS',0,'',0,0,0),(35,579,'contract_status','vtiger_servicecontracts',1,'15','contract_status','Status',1,2,'',100,12,93,1,'V~O',1,0,'BAS',1,'',0,0,0),(35,580,'priority','vtiger_servicecontracts',1,'15','contract_priority','Priority',1,2,'',100,14,93,1,'V~O',1,0,'BAS',1,'',0,0,0),(35,581,'contract_type','vtiger_servicecontracts',1,'15','contract_type','Type',1,2,'',100,5,93,1,'V~O',1,0,'BAS',1,'',0,0,0),(35,582,'progress','vtiger_servicecontracts',1,'9','progress','Progress',1,2,'',100,16,93,2,'N~O~2~2',3,3,'BAS',0,'',0,0,0),(35,583,'contract_no','vtiger_servicecontracts',1,'4','contract_no','Contract No',1,0,'',100,2,93,1,'V~O',3,0,'BAS',0,'',1,0,0),(35,584,'modifiedby','vtiger_crmentity',1,'52','modifiedby','Last Modified By',1,0,'',100,17,93,3,'V~O',3,0,'BAS',0,'',0,0,0),(35,585,'source','vtiger_crmentity',1,'1','source','Source',1,2,'',100,19,93,2,'V~O',3,10,'BAS',0,'',0,0,0),(35,586,'starred','vtiger_crmentity_user_field',1,'56','starred','starred',1,2,'',100,20,93,6,'C~O',3,11,'BAS',0,'',0,0,0),(35,587,'tags','vtiger_servicecontracts',1,'1','tags','tags',1,2,'',100,21,93,6,'V~O',3,12,'BAS',0,'',0,0,0),(38,588,'projectmilestonename','vtiger_projectmilestone',1,'2','projectmilestonename','Project Milestone Name',1,2,'',100,1,95,1,'V~M',0,1,'BAS',1,'',1,0,0),(38,589,'projectmilestonedate','vtiger_projectmilestone',1,'5','projectmilestonedate','Milestone Date',1,2,'',100,5,95,1,'D~O',0,3,'BAS',1,'',1,0,0),(38,590,'projectid','vtiger_projectmilestone',1,'10','projectid','Related to',1,0,'',100,4,95,1,'V~M',0,4,'BAS',1,'',0,0,0),(38,591,'projectmilestonetype','vtiger_projectmilestone',1,'15','projectmilestonetype','Type',1,2,'',100,7,95,1,'V~O',1,0,'BAS',1,'',1,0,0),(38,592,'smownerid','vtiger_crmentity',1,'53','assigned_user_id','Assigned To',1,2,'',100,6,95,1,'V~M',0,2,'BAS',1,'',0,0,0),(38,593,'projectmilestone_no','vtiger_projectmilestone',2,'4','projectmilestone_no','Project Milestone No',1,0,'',100,2,95,1,'V~O',3,4,'BAS',0,'',0,0,0),(38,594,'createdtime','vtiger_crmentity',1,'70','createdtime','Created Time',1,2,'',100,1,96,2,'DT~O',1,0,'BAS',0,'',0,0,0),(38,595,'modifiedtime','vtiger_crmentity',1,'70','modifiedtime','Modified Time',1,2,'',100,2,96,2,'DT~O',1,0,'BAS',0,'',0,0,0),(38,596,'modifiedby','vtiger_crmentity',1,'52','modifiedby','Last Modified By',1,0,'',100,3,96,3,'V~O',3,0,'BAS',0,'',0,0,0),(38,597,'description','vtiger_crmentity',1,'19','description','Description',1,2,'',100,1,97,1,'V~O',1,0,'BAS',1,'',0,0,0),(38,598,'source','vtiger_crmentity',1,'1','source','Source',1,2,'',100,8,95,2,'V~O',3,5,'BAS',0,'',0,0,0),(38,599,'starred','vtiger_crmentity_user_field',1,'56','starred','starred',1,2,'',100,9,95,6,'C~O',3,6,'BAS',0,'',0,0,0),(38,600,'tags','vtiger_projectmilestone',1,'1','tags','tags',1,2,'',100,10,95,6,'V~O',3,7,'BAS',0,'',0,0,0),(39,601,'projecttaskname','vtiger_projecttask',1,'2','projecttaskname','Project Task Name',1,2,'',100,1,98,1,'V~M',0,1,'BAS',1,'',1,0,0),(39,602,'projecttasktype','vtiger_projecttask',1,'15','projecttasktype','Type',1,2,'',100,4,98,1,'V~O',1,0,'BAS',1,'',1,0,0),(39,603,'projecttaskpriority','vtiger_projecttask',1,'15','projecttaskpriority','Priority',1,2,'',100,3,98,1,'V~O',1,0,'BAS',1,'',0,0,0),(39,604,'projectid','vtiger_projecttask',1,'10','projectid','Related to',1,0,'',100,6,98,1,'V~M',0,5,'BAS',1,'',0,0,0),(39,605,'smownerid','vtiger_crmentity',1,'53','assigned_user_id','Assigned To',1,2,'',100,7,98,1,'V~M',0,2,'BAS',1,'',1,0,0),(39,606,'projecttasknumber','vtiger_projecttask',1,'7','projecttasknumber','Project Task Number',1,2,'',100,5,98,1,'I~O',1,0,'BAS',1,'',0,0,0),(39,607,'projecttask_no','vtiger_projecttask',2,'4','projecttask_no','Project Task No',1,0,'',100,2,98,1,'V~O',3,4,'BAS',0,'',0,0,0),(39,608,'projecttaskprogress','vtiger_projecttask',1,'15','projecttaskprogress','Progress',1,2,'',100,1,99,1,'V~O',1,0,'BAS',1,'',1,0,0),(39,609,'projecttaskhours','vtiger_projecttask',1,'7','projecttaskhours','Worked Hours',1,2,'',100,2,99,1,'V~O',1,0,'BAS',1,'',0,0,0),(39,610,'startdate','vtiger_projecttask',1,'5','startdate','Start Date',1,2,'',100,3,99,1,'D~O',0,3,'BAS',1,'',1,0,0),(39,611,'enddate','vtiger_projecttask',1,'5','enddate','End Date',1,2,'',100,4,99,1,'D~O~OTH~GE~startdate~Start Date',1,0,'BAS',1,'',1,0,0),(39,612,'createdtime','vtiger_crmentity',1,'70','createdtime','Created Time',1,2,'',100,5,99,2,'DT~O',1,0,'BAS',0,'',0,0,0),(39,613,'modifiedtime','vtiger_crmentity',1,'70','modifiedtime','Modified Time',1,2,'',100,6,99,2,'DT~O',1,0,'BAS',0,'',0,0,0),(39,614,'modifiedby','vtiger_crmentity',1,'52','modifiedby','Last Modified By',1,0,'',100,7,99,3,'V~O',3,0,'BAS',0,'',0,0,0),(39,615,'description','vtiger_crmentity',1,'19','description','description',1,2,'',100,1,100,1,'V~O',1,0,'BAS',1,'',0,0,0),(39,616,'source','vtiger_crmentity',1,'1','source','Source',1,2,'',100,8,98,2,'V~O',3,6,'BAS',0,'',0,0,0),(39,617,'starred','vtiger_crmentity_user_field',1,'56','starred','starred',1,2,'',100,9,98,6,'C~O',3,7,'BAS',0,'',0,0,0),(39,618,'tags','vtiger_projecttask',1,'1','tags','tags',1,2,'',100,10,98,6,'V~O',3,8,'BAS',0,'',0,0,0),(40,619,'projectname','vtiger_project',1,'2','projectname','Project Name',1,2,'',100,1,101,1,'V~M',0,1,'BAS',1,'',1,0,0),(40,620,'startdate','vtiger_project',1,'23','startdate','Start Date',1,2,'',100,3,101,1,'D~O',0,3,'BAS',1,'',1,0,0),(40,621,'targetenddate','vtiger_project',1,'23','targetenddate','Target End Date',1,2,'',100,5,101,1,'D~O~OTH~GE~startdate~Start Date',0,4,'BAS',1,'',1,0,0),(40,622,'actualenddate','vtiger_project',1,'23','actualenddate','Actual End Date',1,2,'',100,6,101,1,'D~O~OTH~GE~startdate~Start Date',1,0,'BAS',1,'',0,0,0),(40,623,'projectstatus','vtiger_project',1,'15','projectstatus','Status',1,2,'',100,7,101,1,'V~O',1,0,'BAS',1,'',1,0,0),(40,624,'projecttype','vtiger_project',1,'15','projecttype','Type',1,2,'',100,8,101,1,'V~O',1,0,'BAS',1,'',1,0,0),(40,625,'linktoaccountscontacts','vtiger_project',1,'10','linktoaccountscontacts','Related to',1,2,'',100,9,101,1,'V~O',1,0,'BAS',1,'',0,1,0),(40,626,'smownerid','vtiger_crmentity',1,'53','assigned_user_id','Assigned To',1,2,'',100,4,101,1,'V~M',0,2,'BAS',1,'',1,0,0),(40,627,'project_no','vtiger_project',2,'4','project_no','Project No',1,0,'',100,2,101,1,'V~O',3,0,'BAS',0,'',0,0,0),(40,628,'targetbudget','vtiger_project',1,'7','targetbudget','Target Budget',1,2,'',100,1,102,1,'V~O',1,0,'BAS',1,'',0,0,0),(40,629,'projecturl','vtiger_project',1,'17','projecturl','Project Url',1,2,'',100,2,102,1,'V~O',1,0,'BAS',1,'',0,0,0),(40,630,'projectpriority','vtiger_project',1,'15','projectpriority','Priority',1,2,'',100,3,102,1,'V~O',1,0,'BAS',1,'',0,0,0),(40,631,'progress','vtiger_project',1,'15','progress','Progress',1,2,'',100,4,102,1,'V~O',1,0,'BAS',1,'',0,0,0),(40,632,'createdtime','vtiger_crmentity',1,'70','createdtime','Created Time',1,2,'',100,5,102,2,'DT~O',1,0,'BAS',0,'',0,0,0),(40,633,'modifiedtime','vtiger_crmentity',1,'70','modifiedtime','Modified Time',1,2,'',100,6,102,2,'DT~O',1,0,'BAS',0,'',0,0,0),(40,634,'modifiedby','vtiger_crmentity',1,'52','modifiedby','Last Modified By',1,0,'',100,7,102,3,'V~O',3,0,'BAS',0,'',0,0,0),(40,635,'description','vtiger_crmentity',1,'19','description','Description',1,2,'',100,1,103,1,'V~O',1,0,'BAS',1,'',0,0,0),(40,636,'source','vtiger_crmentity',1,'1','source','Source',1,2,'',100,10,101,2,'V~O',3,5,'BAS',0,'',0,0,0),(40,637,'starred','vtiger_crmentity_user_field',1,'56','starred','starred',1,2,'',100,11,101,6,'C~O',3,6,'BAS',0,'',0,0,0),(40,638,'tags','vtiger_project',1,'1','tags','tags',1,2,'',100,12,101,6,'V~O',3,7,'BAS',0,'',0,0,0),(43,639,'smownerid','vtiger_crmentity',1,'53','assigned_user_id','Assigned To',1,0,'',100,2,104,1,'V~M',1,0,'BAS',1,'',1,0,0),(43,640,'createdtime','vtiger_crmentity',1,'70','createdtime','Created Time',1,0,'',100,5,104,2,'DT~O',1,0,'BAS',0,'',0,0,0),(43,641,'modifiedtime','vtiger_crmentity',1,'70','modifiedtime','Modified Time',1,0,'',100,6,104,2,'DT~O',1,0,'BAS',0,'',0,0,0),(43,642,'message','vtiger_smsnotifier',1,'21','message','message',1,0,'',100,1,104,1,'V~M',1,0,'BAS',1,'',1,0,0),(43,643,'modifiedby','vtiger_crmentity',1,'52','modifiedby','Last Modified By',1,0,'',100,7,104,3,'V~O',1,0,'BAS',0,'',0,0,0),(43,644,'source','vtiger_crmentity',1,'1','source','Source',1,2,'',100,8,104,2,'V~O',3,1,'BAS',0,'',0,0,0),(45,645,'commentcontent','vtiger_modcomments',1,'19','commentcontent','Comment',1,0,'',100,4,107,1,'V~M',0,4,'BAS',2,'',1,0,0),(45,646,'smownerid','vtiger_crmentity',1,'53','assigned_user_id','Assigned To',1,0,'',100,1,108,1,'V~M',0,1,'BAS',2,'',1,0,0),(45,647,'createdtime','vtiger_crmentity',1,'70','createdtime','Created Time',1,0,'',100,5,108,2,'DT~O',0,2,'BAS',0,'',0,0,0),(45,648,'modifiedtime','vtiger_crmentity',1,'70','modifiedtime','Modified Time',1,0,'',100,6,108,2,'DT~O',0,3,'BAS',0,'',0,0,0),(45,649,'related_to','vtiger_modcomments',1,'10','related_to','Related To',1,2,'',100,2,108,1,'V~M',2,5,'BAS',2,'',0,0,0),(45,650,'smcreatorid','vtiger_crmentity',1,'52','creator','Creator',1,2,'',100,4,108,2,'V~O',1,0,'BAS',1,'',0,0,0),(45,651,'parent_comments','vtiger_modcomments',1,'10','parent_comments','Related To Comments',1,2,'',100,7,108,1,'V~O',1,0,'BAS',1,'',0,0,0),(45,652,'source','vtiger_crmentity',1,'1','source','Source',1,2,'',100,5,107,2,'V~O',3,6,'BAS',0,'',0,0,0),(47,653,'asset_no','vtiger_assets',1,'4','asset_no','Asset No',1,0,'',100,2,110,1,'V~O',3,0,'BAS',0,'\n					',1,0,0),(47,654,'product','vtiger_assets',1,'10','product','Product Name',1,2,'',100,3,110,1,'V~M',0,3,'BAS',1,'\n					',1,0,0),(47,655,'serialnumber','vtiger_assets',1,'2','serialnumber','Serial Number',1,2,'',100,4,110,1,'V~M',0,5,'BAS',1,'\n					',0,0,0),(47,656,'datesold','vtiger_assets',1,'5','datesold','Date Sold',1,2,'',100,5,110,1,'D~M~OTH~GE~datesold~Date Sold',0,0,'BAS',1,'\n					',0,0,0),(47,657,'dateinservice','vtiger_assets',1,'5','dateinservice','Date in Service',1,2,'',100,6,110,1,'D~M~OTH~GE~dateinservice~Date in Service',0,4,'BAS',1,'\n					',0,0,0),(47,658,'assetstatus','vtiger_assets',1,'15','assetstatus','Status',1,2,'',100,7,110,1,'V~M',0,0,'BAS',1,'\n					',0,0,0),(47,659,'tagnumber','vtiger_assets',1,'2','tagnumber','Tag Number',1,2,'',100,8,110,1,'V~O',1,0,'BAS',1,'\n					',0,0,0),(47,660,'invoiceid','vtiger_assets',1,'10','invoiceid','Invoice Name',1,2,'',100,9,110,1,'V~O',1,0,'BAS',1,'\n					',0,0,0),(47,661,'shippingmethod','vtiger_assets',1,'2','shippingmethod','Shipping Method',1,2,'',100,10,110,1,'V~O',1,0,'BAS',1,'\n					',0,0,0),(47,662,'shippingtrackingnumber','vtiger_assets',1,'2','shippingtrackingnumber','Shipping Tracking Number',1,2,'',100,11,110,1,'V~O',1,0,'BAS',1,'\n					',0,0,0),(47,663,'smownerid','vtiger_crmentity',1,'53','assigned_user_id','Assigned To',1,2,'',100,4,110,1,'V~M',0,2,'BAS',1,'\n					',0,0,0),(47,664,'assetname','vtiger_assets',1,'1','assetname','Asset Name',1,0,'',100,12,110,1,'V~M',0,6,'BAS',1,'\n					',1,0,0),(47,665,'account','vtiger_assets',1,'10','account','Customer Name',1,2,'',100,13,110,1,'V~M',0,0,'BAS',1,'\n					',1,0,0),(47,666,'contact','vtiger_assets',1,'10','contact','Contact Name',1,2,'',100,14,110,1,'V~O',0,0,'BAS',1,'\n					',0,0,0),(47,667,'createdtime','vtiger_crmentity',1,'70','createdtime','Created Time',1,0,'',100,14,110,2,'DT~O',3,0,'BAS',0,'\n					',0,0,0),(47,668,'modifiedtime','vtiger_crmentity',1,'70','modifiedtime','Modified Time',1,0,'',100,15,110,2,'DT~O',3,0,'BAS',0,'\n					',0,0,0),(47,669,'modifiedby','vtiger_crmentity',1,'52','modifiedby','Last Modified By',1,0,'',100,16,110,3,'V~O',3,0,'BAS',0,'\n					',0,0,0),(47,670,'description','vtiger_crmentity',1,'19','description','Notes',1,2,'',100,1,112,1,'V~O',1,0,'BAS',1,'\n					',0,0,0),(47,671,'source','vtiger_crmentity',1,'1','source','Source',1,2,'',100,17,110,2,'V~O',3,7,'BAS',0,'',0,0,0),(47,672,'starred','vtiger_crmentity_user_field',1,'56','starred','starred',1,2,'',100,18,110,6,'C~O',3,8,'BAS',0,'',0,0,0),(47,673,'tags','vtiger_assets',1,'1','tags','tags',1,2,'',100,19,110,6,'V~O',3,9,'BAS',0,'',0,0,0),(2,674,'forecast_amount','vtiger_potential',1,'71','forecast_amount','Forecast Amount',1,2,'',100,18,1,1,'N~O',1,0,'BAS',0,'',0,0,0),(29,675,'no_of_currency_decimals','vtiger_users',1,'16','no_of_currency_decimals','Number Of Currency Decimals',1,2,'2',100,6,78,1,'V~O',1,0,'BAS',1,'<b>Currency - Number of Decimal places</b> <br/><br/>Number of decimal places specifies how many number of decimals will be shown after decimal separator.<br/><b>Eg:</b> 123.00',0,0,0),(23,676,'productid','vtiger_inventoryproductrel',1,'10','productid','Item Name',0,2,'',100,1,113,5,'V~M',1,0,'BAS',0,'',0,0,0),(23,677,'quantity','vtiger_inventoryproductrel',1,'7','quantity','Quantity',0,2,'',100,2,113,5,'N~O',1,0,'BAS',0,'',0,0,0),(23,678,'listprice','vtiger_inventoryproductrel',1,'71','listprice','List Price',0,2,'',100,3,113,5,'N~O',1,0,'BAS',0,'',0,0,0),(23,679,'comment','vtiger_inventoryproductrel',1,'19','comment','Item Comment',0,2,'',100,4,113,5,'V~O',1,0,'BAS',0,'',0,0,0),(23,680,'discount_amount','vtiger_inventoryproductrel',1,'71','discount_amount','Item Discount Amount',0,2,'',100,5,113,5,'N~O',1,0,'BAS',0,'',0,0,0),(23,681,'discount_percent','vtiger_inventoryproductrel',1,'7','discount_percent','Item Discount Percent',0,2,'',100,6,113,5,'V~O',1,0,'BAS',0,'',0,0,0),(23,682,'tax1','vtiger_inventoryproductrel',1,'83','tax1','VAT',0,2,'',100,7,113,5,'V~O',1,0,'BAS',0,'',0,0,0),(23,683,'tax2','vtiger_inventoryproductrel',1,'83','tax2','Sales',0,2,'',100,8,113,5,'V~O',1,0,'BAS',0,'',0,0,0),(23,684,'tax3','vtiger_inventoryproductrel',1,'83','tax3','Service',0,2,'',100,9,113,5,'V~O',1,0,'BAS',0,'',0,0,0),(22,685,'productid','vtiger_inventoryproductrel',1,'10','productid','Item Name',0,2,'',100,1,114,5,'V~M',1,0,'BAS',0,'',0,0,0),(22,686,'quantity','vtiger_inventoryproductrel',1,'7','quantity','Quantity',0,2,'',100,2,114,5,'N~O',1,0,'BAS',0,'',0,0,0),(22,687,'listprice','vtiger_inventoryproductrel',1,'71','listprice','List Price',0,2,'',100,3,114,5,'N~O',1,0,'BAS',0,'',0,0,0),(22,688,'comment','vtiger_inventoryproductrel',1,'19','comment','Item Comment',0,2,'',100,4,114,5,'V~O',1,0,'BAS',0,'',0,0,0),(22,689,'discount_amount','vtiger_inventoryproductrel',1,'71','discount_amount','Item Discount Amount',0,2,'',100,5,114,5,'N~O',1,0,'BAS',0,'',0,0,0),(22,690,'discount_percent','vtiger_inventoryproductrel',1,'7','discount_percent','Item Discount Percent',0,2,'',100,6,114,5,'V~O',1,0,'BAS',0,'',0,0,0),(22,691,'tax1','vtiger_inventoryproductrel',1,'83','tax1','VAT',0,2,'',100,7,114,5,'V~O',1,0,'BAS',0,'',0,0,0),(22,692,'tax2','vtiger_inventoryproductrel',1,'83','tax2','Sales',0,2,'',100,8,114,5,'V~O',1,0,'BAS',0,'',0,0,0),(22,693,'tax3','vtiger_inventoryproductrel',1,'83','tax3','Service',0,2,'',100,9,114,5,'V~O',1,0,'BAS',0,'',0,0,0),(21,694,'productid','vtiger_inventoryproductrel',1,'10','productid','Item Name',0,2,'',100,1,115,5,'V~M',1,0,'BAS',0,'',0,0,0),(21,695,'quantity','vtiger_inventoryproductrel',1,'7','quantity','Quantity',0,2,'',100,2,115,5,'N~O',1,0,'BAS',0,'',0,0,0),(21,696,'listprice','vtiger_inventoryproductrel',1,'71','listprice','List Price',0,2,'',100,3,115,5,'N~O',1,0,'BAS',0,'',0,0,0),(21,697,'comment','vtiger_inventoryproductrel',1,'19','comment','Item Comment',0,2,'',100,4,115,5,'V~O',1,0,'BAS',0,'',0,0,0),(21,698,'discount_amount','vtiger_inventoryproductrel',1,'71','discount_amount','Item Discount Amount',0,2,'',100,5,115,5,'N~O',1,0,'BAS',0,'',0,0,0),(21,699,'discount_percent','vtiger_inventoryproductrel',1,'7','discount_percent','Item Discount Percent',0,2,'',100,6,115,5,'V~O',1,0,'BAS',0,'',0,0,0),(21,700,'tax1','vtiger_inventoryproductrel',1,'83','tax1','VAT',0,2,'',100,7,115,5,'V~O',1,0,'BAS',0,'',0,0,0),(21,701,'tax2','vtiger_inventoryproductrel',1,'83','tax2','Sales',0,2,'',100,8,115,5,'V~O',1,0,'BAS',0,'',0,0,0),(21,702,'tax3','vtiger_inventoryproductrel',1,'83','tax3','Service',0,2,'',100,9,115,5,'V~O',1,0,'BAS',0,'',0,0,0),(20,703,'productid','vtiger_inventoryproductrel',1,'10','productid','Item Name',0,2,'',100,1,116,5,'V~M',1,0,'BAS',0,'',0,0,0),(20,704,'quantity','vtiger_inventoryproductrel',1,'7','quantity','Quantity',0,2,'',100,2,116,5,'N~O',1,0,'BAS',0,'',0,0,0),(20,705,'listprice','vtiger_inventoryproductrel',1,'71','listprice','List Price',0,2,'',100,3,116,5,'N~O',1,0,'BAS',0,'',0,0,0),(20,706,'comment','vtiger_inventoryproductrel',1,'19','comment','Item Comment',0,2,'',100,4,116,5,'V~O',1,0,'BAS',0,'',0,0,0),(20,707,'discount_amount','vtiger_inventoryproductrel',1,'71','discount_amount','Item Discount Amount',0,2,'',100,5,116,5,'N~O',1,0,'BAS',0,'',0,0,0),(20,708,'discount_percent','vtiger_inventoryproductrel',1,'7','discount_percent','Item Discount Percent',0,2,'',100,6,116,5,'V~O',1,0,'BAS',0,'',0,0,0),(20,709,'tax1','vtiger_inventoryproductrel',1,'83','tax1','VAT',0,2,'',100,7,116,5,'V~O',1,0,'BAS',0,'',0,0,0),(20,710,'tax2','vtiger_inventoryproductrel',1,'83','tax2','Sales',0,2,'',100,8,116,5,'V~O',1,0,'BAS',0,'',0,0,0),(20,711,'tax3','vtiger_inventoryproductrel',1,'83','tax3','Service',0,2,'',100,9,116,5,'V~O',1,0,'BAS',0,'',0,0,0),(29,712,'truncate_trailing_zeros','vtiger_users',1,'56','truncate_trailing_zeros','Truncate Trailing Zeros',1,2,'0',100,7,78,1,'V~O',1,0,'BAS',1,'<b> Truncate Trailing Zeros </b> <br/><br/>It truncated trailing 0s in any of Currency, Decimal and Percentage Field types<br/><br/><b>Ex:</b><br/>If value is 89.00000 then <br/>decimal and Percentage fields were shows 89<br/>currency field type - shows 89.00<br/>',0,0,0),(39,713,'projecttaskstatus','vtiger_projecttask',1,'15','projecttaskstatus','Status',1,2,'',100,11,98,1,'V~O',0,9,'BAS',1,'',0,0,0),(45,714,'customer','vtiger_modcomments',1,'10','customer','Customer',1,2,'',100,6,107,3,'V~O',1,0,'BAS',1,'',0,0,0),(29,715,'dayoftheweek','vtiger_users',1,'16','dayoftheweek','Starting Day of the week',1,2,'Monday',100,1,118,1,'V~O',1,0,'BAS',1,'',0,0,0),(29,716,'callduration','vtiger_users',1,'16','callduration','Default Call Duration',1,2,'5',100,7,118,1,'V~O',1,0,'BAS',1,'',0,0,0),(29,717,'othereventduration','vtiger_users',1,'16','othereventduration','Other Event Duration',1,2,'5',100,8,118,1,'V~O',1,0,'BAS',1,'',0,0,0),(23,718,'pre_tax_total','vtiger_invoice',1,'72','pre_tax_total','Pre Tax Total',1,2,'',100,23,67,3,'N~O',1,0,'BAS',1,'',0,0,0),(22,719,'pre_tax_total','vtiger_salesorder',1,'72','pre_tax_total','Pre Tax Total',1,2,'',100,23,61,3,'N~O',1,0,'BAS',1,'',0,0,0),(21,720,'pre_tax_total','vtiger_purchaseorder',1,'72','pre_tax_total','Pre Tax Total',1,2,'',100,23,55,3,'N~O',1,0,'BAS',1,'',0,0,0),(20,721,'pre_tax_total','vtiger_quotes',1,'72','pre_tax_total','Pre Tax Total',1,2,'',100,23,49,3,'N~O',1,0,'BAS',1,'',0,0,0),(29,722,'calendarsharedtype','vtiger_users',1,'16','calendarsharedtype','Calendar Shared Type',1,2,'Public',100,12,118,3,'V~O',1,0,'BAS',1,'',0,0,0),(6,723,'isconvertedfromlead','vtiger_account',1,'56','isconvertedfromlead','Is Converted From Lead',1,2,'no',100,24,9,1,'C~O',1,0,'BAS',1,'',0,0,0),(4,724,'isconvertedfromlead','vtiger_contactdetails',1,'56','isconvertedfromlead','Is Converted From Lead',1,2,'no',100,29,4,1,'C~O',1,0,'BAS',1,'',0,0,0),(2,725,'isconvertedfromlead','vtiger_potential',1,'56','isconvertedfromlead','Is Converted From Lead',1,2,'no',100,19,1,1,'C~O',1,0,'BAS',1,'',0,0,0),(29,726,'default_record_view','vtiger_users',1,'16','default_record_view','Default Record View',1,2,'Summary',100,19,79,1,'V~O',1,0,'BAS',1,'',0,0,0),(23,727,'received','vtiger_invoice',1,'72','received','Received',1,2,'0',100,24,67,3,'N~O',1,0,'BAS',1,'',0,0,0),(23,728,'balance','vtiger_invoice',1,'72','balance','Balance',1,2,'0',100,25,67,3,'N~O',1,0,'BAS',1,'',0,0,0),(21,729,'paid','vtiger_purchaseorder',1,'72','paid','Paid',1,2,'0',100,24,55,3,'N~O',1,0,'BAS',1,'',0,0,0),(21,730,'balance','vtiger_purchaseorder',1,'72','balance','Balance',1,2,'0',100,25,55,3,'N~O',1,0,'BAS',1,'',0,0,0),(18,731,'smownerid','vtiger_crmentity',1,'53','assigned_user_id','Assigned To',1,2,'',100,13,42,1,'V~M',1,0,'BAS',1,'',0,0,0),(7,732,'emailoptout','vtiger_leaddetails',1,'56','emailoptout','Email Opt Out',1,0,'',100,20,13,1,'C~O',1,0,'BAS',1,'',0,0,0),(45,733,'userid','vtiger_modcomments',1,'10','userid','UserId',1,2,'',100,7,107,3,'V~O',1,0,'BAS',1,'',0,0,0),(45,734,'reasontoedit','vtiger_modcomments',1,'19','reasontoedit','ReasonToEdit',1,2,'',100,8,107,1,'V~O',1,0,'BAS',1,'',0,0,0),(23,735,'s_h_percent','vtiger_invoice',1,'1','hdnS_H_Percent','S&H Percent',0,2,'',100,10,113,5,'N~O',0,1,'BAS',0,'',0,0,0),(20,736,'s_h_percent','vtiger_quotes',1,'1','hdnS_H_Percent','S&H Percent',0,2,'',100,10,116,5,'N~O',0,1,'BAS',0,'',0,0,0),(21,737,'s_h_percent','vtiger_purchaseorder',1,'1','hdnS_H_Percent','S&H Percent',0,2,'',100,10,115,5,'N~O',0,1,'BAS',0,'',0,0,0),(22,738,'s_h_percent','vtiger_salesorder',1,'1','hdnS_H_Percent','S&H Percent',0,2,'',100,10,114,5,'N~O',0,1,'BAS',0,'',0,0,0),(29,739,'leftpanelhide','vtiger_users',1,'56','leftpanelhide','Left Panel Hide',1,2,'0',100,20,79,1,'V~O',1,0,'BAS',1,'',0,0,0),(2,740,'contact_id','vtiger_potential',1,'10','contact_id','Contact Name',1,2,'',100,4,1,1,'V~O',1,0,'BAS',1,'',1,0,0),(13,741,'contact_id','vtiger_troubletickets',1,'10','contact_id','Contact Name',1,2,'',100,3,25,1,'V~O',1,0,'BAS',1,'',1,0,0),(29,742,'rowheight','vtiger_users',1,'16','rowheight','Row Height',1,2,'medium',100,21,79,1,'V~O',1,0,'BAS',1,'',0,0,0),(29,743,'defaulteventstatus','vtiger_users',1,'15','defaulteventstatus','Default Event Status',1,2,'Planned',100,9,118,1,'V~O',1,0,'BAS',1,'',0,0,0),(29,744,'defaultactivitytype','vtiger_users',1,'15','defaultactivitytype','Default Activity Type',1,2,'Call',100,10,118,1,'V~O',1,0,'BAS',1,'',0,0,0),(29,745,'hidecompletedevents','vtiger_users',1,'56','hidecompletedevents','LBL_HIDE_COMPLETED_EVENTS',1,2,'0',100,13,118,1,'C~O',1,0,'BAS',1,'',0,0,0),(14,772,'purchase_cost','vtiger_products',1,'71','purchase_cost','Purchase Cost',1,0,'',100,5,32,1,'N~O',1,0,'BAS',1,'',0,0,0),(32,773,'purchase_cost','vtiger_service',1,'71','purchase_cost','Purchase Cost',1,0,'',100,5,89,1,'N~O',1,0,'BAS',1,'',0,0,0),(23,774,'potential_id','vtiger_invoice',1,'10','potential_id','Potential Name',1,2,'',100,26,67,1,'I~O',1,0,'BAS',1,'',0,0,0),(29,775,'defaultcalendarview','vtiger_users',1,'16','defaultcalendarview','Default Calendar View',1,0,'MyCalendar',100,14,118,1,'V~O',1,0,'BAS',1,'',0,0,0),(23,776,'image','vtiger_inventoryproductrel',1,'56','image','Image',0,1,'',100,14,113,5,'V~O',1,0,'BAS',0,'',0,0,0),(23,777,'purchase_cost','vtiger_inventoryproductrel',1,'71','purchase_cost','Purchase Cost',0,1,'',100,15,113,5,'N~O',1,0,'BAS',0,'',0,0,0),(23,778,'margin','vtiger_inventoryproductrel',1,'71','margin','Margin',0,1,'',100,16,113,5,'N~O',1,0,'BAS',0,'',0,0,0),(20,779,'image','vtiger_inventoryproductrel',1,'56','image','Image',0,1,'',100,15,116,5,'V~O',1,0,'BAS',0,'',0,0,0),(20,780,'purchase_cost','vtiger_inventoryproductrel',1,'71','purchase_cost','Purchase Cost',0,1,'',100,16,116,5,'N~O',1,0,'BAS',0,'',0,0,0),(20,781,'margin','vtiger_inventoryproductrel',1,'71','margin','Margin',0,1,'',100,17,116,5,'N~O',1,0,'BAS',0,'',0,0,0),(21,782,'image','vtiger_inventoryproductrel',1,'56','image','Image',0,1,'',100,15,115,5,'V~O',1,0,'BAS',0,'',0,0,0),(22,783,'image','vtiger_inventoryproductrel',1,'56','image','Image',0,1,'',100,16,114,5,'V~O',1,0,'BAS',0,'',0,0,0),(22,784,'purchase_cost','vtiger_inventoryproductrel',1,'71','purchase_cost','Purchase Cost',0,1,'',100,17,114,5,'N~O',1,0,'BAS',0,'',0,0,0),(22,785,'margin','vtiger_inventoryproductrel',1,'71','margin','Margin',0,1,'',100,18,114,5,'N~O',1,0,'BAS',0,'',0,0,0),(45,786,'is_private','vtiger_modcomments',1,'7','is_private','Is Private',1,2,'',100,9,107,1,'I~O',1,0,'BAS',1,'',0,0,0),(45,787,'filename','vtiger_modcomments',1,'61','filename','Attachment',1,0,'',100,10,107,1,'V~O',1,0,'BAS',1,'',0,0,0),(45,788,'related_email_id','vtiger_modcomments',1,'1','related_email_id','Related Email Id',1,2,'0',100,11,107,1,'I~O',1,0,'BAS',1,'',0,0,0),(2,789,'source','vtiger_crmentity',1,'1','source','Source',1,2,'',100,20,1,2,'V~O',3,7,'BAS',0,'',0,0,0),(4,790,'source','vtiger_crmentity',1,'1','source','Source',1,2,'',100,30,4,2,'V~O',3,7,'BAS',0,'',0,0,0),(6,791,'source','vtiger_crmentity',1,'1','source','Source',1,2,'',100,25,9,2,'V~O',3,5,'BAS',0,'',0,0,0),(7,792,'source','vtiger_crmentity',1,'1','source','Source',1,2,'',100,19,13,2,'V~O',3,7,'BAS',0,'',0,0,0),(8,793,'source','vtiger_crmentity',1,'1','source','Source',1,2,'',100,13,17,2,'V~O',3,4,'BAS',0,'',0,0,0),(9,794,'source','vtiger_crmentity',1,'1','source','Source',1,2,'',100,23,19,2,'V~O',3,5,'BAS',0,'',0,0,0),(10,795,'source','vtiger_crmentity',1,'1','source','Source',1,2,'',100,13,21,2,'V~O',3,1,'BAS',0,'',0,0,0),(13,796,'source','vtiger_crmentity',1,'1','source','Source',1,2,'',100,18,25,2,'V~O',3,5,'BAS',0,'',0,0,0),(14,797,'source','vtiger_crmentity',1,'1','source','Source',1,2,'',100,23,31,2,'V~O',3,6,'BAS',0,'',0,0,0),(15,798,'source','vtiger_crmentity',1,'1','source','Source',1,2,'',100,9,37,2,'V~O',3,1,'BAS',0,'',0,0,0),(16,799,'source','vtiger_crmentity',1,'1','source','Source',1,2,'',100,23,39,2,'V~O',3,7,'BAS',0,'',0,0,0),(18,800,'source','vtiger_crmentity',1,'1','source','Source',1,2,'',100,14,42,2,'V~O',3,4,'BAS',0,'',0,0,0),(19,801,'source','vtiger_crmentity',1,'1','source','Source',1,2,'',100,8,46,2,'V~O',3,4,'BAS',0,'',0,0,0),(20,802,'source','vtiger_crmentity',1,'1','source','Source',1,2,'',100,24,49,2,'V~O',3,2,'BAS',0,'',0,0,0),(21,803,'source','vtiger_crmentity',1,'1','source','Source',1,2,'',100,26,55,2,'V~O',3,2,'BAS',0,'',0,0,0),(22,804,'source','vtiger_crmentity',1,'1','source','Source',1,2,'',100,17,61,2,'V~O',3,2,'BAS',0,'',0,0,0),(23,805,'source','vtiger_crmentity',1,'1','source','Source',1,2,'',100,27,67,2,'V~O',3,2,'BAS',0,'',0,0,0),(26,806,'source','vtiger_crmentity',1,'1','source','Source',1,2,'',100,17,74,2,'V~O',3,8,'BAS',0,'',0,0,0),(10,807,'click_count','vtiger_email_track',1,'25','click_count','Click Count',1,2,'0',100,14,21,3,'I~O',0,2,'BAS',0,'',0,0,0),(2,808,'starred','vtiger_crmentity_user_field',1,'56','starred','starred',1,2,'',100,21,1,6,'C~O',3,8,'BAS',0,'',0,0,0),(4,809,'starred','vtiger_crmentity_user_field',1,'56','starred','starred',1,2,'',100,31,4,6,'C~O',3,8,'BAS',0,'',0,0,0),(6,810,'starred','vtiger_crmentity_user_field',1,'56','starred','starred',1,2,'',100,26,9,6,'C~O',3,6,'BAS',0,'',0,0,0),(7,811,'starred','vtiger_crmentity_user_field',1,'56','starred','starred',1,2,'',100,26,13,6,'C~O',3,8,'BAS',0,'',0,0,0),(8,812,'starred','vtiger_crmentity_user_field',1,'56','starred','starred',1,2,'',100,14,17,6,'C~O',3,5,'BAS',0,'',0,0,0),(9,813,'starred','vtiger_crmentity_user_field',1,'56','starred','starred',1,2,'',100,24,19,6,'C~O',3,6,'BAS',0,'',0,0,0),(10,814,'starred','vtiger_crmentity_user_field',1,'56','starred','starred',1,2,'',100,15,21,6,'C~O',3,3,'BAS',0,'',0,0,0),(13,815,'starred','vtiger_crmentity_user_field',1,'56','starred','starred',1,2,'',100,19,25,6,'C~O',3,6,'BAS',0,'',0,0,0),(14,816,'starred','vtiger_crmentity_user_field',1,'56','starred','starred',1,2,'',100,24,31,6,'C~O',3,7,'BAS',0,'',0,0,0),(15,817,'starred','vtiger_crmentity_user_field',1,'56','starred','starred',1,2,'',100,10,37,6,'C~O',3,2,'BAS',0,'',0,0,0),(16,818,'starred','vtiger_crmentity_user_field',1,'56','starred','starred',1,2,'',100,24,39,6,'C~O',3,8,'BAS',0,'',0,0,0),(18,819,'starred','vtiger_crmentity_user_field',1,'56','starred','starred',1,2,'',100,15,42,6,'C~O',3,5,'BAS',0,'',0,0,0),(19,820,'starred','vtiger_crmentity_user_field',1,'56','starred','starred',1,2,'',100,9,46,6,'C~O',3,5,'BAS',0,'',0,0,0),(20,821,'starred','vtiger_crmentity_user_field',1,'56','starred','starred',1,2,'',100,25,49,6,'C~O',3,3,'BAS',0,'',0,0,0),(21,822,'starred','vtiger_crmentity_user_field',1,'56','starred','starred',1,2,'',100,27,55,6,'C~O',3,3,'BAS',0,'',0,0,0),(22,823,'starred','vtiger_crmentity_user_field',1,'56','starred','starred',1,2,'',100,25,61,6,'C~O',3,3,'BAS',0,'',0,0,0),(23,824,'starred','vtiger_crmentity_user_field',1,'56','starred','starred',1,2,'',100,28,67,6,'C~O',3,3,'BAS',0,'',0,0,0),(26,825,'starred','vtiger_crmentity_user_field',1,'56','starred','starred',1,2,'',100,18,74,6,'C~O',3,9,'BAS',0,'',0,0,0),(2,826,'tags','vtiger_potential',1,'1','tags','tags',1,2,'',100,22,1,6,'V~O',3,9,'BAS',0,'',0,0,0),(4,827,'tags','vtiger_contactdetails',1,'1','tags','tags',1,2,'',100,32,4,6,'V~O',3,9,'BAS',0,'',0,0,0),(6,828,'tags','vtiger_account',1,'1','tags','tags',1,2,'',100,27,9,6,'V~O',3,7,'BAS',0,'',0,0,0),(7,829,'tags','vtiger_leaddetails',1,'1','tags','tags',1,2,'',100,27,13,6,'V~O',3,9,'BAS',0,'',0,0,0),(8,830,'tags','vtiger_notes',1,'1','tags','tags',1,2,'',100,15,17,6,'V~O',3,6,'BAS',0,'',0,0,0),(9,831,'tags','vtiger_activity',1,'1','tags','tags',1,2,'',100,25,19,6,'V~O',3,7,'BAS',0,'',0,0,0),(10,832,'tags','vtiger_activity',1,'1','tags','tags',1,2,'',100,16,21,6,'V~O',3,4,'BAS',0,'',0,0,0),(13,833,'tags','vtiger_troubletickets',1,'1','tags','tags',1,2,'',100,20,25,6,'V~O',3,7,'BAS',0,'',0,0,0),(14,834,'tags','vtiger_products',1,'1','tags','tags',1,2,'',100,25,31,6,'V~O',3,8,'BAS',0,'',0,0,0),(15,835,'tags','vtiger_faq',1,'1','tags','tags',1,2,'',100,11,37,6,'V~O',3,3,'BAS',0,'',0,0,0),(16,836,'tags','vtiger_activity',1,'1','tags','tags',1,2,'',100,25,39,6,'V~O',3,9,'BAS',0,'',0,0,0),(18,837,'tags','vtiger_vendor',1,'1','tags','tags',1,2,'',100,16,42,6,'V~O',3,6,'BAS',0,'',0,0,0),(19,838,'tags','vtiger_pricebook',1,'1','tags','tags',1,2,'',100,10,46,6,'V~O',3,6,'BAS',0,'',0,0,0),(20,839,'tags','vtiger_quotes',1,'1','tags','tags',1,2,'',100,26,49,6,'V~O',3,4,'BAS',0,'',0,0,0),(21,840,'tags','vtiger_purchaseorder',1,'1','tags','tags',1,2,'',100,28,55,6,'V~O',3,4,'BAS',0,'',0,0,0),(22,841,'tags','vtiger_salesorder',1,'1','tags','tags',1,2,'',100,26,61,6,'V~O',3,4,'BAS',0,'',0,0,0),(23,842,'tags','vtiger_invoice',1,'1','tags','tags',1,2,'',100,29,67,6,'V~O',3,4,'BAS',0,'',0,0,0),(26,843,'tags','vtiger_campaign',1,'1','tags','tags',1,2,'',100,19,74,6,'V~O',3,10,'BAS',0,'',0,0,0),(20,844,'region_id','vtiger_quotes',1,'16','region_id','Tax Region',0,2,'',100,18,116,5,'N~O',1,0,'BAS',0,'',0,0,0),(21,845,'region_id','vtiger_purchaseorder',1,'16','region_id','Tax Region',0,2,'',100,16,115,5,'N~O',1,0,'BAS',0,'',0,0,0),(22,846,'region_id','vtiger_salesorder',1,'16','region_id','Tax Region',0,2,'',100,19,114,5,'N~O',1,0,'BAS',0,'',0,0,0),(23,847,'region_id','vtiger_invoice',1,'16','region_id','Tax Region',0,2,'',100,17,113,5,'N~O',1,0,'BAS',0,'',0,0,0),(40,848,'isconvertedfrompotential','vtiger_project',1,'56','isconvertedfrompotential','Is Converted From Opportunity',1,2,'',100,13,101,1,'C~O',1,0,'BAS',1,'',0,0,0),(40,849,'potentialid','vtiger_project',1,'10','potentialid','Potential Name',1,2,'',100,14,101,1,'I~O',1,0,'BAS',1,'',0,0,0),(29,850,'defaultlandingpage','vtiger_users',1,'32','defaultlandingpage','Default Landing Page',1,0,'Home',100,22,79,1,'V~O',1,0,'BAS',1,'',0,0,0),(22,851,'last_recurring_date','vtiger_invoice_recurring_info',1,'5','last_recurring_date','Next Invoice Date',1,2,'',100,7,85,2,'D~O',1,0,'BAS',1,'',0,0,0),(7,859,'cf_858','vtiger_leadscf',2,'16','cf_858','Gnero',1,2,'',100,4,13,1,'V~O',1,0,'BAS',1,'',1,0,0),(7,860,'ee_google_search','vtiger_leadscf',1,'1','ee_google_search','Google Search',1,2,'',100,7,15,1,'V~O',1,0,'BAS',1,'',0,0,0),(6,861,'ee_google_search','vtiger_accountscf',1,'1','ee_google_search','Google Search',1,2,'',100,13,11,1,'V~O',1,0,'BAS',1,'',0,0,0),(4,862,'ee_google_search','vtiger_contactscf',1,'1','ee_google_search','Google Search',1,2,'',100,12,7,1,'V~O',1,0,'BAS',1,'',0,0,0),(4,864,'cf_863','vtiger_contactscf',2,'1','cf_863','idexcel',1,1,'',100,2,73,1,'V~O~LE~20',2,0,'BAS',1,'',0,0,0),(22,866,'cf_865','vtiger_salesordercf',2,'5','cf_865','Fecha de Venta',1,2,'',100,2,61,1,'D~M',3,5,'BAS',1,'',0,0,0);
/*!40000 ALTER TABLE `vtiger_field` ENABLE KEYS */;
UNLOCK TABLES;

--
-- Table structure for table `vtiger_field_seq`
--

DROP TABLE IF EXISTS `vtiger_field_seq`;
/*!40101 SET @saved_cs_client     = @@character_set_client */;
/*!40101 SET character_set_client = utf8 */;
CREATE TABLE `vtiger_field_seq` (
  `id` int(11) NOT NULL
) ENGINE=InnoDB DEFAULT CHARSET=utf8;
/*!40101 SET character_set_client = @saved_cs_client */;

--
-- Dumping data for table `vtiger_field_seq`
--

LOCK TABLES `vtiger_field_seq` WRITE;
/*!40000 ALTER TABLE `vtiger_field_seq` DISABLE KEYS */;
INSERT INTO `vtiger_field_seq` VALUES (866);
/*!40000 ALTER TABLE `vtiger_field_seq` ENABLE KEYS */;
UNLOCK TABLES;

--
-- Table structure for table `vtiger_fieldmodulerel`
--

DROP TABLE IF EXISTS `vtiger_fieldmodulerel`;
/*!40101 SET @saved_cs_client     = @@character_set_client */;
/*!40101 SET character_set_client = utf8 */;
CREATE TABLE `vtiger_fieldmodulerel` (
  `fieldid` int(11) NOT NULL,
  `module` varchar(100) NOT NULL,
  `relmodule` varchar(100) NOT NULL,
  `status` varchar(10) DEFAULT NULL,
  `sequence` int(11) DEFAULT NULL
) ENGINE=InnoDB DEFAULT CHARSET=utf8;
/*!40101 SET character_set_client = @saved_cs_client */;

--
-- Dumping data for table `vtiger_fieldmodulerel`
--

LOCK TABLES `vtiger_fieldmodulerel` WRITE;
/*!40000 ALTER TABLE `vtiger_fieldmodulerel` DISABLE KEYS */;
INSERT INTO `vtiger_fieldmodulerel` VALUES (113,'Potentials','Accounts',NULL,0),(557,'PBXManager','Leads',NULL,NULL),(557,'PBXManager','Contacts',NULL,NULL),(557,'PBXManager','Accounts',NULL,NULL),(571,'ServiceContracts','Contacts',NULL,NULL),(571,'ServiceContracts','Accounts',NULL,NULL),(590,'ProjectMilestone','Project',NULL,NULL),(604,'ProjectTask','Project',NULL,NULL),(625,'Project','Accounts',NULL,NULL),(625,'Project','Contacts',NULL,NULL),(649,'ModComments','Leads',NULL,NULL),(649,'ModComments','Contacts',NULL,NULL),(649,'ModComments','Accounts',NULL,NULL),(651,'ModComments','ModComments',NULL,NULL),(649,'ModComments','Potentials',NULL,NULL),(649,'ModComments','Project',NULL,NULL),(649,'ModComments','ProjectTask',NULL,NULL),(654,'Assets','Products',NULL,NULL),(660,'Assets','Invoice',NULL,NULL),(665,'Assets','Accounts',NULL,NULL),(666,'Assets','Contacts',NULL,NULL),(676,'Invoice','Products',NULL,NULL),(676,'Invoice','Services',NULL,NULL),(685,'SalesOrder','Products',NULL,NULL),(685,'SalesOrder','Services',NULL,NULL),(694,'PurchaseOrder','Products',NULL,NULL),(694,'PurchaseOrder','Services',NULL,NULL),(703,'Quotes','Products',NULL,NULL),(703,'Quotes','Services',NULL,NULL),(714,'ModComments','Contacts',NULL,NULL),(649,'ModComments','HelpDesk',NULL,NULL),(649,'ModComments','Faq',NULL,NULL),(740,'Potentials','Contacts',NULL,NULL),(157,'HelpDesk','Accounts',NULL,NULL),(741,'HelpDesk','Contacts',NULL,NULL),(238,'Accounts','Calendar',NULL,NULL),(238,'Leads','Calendar',NULL,NULL),(238,'HelpDesk','Calendar',NULL,NULL),(238,'Campaigns','Calendar',NULL,NULL),(238,'Potentials','Calendar',NULL,NULL),(238,'PurchaseOrder','Calendar',NULL,NULL),(238,'SalesOrder','Calendar',NULL,NULL),(238,'Quotes','Calendar',NULL,NULL),(238,'Invoice','Calendar',NULL,NULL),(239,'Contacts','Calendar',NULL,NULL),(774,'Invoice','Potentials',NULL,NULL),(649,'ModComments','Invoice',NULL,NULL),(649,'ModComments','Quotes',NULL,NULL),(649,'ModComments','PurchaseOrder',NULL,NULL),(649,'ModComments','SalesOrder',NULL,NULL),(849,'Project','Potentials',NULL,NULL);
/*!40000 ALTER TABLE `vtiger_fieldmodulerel` ENABLE KEYS */;
UNLOCK TABLES;

--
-- Table structure for table `vtiger_freetagged_objects`
--

DROP TABLE IF EXISTS `vtiger_freetagged_objects`;
/*!40101 SET @saved_cs_client     = @@character_set_client */;
/*!40101 SET character_set_client = utf8 */;
CREATE TABLE `vtiger_freetagged_objects` (
  `tag_id` int(20) NOT NULL DEFAULT '0',
  `tagger_id` int(20) NOT NULL DEFAULT '0',
  `object_id` int(20) NOT NULL DEFAULT '0',
  `tagged_on` timestamp NOT NULL DEFAULT CURRENT_TIMESTAMP,
  `module` varchar(100) DEFAULT NULL,
  PRIMARY KEY (`tag_id`,`tagger_id`,`object_id`),
  KEY `freetagged_objects_tag_id_tagger_id_object_id_idx` (`tag_id`,`tagger_id`,`object_id`)
) ENGINE=InnoDB DEFAULT CHARSET=utf8;
/*!40101 SET character_set_client = @saved_cs_client */;

--
-- Dumping data for table `vtiger_freetagged_objects`
--

LOCK TABLES `vtiger_freetagged_objects` WRITE;
/*!40000 ALTER TABLE `vtiger_freetagged_objects` DISABLE KEYS */;
/*!40000 ALTER TABLE `vtiger_freetagged_objects` ENABLE KEYS */;
UNLOCK TABLES;

--
-- Table structure for table `vtiger_freetags`
--

DROP TABLE IF EXISTS `vtiger_freetags`;
/*!40101 SET @saved_cs_client     = @@character_set_client */;
/*!40101 SET character_set_client = utf8 */;
CREATE TABLE `vtiger_freetags` (
  `id` int(19) NOT NULL,
  `tag` varchar(50) NOT NULL DEFAULT '',
  `raw_tag` varchar(50) NOT NULL DEFAULT '',
  `visibility` varchar(100) NOT NULL DEFAULT 'PRIVATE',
  `owner` int(19) NOT NULL,
  PRIMARY KEY (`id`)
) ENGINE=InnoDB DEFAULT CHARSET=utf8;
/*!40101 SET character_set_client = @saved_cs_client */;

--
-- Dumping data for table `vtiger_freetags`
--

LOCK TABLES `vtiger_freetags` WRITE;
/*!40000 ALTER TABLE `vtiger_freetags` DISABLE KEYS */;
/*!40000 ALTER TABLE `vtiger_freetags` ENABLE KEYS */;
UNLOCK TABLES;

--
-- Table structure for table `vtiger_freetags_seq`
--

DROP TABLE IF EXISTS `vtiger_freetags_seq`;
/*!40101 SET @saved_cs_client     = @@character_set_client */;
/*!40101 SET character_set_client = utf8 */;
CREATE TABLE `vtiger_freetags_seq` (
  `id` int(11) NOT NULL
) ENGINE=InnoDB DEFAULT CHARSET=utf8;
/*!40101 SET character_set_client = @saved_cs_client */;

--
-- Dumping data for table `vtiger_freetags_seq`
--

LOCK TABLES `vtiger_freetags_seq` WRITE;
/*!40000 ALTER TABLE `vtiger_freetags_seq` DISABLE KEYS */;
INSERT INTO `vtiger_freetags_seq` VALUES (1);
/*!40000 ALTER TABLE `vtiger_freetags_seq` ENABLE KEYS */;
UNLOCK TABLES;

--
-- Table structure for table `vtiger_glacct`
--

DROP TABLE IF EXISTS `vtiger_glacct`;
/*!40101 SET @saved_cs_client     = @@character_set_client */;
/*!40101 SET character_set_client = utf8 */;
CREATE TABLE `vtiger_glacct` (
  `glacctid` int(19) NOT NULL AUTO_INCREMENT,
  `glacct` varchar(200) NOT NULL,
  `presence` int(1) NOT NULL DEFAULT '1',
  `picklist_valueid` int(19) NOT NULL DEFAULT '0',
  `sortorderid` int(11) DEFAULT NULL,
  `color` varchar(10) DEFAULT NULL,
  PRIMARY KEY (`glacctid`),
  UNIQUE KEY `glacct_glacct_idx` (`glacct`)
) ENGINE=InnoDB AUTO_INCREMENT=10 DEFAULT CHARSET=utf8;
/*!40101 SET character_set_client = @saved_cs_client */;

--
-- Dumping data for table `vtiger_glacct`
--

LOCK TABLES `vtiger_glacct` WRITE;
/*!40000 ALTER TABLE `vtiger_glacct` DISABLE KEYS */;
INSERT INTO `vtiger_glacct` VALUES (1,'300-Sales-Software',1,51,0,NULL),(2,'301-Sales-Hardware',1,52,1,NULL),(3,'302-Rental-Income',1,53,2,NULL),(4,'303-Interest-Income',1,54,3,NULL),(5,'304-Sales-Software-Support',1,55,4,NULL),(6,'305-Sales Other',1,56,5,NULL),(7,'306-Internet Sales',1,57,6,NULL),(8,'307-Service-Hardware Labor',1,58,7,NULL),(9,'308-Sales-Books',1,59,8,NULL);
/*!40000 ALTER TABLE `vtiger_glacct` ENABLE KEYS */;
UNLOCK TABLES;

--
-- Table structure for table `vtiger_glacct_seq`
--

DROP TABLE IF EXISTS `vtiger_glacct_seq`;
/*!40101 SET @saved_cs_client     = @@character_set_client */;
/*!40101 SET character_set_client = utf8 */;
CREATE TABLE `vtiger_glacct_seq` (
  `id` int(11) NOT NULL
) ENGINE=InnoDB DEFAULT CHARSET=utf8;
/*!40101 SET character_set_client = @saved_cs_client */;

--
-- Dumping data for table `vtiger_glacct_seq`
--

LOCK TABLES `vtiger_glacct_seq` WRITE;
/*!40000 ALTER TABLE `vtiger_glacct_seq` DISABLE KEYS */;
INSERT INTO `vtiger_glacct_seq` VALUES (9);
/*!40000 ALTER TABLE `vtiger_glacct_seq` ENABLE KEYS */;
UNLOCK TABLES;

--
-- Table structure for table `vtiger_google_event_calendar_mapping`
--

DROP TABLE IF EXISTS `vtiger_google_event_calendar_mapping`;
/*!40101 SET @saved_cs_client     = @@character_set_client */;
/*!40101 SET character_set_client = utf8 */;
CREATE TABLE `vtiger_google_event_calendar_mapping` (
  `event_id` varchar(255) DEFAULT NULL,
  `calendar_id` varchar(255) DEFAULT NULL,
  `user_id` int(11) NOT NULL
) ENGINE=InnoDB DEFAULT CHARSET=utf8;
/*!40101 SET character_set_client = @saved_cs_client */;

--
-- Dumping data for table `vtiger_google_event_calendar_mapping`
--

LOCK TABLES `vtiger_google_event_calendar_mapping` WRITE;
/*!40000 ALTER TABLE `vtiger_google_event_calendar_mapping` DISABLE KEYS */;
/*!40000 ALTER TABLE `vtiger_google_event_calendar_mapping` ENABLE KEYS */;
UNLOCK TABLES;

--
-- Table structure for table `vtiger_google_map`
--

DROP TABLE IF EXISTS `vtiger_google_map`;
/*!40101 SET @saved_cs_client     = @@character_set_client */;
/*!40101 SET character_set_client = utf8 */;
CREATE TABLE `vtiger_google_map` (
  `module` varchar(255) DEFAULT NULL,
  `parameter_name` varchar(255) DEFAULT NULL,
  `parameter_field` varchar(255) DEFAULT NULL
) ENGINE=InnoDB DEFAULT CHARSET=utf8;
/*!40101 SET character_set_client = @saved_cs_client */;

--
-- Dumping data for table `vtiger_google_map`
--

LOCK TABLES `vtiger_google_map` WRITE;
/*!40000 ALTER TABLE `vtiger_google_map` DISABLE KEYS */;
INSERT INTO `vtiger_google_map` VALUES ('Contacts','street','mailingstreet'),('Contacts','city','mailingcity'),('Contacts','state','mailingstate'),('Contacts','zip','mailingzip'),('Contacts','country','mailingcountry'),('Leads','street','lane'),('Leads','city','city'),('Leads','state','state'),('Leads','zip','code'),('Leads','country','country'),('Accounts','street','bill_street'),('Accounts','city','bill_city'),('Accounts','state','bill_state'),('Accounts','zip','bill_code'),('Accounts','country','bill_country');
/*!40000 ALTER TABLE `vtiger_google_map` ENABLE KEYS */;
UNLOCK TABLES;

--
-- Table structure for table `vtiger_google_oauth2`
--

DROP TABLE IF EXISTS `vtiger_google_oauth2`;
/*!40101 SET @saved_cs_client     = @@character_set_client */;
/*!40101 SET character_set_client = utf8 */;
CREATE TABLE `vtiger_google_oauth2` (
  `service` varchar(20) DEFAULT NULL,
  `access_token` varchar(500) DEFAULT NULL,
  `refresh_token` varchar(500) DEFAULT NULL,
  `userid` int(19) DEFAULT NULL
) ENGINE=InnoDB DEFAULT CHARSET=utf8;
/*!40101 SET character_set_client = @saved_cs_client */;

--
-- Dumping data for table `vtiger_google_oauth2`
--

LOCK TABLES `vtiger_google_oauth2` WRITE;
/*!40000 ALTER TABLE `vtiger_google_oauth2` DISABLE KEYS */;
/*!40000 ALTER TABLE `vtiger_google_oauth2` ENABLE KEYS */;
UNLOCK TABLES;

--
-- Table structure for table `vtiger_google_sync_fieldmapping`
--

DROP TABLE IF EXISTS `vtiger_google_sync_fieldmapping`;
/*!40101 SET @saved_cs_client     = @@character_set_client */;
/*!40101 SET character_set_client = utf8 */;
CREATE TABLE `vtiger_google_sync_fieldmapping` (
  `vtiger_field` varchar(255) DEFAULT NULL,
  `google_field` varchar(255) DEFAULT NULL,
  `google_field_type` varchar(255) DEFAULT NULL,
  `google_custom_label` varchar(255) DEFAULT NULL,
  `user` int(11) DEFAULT NULL
) ENGINE=InnoDB DEFAULT CHARSET=utf8;
/*!40101 SET character_set_client = @saved_cs_client */;

--
-- Dumping data for table `vtiger_google_sync_fieldmapping`
--

LOCK TABLES `vtiger_google_sync_fieldmapping` WRITE;
/*!40000 ALTER TABLE `vtiger_google_sync_fieldmapping` DISABLE KEYS */;
/*!40000 ALTER TABLE `vtiger_google_sync_fieldmapping` ENABLE KEYS */;
UNLOCK TABLES;

--
-- Table structure for table `vtiger_google_sync_settings`
--

DROP TABLE IF EXISTS `vtiger_google_sync_settings`;
/*!40101 SET @saved_cs_client     = @@character_set_client */;
/*!40101 SET character_set_client = utf8 */;
CREATE TABLE `vtiger_google_sync_settings` (
  `user` int(11) DEFAULT NULL,
  `module` varchar(50) DEFAULT NULL,
  `clientgroup` varchar(255) DEFAULT NULL,
  `direction` varchar(50) DEFAULT NULL,
  `enabled` tinyint(3) DEFAULT '1'
) ENGINE=InnoDB DEFAULT CHARSET=utf8;
/*!40101 SET character_set_client = @saved_cs_client */;

--
-- Dumping data for table `vtiger_google_sync_settings`
--

LOCK TABLES `vtiger_google_sync_settings` WRITE;
/*!40000 ALTER TABLE `vtiger_google_sync_settings` DISABLE KEYS */;
/*!40000 ALTER TABLE `vtiger_google_sync_settings` ENABLE KEYS */;
UNLOCK TABLES;

--
-- Table structure for table `vtiger_group2grouprel`
--

DROP TABLE IF EXISTS `vtiger_group2grouprel`;
/*!40101 SET @saved_cs_client     = @@character_set_client */;
/*!40101 SET character_set_client = utf8 */;
CREATE TABLE `vtiger_group2grouprel` (
  `groupid` int(19) NOT NULL,
  `containsgroupid` int(19) NOT NULL,
  PRIMARY KEY (`groupid`,`containsgroupid`),
  CONSTRAINT `fk_2_vtiger_group2grouprel` FOREIGN KEY (`groupid`) REFERENCES `vtiger_groups` (`groupid`) ON DELETE CASCADE ON UPDATE CASCADE
) ENGINE=InnoDB DEFAULT CHARSET=utf8;
/*!40101 SET character_set_client = @saved_cs_client */;

--
-- Dumping data for table `vtiger_group2grouprel`
--

LOCK TABLES `vtiger_group2grouprel` WRITE;
/*!40000 ALTER TABLE `vtiger_group2grouprel` DISABLE KEYS */;
/*!40000 ALTER TABLE `vtiger_group2grouprel` ENABLE KEYS */;
UNLOCK TABLES;

--
-- Table structure for table `vtiger_group2role`
--

DROP TABLE IF EXISTS `vtiger_group2role`;
/*!40101 SET @saved_cs_client     = @@character_set_client */;
/*!40101 SET character_set_client = utf8 */;
CREATE TABLE `vtiger_group2role` (
  `groupid` int(19) NOT NULL,
  `roleid` varchar(255) NOT NULL,
  PRIMARY KEY (`groupid`,`roleid`),
  KEY `fk_2_vtiger_group2role` (`roleid`),
  CONSTRAINT `fk_2_vtiger_group2role` FOREIGN KEY (`roleid`) REFERENCES `vtiger_role` (`roleid`) ON DELETE CASCADE
) ENGINE=InnoDB DEFAULT CHARSET=utf8;
/*!40101 SET character_set_client = @saved_cs_client */;

--
-- Dumping data for table `vtiger_group2role`
--

LOCK TABLES `vtiger_group2role` WRITE;
/*!40000 ALTER TABLE `vtiger_group2role` DISABLE KEYS */;
INSERT INTO `vtiger_group2role` VALUES (3,'H2'),(4,'H3'),(2,'H4');
/*!40000 ALTER TABLE `vtiger_group2role` ENABLE KEYS */;
UNLOCK TABLES;

--
-- Table structure for table `vtiger_group2rs`
--

DROP TABLE IF EXISTS `vtiger_group2rs`;
/*!40101 SET @saved_cs_client     = @@character_set_client */;
/*!40101 SET character_set_client = utf8 */;
CREATE TABLE `vtiger_group2rs` (
  `groupid` int(19) NOT NULL,
  `roleandsubid` varchar(255) NOT NULL,
  PRIMARY KEY (`groupid`,`roleandsubid`),
  KEY `fk_2_vtiger_group2rs` (`roleandsubid`),
  CONSTRAINT `fk_2_vtiger_group2rs` FOREIGN KEY (`roleandsubid`) REFERENCES `vtiger_role` (`roleid`) ON DELETE CASCADE
) ENGINE=InnoDB DEFAULT CHARSET=utf8;
/*!40101 SET character_set_client = @saved_cs_client */;

--
-- Dumping data for table `vtiger_group2rs`
--

LOCK TABLES `vtiger_group2rs` WRITE;
/*!40000 ALTER TABLE `vtiger_group2rs` DISABLE KEYS */;
INSERT INTO `vtiger_group2rs` VALUES (3,'H3'),(4,'H3'),(2,'H5');
/*!40000 ALTER TABLE `vtiger_group2rs` ENABLE KEYS */;
UNLOCK TABLES;

--
-- Table structure for table `vtiger_groups`
--

DROP TABLE IF EXISTS `vtiger_groups`;
/*!40101 SET @saved_cs_client     = @@character_set_client */;
/*!40101 SET character_set_client = utf8 */;
CREATE TABLE `vtiger_groups` (
  `groupid` int(19) NOT NULL,
  `groupname` varchar(100) DEFAULT NULL,
  `description` text,
  PRIMARY KEY (`groupid`),
  UNIQUE KEY `groups_groupname_idx` (`groupname`)
) ENGINE=InnoDB DEFAULT CHARSET=utf8;
/*!40101 SET character_set_client = @saved_cs_client */;

--
-- Dumping data for table `vtiger_groups`
--

LOCK TABLES `vtiger_groups` WRITE;
/*!40000 ALTER TABLE `vtiger_groups` DISABLE KEYS */;
INSERT INTO `vtiger_groups` VALUES (2,'Team Selling','Group Related to Sales'),(3,'Marketing Group','Group Related to Marketing Activities'),(4,'Support Group','Group Related to providing Support to Customers');
/*!40000 ALTER TABLE `vtiger_groups` ENABLE KEYS */;
UNLOCK TABLES;

--
-- Table structure for table `vtiger_home_layout`
--

DROP TABLE IF EXISTS `vtiger_home_layout`;
/*!40101 SET @saved_cs_client     = @@character_set_client */;
/*!40101 SET character_set_client = utf8 */;
CREATE TABLE `vtiger_home_layout` (
  `userid` int(19) NOT NULL,
  `layout` int(19) NOT NULL DEFAULT '4',
  PRIMARY KEY (`userid`)
) ENGINE=InnoDB DEFAULT CHARSET=utf8;
/*!40101 SET character_set_client = @saved_cs_client */;

--
-- Dumping data for table `vtiger_home_layout`
--

LOCK TABLES `vtiger_home_layout` WRITE;
/*!40000 ALTER TABLE `vtiger_home_layout` DISABLE KEYS */;
/*!40000 ALTER TABLE `vtiger_home_layout` ENABLE KEYS */;
UNLOCK TABLES;

--
-- Table structure for table `vtiger_homedashbd`
--

DROP TABLE IF EXISTS `vtiger_homedashbd`;
/*!40101 SET @saved_cs_client     = @@character_set_client */;
/*!40101 SET character_set_client = utf8 */;
CREATE TABLE `vtiger_homedashbd` (
  `stuffid` int(19) NOT NULL DEFAULT '0',
  `dashbdname` varchar(100) DEFAULT NULL,
  `dashbdtype` varchar(100) DEFAULT NULL,
  PRIMARY KEY (`stuffid`),
  KEY `stuff_stuffid_idx` (`stuffid`),
  CONSTRAINT `fk_1_vtiger_homedashbd` FOREIGN KEY (`stuffid`) REFERENCES `vtiger_homestuff` (`stuffid`) ON DELETE CASCADE
) ENGINE=InnoDB DEFAULT CHARSET=utf8;
/*!40101 SET character_set_client = @saved_cs_client */;

--
-- Dumping data for table `vtiger_homedashbd`
--

LOCK TABLES `vtiger_homedashbd` WRITE;
/*!40000 ALTER TABLE `vtiger_homedashbd` DISABLE KEYS */;
/*!40000 ALTER TABLE `vtiger_homedashbd` ENABLE KEYS */;
UNLOCK TABLES;

--
-- Table structure for table `vtiger_homedefault`
--

DROP TABLE IF EXISTS `vtiger_homedefault`;
/*!40101 SET @saved_cs_client     = @@character_set_client */;
/*!40101 SET character_set_client = utf8 */;
CREATE TABLE `vtiger_homedefault` (
  `stuffid` int(19) NOT NULL DEFAULT '0',
  `hometype` varchar(30) NOT NULL,
  `maxentries` int(19) DEFAULT NULL,
  `setype` varchar(30) DEFAULT NULL,
  PRIMARY KEY (`stuffid`),
  KEY `stuff_stuffid_idx` (`stuffid`),
  CONSTRAINT `fk_1_vtiger_homedefault` FOREIGN KEY (`stuffid`) REFERENCES `vtiger_homestuff` (`stuffid`) ON DELETE CASCADE
) ENGINE=InnoDB DEFAULT CHARSET=utf8;
/*!40101 SET character_set_client = @saved_cs_client */;

--
-- Dumping data for table `vtiger_homedefault`
--

LOCK TABLES `vtiger_homedefault` WRITE;
/*!40000 ALTER TABLE `vtiger_homedefault` DISABLE KEYS */;
INSERT INTO `vtiger_homedefault` VALUES (1,'ALVT',5,'Accounts'),(2,'HDB',5,'Dashboard'),(3,'PLVT',5,'Potentials'),(4,'QLTQ',5,'Quotes'),(5,'CVLVT',5,'NULL'),(6,'HLT',5,'HelpDesk'),(7,'UA',5,'Calendar'),(8,'GRT',5,'NULL'),(9,'OLTSO',5,'SalesOrder'),(10,'ILTI',5,'Invoice'),(11,'MNL',5,'Leads'),(12,'OLTPO',5,'PurchaseOrder'),(13,'PA',5,'Calendar'),(14,'LTFAQ',5,'Faq'),(16,'ALVT',5,'Accounts'),(17,'HDB',5,'Dashboard'),(18,'PLVT',5,'Potentials'),(19,'QLTQ',5,'Quotes'),(20,'CVLVT',5,'NULL'),(21,'HLT',5,'HelpDesk'),(22,'UA',5,'Calendar'),(23,'GRT',5,'NULL'),(24,'OLTSO',5,'SalesOrder'),(25,'ILTI',5,'Invoice'),(26,'MNL',5,'Leads'),(27,'OLTPO',5,'PurchaseOrder'),(28,'PA',5,'Calendar'),(29,'LTFAQ',5,'Faq');
/*!40000 ALTER TABLE `vtiger_homedefault` ENABLE KEYS */;
UNLOCK TABLES;

--
-- Table structure for table `vtiger_homemodule`
--

DROP TABLE IF EXISTS `vtiger_homemodule`;
/*!40101 SET @saved_cs_client     = @@character_set_client */;
/*!40101 SET character_set_client = utf8 */;
CREATE TABLE `vtiger_homemodule` (
  `stuffid` int(19) NOT NULL,
  `modulename` varchar(100) DEFAULT NULL,
  `maxentries` int(19) NOT NULL,
  `customviewid` int(19) NOT NULL,
  `setype` varchar(30) NOT NULL,
  PRIMARY KEY (`stuffid`),
  KEY `stuff_stuffid_idx` (`stuffid`),
  CONSTRAINT `fk_1_vtiger_homemodule` FOREIGN KEY (`stuffid`) REFERENCES `vtiger_homestuff` (`stuffid`) ON DELETE CASCADE
) ENGINE=InnoDB DEFAULT CHARSET=utf8;
/*!40101 SET character_set_client = @saved_cs_client */;

--
-- Dumping data for table `vtiger_homemodule`
--

LOCK TABLES `vtiger_homemodule` WRITE;
/*!40000 ALTER TABLE `vtiger_homemodule` DISABLE KEYS */;
/*!40000 ALTER TABLE `vtiger_homemodule` ENABLE KEYS */;
UNLOCK TABLES;

--
-- Table structure for table `vtiger_homemoduleflds`
--

DROP TABLE IF EXISTS `vtiger_homemoduleflds`;
/*!40101 SET @saved_cs_client     = @@character_set_client */;
/*!40101 SET character_set_client = utf8 */;
CREATE TABLE `vtiger_homemoduleflds` (
  `stuffid` int(19) DEFAULT NULL,
  `fieldname` varchar(100) DEFAULT NULL,
  KEY `stuff_stuffid_idx` (`stuffid`),
  CONSTRAINT `fk_1_vtiger_homemoduleflds` FOREIGN KEY (`stuffid`) REFERENCES `vtiger_homemodule` (`stuffid`) ON DELETE CASCADE
) ENGINE=InnoDB DEFAULT CHARSET=utf8;
/*!40101 SET character_set_client = @saved_cs_client */;

--
-- Dumping data for table `vtiger_homemoduleflds`
--

LOCK TABLES `vtiger_homemoduleflds` WRITE;
/*!40000 ALTER TABLE `vtiger_homemoduleflds` DISABLE KEYS */;
/*!40000 ALTER TABLE `vtiger_homemoduleflds` ENABLE KEYS */;
UNLOCK TABLES;

--
-- Table structure for table `vtiger_homereportchart`
--

DROP TABLE IF EXISTS `vtiger_homereportchart`;
/*!40101 SET @saved_cs_client     = @@character_set_client */;
/*!40101 SET character_set_client = utf8 */;
CREATE TABLE `vtiger_homereportchart` (
  `stuffid` int(11) NOT NULL,
  `reportid` int(19) DEFAULT NULL,
  `reportcharttype` varchar(100) DEFAULT NULL,
  PRIMARY KEY (`stuffid`)
) ENGINE=InnoDB DEFAULT CHARSET=utf8;
/*!40101 SET character_set_client = @saved_cs_client */;

--
-- Dumping data for table `vtiger_homereportchart`
--

LOCK TABLES `vtiger_homereportchart` WRITE;
/*!40000 ALTER TABLE `vtiger_homereportchart` DISABLE KEYS */;
/*!40000 ALTER TABLE `vtiger_homereportchart` ENABLE KEYS */;
UNLOCK TABLES;

--
-- Table structure for table `vtiger_homerss`
--

DROP TABLE IF EXISTS `vtiger_homerss`;
/*!40101 SET @saved_cs_client     = @@character_set_client */;
/*!40101 SET character_set_client = utf8 */;
CREATE TABLE `vtiger_homerss` (
  `stuffid` int(19) NOT NULL DEFAULT '0',
  `url` varchar(100) DEFAULT NULL,
  `maxentries` int(19) NOT NULL,
  PRIMARY KEY (`stuffid`),
  KEY `stuff_stuffid_idx` (`stuffid`),
  CONSTRAINT `fk_1_vtiger_homerss` FOREIGN KEY (`stuffid`) REFERENCES `vtiger_homestuff` (`stuffid`) ON DELETE CASCADE
) ENGINE=InnoDB DEFAULT CHARSET=utf8;
/*!40101 SET character_set_client = @saved_cs_client */;

--
-- Dumping data for table `vtiger_homerss`
--

LOCK TABLES `vtiger_homerss` WRITE;
/*!40000 ALTER TABLE `vtiger_homerss` DISABLE KEYS */;
/*!40000 ALTER TABLE `vtiger_homerss` ENABLE KEYS */;
UNLOCK TABLES;

--
-- Table structure for table `vtiger_homestuff`
--

DROP TABLE IF EXISTS `vtiger_homestuff`;
/*!40101 SET @saved_cs_client     = @@character_set_client */;
/*!40101 SET character_set_client = utf8 */;
CREATE TABLE `vtiger_homestuff` (
  `stuffid` int(19) NOT NULL DEFAULT '0',
  `stuffsequence` int(19) NOT NULL DEFAULT '0',
  `stufftype` varchar(100) DEFAULT NULL,
  `userid` int(19) NOT NULL,
  `visible` int(10) NOT NULL DEFAULT '0',
  `stufftitle` varchar(100) DEFAULT NULL,
  PRIMARY KEY (`stuffid`),
  KEY `stuff_stuffid_idx` (`stuffid`),
  KEY `fk_1_vtiger_homestuff` (`userid`),
  CONSTRAINT `fk_1_vtiger_homestuff` FOREIGN KEY (`userid`) REFERENCES `vtiger_users` (`id`) ON DELETE CASCADE
) ENGINE=InnoDB DEFAULT CHARSET=utf8;
/*!40101 SET character_set_client = @saved_cs_client */;

--
-- Dumping data for table `vtiger_homestuff`
--

LOCK TABLES `vtiger_homestuff` WRITE;
/*!40000 ALTER TABLE `vtiger_homestuff` DISABLE KEYS */;
INSERT INTO `vtiger_homestuff` VALUES (1,1,'Default',1,1,'Top Accounts'),(2,2,'Default',1,1,'Home Page Dashboard'),(3,3,'Default',1,1,'Top Potentials'),(4,4,'Default',1,1,'Top Quotes'),(5,5,'Default',1,1,'Key Metrics'),(6,6,'Default',1,1,'Top Trouble Tickets'),(7,7,'Default',1,1,'Upcoming Activities'),(8,8,'Default',1,1,'My Group Allocation'),(9,9,'Default',1,1,'Top Sales Orders'),(10,10,'Default',1,1,'Top Invoices'),(11,11,'Default',1,1,'My New Leads'),(12,12,'Default',1,1,'Top Purchase Orders'),(13,13,'Default',1,1,'Pending Activities'),(14,14,'Default',1,1,'My Recent FAQs'),(15,15,'Tag Cloud',1,0,'Tag Cloud'),(16,1,'Default',5,1,'Top Accounts'),(17,2,'Default',5,1,'Home Page Dashboard'),(18,3,'Default',5,1,'Top Potentials'),(19,4,'Default',5,1,'Top Quotes'),(20,5,'Default',5,1,'Key Metrics'),(21,6,'Default',5,1,'Top Trouble Tickets'),(22,7,'Default',5,1,'Upcoming Activities'),(23,8,'Default',5,1,'My Group Allocation'),(24,9,'Default',5,1,'Top Sales Orders'),(25,10,'Default',5,1,'Top Invoices'),(26,11,'Default',5,1,'My New Leads'),(27,12,'Default',5,1,'Top Purchase Orders'),(28,13,'Default',5,1,'Pending Activities'),(29,14,'Default',5,1,'My Recent FAQs'),(30,15,'Tag Cloud',5,0,'Tag Cloud');
/*!40000 ALTER TABLE `vtiger_homestuff` ENABLE KEYS */;
UNLOCK TABLES;

--
-- Table structure for table `vtiger_homestuff_seq`
--

DROP TABLE IF EXISTS `vtiger_homestuff_seq`;
/*!40101 SET @saved_cs_client     = @@character_set_client */;
/*!40101 SET character_set_client = utf8 */;
CREATE TABLE `vtiger_homestuff_seq` (
  `id` int(11) NOT NULL
) ENGINE=InnoDB DEFAULT CHARSET=utf8;
/*!40101 SET character_set_client = @saved_cs_client */;

--
-- Dumping data for table `vtiger_homestuff_seq`
--

LOCK TABLES `vtiger_homestuff_seq` WRITE;
/*!40000 ALTER TABLE `vtiger_homestuff_seq` DISABLE KEYS */;
INSERT INTO `vtiger_homestuff_seq` VALUES (30);
/*!40000 ALTER TABLE `vtiger_homestuff_seq` ENABLE KEYS */;
UNLOCK TABLES;

--
-- Table structure for table `vtiger_hour_format`
--

DROP TABLE IF EXISTS `vtiger_hour_format`;
/*!40101 SET @saved_cs_client     = @@character_set_client */;
/*!40101 SET character_set_client = utf8 */;
CREATE TABLE `vtiger_hour_format` (
  `hour_formatid` int(11) NOT NULL AUTO_INCREMENT,
  `hour_format` varchar(200) NOT NULL,
  `sortorderid` int(11) DEFAULT NULL,
  `presence` int(11) NOT NULL DEFAULT '1',
  PRIMARY KEY (`hour_formatid`)
) ENGINE=InnoDB AUTO_INCREMENT=3 DEFAULT CHARSET=utf8;
/*!40101 SET character_set_client = @saved_cs_client */;

--
-- Dumping data for table `vtiger_hour_format`
--

LOCK TABLES `vtiger_hour_format` WRITE;
/*!40000 ALTER TABLE `vtiger_hour_format` DISABLE KEYS */;
INSERT INTO `vtiger_hour_format` VALUES (1,'12',0,1),(2,'24',1,1);
/*!40000 ALTER TABLE `vtiger_hour_format` ENABLE KEYS */;
UNLOCK TABLES;

--
-- Table structure for table `vtiger_hour_format_seq`
--

DROP TABLE IF EXISTS `vtiger_hour_format_seq`;
/*!40101 SET @saved_cs_client     = @@character_set_client */;
/*!40101 SET character_set_client = utf8 */;
CREATE TABLE `vtiger_hour_format_seq` (
  `id` int(11) NOT NULL
) ENGINE=InnoDB DEFAULT CHARSET=utf8;
/*!40101 SET character_set_client = @saved_cs_client */;

--
-- Dumping data for table `vtiger_hour_format_seq`
--

LOCK TABLES `vtiger_hour_format_seq` WRITE;
/*!40000 ALTER TABLE `vtiger_hour_format_seq` DISABLE KEYS */;
INSERT INTO `vtiger_hour_format_seq` VALUES (2);
/*!40000 ALTER TABLE `vtiger_hour_format_seq` ENABLE KEYS */;
UNLOCK TABLES;

--
-- Table structure for table `vtiger_import_1`
--

DROP TABLE IF EXISTS `vtiger_import_1`;
/*!40101 SET @saved_cs_client     = @@character_set_client */;
/*!40101 SET character_set_client = utf8 */;
CREATE TABLE `vtiger_import_1` (
  `id` int(11) NOT NULL AUTO_INCREMENT,
  `status` int(11) DEFAULT '0',
  `recordid` int(11) DEFAULT NULL,
  `salutationtype` varchar(200) DEFAULT NULL,
  `lastname` varchar(80) DEFAULT NULL,
  `mobile` varchar(50) DEFAULT NULL,
  `leadsource` varchar(200) DEFAULT NULL,
  `createdtime` varchar(250) DEFAULT NULL,
  `otherstreet` varchar(250) DEFAULT NULL,
  `mailingcity` varchar(40) DEFAULT NULL,
  `mailingzip` varchar(30) DEFAULT NULL,
  `otherstate` varchar(50) DEFAULT NULL,
  `otherpobox` varchar(30) DEFAULT NULL,
  `othercountry` varchar(30) DEFAULT NULL,
  `cf_863` varchar(20) DEFAULT NULL,
  PRIMARY KEY (`id`)
) ENGINE=MyISAM AUTO_INCREMENT=128 DEFAULT CHARSET=utf8;
/*!40101 SET character_set_client = @saved_cs_client */;

--
-- Dumping data for table `vtiger_import_1`
--

LOCK TABLES `vtiger_import_1` WRITE;
/*!40000 ALTER TABLE `vtiger_import_1` DISABLE KEYS */;
INSERT INTO `vtiger_import_1` VALUES (1,1,932,'','901','3215443918','Other','','','','','','','','901'),(2,1,933,'','902','3125243666','Other','','','Madrid ','','Cundinamarca','','Colombia','902'),(3,1,934,'','903','3008130345','Other','','','Medelln ','','Antioquia','','Colombia','903'),(4,1,935,'','Academia Unicornio ','3155732920','Other','','','','','','','','904'),(5,1,936,'','905','3152845428','Other','','','','','','','','905'),(6,1,937,'','Isabel Alejandra Yaruro Neira','3173009682','Other','','','Ccuta ','','Norte De Santander','','Colombia','906'),(7,1,938,'','907','3145730379','Other','','','','','','','','907'),(8,1,939,'','908','3203650279','Other','','','','','','','','908'),(9,1,940,'','Isabella ','3184043677','Other','','','Cali ','','Valle','','Colombia','909'),(10,1,941,'','910','3174613312','Other','','','','','','','','910'),(11,1,942,'','911','3046197163','Other','','','','','','','','911'),(12,1,943,'','912','3146830357','Other','','','','','','','','912'),(13,1,944,'','Dulia ','3235828135','Other','','','Cali ','','Valle','','Colombia','913'),(14,1,945,'','914','3017946215','Other','','','Cartagena ','','Bolvar','','Colombia','914'),(15,1,946,'','915','3108308858','Other','','','Cali ','','Valle','','Colombia','915'),(16,1,947,'','916','3175140108','Other','','','Cali ','','Valle','','Colombia','916'),(17,1,948,'','Luisa','3117125229','Other','','','Cali ','','Valle','','Colombia','917'),(18,1,949,'','918','3168320739','Other','','','Bogot ','','Cundinamarca','','Colombia','918'),(19,1,950,'','919','3137960914','Other','','','Ibagu ','','Tolima','','Colombia','919'),(20,1,951,'','Carolina Vlez ','3153491072','Other','','','Bogot ','','Cundinamarca','','Colombia','920'),(21,1,952,'','921','3153143050','Other','','','','','','','','921'),(22,1,953,'','922','3004607793','Other','','','','','','','','922'),(23,1,954,'','923','3002872765','Other','','','','','','','','923'),(24,1,955,'','Oliver ','3016691084','Other','','','Bogot ','','Cundinamarca','','Colombia','924'),(25,1,956,'','925','3223428310','Other','','','','','','','','925'),(26,1,957,'','926','3218577593','Other','','','Cali ','','Valle','','Colombia','926'),(27,1,958,'','927','3187942063','Other','','','','','','','','927'),(28,1,959,'','928','3147725284','Other','','','Cali ','','Valle','','Colombia','928'),(29,1,960,'','929','3015534565','Other','','','Cali ','','Valle','','Colombia','929'),(30,1,961,'','930','56983706782','Other','','','Cali ','','Valle','','Colombia','930'),(31,1,962,'','931','3127614554','Other','','','Cali ','','Valle','','Colombia','931'),(32,1,963,'','Vanessa Gamez','3116997744','Other','','','Cali ','','Valle','','Colombia','932'),(33,1,964,'','933','3107455631','Other','','','','','','','','933'),(34,1,965,'','934','3164452177','Other','','','','','','','','934'),(35,1,966,'','935','50253087558','Other','','','','','','','Guatemala ','935'),(36,1,967,'','936','+1(954)826-6649','Other','','','','','','','','936'),(37,1,968,'','937','+1(202)603-8726','Other','','','','','','','','937'),(38,1,969,'','938','3176408408','Other','','','','','','','','938'),(39,1,970,'','939','3165637052','Other','','','','','','','','939'),(40,1,971,'','940','3105450270','Other','','','','','','','','940'),(41,1,972,'','Omaira Soto Garca','3045417343','Other','','','Pereira ','','Risaralda','','Colombia','941'),(42,1,973,'','Diana Ramrez ','3216268860','Other','','','Medelln ','','Antioquia','','Colombia','942'),(43,1,974,'','Diana Gmez ','3005280690','Other','','','Bogot ','','Cundinamarca','','Colombia','943'),(44,1,975,'','944','3108010941','Other','','','Cali ','','Valle','','Colombia','944'),(45,1,976,'','945','3013384698','Other','','','Bogot ','','Cundinamarca','','Colombia','945'),(46,1,977,'','946','3114046682','Other','','','','','','','','946'),(47,1,978,'',' Patricia Ramos','3125230894','Other','','','Bogot ','','Cundinamarca','','Colombia','947'),(48,1,979,'','948','3172784374','Other','','','','','','','','948'),(49,1,980,'','949','3002356152','Other','','','Cali ','','Valle','','Colombia','949'),(50,1,981,'','950','3002668210','Other','','','','','','','','950'),(51,1,982,'','951','3002189766','Other','','','Bogot ','','Cundinamarca','','Colombia','951'),(52,1,983,'','952','3112126834','Other','','','Bogot','','Cundinamarca','','Colombia','952'),(53,1,984,'','Patricia Ochoa','3136127249','Other','','','Gmez Plata','','Antioquia','','Colombia','953'),(54,1,985,'','954','5,22E+12','Other','','','','','','','Mxico ','954'),(55,1,986,'','955','3002248024','Other','','','Medelln ','','Antioquia','','Colombia','955'),(56,1,987,'','Ximena Palacios Ramos','3168323299','Other','','','Popayn ','','Cauca','','Colombia','956'),(57,1,988,'','957','3152692494','Other','','','','','','','','957'),(58,1,989,'','958','+1(347)261-6317','Other','','','','','','','Estados Unidos ','958'),(59,1,990,'','959','3176383441','Other','','','Cali ','','Valle','','Colombia','959'),(60,1,991,'','960','3206779843','Other','','','','','','','','960'),(61,1,992,'','961','3183593053','Other','','','Cali ','','Valle','','Colombia','961'),(62,1,993,'','962','3115541549','Other','','','Bogot ','','Cundinamarca','','Colombia','962'),(63,1,994,'','Bibiana Mesa','3004851709','Other','','','Medelln ','','Antioquia','','Colombia','963'),(64,1,995,'','964','3125232061','Other','','','Bogot ','','Cundinamarca','','Colombia','964'),(65,1,996,'','965','3167598852','Other','','','Valledupar ','','Cesar','','Colombia','965'),(66,1,997,'','966','3006137212','Other','','','Medelln ','','Antioquia','','Colombia','966'),(67,1,998,'','967','3126056149','Other','','','','','','','','967'),(68,1,999,'','Doralba Bedoya ','3506929962','Other','','',' Medelln','','Antioquia','','Colombia','968'),(69,1,1000,'','969','3053354441','Other','','','','','','','','969'),(70,1,1001,'','970','3137533990','Other','','','','','','','','970'),(71,1,1002,'','Mara Ruby Daz Rodrguez','3225183760','Other','','','Candelaria ','','Valle','','Colombia','971'),(72,1,1003,'','Luis Edison Trejo Castiblanco','3218994697','Other','','','','','','','','972'),(73,1,1004,'','973','3017959578','Other','','','Bogot ','','Cundinamarca','','Colombia','973'),(74,1,1005,'','974','3137330793','Other','','','Medelln ','','Antioquia','','Colombia','974'),(75,1,1006,'','Lizeth ','3173521461','Other','','','Palmira ','','Valle','','Colombia','975'),(76,1,1007,'','976','3182961932','Other','','','Cali ','','Valle','','Colombia','976'),(77,1,1008,'','977','3003525048','Other','','','','Terron Colorado ','','','','977'),(78,1,1009,'','978','3126788603','Other','','','Cali ','','Valle','','Colombia','978'),(79,1,1010,'','Yaneth Mondragn Snchez','3154548539','Other','','','Medelln ','','Antioquia','','Colombia','979'),(80,1,1011,'','980','3174374229','Other','','','','','','','','980'),(81,1,1012,'','981','3127930017','Other','','','Cali ','','Valle','','Colombia','981'),(82,1,1013,'','982','3117878008','Other','','','','','','','','982'),(83,1,1014,'','983','3144401621','Other','','',' Pitalito','','Huila','','Colombia','983'),(84,1,1015,'','984','3232424937','Other','','','','','','','','984'),(85,1,1016,'','985','3224611515','Other','','','Ccuta ','','Norte De Santander','','Colombia','985'),(86,1,1017,'','986','3195490133','Other','','','','','','','','986'),(87,1,1018,'','987','3004404732','Other','','','','','','','','987'),(88,1,1019,'','988','3108470062','Other','','','','','','','','988'),(89,1,1020,'','989','3197427190','Other','','','Soacha ','','Cundinamarca','','Colombia','989'),(90,1,1021,'','990','3125011526','Other','','','Popayn ','','Cauca','','Colombia','990'),(91,1,1022,'','991','3155379790','Other','','','','','','','','991'),(92,1,1023,'','Jackeline ','3183979711','Other','','','','','','','','992'),(93,1,1024,'','Heydy Gaviria Beltrn','3014682335','Other','','','','','','','','993'),(94,1,1025,'','994','3041106189','Other','','','','','','','','994'),(95,1,1026,'','Yenny ','3157839715','Other','','','Cali ','','Valle','','Colombia','995'),(96,1,1027,'','996','3147010171','Other','','','','','','','','996'),(97,1,1028,'','997','3004805036','Other','','','','','','','','997'),(98,1,1029,'','998','3115117478','Other','','','','','','','','998'),(99,1,1030,'','Gloria Eugenia Jaramillo Henao','3177898188','Other','','','','','','','','999'),(100,1,1031,'','1000','3162845505','Other','','','','','','','','1000'),(101,1,1032,'','1001','+1(754)802-1160','Other','','','','','','','Estados Unidos ','1001'),(102,1,1033,'','1002','3219576037','Other','','','','','','','','1002'),(103,1,1034,'','1003','3175754063','Other','','','Bucaramanga ','','Santander ','','Colombia','1003'),(104,1,1035,'','1004','3142296397','Other','','','','','','','','1004'),(105,1,1036,'','1005','3045874940','Other','','','','','','','','1005'),(106,1,1037,'','Mabel Angelica Pea Gonzlez','3166845509','Other','','','Bogot ','','Cundinamarca','','Colombia','1006'),(107,1,1038,'','1007','+1(352)777-6001','Other','','','','','','','','1007'),(108,1,1039,'','1008','3128898618','Other','','','Yotoco','','Valle','','Colombia','1008'),(109,1,1040,'','1009','3117444434','Other','','','','','','','','1009'),(110,1,1041,'','1010','3194215654','Other','','','Bogot ','','Cundinamarca','','Colombia','1010'),(111,1,1042,'','Ledis Caro Ortiz','3043812285','Other','','','Medelln ','','Antioquia','','Colombia','1011'),(112,1,1043,'','1012','3103734033','Other','','','','','','','','1012'),(113,1,1044,'','1013','3103852458','Other','','','','','','','','1013'),(114,1,1045,'','1014','3152879234','Other','','','Cali ','','Valle','','Colombia','1014'),(115,1,1046,'','1015','3219730955','Other','','','Cali ','','Valle','','Colombia','1015'),(116,1,1047,'','Catalina Mndez ','3105433266','Other','','','Cali ','','Valle','','Colombia','1016'),(117,1,1048,'','Viviana Valencia','3105433266','Other','','','Cali ','','Valle','','Colombia','1017'),(118,1,1049,'','Viviana ','3173734318','Other','','','Bogot ','','Cundinamarca','','Colombia','1018'),(119,1,1050,'','1019','3178740095','Other','','','','','','','','1019'),(120,1,1051,'','1020','3138988068','Other','','','','','','','','1020'),(121,1,1052,'','1021','3218747888','Other','','','Jamund ','','Valle','','Colombia','1021'),(122,1,1053,'','1022','3125642855','Other','','','','','','','','1022'),(123,1,1054,'','Diana Patricia Surez','3167284468','Other','','','Bogot ','','Cundinamarca','','Colombia','1023'),(124,1,1055,'','1024','3164771295','Other','','','','','','','','1024'),(125,1,1056,'','Simn Aristizbal Garca.','3192347878','Other','','','Envigado ','','Antioquia','','Colombia','1025'),(126,1,1057,'','1026','3142968709','Other','','','','','','','','1026'),(127,1,1058,'','Rubn Daro Gonzales ','3166311615','Other','','','','','','','','1027');
/*!40000 ALTER TABLE `vtiger_import_1` ENABLE KEYS */;
UNLOCK TABLES;

--
-- Table structure for table `vtiger_import_locks`
--

DROP TABLE IF EXISTS `vtiger_import_locks`;
/*!40101 SET @saved_cs_client     = @@character_set_client */;
/*!40101 SET character_set_client = utf8 */;
CREATE TABLE `vtiger_import_locks` (
  `vtiger_import_lock_id` int(11) NOT NULL,
  `userid` int(11) NOT NULL,
  `tabid` int(11) NOT NULL,
  `importid` int(11) NOT NULL,
  `locked_since` datetime DEFAULT NULL,
  PRIMARY KEY (`vtiger_import_lock_id`)
) ENGINE=InnoDB DEFAULT CHARSET=utf8;
/*!40101 SET character_set_client = @saved_cs_client */;

--
-- Dumping data for table `vtiger_import_locks`
--

LOCK TABLES `vtiger_import_locks` WRITE;
/*!40000 ALTER TABLE `vtiger_import_locks` DISABLE KEYS */;
/*!40000 ALTER TABLE `vtiger_import_locks` ENABLE KEYS */;
UNLOCK TABLES;

--
-- Table structure for table `vtiger_import_locks_seq`
--

DROP TABLE IF EXISTS `vtiger_import_locks_seq`;
/*!40101 SET @saved_cs_client     = @@character_set_client */;
/*!40101 SET character_set_client = utf8 */;
CREATE TABLE `vtiger_import_locks_seq` (
  `id` int(11) NOT NULL
) ENGINE=InnoDB DEFAULT CHARSET=utf8;
/*!40101 SET character_set_client = @saved_cs_client */;

--
-- Dumping data for table `vtiger_import_locks_seq`
--

LOCK TABLES `vtiger_import_locks_seq` WRITE;
/*!40000 ALTER TABLE `vtiger_import_locks_seq` DISABLE KEYS */;
INSERT INTO `vtiger_import_locks_seq` VALUES (5);
/*!40000 ALTER TABLE `vtiger_import_locks_seq` ENABLE KEYS */;
UNLOCK TABLES;

--
-- Table structure for table `vtiger_import_maps`
--

DROP TABLE IF EXISTS `vtiger_import_maps`;
/*!40101 SET @saved_cs_client     = @@character_set_client */;
/*!40101 SET character_set_client = utf8 */;
CREATE TABLE `vtiger_import_maps` (
  `id` int(19) NOT NULL AUTO_INCREMENT,
  `name` varchar(36) NOT NULL,
  `module` varchar(36) NOT NULL,
  `content` longblob,
  `has_header` int(1) NOT NULL DEFAULT '1',
  `deleted` int(1) NOT NULL DEFAULT '0',
  `date_entered` timestamp NOT NULL DEFAULT CURRENT_TIMESTAMP ON UPDATE CURRENT_TIMESTAMP,
  `date_modified` datetime DEFAULT NULL,
  `assigned_user_id` varchar(36) DEFAULT NULL,
  `is_published` varchar(3) NOT NULL DEFAULT 'no',
  PRIMARY KEY (`id`),
  KEY `import_maps_assigned_user_id_module_name_deleted_idx` (`assigned_user_id`,`module`,`name`,`deleted`)
) ENGINE=InnoDB DEFAULT CHARSET=utf8;
/*!40101 SET character_set_client = @saved_cs_client */;

--
-- Dumping data for table `vtiger_import_maps`
--

LOCK TABLES `vtiger_import_maps` WRITE;
/*!40000 ALTER TABLE `vtiger_import_maps` DISABLE KEYS */;
/*!40000 ALTER TABLE `vtiger_import_maps` ENABLE KEYS */;
UNLOCK TABLES;

--
-- Table structure for table `vtiger_import_queue`
--

DROP TABLE IF EXISTS `vtiger_import_queue`;
/*!40101 SET @saved_cs_client     = @@character_set_client */;
/*!40101 SET character_set_client = utf8 */;
CREATE TABLE `vtiger_import_queue` (
  `importid` int(11) NOT NULL,
  `userid` int(11) NOT NULL,
  `tabid` int(11) NOT NULL,
  `field_mapping` text,
  `default_values` text,
  `merge_type` int(11) DEFAULT NULL,
  `merge_fields` text,
  `status` int(11) DEFAULT '0',
  `lineitem_currency_id` int(5) DEFAULT NULL,
  `paging` int(1) DEFAULT '0',
  PRIMARY KEY (`importid`)
) ENGINE=InnoDB DEFAULT CHARSET=utf8;
/*!40101 SET character_set_client = @saved_cs_client */;

--
-- Dumping data for table `vtiger_import_queue`
--

LOCK TABLES `vtiger_import_queue` WRITE;
/*!40000 ALTER TABLE `vtiger_import_queue` DISABLE KEYS */;
/*!40000 ALTER TABLE `vtiger_import_queue` ENABLE KEYS */;
UNLOCK TABLES;

--
-- Table structure for table `vtiger_import_queue_seq`
--

DROP TABLE IF EXISTS `vtiger_import_queue_seq`;
/*!40101 SET @saved_cs_client     = @@character_set_client */;
/*!40101 SET character_set_client = utf8 */;
CREATE TABLE `vtiger_import_queue_seq` (
  `id` int(11) NOT NULL
) ENGINE=InnoDB DEFAULT CHARSET=utf8;
/*!40101 SET character_set_client = @saved_cs_client */;

--
-- Dumping data for table `vtiger_import_queue_seq`
--

LOCK TABLES `vtiger_import_queue_seq` WRITE;
/*!40000 ALTER TABLE `vtiger_import_queue_seq` DISABLE KEYS */;
INSERT INTO `vtiger_import_queue_seq` VALUES (6);
/*!40000 ALTER TABLE `vtiger_import_queue_seq` ENABLE KEYS */;
UNLOCK TABLES;

--
-- Table structure for table `vtiger_industry`
--

DROP TABLE IF EXISTS `vtiger_industry`;
/*!40101 SET @saved_cs_client     = @@character_set_client */;
/*!40101 SET character_set_client = utf8 */;
CREATE TABLE `vtiger_industry` (
  `industryid` int(19) NOT NULL AUTO_INCREMENT,
  `industry` varchar(200) NOT NULL,
  `presence` int(1) NOT NULL DEFAULT '1',
  `picklist_valueid` int(19) NOT NULL DEFAULT '0',
  `sortorderid` int(11) DEFAULT NULL,
  `color` varchar(10) DEFAULT NULL,
  PRIMARY KEY (`industryid`),
  UNIQUE KEY `industry_industry_idx` (`industry`)
) ENGINE=InnoDB AUTO_INCREMENT=33 DEFAULT CHARSET=utf8;
/*!40101 SET character_set_client = @saved_cs_client */;

--
-- Dumping data for table `vtiger_industry`
--

LOCK TABLES `vtiger_industry` WRITE;
/*!40000 ALTER TABLE `vtiger_industry` DISABLE KEYS */;
INSERT INTO `vtiger_industry` VALUES (2,'Apparel',1,61,1,NULL),(3,'Banking',1,62,2,NULL),(4,'Biotechnology',1,63,3,NULL),(5,'Chemicals',1,64,4,NULL),(6,'Communications',1,65,5,NULL),(7,'Construction',1,66,6,NULL),(8,'Consulting',1,67,7,NULL),(9,'Education',1,68,8,NULL),(10,'Electronics',1,69,9,NULL),(11,'Energy',1,70,10,NULL),(12,'Engineering',1,71,11,NULL),(13,'Entertainment',1,72,12,NULL),(14,'Environmental',1,73,13,NULL),(15,'Finance',1,74,14,NULL),(16,'Food & Beverage',1,75,15,NULL),(17,'Government',1,76,16,NULL),(18,'Healthcare',1,77,17,NULL),(19,'Hospitality',1,78,18,NULL),(20,'Insurance',1,79,19,NULL),(21,'Machinery',1,80,20,NULL),(22,'Manufacturing',1,81,21,NULL),(23,'Media',1,82,22,NULL),(24,'Not For Profit',1,83,23,NULL),(25,'Recreation',1,84,24,NULL),(26,'Retail',1,85,25,NULL),(27,'Shipping',1,86,26,NULL),(28,'Technology',1,87,27,NULL),(29,'Telecommunications',1,88,28,NULL),(30,'Transportation',1,89,29,NULL),(31,'Utilities',1,90,30,NULL),(32,'Other',1,91,31,NULL);
/*!40000 ALTER TABLE `vtiger_industry` ENABLE KEYS */;
UNLOCK TABLES;

--
-- Table structure for table `vtiger_industry_seq`
--

DROP TABLE IF EXISTS `vtiger_industry_seq`;
/*!40101 SET @saved_cs_client     = @@character_set_client */;
/*!40101 SET character_set_client = utf8 */;
CREATE TABLE `vtiger_industry_seq` (
  `id` int(11) NOT NULL
) ENGINE=InnoDB DEFAULT CHARSET=utf8;
/*!40101 SET character_set_client = @saved_cs_client */;

--
-- Dumping data for table `vtiger_industry_seq`
--

LOCK TABLES `vtiger_industry_seq` WRITE;
/*!40000 ALTER TABLE `vtiger_industry_seq` DISABLE KEYS */;
INSERT INTO `vtiger_industry_seq` VALUES (32);
/*!40000 ALTER TABLE `vtiger_industry_seq` ENABLE KEYS */;
UNLOCK TABLES;

--
-- Table structure for table `vtiger_inventory_tandc`
--

DROP TABLE IF EXISTS `vtiger_inventory_tandc`;
/*!40101 SET @saved_cs_client     = @@character_set_client */;
/*!40101 SET character_set_client = utf8 */;
CREATE TABLE `vtiger_inventory_tandc` (
  `id` int(19) NOT NULL,
  `type` varchar(30) NOT NULL,
  `tandc` text,
  PRIMARY KEY (`id`)
) ENGINE=InnoDB DEFAULT CHARSET=utf8;
/*!40101 SET character_set_client = @saved_cs_client */;

--
-- Dumping data for table `vtiger_inventory_tandc`
--

LOCK TABLES `vtiger_inventory_tandc` WRITE;
/*!40000 ALTER TABLE `vtiger_inventory_tandc` DISABLE KEYS */;
INSERT INTO `vtiger_inventory_tandc` VALUES (2,'Invoice',' - A menos que el proveedor acuerde lo contrario por escrito, todas las facturas sern pagaderas en un plazo de treinta (30) das a partir de la fecha de la factura, en la moneda de la factura, girada en un banco con sede en la India o por cualquier otro mtodo acordado previamente por el proveedor.\n\n - Todos los precios no incluyen el IVA, que deber ser abonado adicionalmente por el Cliente al tipo aplicable.'),(3,'Quotes',' - A menos que el proveedor acuerde lo contrario por escrito, todas las facturas sern pagaderas en un plazo de treinta (30) das a partir de la fecha de la factura, en la moneda de la factura, girada en un banco con sede en la India o por cualquier otro mtodo acordado previamente por el proveedor.\n\n - Todos los precios no incluyen el IVA, que deber ser abonado adicionalmente por el Cliente al tipo aplicable.'),(4,'PurchaseOrder',' - A menos que el proveedor acuerde lo contrario por escrito, todas las facturas sern pagaderas en un plazo de treinta (30) das a partir de la fecha de la factura, en la moneda de la factura, girada en un banco con sede en la India o por cualquier otro mtodo acordado previamente por el proveedor.\n\n - Todos los precios no incluyen el IVA, que deber ser abonado adicionalmente por el Cliente al tipo aplicable.'),(5,'SalesOrder',' - A menos que el proveedor acuerde lo contrario por escrito, todas las facturas sern pagaderas en un plazo de treinta (30) das a partir de la fecha de la factura, en la moneda de la factura, girada en un banco con sede en la India o por cualquier otro mtodo acordado previamente por el proveedor.\n\n - Todos los precios no incluyen el IVA, que deber ser abonado adicionalmente por el Cliente al tipo aplicable.');
/*!40000 ALTER TABLE `vtiger_inventory_tandc` ENABLE KEYS */;
UNLOCK TABLES;

--
-- Table structure for table `vtiger_inventory_tandc_seq`
--

DROP TABLE IF EXISTS `vtiger_inventory_tandc_seq`;
/*!40101 SET @saved_cs_client     = @@character_set_client */;
/*!40101 SET character_set_client = utf8 */;
CREATE TABLE `vtiger_inventory_tandc_seq` (
  `id` int(11) NOT NULL
) ENGINE=InnoDB DEFAULT CHARSET=utf8;
/*!40101 SET character_set_client = @saved_cs_client */;

--
-- Dumping data for table `vtiger_inventory_tandc_seq`
--

LOCK TABLES `vtiger_inventory_tandc_seq` WRITE;
/*!40000 ALTER TABLE `vtiger_inventory_tandc_seq` DISABLE KEYS */;
INSERT INTO `vtiger_inventory_tandc_seq` VALUES (5);
/*!40000 ALTER TABLE `vtiger_inventory_tandc_seq` ENABLE KEYS */;
UNLOCK TABLES;

--
-- Table structure for table `vtiger_inventorycharges`
--

DROP TABLE IF EXISTS `vtiger_inventorycharges`;
/*!40101 SET @saved_cs_client     = @@character_set_client */;
/*!40101 SET character_set_client = utf8 */;
CREATE TABLE `vtiger_inventorycharges` (
  `chargeid` int(5) NOT NULL AUTO_INCREMENT,
  `name` varchar(100) NOT NULL,
  `format` varchar(10) DEFAULT NULL,
  `type` varchar(10) DEFAULT NULL,
  `value` decimal(12,5) DEFAULT NULL,
  `regions` text,
  `istaxable` int(1) NOT NULL DEFAULT '1',
  `taxes` varchar(1024) DEFAULT NULL,
  `deleted` int(1) NOT NULL DEFAULT '0',
  PRIMARY KEY (`chargeid`)
) ENGINE=InnoDB AUTO_INCREMENT=2 DEFAULT CHARSET=utf8;
/*!40101 SET character_set_client = @saved_cs_client */;

--
-- Dumping data for table `vtiger_inventorycharges`
--

LOCK TABLES `vtiger_inventorycharges` WRITE;
/*!40000 ALTER TABLE `vtiger_inventorycharges` DISABLE KEYS */;
INSERT INTO `vtiger_inventorycharges` VALUES (1,'Shipping & Handling','Flat','Fixed',NULL,'[]',1,'[\"1\",\"2\",\"3\"]',0);
/*!40000 ALTER TABLE `vtiger_inventorycharges` ENABLE KEYS */;
UNLOCK TABLES;

--
-- Table structure for table `vtiger_inventorychargesrel`
--

DROP TABLE IF EXISTS `vtiger_inventorychargesrel`;
/*!40101 SET @saved_cs_client     = @@character_set_client */;
/*!40101 SET character_set_client = utf8 */;
CREATE TABLE `vtiger_inventorychargesrel` (
  `recordid` int(19) NOT NULL,
  `charges` text
) ENGINE=InnoDB DEFAULT CHARSET=utf8;
/*!40101 SET character_set_client = @saved_cs_client */;

--
-- Dumping data for table `vtiger_inventorychargesrel`
--

LOCK TABLES `vtiger_inventorychargesrel` WRITE;
/*!40000 ALTER TABLE `vtiger_inventorychargesrel` DISABLE KEYS */;
INSERT INTO `vtiger_inventorychargesrel` VALUES (1086,'{\"1\":{\"value\":\"0\",\"taxes\":{\"1\":\"4.500\",\"2\":\"10.000\",\"3\":\"12.500\"}}}'),(1087,'{\"1\":{\"value\":\"0\",\"taxes\":{\"1\":\"4.500\",\"2\":\"10.000\",\"3\":\"12.500\"}}}'),(1088,'{\"1\":{\"value\":\"0\",\"taxes\":{\"1\":\"4.500\",\"2\":\"10.000\",\"3\":\"12.500\"}}}'),(1093,'{\"1\":{\"value\":\"0\",\"taxes\":{\"1\":\"4.500\",\"2\":\"10.000\",\"3\":\"12.500\"}}}'),(1096,'{\"1\":{\"value\":\"0\",\"taxes\":{\"1\":\"4.500\",\"2\":\"10.000\",\"3\":\"12.500\"}}}'),(1097,'{\"1\":{\"value\":\"0\",\"taxes\":{\"1\":\"4.500\",\"2\":\"10.000\",\"3\":\"12.500\"}}}'),(1104,'{\"1\":{\"value\":\"0\",\"taxes\":{\"1\":\"4.500\",\"2\":\"10.000\",\"3\":\"12.500\"}}}'),(1106,'{\"1\":{\"value\":\"0\",\"taxes\":{\"1\":\"4.500\",\"2\":\"10.000\",\"3\":\"12.500\"}}}'),(1108,'{\"1\":{\"value\":\"0\",\"taxes\":{\"1\":\"4.500\",\"2\":\"10.000\",\"3\":\"12.500\"}}}'),(1110,'{\"1\":{\"value\":\"0\",\"taxes\":{\"1\":\"4.500\",\"2\":\"10.000\",\"3\":\"12.500\"}}}'),(1116,'{\"1\":{\"value\":\"0\",\"taxes\":{\"1\":\"4.500\",\"2\":\"10.000\",\"3\":\"12.500\"}}}'),(1118,'{\"1\":{\"value\":\"0\",\"taxes\":{\"1\":\"4.500\",\"2\":\"10.000\",\"3\":\"12.500\"}}}'),(1122,'{\"1\":{\"value\":\"0\",\"taxes\":{\"1\":\"4.500\",\"2\":\"10.000\",\"3\":\"12.500\"}}}'),(1124,'{\"1\":{\"value\":\"0\",\"taxes\":{\"1\":\"4.500\",\"2\":\"10.000\",\"3\":\"12.500\"}}}'),(1084,'{\"1\":{\"value\":\"0\",\"taxes\":{\"1\":\"4.500\",\"2\":\"10.000\",\"3\":\"12.500\"}}}'),(1160,'{\"1\":{\"value\":\"0\",\"taxes\":{\"1\":\"4.500\",\"2\":\"10.000\",\"3\":\"12.500\"}}}');
/*!40000 ALTER TABLE `vtiger_inventorychargesrel` ENABLE KEYS */;
UNLOCK TABLES;

--
-- Table structure for table `vtiger_inventorynotification`
--

DROP TABLE IF EXISTS `vtiger_inventorynotification`;
/*!40101 SET @saved_cs_client     = @@character_set_client */;
/*!40101 SET character_set_client = utf8 */;
CREATE TABLE `vtiger_inventorynotification` (
  `notificationid` int(19) NOT NULL AUTO_INCREMENT,
  `notificationname` varchar(200) DEFAULT NULL,
  `notificationsubject` varchar(200) DEFAULT NULL,
  `notificationbody` text,
  `label` varchar(50) DEFAULT NULL,
  `status` varchar(30) DEFAULT NULL,
  PRIMARY KEY (`notificationid`)
) ENGINE=InnoDB AUTO_INCREMENT=4 DEFAULT CHARSET=utf8;
/*!40101 SET character_set_client = @saved_cs_client */;

--
-- Dumping data for table `vtiger_inventorynotification`
--

LOCK TABLES `vtiger_inventorynotification` WRITE;
/*!40000 ALTER TABLE `vtiger_inventorynotification` DISABLE KEYS */;
INSERT INTO `vtiger_inventorynotification` VALUES (1,'InvoiceNotification','{PRODUCTNAME} Stock Level is Low','Dear {HANDLER},\n\nThe current stock of {PRODUCTNAME} in our warehouse is {CURRENTSTOCK}. Kindly procure required number of units as the stock level is below reorder level {REORDERLEVELVALUE}.\n\nPlease treat this information as Urgent as the invoice is already sent  to the customer.\n\nSeverity: Critical\n\nThanks,\n{CURRENTUSER} ','InvoiceNotificationDescription',NULL),(2,'QuoteNotification','Quote given for {PRODUCTNAME}','Dear {HANDLER},\n\nQuote is generated for {QUOTEQUANTITY} units of {PRODUCTNAME}. The current stock of {PRODUCTNAME} in our warehouse is {CURRENTSTOCK}.\n\nSeverity: Minor\n\nThanks,\n{CURRENTUSER} ','QuoteNotificationDescription',NULL),(3,'SalesOrderNotification','Sales Order generated for {PRODUCTNAME}','Dear {HANDLER},\n\nSalesOrder is generated for {SOQUANTITY} units of {PRODUCTNAME}. The current stock of {PRODUCTNAME} in our warehouse is {CURRENTSTOCK}.\n\nPlease treat this information  with priority as the sales order is already generated.\n\nSeverity: Major\n\nThanks,\n{CURRENTUSER} ','SalesOrderNotificationDescription',NULL);
/*!40000 ALTER TABLE `vtiger_inventorynotification` ENABLE KEYS */;
UNLOCK TABLES;

--
-- Table structure for table `vtiger_inventorynotification_seq`
--

DROP TABLE IF EXISTS `vtiger_inventorynotification_seq`;
/*!40101 SET @saved_cs_client     = @@character_set_client */;
/*!40101 SET character_set_client = utf8 */;
CREATE TABLE `vtiger_inventorynotification_seq` (
  `id` int(11) NOT NULL
) ENGINE=InnoDB DEFAULT CHARSET=utf8;
/*!40101 SET character_set_client = @saved_cs_client */;

--
-- Dumping data for table `vtiger_inventorynotification_seq`
--

LOCK TABLES `vtiger_inventorynotification_seq` WRITE;
/*!40000 ALTER TABLE `vtiger_inventorynotification_seq` DISABLE KEYS */;
INSERT INTO `vtiger_inventorynotification_seq` VALUES (3);
/*!40000 ALTER TABLE `vtiger_inventorynotification_seq` ENABLE KEYS */;
UNLOCK TABLES;

--
-- Table structure for table `vtiger_inventoryproductrel`
--

DROP TABLE IF EXISTS `vtiger_inventoryproductrel`;
/*!40101 SET @saved_cs_client     = @@character_set_client */;
/*!40101 SET character_set_client = utf8 */;
CREATE TABLE `vtiger_inventoryproductrel` (
  `id` int(19) DEFAULT NULL,
  `productid` int(19) DEFAULT NULL,
  `sequence_no` int(4) DEFAULT NULL,
  `quantity` decimal(25,3) DEFAULT NULL,
  `listprice` decimal(27,8) DEFAULT NULL,
  `discount_percent` decimal(7,3) DEFAULT NULL,
  `discount_amount` decimal(27,8) DEFAULT NULL,
  `comment` text,
  `description` text,
  `incrementondel` int(11) NOT NULL DEFAULT '0',
  `lineitem_id` int(11) NOT NULL AUTO_INCREMENT,
  `tax1` decimal(7,3) DEFAULT NULL,
  `tax2` decimal(7,3) DEFAULT NULL,
  `tax3` decimal(7,3) DEFAULT NULL,
  `image` varchar(2) DEFAULT NULL,
  `purchase_cost` decimal(27,8) DEFAULT NULL,
  `margin` decimal(27,8) DEFAULT NULL,
  PRIMARY KEY (`lineitem_id`),
  KEY `inventoryproductrel_id_idx` (`id`),
  KEY `inventoryproductrel_productid_idx` (`productid`),
  CONSTRAINT `fk_crmid_vtiger_inventoryproductrel` FOREIGN KEY (`id`) REFERENCES `vtiger_crmentity` (`crmid`) ON DELETE CASCADE
) ENGINE=InnoDB AUTO_INCREMENT=26 DEFAULT CHARSET=utf8;
/*!40101 SET character_set_client = @saved_cs_client */;

--
-- Dumping data for table `vtiger_inventoryproductrel`
--

LOCK TABLES `vtiger_inventoryproductrel` WRITE;
/*!40000 ALTER TABLE `vtiger_inventoryproductrel` DISABLE KEYS */;
INSERT INTO `vtiger_inventoryproductrel` VALUES (1086,19,1,1.000,200000.00000000,20.000,NULL,'Cuida tu piel con nuestro Kit Completo. Lo hacemos por tu piel.',NULL,0,2,NULL,NULL,NULL,NULL,0.00000000,160000.00000000),(1086,16,2,1.000,25000.00000000,NULL,NULL,'Eliminan las impurezas, nutre y humecta tu piel.',NULL,0,3,NULL,NULL,NULL,NULL,0.00000000,25000.00000000),(1087,19,1,1.000,200000.00000000,20.000,NULL,'Cuida tu piel con nuestro Kit Completo. Lo hacemos por tu piel.',NULL,0,4,NULL,NULL,NULL,NULL,0.00000000,160000.00000000),(1088,15,1,1.000,55000.00000000,NULL,NULL,'Ilumina y previene los signos del envejecimiento.',NULL,0,5,NULL,NULL,NULL,NULL,0.00000000,55000.00000000),(1088,20,2,1.000,80000.00000000,NULL,NULL,'Protege la piel de los rayos UV Y UVA sin dejar sensacin grasosa.',NULL,0,6,NULL,NULL,NULL,NULL,0.00000000,80000.00000000),(1093,19,1,1.000,200000.00000000,20.000,NULL,'Cuida tu piel con nuestro Kit Completo. Lo hacemos por tu piel.',NULL,0,7,NULL,NULL,NULL,NULL,0.00000000,160000.00000000),(1096,15,1,1.000,55000.00000000,NULL,NULL,'Ilumina y previene los signos del envejecimiento.',NULL,0,8,NULL,NULL,NULL,NULL,0.00000000,55000.00000000),(1097,16,1,2.000,25000.00000000,NULL,NULL,'Eliminan las impurezas, nutre y humecta tu piel.',NULL,0,9,NULL,NULL,NULL,NULL,0.00000000,50000.00000000),(1104,14,1,1.000,60000.00000000,NULL,NULL,'Alfahidroxicidos y colgeno, que reparan tu piel.',NULL,0,10,NULL,NULL,NULL,NULL,0.00000000,60000.00000000),(1106,19,1,1.000,200000.00000000,20.000,NULL,'Cuida tu piel con nuestro Kit Completo. Lo hacemos por tu piel.',NULL,0,11,NULL,NULL,NULL,NULL,0.00000000,160000.00000000),(1108,19,1,1.000,200000.00000000,20.000,NULL,'Cuida tu piel con nuestro Kit Completo. Lo hacemos por tu piel.',NULL,0,12,NULL,NULL,NULL,NULL,0.00000000,160000.00000000),(1110,16,1,4.000,25000.00000000,NULL,NULL,'Eliminan las impurezas, nutre y humecta tu piel.',NULL,0,13,NULL,NULL,NULL,NULL,0.00000000,100000.00000000),(1110,15,2,1.000,55000.00000000,NULL,NULL,'Ilumina y previene los signos del envejecimiento.',NULL,0,14,NULL,NULL,NULL,NULL,0.00000000,55000.00000000),(1116,19,1,1.000,200000.00000000,20.000,NULL,'Cuida tu piel con nuestro Kit Completo. Lo hacemos por tu piel.',NULL,0,15,NULL,NULL,NULL,NULL,0.00000000,160000.00000000),(1118,19,1,1.000,200000.00000000,20.000,NULL,'Cuida tu piel con nuestro Kit Completo. Lo hacemos por tu piel.',NULL,0,16,NULL,NULL,NULL,NULL,0.00000000,160000.00000000),(1122,20,1,1.000,80000.00000000,NULL,NULL,'Protege la piel de los rayos UV Y UVA sin dejar sensacin grasosa.',NULL,0,17,NULL,NULL,NULL,NULL,0.00000000,80000.00000000),(1122,16,2,1.000,25000.00000000,NULL,NULL,'Eliminan las impurezas, nutre y humecta tu piel.',NULL,0,18,NULL,NULL,NULL,NULL,0.00000000,25000.00000000),(1122,15,3,1.000,55000.00000000,NULL,NULL,'Ilumina y previene los signos del envejecimiento.',NULL,0,19,NULL,NULL,NULL,NULL,0.00000000,55000.00000000),(1122,14,4,1.000,60000.00000000,NULL,NULL,'Alfahidroxicidos y colgeno, que reparan tu piel.',NULL,0,20,NULL,NULL,NULL,NULL,0.00000000,60000.00000000),(1124,19,1,1.000,200000.00000000,20.000,NULL,'Cuida tu piel con nuestro Kit Completo. Lo hacemos por tu piel.',NULL,0,21,NULL,NULL,NULL,NULL,0.00000000,160000.00000000),(1084,19,1,1.000,160000.00000000,NULL,NULL,'Cuida tu piel con nuestro Kit Completo. Lo hacemos por tu piel.',NULL,0,23,0.000,0.000,0.000,NULL,0.00000000,160000.00000000),(1084,18,2,1.000,120000.00000000,NULL,NULL,'Repara y rejuvenece tu Piel con el Srum Intensivo de la Noche y el Srum de Vitamina C.',NULL,0,24,0.000,0.000,0.000,NULL,0.00000000,120000.00000000),(1160,18,1,1.000,120000.00000000,NULL,NULL,'Repara y rejuvenece tu Piel con el Srum Intensivo de la Noche y el Srum de Vitamina C.',NULL,0,25,NULL,NULL,NULL,NULL,0.00000000,120000.00000000);
/*!40000 ALTER TABLE `vtiger_inventoryproductrel` ENABLE KEYS */;
UNLOCK TABLES;

--
-- Table structure for table `vtiger_inventoryproductrel_seq`
--

DROP TABLE IF EXISTS `vtiger_inventoryproductrel_seq`;
/*!40101 SET @saved_cs_client     = @@character_set_client */;
/*!40101 SET character_set_client = utf8 */;
CREATE TABLE `vtiger_inventoryproductrel_seq` (
  `id` int(11) NOT NULL
) ENGINE=InnoDB DEFAULT CHARSET=utf8;
/*!40101 SET character_set_client = @saved_cs_client */;

--
-- Dumping data for table `vtiger_inventoryproductrel_seq`
--

LOCK TABLES `vtiger_inventoryproductrel_seq` WRITE;
/*!40000 ALTER TABLE `vtiger_inventoryproductrel_seq` DISABLE KEYS */;
INSERT INTO `vtiger_inventoryproductrel_seq` VALUES (0);
/*!40000 ALTER TABLE `vtiger_inventoryproductrel_seq` ENABLE KEYS */;
UNLOCK TABLES;

--
-- Table structure for table `vtiger_inventoryshippingrel`
--

DROP TABLE IF EXISTS `vtiger_inventoryshippingrel`;
/*!40101 SET @saved_cs_client     = @@character_set_client */;
/*!40101 SET character_set_client = utf8 */;
CREATE TABLE `vtiger_inventoryshippingrel` (
  `id` int(19) DEFAULT NULL,
  `shtax1` decimal(7,3) DEFAULT NULL,
  `shtax2` decimal(7,3) DEFAULT NULL,
  `shtax3` decimal(7,3) DEFAULT NULL,
  KEY `inventoryishippingrel_id_idx` (`id`)
) ENGINE=InnoDB DEFAULT CHARSET=utf8;
/*!40101 SET character_set_client = @saved_cs_client */;

--
-- Dumping data for table `vtiger_inventoryshippingrel`
--

LOCK TABLES `vtiger_inventoryshippingrel` WRITE;
/*!40000 ALTER TABLE `vtiger_inventoryshippingrel` DISABLE KEYS */;
/*!40000 ALTER TABLE `vtiger_inventoryshippingrel` ENABLE KEYS */;
UNLOCK TABLES;

--
-- Table structure for table `vtiger_inventorysubproductrel`
--

DROP TABLE IF EXISTS `vtiger_inventorysubproductrel`;
/*!40101 SET @saved_cs_client     = @@character_set_client */;
/*!40101 SET character_set_client = utf8 */;
CREATE TABLE `vtiger_inventorysubproductrel` (
  `id` int(19) NOT NULL,
  `sequence_no` int(10) NOT NULL,
  `productid` int(19) NOT NULL,
  `quantity` int(19) DEFAULT '1'
) ENGINE=InnoDB DEFAULT CHARSET=utf8;
/*!40101 SET character_set_client = @saved_cs_client */;

--
-- Dumping data for table `vtiger_inventorysubproductrel`
--

LOCK TABLES `vtiger_inventorysubproductrel` WRITE;
/*!40000 ALTER TABLE `vtiger_inventorysubproductrel` DISABLE KEYS */;
INSERT INTO `vtiger_inventorysubproductrel` VALUES (1084,2,14,1),(1084,2,15,1),(1160,1,14,1),(1160,1,15,1);
/*!40000 ALTER TABLE `vtiger_inventorysubproductrel` ENABLE KEYS */;
UNLOCK TABLES;

--
-- Table structure for table `vtiger_inventorytaxinfo`
--

DROP TABLE IF EXISTS `vtiger_inventorytaxinfo`;
/*!40101 SET @saved_cs_client     = @@character_set_client */;
/*!40101 SET character_set_client = utf8 */;
CREATE TABLE `vtiger_inventorytaxinfo` (
  `taxid` int(3) NOT NULL,
  `taxname` varchar(50) DEFAULT NULL,
  `taxlabel` varchar(50) DEFAULT NULL,
  `percentage` decimal(7,3) DEFAULT NULL,
  `deleted` int(1) DEFAULT NULL,
  `method` varchar(10) DEFAULT NULL,
  `type` varchar(10) DEFAULT NULL,
  `compoundon` varchar(400) DEFAULT NULL,
  `regions` text,
  PRIMARY KEY (`taxid`),
  KEY `inventorytaxinfo_taxname_idx` (`taxname`)
) ENGINE=InnoDB DEFAULT CHARSET=utf8;
/*!40101 SET character_set_client = @saved_cs_client */;

--
-- Dumping data for table `vtiger_inventorytaxinfo`
--

LOCK TABLES `vtiger_inventorytaxinfo` WRITE;
/*!40000 ALTER TABLE `vtiger_inventorytaxinfo` DISABLE KEYS */;
INSERT INTO `vtiger_inventorytaxinfo` VALUES (1,'tax1','VAT',19.000,1,'Simple','Fixed','[]','[]'),(2,'tax2','Sales',10.000,1,'Simple','Fixed','[]','[]'),(3,'tax3','Service',12.500,1,'Simple','Fixed','[]','[]');
/*!40000 ALTER TABLE `vtiger_inventorytaxinfo` ENABLE KEYS */;
UNLOCK TABLES;

--
-- Table structure for table `vtiger_inventorytaxinfo_seq`
--

DROP TABLE IF EXISTS `vtiger_inventorytaxinfo_seq`;
/*!40101 SET @saved_cs_client     = @@character_set_client */;
/*!40101 SET character_set_client = utf8 */;
CREATE TABLE `vtiger_inventorytaxinfo_seq` (
  `id` int(11) NOT NULL
) ENGINE=InnoDB DEFAULT CHARSET=utf8;
/*!40101 SET character_set_client = @saved_cs_client */;

--
-- Dumping data for table `vtiger_inventorytaxinfo_seq`
--

LOCK TABLES `vtiger_inventorytaxinfo_seq` WRITE;
/*!40000 ALTER TABLE `vtiger_inventorytaxinfo_seq` DISABLE KEYS */;
INSERT INTO `vtiger_inventorytaxinfo_seq` VALUES (3);
/*!40000 ALTER TABLE `vtiger_inventorytaxinfo_seq` ENABLE KEYS */;
UNLOCK TABLES;

--
-- Table structure for table `vtiger_invitees`
--

DROP TABLE IF EXISTS `vtiger_invitees`;
/*!40101 SET @saved_cs_client     = @@character_set_client */;
/*!40101 SET character_set_client = utf8 */;
CREATE TABLE `vtiger_invitees` (
  `activityid` int(19) NOT NULL,
  `inviteeid` int(19) NOT NULL,
  `status` varchar(50) DEFAULT NULL,
  PRIMARY KEY (`activityid`,`inviteeid`)
) ENGINE=InnoDB DEFAULT CHARSET=utf8;
/*!40101 SET character_set_client = @saved_cs_client */;

--
-- Dumping data for table `vtiger_invitees`
--

LOCK TABLES `vtiger_invitees` WRITE;
/*!40000 ALTER TABLE `vtiger_invitees` DISABLE KEYS */;
/*!40000 ALTER TABLE `vtiger_invitees` ENABLE KEYS */;
UNLOCK TABLES;

--
-- Table structure for table `vtiger_invoice`
--

DROP TABLE IF EXISTS `vtiger_invoice`;
/*!40101 SET @saved_cs_client     = @@character_set_client */;
/*!40101 SET character_set_client = utf8 */;
CREATE TABLE `vtiger_invoice` (
  `invoiceid` int(19) NOT NULL DEFAULT '0',
  `subject` varchar(100) DEFAULT NULL,
  `salesorderid` int(19) DEFAULT NULL,
  `customerno` varchar(100) DEFAULT NULL,
  `contactid` int(19) DEFAULT NULL,
  `notes` varchar(100) DEFAULT NULL,
  `invoicedate` date DEFAULT NULL,
  `duedate` date DEFAULT NULL,
  `invoiceterms` varchar(100) DEFAULT NULL,
  `type` varchar(100) DEFAULT NULL,
  `adjustment` decimal(25,8) DEFAULT NULL,
  `salescommission` decimal(25,3) DEFAULT NULL,
  `exciseduty` decimal(25,3) DEFAULT NULL,
  `subtotal` decimal(25,8) DEFAULT NULL,
  `total` decimal(25,8) DEFAULT NULL,
  `taxtype` varchar(25) DEFAULT NULL,
  `discount_percent` decimal(25,3) DEFAULT NULL,
  `discount_amount` decimal(25,8) DEFAULT NULL,
  `s_h_amount` decimal(25,8) DEFAULT NULL,
  `shipping` varchar(100) DEFAULT NULL,
  `accountid` int(19) DEFAULT NULL,
  `terms_conditions` text,
  `purchaseorder` varchar(200) DEFAULT NULL,
  `invoicestatus` varchar(200) DEFAULT NULL,
  `invoice_no` varchar(100) DEFAULT NULL,
  `currency_id` int(19) NOT NULL DEFAULT '1',
  `conversion_rate` decimal(10,3) NOT NULL DEFAULT '1.000',
  `compound_taxes_info` text,
  `pre_tax_total` decimal(25,8) DEFAULT NULL,
  `received` decimal(25,8) DEFAULT NULL,
  `balance` decimal(25,8) DEFAULT NULL,
  `s_h_percent` decimal(25,8) DEFAULT NULL,
  `potential_id` varchar(100) DEFAULT NULL,
  `tags` varchar(1) DEFAULT NULL,
  `region_id` int(19) DEFAULT NULL,
  PRIMARY KEY (`invoiceid`),
  KEY `invoice_purchaseorderid_idx` (`invoiceid`),
  KEY `fk_2_vtiger_invoice` (`salesorderid`),
  CONSTRAINT `fk_2_vtiger_invoice` FOREIGN KEY (`salesorderid`) REFERENCES `vtiger_salesorder` (`salesorderid`) ON DELETE CASCADE,
  CONSTRAINT `fk_crmid_vtiger_invoice` FOREIGN KEY (`invoiceid`) REFERENCES `vtiger_crmentity` (`crmid`) ON DELETE CASCADE
) ENGINE=InnoDB DEFAULT CHARSET=utf8;
/*!40101 SET character_set_client = @saved_cs_client */;

--
-- Dumping data for table `vtiger_invoice`
--

LOCK TABLES `vtiger_invoice` WRITE;
/*!40000 ALTER TABLE `vtiger_invoice` DISABLE KEYS */;
/*!40000 ALTER TABLE `vtiger_invoice` ENABLE KEYS */;
UNLOCK TABLES;

--
-- Table structure for table `vtiger_invoice_recurring_info`
--

DROP TABLE IF EXISTS `vtiger_invoice_recurring_info`;
/*!40101 SET @saved_cs_client     = @@character_set_client */;
/*!40101 SET character_set_client = utf8 */;
CREATE TABLE `vtiger_invoice_recurring_info` (
  `salesorderid` int(11) NOT NULL,
  `recurring_frequency` varchar(200) DEFAULT NULL,
  `start_period` date DEFAULT NULL,
  `end_period` date DEFAULT NULL,
  `last_recurring_date` date DEFAULT NULL,
  `payment_duration` varchar(200) DEFAULT NULL,
  `invoice_status` varchar(200) DEFAULT NULL,
  PRIMARY KEY (`salesorderid`),
  CONSTRAINT `fk_salesorderid_vtiger_invoice_recurring_info` FOREIGN KEY (`salesorderid`) REFERENCES `vtiger_salesorder` (`salesorderid`) ON DELETE CASCADE
) ENGINE=InnoDB DEFAULT CHARSET=utf8;
/*!40101 SET character_set_client = @saved_cs_client */;

--
-- Dumping data for table `vtiger_invoice_recurring_info`
--

LOCK TABLES `vtiger_invoice_recurring_info` WRITE;
/*!40000 ALTER TABLE `vtiger_invoice_recurring_info` DISABLE KEYS */;
/*!40000 ALTER TABLE `vtiger_invoice_recurring_info` ENABLE KEYS */;
UNLOCK TABLES;

--
-- Table structure for table `vtiger_invoicebillads`
--

DROP TABLE IF EXISTS `vtiger_invoicebillads`;
/*!40101 SET @saved_cs_client     = @@character_set_client */;
/*!40101 SET character_set_client = utf8 */;
CREATE TABLE `vtiger_invoicebillads` (
  `invoicebilladdressid` int(19) NOT NULL DEFAULT '0',
  `bill_city` varchar(30) DEFAULT NULL,
  `bill_code` varchar(30) DEFAULT NULL,
  `bill_country` varchar(30) DEFAULT NULL,
  `bill_state` varchar(30) DEFAULT NULL,
  `bill_street` varchar(250) DEFAULT NULL,
  `bill_pobox` varchar(30) DEFAULT NULL,
  PRIMARY KEY (`invoicebilladdressid`),
  CONSTRAINT `fk_1_vtiger_invoicebillads` FOREIGN KEY (`invoicebilladdressid`) REFERENCES `vtiger_invoice` (`invoiceid`) ON DELETE CASCADE
) ENGINE=InnoDB DEFAULT CHARSET=utf8;
/*!40101 SET character_set_client = @saved_cs_client */;

--
-- Dumping data for table `vtiger_invoicebillads`
--

LOCK TABLES `vtiger_invoicebillads` WRITE;
/*!40000 ALTER TABLE `vtiger_invoicebillads` DISABLE KEYS */;
/*!40000 ALTER TABLE `vtiger_invoicebillads` ENABLE KEYS */;
UNLOCK TABLES;

--
-- Table structure for table `vtiger_invoicecf`
--

DROP TABLE IF EXISTS `vtiger_invoicecf`;
/*!40101 SET @saved_cs_client     = @@character_set_client */;
/*!40101 SET character_set_client = utf8 */;
CREATE TABLE `vtiger_invoicecf` (
  `invoiceid` int(19) NOT NULL DEFAULT '0',
  PRIMARY KEY (`invoiceid`),
  CONSTRAINT `fk_1_vtiger_invoicecf` FOREIGN KEY (`invoiceid`) REFERENCES `vtiger_invoice` (`invoiceid`) ON DELETE CASCADE
) ENGINE=InnoDB DEFAULT CHARSET=utf8;
/*!40101 SET character_set_client = @saved_cs_client */;

--
-- Dumping data for table `vtiger_invoicecf`
--

LOCK TABLES `vtiger_invoicecf` WRITE;
/*!40000 ALTER TABLE `vtiger_invoicecf` DISABLE KEYS */;
/*!40000 ALTER TABLE `vtiger_invoicecf` ENABLE KEYS */;
UNLOCK TABLES;

--
-- Table structure for table `vtiger_invoiceshipads`
--

DROP TABLE IF EXISTS `vtiger_invoiceshipads`;
/*!40101 SET @saved_cs_client     = @@character_set_client */;
/*!40101 SET character_set_client = utf8 */;
CREATE TABLE `vtiger_invoiceshipads` (
  `invoiceshipaddressid` int(19) NOT NULL DEFAULT '0',
  `ship_city` varchar(30) DEFAULT NULL,
  `ship_code` varchar(30) DEFAULT NULL,
  `ship_country` varchar(30) DEFAULT NULL,
  `ship_state` varchar(30) DEFAULT NULL,
  `ship_street` varchar(250) DEFAULT NULL,
  `ship_pobox` varchar(30) DEFAULT NULL,
  PRIMARY KEY (`invoiceshipaddressid`),
  CONSTRAINT `fk_1_vtiger_invoiceshipads` FOREIGN KEY (`invoiceshipaddressid`) REFERENCES `vtiger_invoice` (`invoiceid`) ON DELETE CASCADE
) ENGINE=InnoDB DEFAULT CHARSET=utf8;
/*!40101 SET character_set_client = @saved_cs_client */;

--
-- Dumping data for table `vtiger_invoiceshipads`
--

LOCK TABLES `vtiger_invoiceshipads` WRITE;
/*!40000 ALTER TABLE `vtiger_invoiceshipads` DISABLE KEYS */;
/*!40000 ALTER TABLE `vtiger_invoiceshipads` ENABLE KEYS */;
UNLOCK TABLES;

--
-- Table structure for table `vtiger_invoicestatus`
--

DROP TABLE IF EXISTS `vtiger_invoicestatus`;
/*!40101 SET @saved_cs_client     = @@character_set_client */;
/*!40101 SET character_set_client = utf8 */;
CREATE TABLE `vtiger_invoicestatus` (
  `invoicestatusid` int(19) NOT NULL AUTO_INCREMENT,
  `invoicestatus` varchar(200) NOT NULL,
  `presence` int(1) NOT NULL DEFAULT '1',
  `picklist_valueid` int(19) NOT NULL DEFAULT '0',
  `sortorderid` int(11) DEFAULT NULL,
  `color` varchar(10) DEFAULT NULL,
  PRIMARY KEY (`invoicestatusid`),
  UNIQUE KEY `invoicestatus_invoiestatus_idx` (`invoicestatus`)
) ENGINE=InnoDB AUTO_INCREMENT=8 DEFAULT CHARSET=utf8;
/*!40101 SET character_set_client = @saved_cs_client */;

--
-- Dumping data for table `vtiger_invoicestatus`
--

LOCK TABLES `vtiger_invoicestatus` WRITE;
/*!40000 ALTER TABLE `vtiger_invoicestatus` DISABLE KEYS */;
INSERT INTO `vtiger_invoicestatus` VALUES (1,'AutoCreated',0,92,0,NULL),(2,'Created',0,93,1,NULL),(3,'Approved',0,94,2,NULL),(4,'Sent',0,95,3,NULL),(5,'Credit Invoice',0,96,4,NULL),(6,'Paid',0,97,5,NULL),(7,'Cancel',1,288,1,NULL);
/*!40000 ALTER TABLE `vtiger_invoicestatus` ENABLE KEYS */;
UNLOCK TABLES;

--
-- Table structure for table `vtiger_invoicestatus_seq`
--

DROP TABLE IF EXISTS `vtiger_invoicestatus_seq`;
/*!40101 SET @saved_cs_client     = @@character_set_client */;
/*!40101 SET character_set_client = utf8 */;
CREATE TABLE `vtiger_invoicestatus_seq` (
  `id` int(11) NOT NULL
) ENGINE=InnoDB DEFAULT CHARSET=utf8;
/*!40101 SET character_set_client = @saved_cs_client */;

--
-- Dumping data for table `vtiger_invoicestatus_seq`
--

LOCK TABLES `vtiger_invoicestatus_seq` WRITE;
/*!40000 ALTER TABLE `vtiger_invoicestatus_seq` DISABLE KEYS */;
INSERT INTO `vtiger_invoicestatus_seq` VALUES (7);
/*!40000 ALTER TABLE `vtiger_invoicestatus_seq` ENABLE KEYS */;
UNLOCK TABLES;

--
-- Table structure for table `vtiger_invoicestatushistory`
--

DROP TABLE IF EXISTS `vtiger_invoicestatushistory`;
/*!40101 SET @saved_cs_client     = @@character_set_client */;
/*!40101 SET character_set_client = utf8 */;
CREATE TABLE `vtiger_invoicestatushistory` (
  `historyid` int(19) NOT NULL AUTO_INCREMENT,
  `invoiceid` int(19) NOT NULL,
  `accountname` varchar(100) DEFAULT NULL,
  `total` decimal(10,0) DEFAULT NULL,
  `invoicestatus` varchar(200) DEFAULT NULL,
  `lastmodified` datetime DEFAULT NULL,
  PRIMARY KEY (`historyid`),
  KEY `invoicestatushistory_invoiceid_idx` (`invoiceid`),
  CONSTRAINT `fk_1_vtiger_invoicestatushistory` FOREIGN KEY (`invoiceid`) REFERENCES `vtiger_invoice` (`invoiceid`) ON DELETE CASCADE
) ENGINE=InnoDB DEFAULT CHARSET=utf8;
/*!40101 SET character_set_client = @saved_cs_client */;

--
-- Dumping data for table `vtiger_invoicestatushistory`
--

LOCK TABLES `vtiger_invoicestatushistory` WRITE;
/*!40000 ALTER TABLE `vtiger_invoicestatushistory` DISABLE KEYS */;
/*!40000 ALTER TABLE `vtiger_invoicestatushistory` ENABLE KEYS */;
UNLOCK TABLES;

--
-- Table structure for table `vtiger_language`
--

DROP TABLE IF EXISTS `vtiger_language`;
/*!40101 SET @saved_cs_client     = @@character_set_client */;
/*!40101 SET character_set_client = utf8 */;
CREATE TABLE `vtiger_language` (
  `id` int(11) NOT NULL AUTO_INCREMENT,
  `name` varchar(50) DEFAULT NULL,
  `prefix` varchar(10) DEFAULT NULL,
  `label` varchar(30) DEFAULT NULL,
  `lastupdated` datetime DEFAULT NULL,
  `sequence` int(11) DEFAULT NULL,
  `isdefault` int(1) DEFAULT NULL,
  `active` int(1) DEFAULT NULL,
  PRIMARY KEY (`id`)
) ENGINE=InnoDB AUTO_INCREMENT=17 DEFAULT CHARSET=utf8;
/*!40101 SET character_set_client = @saved_cs_client */;

--
-- Dumping data for table `vtiger_language`
--

LOCK TABLES `vtiger_language` WRITE;
/*!40000 ALTER TABLE `vtiger_language` DISABLE KEYS */;
INSERT INTO `vtiger_language` VALUES (1,'English','en_us','US English','2021-08-19 01:11:47',NULL,1,1),(2,'Spanish','es_es','ES Spanish','2021-08-19 01:11:53',NULL,0,1),(3,'Swedish','sv_se','Swedish','2021-08-19 01:11:59',NULL,0,1),(4,'Pack de langue franais','fr_fr','Pack de langue franais','2021-08-19 01:11:54',NULL,0,1),(5,'Deutsch','de_de','DE Deutsch','2021-08-19 01:11:53',NULL,0,1),(6,'Turkce','tr_tr','Turkce Dil Paketi','2021-08-19 01:11:53',NULL,0,1),(7,'British English','en_gb','British English','2021-08-19 01:11:53',NULL,0,1),(8,'Romana','ro_ro','Romana','2021-08-19 01:11:54',NULL,0,1),(9,'Jzyk Polski','pl_pl','Jzyk Polski','2021-08-19 01:11:54',NULL,0,1),(10,'Hungarian','hu_hu','HU Magyar','2021-08-19 01:11:53',NULL,0,1),(11,'Dutch','nl_nl','NL-Dutch','2021-08-19 01:11:53',NULL,0,1),(12,'Italian','it_it','IT Italian','2021-08-19 01:11:53',NULL,0,1),(13,'Russian','ru_ru','Russian','2021-08-19 01:11:53',NULL,0,1),(14,'Arabic','ar_ae','Arabic','2021-08-19 01:11:59',NULL,0,1),(15,'Mexican Spanish','es_mx','ES Mexico','2021-08-19 01:11:54',NULL,0,1),(16,'Brazilian','pt_br','PT Brasil','2021-08-19 01:11:54',NULL,0,1);
/*!40000 ALTER TABLE `vtiger_language` ENABLE KEYS */;
UNLOCK TABLES;

--
-- Table structure for table `vtiger_language_seq`
--

DROP TABLE IF EXISTS `vtiger_language_seq`;
/*!40101 SET @saved_cs_client     = @@character_set_client */;
/*!40101 SET character_set_client = utf8 */;
CREATE TABLE `vtiger_language_seq` (
  `id` int(11) NOT NULL
) ENGINE=InnoDB DEFAULT CHARSET=utf8;
/*!40101 SET character_set_client = @saved_cs_client */;

--
-- Dumping data for table `vtiger_language_seq`
--

LOCK TABLES `vtiger_language_seq` WRITE;
/*!40000 ALTER TABLE `vtiger_language_seq` DISABLE KEYS */;
INSERT INTO `vtiger_language_seq` VALUES (16);
/*!40000 ALTER TABLE `vtiger_language_seq` ENABLE KEYS */;
UNLOCK TABLES;

--
-- Table structure for table `vtiger_lead_view`
--

DROP TABLE IF EXISTS `vtiger_lead_view`;
/*!40101 SET @saved_cs_client     = @@character_set_client */;
/*!40101 SET character_set_client = utf8 */;
CREATE TABLE `vtiger_lead_view` (
  `lead_viewid` int(19) NOT NULL AUTO_INCREMENT,
  `lead_view` varchar(200) NOT NULL,
  `sortorderid` int(19) NOT NULL DEFAULT '0',
  `presence` int(1) NOT NULL DEFAULT '1',
  PRIMARY KEY (`lead_viewid`)
) ENGINE=InnoDB AUTO_INCREMENT=4 DEFAULT CHARSET=utf8;
/*!40101 SET character_set_client = @saved_cs_client */;

--
-- Dumping data for table `vtiger_lead_view`
--

LOCK TABLES `vtiger_lead_view` WRITE;
/*!40000 ALTER TABLE `vtiger_lead_view` DISABLE KEYS */;
INSERT INTO `vtiger_lead_view` VALUES (1,'Today',0,1),(2,'Last 2 Days',1,1),(3,'Last Week',2,1);
/*!40000 ALTER TABLE `vtiger_lead_view` ENABLE KEYS */;
UNLOCK TABLES;

--
-- Table structure for table `vtiger_lead_view_seq`
--

DROP TABLE IF EXISTS `vtiger_lead_view_seq`;
/*!40101 SET @saved_cs_client     = @@character_set_client */;
/*!40101 SET character_set_client = utf8 */;
CREATE TABLE `vtiger_lead_view_seq` (
  `id` int(11) NOT NULL
) ENGINE=InnoDB DEFAULT CHARSET=utf8;
/*!40101 SET character_set_client = @saved_cs_client */;

--
-- Dumping data for table `vtiger_lead_view_seq`
--

LOCK TABLES `vtiger_lead_view_seq` WRITE;
/*!40000 ALTER TABLE `vtiger_lead_view_seq` DISABLE KEYS */;
INSERT INTO `vtiger_lead_view_seq` VALUES (3);
/*!40000 ALTER TABLE `vtiger_lead_view_seq` ENABLE KEYS */;
UNLOCK TABLES;

--
-- Table structure for table `vtiger_leadaddress`
--

DROP TABLE IF EXISTS `vtiger_leadaddress`;
/*!40101 SET @saved_cs_client     = @@character_set_client */;
/*!40101 SET character_set_client = utf8 */;
CREATE TABLE `vtiger_leadaddress` (
  `leadaddressid` int(19) NOT NULL DEFAULT '0',
  `city` varchar(30) DEFAULT NULL,
  `code` varchar(30) DEFAULT NULL,
  `state` varchar(30) DEFAULT NULL,
  `pobox` varchar(30) DEFAULT NULL,
  `country` varchar(30) DEFAULT NULL,
  `phone` varchar(50) DEFAULT NULL,
  `mobile` varchar(50) DEFAULT NULL,
  `fax` varchar(50) DEFAULT NULL,
  `lane` varchar(250) DEFAULT NULL,
  `leadaddresstype` varchar(30) DEFAULT 'Billing',
  PRIMARY KEY (`leadaddressid`),
  CONSTRAINT `fk_1_vtiger_leadaddress` FOREIGN KEY (`leadaddressid`) REFERENCES `vtiger_leaddetails` (`leadid`) ON DELETE CASCADE
) ENGINE=InnoDB DEFAULT CHARSET=utf8;
/*!40101 SET character_set_client = @saved_cs_client */;

--
-- Dumping data for table `vtiger_leadaddress`
--

LOCK TABLES `vtiger_leadaddress` WRITE;
/*!40000 ALTER TABLE `vtiger_leadaddress` DISABLE KEYS */;
INSERT INTO `vtiger_leadaddress` VALUES (7,'','','','','','','','','','Billing'),(8,'','','','','','','','','','Billing'),(11,'','','','','','','',NULL,'','Billing'),(22,'','','','','','','89622259896',NULL,'','Billing'),(23,'','','','','','','84594519488',NULL,'','Billing'),(24,'','','','','','','3148715813',NULL,'','Billing'),(25,'','','','','','','3148715813',NULL,'','Billing'),(26,'','','','','','','89999959964',NULL,'','Billing'),(27,'','','','','','','3148715813',NULL,'','Billing'),(28,'','','','','','','3174359935',NULL,'','Billing'),(1059,'','','','','','','3142977650',NULL,'','Billing'),(1060,'','','','','','','87261435395',NULL,'','Billing'),(1061,'','','','','','','85388741227',NULL,'','Billing'),(1062,'','','','','','','81467889715',NULL,'','Billing'),(1063,'','','','','','','87459518688',NULL,'','Billing'),(1064,'','','','','','','86454856472',NULL,'','Billing'),(1065,'','','','','','','83299997253',NULL,'','Billing'),(1066,'','','','','','','88271814843',NULL,'','Billing'),(1067,'','','','','','','85349871134',NULL,'','Billing'),(1068,'','','','','','','89368953675',NULL,'','Billing'),(1069,'','','','','','','83159392484',NULL,'','Billing'),(1071,'','','','','','','3183937427',NULL,'','Billing'),(1090,'','','','','','','83679412821',NULL,'','Billing'),(1127,'','','','','','','84157175128',NULL,'','Billing'),(1128,'Cali','760042','','','Colombia','','3148715813',NULL,'Carrera 34 # 3A-95','Billing'),(1131,'','','','','','','89889744122',NULL,'','Billing'),(1132,'','','','','','','87193486864',NULL,'','Billing'),(1133,'','','','','','','81252282585',NULL,'','Billing'),(1134,'','','','','','','83516791885',NULL,'','Billing'),(1135,'','','','','','','123456789',NULL,'','Billing'),(1136,'','','','','','','123456789',NULL,'','Billing'),(1137,'','','','','','','3148715813',NULL,'','Billing'),(1138,'','','','','','','3193570000',NULL,'','Billing'),(1139,'','','','','','','123456789',NULL,'','Billing'),(1140,'','','','','','','123456789',NULL,'','Billing'),(1141,'','','','','','','3193576339',NULL,'','Billing');
/*!40000 ALTER TABLE `vtiger_leadaddress` ENABLE KEYS */;
UNLOCK TABLES;

--
-- Table structure for table `vtiger_leaddetails`
--

DROP TABLE IF EXISTS `vtiger_leaddetails`;
/*!40101 SET @saved_cs_client     = @@character_set_client */;
/*!40101 SET character_set_client = utf8 */;
CREATE TABLE `vtiger_leaddetails` (
  `leadid` int(19) NOT NULL,
  `lead_no` varchar(100) NOT NULL,
  `email` varchar(100) DEFAULT NULL,
  `interest` varchar(50) DEFAULT NULL,
  `firstname` varchar(40) DEFAULT NULL,
  `salutation` varchar(200) DEFAULT NULL,
  `lastname` varchar(80) NOT NULL,
  `company` varchar(100) NOT NULL,
  `annualrevenue` decimal(25,8) DEFAULT NULL,
  `industry` varchar(200) DEFAULT NULL,
  `campaign` varchar(30) DEFAULT NULL,
  `rating` varchar(200) DEFAULT NULL,
  `leadstatus` varchar(200) DEFAULT NULL,
  `leadsource` varchar(200) DEFAULT NULL,
  `converted` int(1) DEFAULT '0',
  `designation` varchar(50) DEFAULT 'SalesMan',
  `licencekeystatus` varchar(50) DEFAULT NULL,
  `space` varchar(250) DEFAULT NULL,
  `comments` text,
  `priority` varchar(50) DEFAULT NULL,
  `demorequest` varchar(50) DEFAULT NULL,
  `partnercontact` varchar(50) DEFAULT NULL,
  `productversion` varchar(20) DEFAULT NULL,
  `product` varchar(50) DEFAULT NULL,
  `maildate` date DEFAULT NULL,
  `nextstepdate` date DEFAULT NULL,
  `fundingsituation` varchar(50) DEFAULT NULL,
  `purpose` varchar(50) DEFAULT NULL,
  `evaluationstatus` varchar(50) DEFAULT NULL,
  `transferdate` date DEFAULT NULL,
  `revenuetype` varchar(50) DEFAULT NULL,
  `noofemployees` int(50) DEFAULT NULL,
  `secondaryemail` varchar(100) DEFAULT NULL,
  `assignleadchk` int(1) DEFAULT '0',
  `emailoptout` varchar(3) DEFAULT NULL,
  `tags` varchar(1) DEFAULT NULL,
  PRIMARY KEY (`leadid`),
  KEY `leaddetails_converted_leadstatus_idx` (`converted`,`leadstatus`),
  KEY `email_idx` (`email`),
  CONSTRAINT `fk_1_vtiger_leaddetails` FOREIGN KEY (`leadid`) REFERENCES `vtiger_crmentity` (`crmid`) ON DELETE CASCADE
) ENGINE=InnoDB DEFAULT CHARSET=utf8;
/*!40101 SET character_set_client = @saved_cs_client */;

--
-- Dumping data for table `vtiger_leaddetails`
--

LOCK TABLES `vtiger_leaddetails` WRITE;
/*!40000 ALTER TABLE `vtiger_leaddetails` DISABLE KEYS */;
INSERT INTO `vtiger_leaddetails` VALUES (7,'LEA1','',NULL,'','','Duque','',0.00000000,'',NULL,'','','',0,'',NULL,NULL,NULL,NULL,NULL,NULL,NULL,NULL,NULL,NULL,NULL,NULL,NULL,NULL,NULL,0,'',0,'0',''),(8,'LEA2','',NULL,'','','Wladimir Diaz2','',0.00000000,'',NULL,'','','',0,'',NULL,NULL,NULL,NULL,NULL,NULL,NULL,NULL,NULL,NULL,NULL,NULL,NULL,NULL,NULL,0,'',0,'0',''),(11,'LEA3','',NULL,'','','torvic','',NULL,'',NULL,'','','',0,'',NULL,NULL,NULL,NULL,NULL,NULL,NULL,NULL,NULL,NULL,NULL,NULL,NULL,NULL,NULL,0,'',0,'0',''),(22,'LEA4','vangurt@epswords.com',NULL,NULL,'','Van Gurt','',NULL,'',NULL,'','','Web Site',0,'',NULL,NULL,NULL,NULL,NULL,NULL,NULL,NULL,NULL,NULL,NULL,NULL,NULL,NULL,NULL,0,'',0,'0',''),(23,'LEA5','no-replyEnteby@gmail.com',NULL,NULL,'','Mike Wayne\n','',NULL,'',NULL,'','','Web Site',0,'',NULL,NULL,NULL,NULL,NULL,NULL,NULL,NULL,NULL,NULL,NULL,NULL,NULL,NULL,NULL,0,'',0,'0',''),(24,'LEA6','victor.diaz@emefectivas.com',NULL,NULL,'','victor diaz prueba','',NULL,'',NULL,'','','Web Site',0,'',NULL,NULL,NULL,NULL,NULL,NULL,NULL,NULL,NULL,NULL,NULL,NULL,NULL,NULL,NULL,0,'',0,'0',''),(25,'LEA7','victor.diaz@emefectivas.com',NULL,NULL,'','victor diaz prueba','',NULL,'',NULL,'','','Web Site',0,'',NULL,NULL,NULL,NULL,NULL,NULL,NULL,NULL,NULL,NULL,NULL,NULL,NULL,NULL,NULL,0,'',0,'0',''),(26,'LEA8','no-replyEnteby@gmail.com',NULL,NULL,'','Mike Forman\n','',NULL,'',NULL,'','','Web Site',0,'',NULL,NULL,NULL,NULL,NULL,NULL,NULL,NULL,NULL,NULL,NULL,NULL,NULL,NULL,NULL,0,'',0,'0',''),(27,'LEA9','victor.wla.diaz@gmail.com',NULL,NULL,'','Diaz','',NULL,'',NULL,'','','Web Site',0,'',NULL,NULL,NULL,NULL,NULL,NULL,NULL,NULL,NULL,NULL,NULL,NULL,NULL,NULL,NULL,0,'',0,'0',''),(28,'LEA10','1qvd29y0@yahoo.com',NULL,NULL,'','NotGZ','',NULL,'',NULL,'','','Web Site',0,'',NULL,NULL,NULL,NULL,NULL,NULL,NULL,NULL,NULL,NULL,NULL,NULL,NULL,NULL,NULL,0,'',0,'0',''),(1059,'LEA11','sandra77spa@hotmail.com',NULL,NULL,'','Sandra Cadena','',NULL,'',NULL,'','Not Contacted','Web Site',0,'',NULL,NULL,NULL,NULL,NULL,NULL,NULL,NULL,NULL,NULL,NULL,NULL,NULL,NULL,NULL,0,'',0,'0',''),(1060,'LEA12','zwenhe284@gmail.com',NULL,NULL,'','ZHAO WENHE','',NULL,'',NULL,'','','Web Site',0,'',NULL,NULL,NULL,NULL,NULL,NULL,NULL,NULL,NULL,NULL,NULL,NULL,NULL,NULL,NULL,0,'',0,'0',''),(1061,'LEA13','berg.reinebr@gmail.com',NULL,NULL,'','Richard WahlVZ','',NULL,'',NULL,'','','Web Site',0,'',NULL,NULL,NULL,NULL,NULL,NULL,NULL,NULL,NULL,NULL,NULL,NULL,NULL,NULL,NULL,0,'',0,'0',''),(1062,'LEA14','g.a.76.52.7.1.9@gmail.com',NULL,NULL,'','Diane Angelori','',NULL,'',NULL,'','','Web Site',0,'',NULL,NULL,NULL,NULL,NULL,NULL,NULL,NULL,NULL,NULL,NULL,NULL,NULL,NULL,NULL,0,'',0,'0',''),(1063,'LEA15','no-replyEnteby@gmail.com',NULL,NULL,'','Mike Atcheson\n','',NULL,'',NULL,'','','Web Site',0,'',NULL,NULL,NULL,NULL,NULL,NULL,NULL,NULL,NULL,NULL,NULL,NULL,NULL,NULL,NULL,0,'',0,'0',''),(1064,'LEA16','noreply@googlemail.com',NULL,NULL,'','John Miller','',NULL,'',NULL,'','','Web Site',0,'',NULL,NULL,NULL,NULL,NULL,NULL,NULL,NULL,NULL,NULL,NULL,NULL,NULL,NULL,NULL,0,'',0,'0',''),(1065,'LEA17','johnmiller4cryptinvestfx@gmail.com',NULL,NULL,'','John Miller','',NULL,'',NULL,'','','Web Site',0,'',NULL,NULL,NULL,NULL,NULL,NULL,NULL,NULL,NULL,NULL,NULL,NULL,NULL,NULL,NULL,0,'',0,'0',''),(1066,'LEA18','walshjames330@gmail.com',NULL,NULL,'','Ruggiero Len','',NULL,'',NULL,'','','Web Site',0,'',NULL,NULL,NULL,NULL,NULL,NULL,NULL,NULL,NULL,NULL,NULL,NULL,NULL,NULL,NULL,0,'',0,'0',''),(1067,'LEA19','no-replyEnteby@gmail.com',NULL,NULL,'','Mike Austin\n','',NULL,'',NULL,'','','Web Site',0,'',NULL,NULL,NULL,NULL,NULL,NULL,NULL,NULL,NULL,NULL,NULL,NULL,NULL,NULL,NULL,0,'',0,'0',''),(1068,'LEA20','lenderintegratedsolution@gmail.com',NULL,NULL,'','DavidBestePU','',NULL,'',NULL,'','','Web Site',0,'',NULL,NULL,NULL,NULL,NULL,NULL,NULL,NULL,NULL,NULL,NULL,NULL,NULL,NULL,NULL,0,'',0,'0',''),(1069,'LEA21','no-replyEnteby@gmail.com',NULL,NULL,'','Mike Walter\n','',NULL,'',NULL,'','','Web Site',0,'',NULL,NULL,NULL,NULL,NULL,NULL,NULL,NULL,NULL,NULL,NULL,NULL,NULL,NULL,NULL,0,'',0,'0',''),(1071,'LEA22','DIRECTOR@MEDIOSEFECTIVOS.CO',NULL,NULL,'','DAVID','',NULL,'Chemicals',NULL,'Persona Juridica','Contact in Future','Conference',1,'',NULL,NULL,NULL,NULL,NULL,NULL,NULL,NULL,NULL,NULL,NULL,NULL,NULL,NULL,NULL,0,'',0,'0',''),(1090,'LEA23','no-replyEnteby@gmail.com',NULL,NULL,'','Mike Sherlock\n','',NULL,NULL,NULL,'Persona Natural','Not Contacted','Web Site',0,'SalesMan',NULL,NULL,NULL,NULL,NULL,NULL,NULL,NULL,NULL,NULL,NULL,NULL,NULL,NULL,NULL,NULL,NULL,0,'0',''),(1127,'LEA24','no-replyEnteby@gmail.com',NULL,NULL,'','Mike Miln\n','',NULL,NULL,NULL,'Persona Natural','Not Contacted','Web Site',0,'SalesMan',NULL,NULL,NULL,NULL,NULL,NULL,NULL,NULL,NULL,NULL,NULL,NULL,NULL,NULL,NULL,NULL,NULL,0,'0',''),(1128,'LEA25','victor.diaz@emefectivas.com',NULL,NULL,'','victor diaz prueba','',NULL,NULL,NULL,'Persona Natural','','Cold Call',0,'SalesMan',NULL,NULL,NULL,NULL,NULL,NULL,NULL,NULL,NULL,NULL,NULL,NULL,NULL,NULL,NULL,NULL,NULL,0,'0',''),(1131,'LEA26','no-replyEnteby@gmail.com',NULL,NULL,'','Mike Mercer\n','',NULL,NULL,NULL,'Persona Natural','Not Contacted','Web Site',0,'SalesMan',NULL,NULL,NULL,NULL,NULL,NULL,NULL,NULL,NULL,NULL,NULL,NULL,NULL,NULL,NULL,NULL,NULL,0,'0',''),(1132,'LEA27','g.a.7.65.2719@gmail.com',NULL,NULL,'','Diane Angelori','',NULL,NULL,NULL,'Persona Natural','Not Contacted','Web Site',0,'SalesMan',NULL,NULL,NULL,NULL,NULL,NULL,NULL,NULL,NULL,NULL,NULL,NULL,NULL,NULL,NULL,NULL,NULL,0,'0',''),(1133,'LEA28','woodthighgire1988@gmail.com',NULL,NULL,'','SonyafusBO','',NULL,NULL,NULL,'Persona Natural','Not Contacted','Web Site',0,'SalesMan',NULL,NULL,NULL,NULL,NULL,NULL,NULL,NULL,NULL,NULL,NULL,NULL,NULL,NULL,NULL,NULL,NULL,0,'0',''),(1134,'LEA29','no-replyEnteby@gmail.com',NULL,NULL,'','Mike Vance\n','',NULL,NULL,NULL,'Persona Natural','Not Contacted','Web Site',0,'SalesMan',NULL,NULL,NULL,NULL,NULL,NULL,NULL,NULL,NULL,NULL,NULL,NULL,NULL,NULL,NULL,NULL,NULL,0,'0',''),(1135,'LEA30','woodthighgire988@gmail.com',NULL,NULL,'','Juan','',NULL,NULL,NULL,'','No Contactado','WhatsAppBot',0,'SalesMan',NULL,NULL,NULL,NULL,NULL,NULL,NULL,NULL,NULL,NULL,NULL,NULL,NULL,NULL,NULL,NULL,NULL,0,'0',''),(1136,'LEA31','testing@gmail.com',NULL,NULL,'','Juan','',NULL,NULL,NULL,'','No Contactado','WhatsAppBot',0,'SalesMan',NULL,NULL,NULL,NULL,NULL,NULL,NULL,NULL,NULL,NULL,NULL,NULL,NULL,NULL,NULL,NULL,NULL,0,'0',''),(1137,'LEA32','victor.diaz@emefectivas.com',NULL,NULL,'','Victor','',NULL,NULL,NULL,'','No Contactado','WhatsAppBot',0,'SalesMan',NULL,NULL,NULL,NULL,NULL,NULL,NULL,NULL,NULL,NULL,NULL,NULL,NULL,NULL,NULL,NULL,NULL,0,'0',''),(1138,'LEA33','Test@gmail.com',NULL,NULL,'','Juan','',NULL,NULL,NULL,'','No Contactado','WhatsAppBot',0,'SalesMan',NULL,NULL,NULL,NULL,NULL,NULL,NULL,NULL,NULL,NULL,NULL,NULL,NULL,NULL,NULL,NULL,NULL,0,'0',''),(1139,'LEA34','new@gmail.com',NULL,NULL,'','Juan Camilo','',NULL,NULL,NULL,'','No Contactado','WhatsAppBot',0,'SalesMan',NULL,NULL,NULL,NULL,NULL,NULL,NULL,NULL,NULL,NULL,NULL,NULL,NULL,NULL,NULL,NULL,NULL,0,'0',''),(1140,'LEA35','t@t.com',NULL,NULL,'','New Register','',NULL,NULL,NULL,'','No Contactado','WhatsAppBot',0,'SalesMan',NULL,NULL,NULL,NULL,NULL,NULL,NULL,NULL,NULL,NULL,NULL,NULL,NULL,NULL,NULL,NULL,NULL,0,'0',''),(1141,'LEA36','programador@mediosefectivos.co',NULL,NULL,'','Juan Camilo','',NULL,NULL,NULL,'','No Contactado','WhatsAppBot',0,'SalesMan',NULL,NULL,NULL,NULL,NULL,NULL,NULL,NULL,NULL,NULL,NULL,NULL,NULL,NULL,NULL,NULL,NULL,0,'0','');
/*!40000 ALTER TABLE `vtiger_leaddetails` ENABLE KEYS */;
UNLOCK TABLES;

--
-- Table structure for table `vtiger_leadscf`
--

DROP TABLE IF EXISTS `vtiger_leadscf`;
/*!40101 SET @saved_cs_client     = @@character_set_client */;
/*!40101 SET character_set_client = utf8 */;
CREATE TABLE `vtiger_leadscf` (
  `leadid` int(19) NOT NULL DEFAULT '0',
  `cf_858` varchar(255) DEFAULT '',
  `ee_google_search` varchar(100) DEFAULT NULL,
  PRIMARY KEY (`leadid`),
  CONSTRAINT `fk_1_vtiger_leadscf` FOREIGN KEY (`leadid`) REFERENCES `vtiger_leaddetails` (`leadid`) ON DELETE CASCADE
) ENGINE=InnoDB DEFAULT CHARSET=utf8;
/*!40101 SET character_set_client = @saved_cs_client */;

--
-- Dumping data for table `vtiger_leadscf`
--

LOCK TABLES `vtiger_leadscf` WRITE;
/*!40000 ALTER TABLE `vtiger_leadscf` DISABLE KEYS */;
INSERT INTO `vtiger_leadscf` VALUES (7,'',NULL),(8,'',NULL),(11,'',NULL),(22,'Hombre',''),(23,'Hombre',''),(24,'Hombre',''),(25,'Hombre',''),(26,'Hombre',''),(27,'Hombre',''),(28,'Hombre',''),(1059,'Mujer',''),(1060,'Hombre',''),(1061,'Hombre',''),(1062,'Hombre',''),(1063,'Hombre',''),(1064,'Hombre',''),(1065,'Hombre',''),(1066,'Hombre',''),(1067,'Hombre',''),(1068,'Hombre',''),(1069,'Hombre',''),(1071,'Hombre',''),(1090,'Hombre',''),(1127,'Hombre',''),(1128,'',''),(1131,'Hombre',''),(1132,'Hombre',''),(1133,'Hombre',''),(1134,'Hombre',''),(1135,'',''),(1136,'',''),(1137,'',''),(1138,'',''),(1139,'',''),(1140,'',''),(1141,'','');
/*!40000 ALTER TABLE `vtiger_leadscf` ENABLE KEYS */;
UNLOCK TABLES;

--
-- Table structure for table `vtiger_leadsource`
--

DROP TABLE IF EXISTS `vtiger_leadsource`;
/*!40101 SET @saved_cs_client     = @@character_set_client */;
/*!40101 SET character_set_client = utf8 */;
CREATE TABLE `vtiger_leadsource` (
  `leadsourceid` int(19) NOT NULL AUTO_INCREMENT,
  `leadsource` varchar(200) NOT NULL,
  `presence` int(1) NOT NULL DEFAULT '1',
  `picklist_valueid` int(19) NOT NULL DEFAULT '0',
  `sortorderid` int(11) DEFAULT NULL,
  `color` varchar(10) DEFAULT NULL,
  PRIMARY KEY (`leadsourceid`)
) ENGINE=InnoDB AUTO_INCREMENT=16 DEFAULT CHARSET=utf8;
/*!40101 SET character_set_client = @saved_cs_client */;

--
-- Dumping data for table `vtiger_leadsource`
--

LOCK TABLES `vtiger_leadsource` WRITE;
/*!40000 ALTER TABLE `vtiger_leadsource` DISABLE KEYS */;
INSERT INTO `vtiger_leadsource` VALUES (2,'Cold Call',1,99,1,NULL),(3,'Existing Customer',1,100,2,NULL),(4,'Self Generated',1,101,3,NULL),(5,'Employee',1,102,4,NULL),(6,'Partner',1,103,5,NULL),(7,'Public Relations',1,104,6,NULL),(8,'Direct Mail',1,105,7,NULL),(9,'Conference',1,106,8,NULL),(10,'Trade Show',1,107,9,NULL),(11,'Web Site',1,108,10,NULL),(12,'Word of mouth',1,109,11,NULL),(13,'Other',1,110,12,NULL),(14,'WhatsAppBot',1,308,13,'#ffffff'),(15,'e-commerce',1,309,14,'#ffffff');
/*!40000 ALTER TABLE `vtiger_leadsource` ENABLE KEYS */;
UNLOCK TABLES;

--
-- Table structure for table `vtiger_leadsource_seq`
--

DROP TABLE IF EXISTS `vtiger_leadsource_seq`;
/*!40101 SET @saved_cs_client     = @@character_set_client */;
/*!40101 SET character_set_client = utf8 */;
CREATE TABLE `vtiger_leadsource_seq` (
  `id` int(11) NOT NULL
) ENGINE=InnoDB DEFAULT CHARSET=utf8;
/*!40101 SET character_set_client = @saved_cs_client */;

--
-- Dumping data for table `vtiger_leadsource_seq`
--

LOCK TABLES `vtiger_leadsource_seq` WRITE;
/*!40000 ALTER TABLE `vtiger_leadsource_seq` DISABLE KEYS */;
INSERT INTO `vtiger_leadsource_seq` VALUES (15);
/*!40000 ALTER TABLE `vtiger_leadsource_seq` ENABLE KEYS */;
UNLOCK TABLES;

--
-- Table structure for table `vtiger_leadstage`
--

DROP TABLE IF EXISTS `vtiger_leadstage`;
/*!40101 SET @saved_cs_client     = @@character_set_client */;
/*!40101 SET character_set_client = utf8 */;
CREATE TABLE `vtiger_leadstage` (
  `leadstageid` int(19) NOT NULL AUTO_INCREMENT,
  `stage` varchar(200) NOT NULL,
  `sortorderid` int(19) NOT NULL DEFAULT '0',
  `presence` int(1) NOT NULL DEFAULT '1',
  PRIMARY KEY (`leadstageid`),
  UNIQUE KEY `leadstage_stage_idx` (`stage`)
) ENGINE=InnoDB DEFAULT CHARSET=utf8;
/*!40101 SET character_set_client = @saved_cs_client */;

--
-- Dumping data for table `vtiger_leadstage`
--

LOCK TABLES `vtiger_leadstage` WRITE;
/*!40000 ALTER TABLE `vtiger_leadstage` DISABLE KEYS */;
/*!40000 ALTER TABLE `vtiger_leadstage` ENABLE KEYS */;
UNLOCK TABLES;

--
-- Table structure for table `vtiger_leadstatus`
--

DROP TABLE IF EXISTS `vtiger_leadstatus`;
/*!40101 SET @saved_cs_client     = @@character_set_client */;
/*!40101 SET character_set_client = utf8 */;
CREATE TABLE `vtiger_leadstatus` (
  `leadstatusid` int(19) NOT NULL AUTO_INCREMENT,
  `leadstatus` varchar(200) NOT NULL,
  `presence` int(1) NOT NULL DEFAULT '1',
  `picklist_valueid` int(19) NOT NULL DEFAULT '0',
  `sortorderid` int(11) DEFAULT NULL,
  `color` varchar(10) DEFAULT NULL,
  PRIMARY KEY (`leadstatusid`)
) ENGINE=InnoDB AUTO_INCREMENT=14 DEFAULT CHARSET=utf8;
/*!40101 SET character_set_client = @saved_cs_client */;

--
-- Dumping data for table `vtiger_leadstatus`
--

LOCK TABLES `vtiger_leadstatus` WRITE;
/*!40000 ALTER TABLE `vtiger_leadstatus` DISABLE KEYS */;
INSERT INTO `vtiger_leadstatus` VALUES (2,'Attempted to Contact',1,112,3,NULL),(4,'Contact in Future',1,114,2,NULL),(5,'Contacted',1,115,1,NULL),(9,'Not Contacted',1,119,4,NULL),(13,'No Interesado',1,307,5,'#ffffff');
/*!40000 ALTER TABLE `vtiger_leadstatus` ENABLE KEYS */;
UNLOCK TABLES;

--
-- Table structure for table `vtiger_leadstatus_seq`
--

DROP TABLE IF EXISTS `vtiger_leadstatus_seq`;
/*!40101 SET @saved_cs_client     = @@character_set_client */;
/*!40101 SET character_set_client = utf8 */;
CREATE TABLE `vtiger_leadstatus_seq` (
  `id` int(11) NOT NULL
) ENGINE=InnoDB DEFAULT CHARSET=utf8;
/*!40101 SET character_set_client = @saved_cs_client */;

--
-- Dumping data for table `vtiger_leadstatus_seq`
--

LOCK TABLES `vtiger_leadstatus_seq` WRITE;
/*!40000 ALTER TABLE `vtiger_leadstatus_seq` DISABLE KEYS */;
INSERT INTO `vtiger_leadstatus_seq` VALUES (13);
/*!40000 ALTER TABLE `vtiger_leadstatus_seq` ENABLE KEYS */;
UNLOCK TABLES;

--
-- Table structure for table `vtiger_leadsubdetails`
--

DROP TABLE IF EXISTS `vtiger_leadsubdetails`;
/*!40101 SET @saved_cs_client     = @@character_set_client */;
/*!40101 SET character_set_client = utf8 */;
CREATE TABLE `vtiger_leadsubdetails` (
  `leadsubscriptionid` int(19) NOT NULL DEFAULT '0',
  `website` varchar(255) DEFAULT NULL,
  `callornot` int(1) DEFAULT '0',
  `readornot` int(1) DEFAULT '0',
  `empct` int(10) DEFAULT '0',
  PRIMARY KEY (`leadsubscriptionid`),
  CONSTRAINT `fk_1_vtiger_leadsubdetails` FOREIGN KEY (`leadsubscriptionid`) REFERENCES `vtiger_leaddetails` (`leadid`) ON DELETE CASCADE
) ENGINE=InnoDB DEFAULT CHARSET=utf8;
/*!40101 SET character_set_client = @saved_cs_client */;

--
-- Dumping data for table `vtiger_leadsubdetails`
--

LOCK TABLES `vtiger_leadsubdetails` WRITE;
/*!40000 ALTER TABLE `vtiger_leadsubdetails` DISABLE KEYS */;
INSERT INTO `vtiger_leadsubdetails` VALUES (7,'',0,0,0),(8,'',0,0,0),(11,NULL,0,0,0),(22,NULL,0,0,0),(23,NULL,0,0,0),(24,NULL,0,0,0),(25,NULL,0,0,0),(26,NULL,0,0,0),(27,NULL,0,0,0),(28,NULL,0,0,0),(1059,NULL,0,0,0),(1060,NULL,0,0,0),(1061,NULL,0,0,0),(1062,NULL,0,0,0),(1063,NULL,0,0,0),(1064,NULL,0,0,0),(1065,NULL,0,0,0),(1066,NULL,0,0,0),(1067,NULL,0,0,0),(1068,NULL,0,0,0),(1069,NULL,0,0,0),(1071,NULL,0,0,0),(1090,NULL,0,0,0),(1127,NULL,0,0,0),(1128,NULL,0,0,0),(1131,NULL,0,0,0),(1132,NULL,0,0,0),(1133,NULL,0,0,0),(1134,NULL,0,0,0),(1135,NULL,0,0,0),(1136,NULL,0,0,0),(1137,NULL,0,0,0),(1138,NULL,0,0,0),(1139,NULL,0,0,0),(1140,NULL,0,0,0),(1141,NULL,0,0,0);
/*!40000 ALTER TABLE `vtiger_leadsubdetails` ENABLE KEYS */;
UNLOCK TABLES;

--
-- Table structure for table `vtiger_links`
--

DROP TABLE IF EXISTS `vtiger_links`;
/*!40101 SET @saved_cs_client     = @@character_set_client */;
/*!40101 SET character_set_client = utf8 */;
CREATE TABLE `vtiger_links` (
  `linkid` int(11) NOT NULL,
  `tabid` int(11) DEFAULT NULL,
  `linktype` varchar(50) DEFAULT NULL,
  `linklabel` varchar(50) DEFAULT NULL,
  `linkurl` varchar(255) DEFAULT NULL,
  `linkicon` varchar(100) DEFAULT NULL,
  `sequence` int(11) DEFAULT NULL,
  `handler_path` varchar(128) DEFAULT NULL,
  `handler_class` varchar(50) DEFAULT NULL,
  `handler` varchar(50) DEFAULT NULL,
  `parent_link` int(19) DEFAULT NULL,
  PRIMARY KEY (`linkid`),
  KEY `link_tabidtype_idx` (`tabid`,`linktype`)
) ENGINE=InnoDB DEFAULT CHARSET=utf8;
/*!40101 SET character_set_client = @saved_cs_client */;

--
-- Dumping data for table `vtiger_links`
--

LOCK TABLES `vtiger_links` WRITE;
/*!40000 ALTER TABLE `vtiger_links` DISABLE KEYS */;
INSERT INTO `vtiger_links` VALUES (2,6,'DETAILVIEW','LBL_SHOW_ACCOUNT_HIERARCHY','index.php?module=Accounts&action=AccountHierarchy&accountid=$RECORD$','',0,NULL,NULL,NULL,NULL),(16,7,'DETAILVIEWWIDGET','DetailViewBlockCommentWidget','block://ModComments:modules/ModComments/ModComments.php','',0,NULL,NULL,NULL,NULL),(17,4,'DETAILVIEWWIDGET','DetailViewBlockCommentWidget','block://ModComments:modules/ModComments/ModComments.php','',0,NULL,NULL,NULL,NULL),(18,6,'DETAILVIEWWIDGET','DetailViewBlockCommentWidget','block://ModComments:modules/ModComments/ModComments.php','',0,NULL,NULL,NULL,NULL),(19,2,'DETAILVIEWWIDGET','DetailViewBlockCommentWidget','block://ModComments:modules/ModComments/ModComments.php','',0,NULL,NULL,NULL,NULL),(22,45,'HEADERSCRIPT','ModCommentsCommonHeaderScript','modules/ModComments/ModCommentsCommon.js','',0,NULL,NULL,NULL,NULL),(23,4,'DETAILVIEWSIDEBARWIDGET','Google Map','module=Google&view=Map&mode=showMap&viewtype=detail','',0,NULL,NULL,NULL,NULL),(24,7,'DETAILVIEWSIDEBARWIDGET','Google Map','module=Google&view=Map&mode=showMap&viewtype=detail','',0,NULL,NULL,NULL,NULL),(25,6,'DETAILVIEWSIDEBARWIDGET','Google Map','module=Google&view=Map&mode=showMap&viewtype=detail','',0,NULL,NULL,NULL,NULL),(26,4,'LISTVIEWSIDEBARWIDGET','Google Contacts','module=Google&view=List&sourcemodule=Contacts','',0,NULL,NULL,NULL,NULL),(27,9,'LISTVIEWSIDEBARWIDGET','Google Calendar','module=Google&view=List&sourcemodule=Calendar','',0,NULL,NULL,NULL,NULL),(28,49,'HEADERSCRIPT','ExtensionStoreCommonHeaderScript','modules/ExtensionStore/ExtensionStore.js','',0,NULL,NULL,NULL,NULL),(30,39,'DETAILVIEWWIDGET','DetailViewBlockCommentWidget','block://ModComments:modules/ModComments/ModComments.php','',0,NULL,NULL,NULL,NULL),(31,40,'DETAILVIEWBASIC','Add Project Task','index.php?module=ProjectTask&action=EditView&projectid=$RECORD$&return_module=Project&return_action=DetailView&return_id=$RECORD$','',0,'modules/ProjectTask/ProjectTask.php','ProjectTask','isLinkPermitted',NULL),(33,40,'DETAILVIEWWIDGET','DetailViewBlockCommentWidget','block://ModComments:modules/ModComments/ModComments.php','',0,NULL,NULL,NULL,NULL),(34,2,'DASHBOARDWIDGET','History','index.php?module=Potentials&view=ShowWidget&name=History','',1,NULL,NULL,NULL,NULL),(35,2,'DASHBOARDWIDGET','Upcoming Activities','index.php?module=Potentials&view=ShowWidget&name=CalendarActivities','',2,NULL,NULL,NULL,NULL),(36,2,'DASHBOARDWIDGET','Funnel','index.php?module=Potentials&view=ShowWidget&name=GroupedBySalesStage','',3,NULL,NULL,NULL,NULL),(37,2,'DASHBOARDWIDGET','Potentials by Stage','index.php?module=Potentials&view=ShowWidget&name=GroupedBySalesPerson','',4,NULL,NULL,NULL,NULL),(38,2,'DASHBOARDWIDGET','Pipelined Amount','index.php?module=Potentials&view=ShowWidget&name=PipelinedAmountPerSalesPerson','',5,NULL,NULL,NULL,NULL),(39,2,'DASHBOARDWIDGET','Total Revenue','index.php?module=Potentials&view=ShowWidget&name=TotalRevenuePerSalesPerson','',6,NULL,NULL,NULL,NULL),(40,2,'DASHBOARDWIDGET','Top Potentials','index.php?module=Potentials&view=ShowWidget&name=TopPotentials','',7,NULL,NULL,NULL,NULL),(41,2,'DASHBOARDWIDGET','Overdue Activities','index.php?module=Potentials&view=ShowWidget&name=OverdueActivities','',9,NULL,NULL,NULL,NULL),(42,6,'DASHBOARDWIDGET','History','index.php?module=Accounts&view=ShowWidget&name=History','',1,NULL,NULL,NULL,NULL),(43,6,'DASHBOARDWIDGET','Upcoming Activities','index.php?module=Accounts&view=ShowWidget&name=CalendarActivities','',2,NULL,NULL,NULL,NULL),(44,6,'DASHBOARDWIDGET','Overdue Activities','index.php?module=Accounts&view=ShowWidget&name=OverdueActivities','',3,NULL,NULL,NULL,NULL),(45,4,'DASHBOARDWIDGET','History','index.php?module=Contacts&view=ShowWidget&name=History','',1,NULL,NULL,NULL,NULL),(46,4,'DASHBOARDWIDGET','Upcoming Activities','index.php?module=Contacts&view=ShowWidget&name=CalendarActivities','',2,NULL,NULL,NULL,NULL),(47,4,'DASHBOARDWIDGET','Overdue Activities','index.php?module=Contacts&view=ShowWidget&name=OverdueActivities','',3,NULL,NULL,NULL,NULL),(48,7,'DASHBOARDWIDGET','History','index.php?module=Leads&view=ShowWidget&name=History','',1,NULL,NULL,NULL,NULL),(49,7,'DASHBOARDWIDGET','Upcoming Activities','index.php?module=Leads&view=ShowWidget&name=CalendarActivities','',2,NULL,NULL,NULL,NULL),(50,7,'DASHBOARDWIDGET','Leads by Status','index.php?module=Leads&view=ShowWidget&name=LeadsByStatus','',4,NULL,NULL,NULL,NULL),(51,7,'DASHBOARDWIDGET','Leads by Source','index.php?module=Leads&view=ShowWidget&name=LeadsBySource','',5,NULL,NULL,NULL,NULL),(52,7,'DASHBOARDWIDGET','Leads by Industry','index.php?module=Leads&view=ShowWidget&name=LeadsByIndustry','',6,NULL,NULL,NULL,NULL),(53,7,'DASHBOARDWIDGET','Overdue Activities','index.php?module=Leads&view=ShowWidget&name=OverdueActivities','',7,NULL,NULL,NULL,NULL),(54,13,'DASHBOARDWIDGET','Tickets by Status','index.php?module=HelpDesk&view=ShowWidget&name=TicketsByStatus','',1,NULL,NULL,NULL,NULL),(55,13,'DASHBOARDWIDGET','Open Tickets','index.php?module=HelpDesk&view=ShowWidget&name=OpenTickets','',2,NULL,NULL,NULL,NULL),(56,3,'DASHBOARDWIDGET','History','index.php?module=Home&view=ShowWidget&name=History','',1,NULL,NULL,NULL,NULL),(57,3,'DASHBOARDWIDGET','Upcoming Activities','index.php?module=Home&view=ShowWidget&name=CalendarActivities','',2,NULL,NULL,NULL,NULL),(58,3,'DASHBOARDWIDGET','Funnel','index.php?module=Potentials&view=ShowWidget&name=GroupedBySalesStage','',3,NULL,NULL,NULL,NULL),(59,3,'DASHBOARDWIDGET','Potentials by Stage','index.php?module=Potentials&view=ShowWidget&name=GroupedBySalesPerson','',4,NULL,NULL,NULL,NULL),(60,3,'DASHBOARDWIDGET','Pipelined Amount','index.php?module=Potentials&view=ShowWidget&name=PipelinedAmountPerSalesPerson','',5,NULL,NULL,NULL,NULL),(61,3,'DASHBOARDWIDGET','Total Revenue','index.php?module=Potentials&view=ShowWidget&name=TotalRevenuePerSalesPerson','',6,NULL,NULL,NULL,NULL),(62,3,'DASHBOARDWIDGET','Top Potentials','index.php?module=Potentials&view=ShowWidget&name=TopPotentials','',7,NULL,NULL,NULL,NULL),(63,3,'DASHBOARDWIDGET','Leads by Status','index.php?module=Leads&view=ShowWidget&name=LeadsByStatus','',10,NULL,NULL,NULL,NULL),(64,3,'DASHBOARDWIDGET','Leads by Source','index.php?module=Leads&view=ShowWidget&name=LeadsBySource','',11,NULL,NULL,NULL,NULL),(65,3,'DASHBOARDWIDGET','Leads by Industry','index.php?module=Leads&view=ShowWidget&name=LeadsByIndustry','',12,NULL,NULL,NULL,NULL),(66,3,'DASHBOARDWIDGET','Overdue Activities','index.php?module=Home&view=ShowWidget&name=OverdueActivities','',13,NULL,NULL,NULL,NULL),(67,3,'DASHBOARDWIDGET','Tickets by Status','index.php?module=HelpDesk&view=ShowWidget&name=TicketsByStatus','',13,NULL,NULL,NULL,NULL),(68,3,'DASHBOARDWIDGET','Open Tickets','index.php?module=HelpDesk&view=ShowWidget&name=OpenTickets','',14,NULL,NULL,NULL,NULL),(69,13,'DETAILVIEWWIDGET','DetailViewBlockCommentWidget','block://ModComments:modules/ModComments/ModComments.php','',0,NULL,NULL,NULL,NULL),(70,15,'DETAILVIEWWIDGET','DetailViewBlockCommentWidget','block://ModComments:modules/ModComments/ModComments.php','',0,NULL,NULL,NULL,NULL),(99,3,'DASHBOARDWIDGET','Key Metrics','index.php?module=Home&view=ShowWidget&name=KeyMetrics','',0,NULL,NULL,NULL,NULL),(100,3,'DASHBOARDWIDGET','Mini List','index.php?module=Home&view=ShowWidget&name=MiniList','',0,NULL,NULL,NULL,NULL),(101,3,'DASHBOARDWIDGET','Tag Cloud','index.php?module=Home&view=ShowWidget&name=TagCloud','',0,NULL,NULL,NULL,NULL),(102,2,'DASHBOARDWIDGET','Funnel Amount','index.php?module=Potentials&view=ShowWidget&name=FunnelAmount','',10,NULL,NULL,NULL,NULL),(103,3,'DASHBOARDWIDGET','Funnel Amount','index.php?module=Potentials&view=ShowWidget&name=FunnelAmount','',10,NULL,NULL,NULL,NULL),(104,3,'DASHBOARDWIDGET','Notebook','index.php?module=Home&view=ShowWidget&name=Notebook','',0,NULL,NULL,NULL,NULL),(105,25,'LISTVIEWBASIC','LBL_ADD_RECORD','','',0,NULL,NULL,NULL,NULL),(106,25,'LISTVIEWBASIC','LBL_DETAIL_REPORT','javascript:Reports_List_Js.addReport(\"index.php?module=Reports&view=Edit\")','',0,'modules/Reports/models/Module.php','Reports_Module_Model','checkLinkAccess',105),(107,25,'LISTVIEWBASIC','LBL_CHARTS','javascript:Reports_List_Js.addReport(\"index.php?module=Reports&view=ChartEdit\")','',0,'modules/Reports/models/Module.php','Reports_Module_Model','checkLinkAccess',105),(108,25,'LISTVIEWBASIC','LBL_ADD_FOLDER','javascript:Reports_List_Js.triggerAddFolder(\"index.php?module=Reports&view=EditFolder\")','',0,'modules/Reports/models/Module.php','Reports_Module_Model','checkLinkAccess',NULL),(109,4,'EXTENSIONLINK','Google','index.php?module=Contacts&view=Extension&extensionModule=Google&extensionView=Index','',0,NULL,NULL,NULL,NULL),(110,9,'EXTENSIONLINK','Google','index.php?module=Calendar&view=Extension&extensionModule=Google&extensionView=Index','',0,NULL,NULL,NULL,NULL),(111,50,'HEADERSCRIPT','EEMassMapHeaderScript','layouts/v7/modules/EEMassMap/resources/EEMassMap.js','',0,NULL,NULL,NULL,NULL),(112,51,'HEADERSCRIPT','EEAddressAutocompleteHeaderScript','layouts/vlayout/modules/Settings/EEAddressAutocomplete/resources/EEAddressAutocomplete.js','',0,NULL,NULL,NULL,NULL),(113,52,'HEADERSCRIPT','ITS4YouInstaller','layouts/v7/modules/Settings/ITS4YouInstaller/resources/ITS4YouInstaller_HS.js','',0,NULL,NULL,NULL,NULL),(114,53,'HEADERSCRIPT','PDFMakerFreeActionsJS','layouts/v7/modules/PDFMaker/resources/PDFMakerFreeActions.js','',0,NULL,NULL,NULL,NULL),(115,20,'DETAILVIEWSIDEBARWIDGET','PDFMaker','module=PDFMaker&view=GetPDFActions&record=$RECORD$','',0,NULL,NULL,NULL,NULL),(116,20,'LISTVIEWMASSACTION','PDF Export','javascript:PDFMaker_Actions_Js.getPDFListViewPopup2(this,\'$MODULE$\');','',0,NULL,NULL,NULL,NULL),(117,22,'DETAILVIEWSIDEBARWIDGET','PDFMaker','module=PDFMaker&view=GetPDFActions&record=$RECORD$','',0,NULL,NULL,NULL,NULL),(118,22,'LISTVIEWMASSACTION','PDF Export','javascript:PDFMaker_Actions_Js.getPDFListViewPopup2(this,\'$MODULE$\');','',0,NULL,NULL,NULL,NULL),(119,21,'DETAILVIEWSIDEBARWIDGET','PDFMaker','module=PDFMaker&view=GetPDFActions&record=$RECORD$','',0,NULL,NULL,NULL,NULL),(120,21,'LISTVIEWMASSACTION','PDF Export','javascript:PDFMaker_Actions_Js.getPDFListViewPopup2(this,\'$MODULE$\');','',0,NULL,NULL,NULL,NULL),(121,23,'DETAILVIEWSIDEBARWIDGET','PDFMaker','module=PDFMaker&view=GetPDFActions&record=$RECORD$','',0,NULL,NULL,NULL,NULL),(122,23,'LISTVIEWMASSACTION','PDF Export','javascript:PDFMaker_Actions_Js.getPDFListViewPopup2(this,\'$MODULE$\');','',0,NULL,NULL,NULL,NULL),(123,54,'HEADERSCRIPT','ITS4YouPicklistImportActionsJS','layouts/v7/modules/ITS4YouPicklistImport/resources/ITS4YouPicklistImportActions.js',NULL,0,NULL,NULL,NULL,NULL),(124,55,'HEADERSCRIPT','ITS4YouProcessFlowActionsJS','layouts/v7/modules/ITS4YouProcessFlow/resources/processflow_actions.js',NULL,0,NULL,NULL,NULL,NULL);
/*!40000 ALTER TABLE `vtiger_links` ENABLE KEYS */;
UNLOCK TABLES;

--
-- Table structure for table `vtiger_links_seq`
--

DROP TABLE IF EXISTS `vtiger_links_seq`;
/*!40101 SET @saved_cs_client     = @@character_set_client */;
/*!40101 SET character_set_client = utf8 */;
CREATE TABLE `vtiger_links_seq` (
  `id` int(11) NOT NULL
) ENGINE=InnoDB DEFAULT CHARSET=utf8;
/*!40101 SET character_set_client = @saved_cs_client */;

--
-- Dumping data for table `vtiger_links_seq`
--

LOCK TABLES `vtiger_links_seq` WRITE;
/*!40000 ALTER TABLE `vtiger_links_seq` DISABLE KEYS */;
INSERT INTO `vtiger_links_seq` VALUES (124);
/*!40000 ALTER TABLE `vtiger_links_seq` ENABLE KEYS */;
UNLOCK TABLES;

--
-- Table structure for table `vtiger_loginhistory`
--

DROP TABLE IF EXISTS `vtiger_loginhistory`;
/*!40101 SET @saved_cs_client     = @@character_set_client */;
/*!40101 SET character_set_client = utf8 */;
CREATE TABLE `vtiger_loginhistory` (
  `login_id` int(11) NOT NULL AUTO_INCREMENT,
  `user_name` varchar(255) DEFAULT NULL,
  `user_ip` varchar(25) NOT NULL,
  `logout_time` timestamp NOT NULL DEFAULT CURRENT_TIMESTAMP ON UPDATE CURRENT_TIMESTAMP,
  `login_time` datetime DEFAULT NULL,
  `status` varchar(25) DEFAULT NULL,
  PRIMARY KEY (`login_id`)
) ENGINE=InnoDB AUTO_INCREMENT=127 DEFAULT CHARSET=utf8;
/*!40101 SET character_set_client = @saved_cs_client */;

--
-- Dumping data for table `vtiger_loginhistory`
--

LOCK TABLES `vtiger_loginhistory` WRITE;
/*!40000 ALTER TABLE `vtiger_loginhistory` DISABLE KEYS */;
INSERT INTO `vtiger_loginhistory` VALUES (1,'admin','181.62.52.68','2021-08-19 00:15:39','2021-08-19 00:12:11','Signed off'),(2,'admin','181.62.52.68','2021-08-19 00:18:21','2021-08-19 00:15:48','Signed off'),(3,'admin','181.62.52.68','2021-08-19 00:25:41','2021-08-19 00:22:09','Signed off'),(4,'admin','190.99.209.15','2021-08-19 00:23:32','2021-08-19 00:23:32','Signed in'),(5,'admin','181.62.52.68','2021-08-19 00:41:53','2021-08-19 00:41:46','Signed off'),(6,'admin','190.99.209.15','2021-08-19 00:49:14','2021-08-19 00:46:19','Signed off'),(7,'admin','190.99.209.15','2021-08-19 00:50:18','2021-08-19 00:50:04','Signed off'),(8,'admin','190.99.209.15','2021-08-19 01:03:17','2021-08-19 00:50:57','Signed off'),(9,'admin','181.62.52.68','2021-08-19 00:56:37','2021-08-19 00:56:03','Signed off'),(10,'admin','190.99.209.15','2021-08-19 01:15:02','2021-08-19 01:12:45','Signed off'),(11,'admin','190.99.209.15','2021-08-19 01:28:01','2021-08-19 01:27:55','Signed off'),(12,'admin','190.99.209.15','2021-08-19 01:31:25','2021-08-19 01:28:14','Signed off'),(13,'admin','190.99.209.15','2021-08-19 01:32:44','2021-08-19 01:32:38','Signed off'),(14,'admin','190.99.209.15','2021-08-19 01:35:21','2021-08-19 01:34:55','Signed off'),(15,'admin','190.99.209.15','2021-08-19 01:36:40','2021-08-19 01:35:30','Signed off'),(16,'admin','190.99.209.15','2021-08-19 01:40:56','2021-08-19 01:40:07','Signed off'),(17,'admin','190.99.209.15','2021-08-19 14:55:12','2021-08-19 02:00:40','Signed off'),(18,'admin','190.99.209.15','2021-08-19 15:27:20','2021-08-19 15:22:33','Signed off'),(19,'admin','190.99.209.15','2021-08-19 15:28:34','2021-08-19 15:27:32','Signed off'),(20,'admin','181.62.52.68','2021-08-19 18:24:11','2021-08-19 18:23:36','Signed off'),(21,'admin','181.62.52.68','2021-08-19 19:46:41','2021-08-19 19:46:41','Signed in'),(22,'admin','190.99.209.15','2021-08-19 20:29:39','2021-08-19 20:29:24','Signed off'),(23,'admin','190.99.209.15','2021-08-19 20:29:47','2021-08-19 20:29:47','Signed in'),(24,'admin','190.99.209.15','2021-08-19 20:32:49','2021-08-19 20:32:09','Signed off'),(25,'admin','190.99.209.15','2021-08-19 20:34:45','2021-08-19 20:33:00','Signed off'),(26,'admin','190.99.209.15','2021-08-19 20:35:20','2021-08-19 20:35:14','Signed off'),(27,'admin','190.99.209.15','2021-08-19 20:36:57','2021-08-19 20:35:33','Signed off'),(28,'admin','190.99.209.15','2021-08-19 20:37:53','2021-08-19 20:37:36','Signed off'),(29,'admin','190.99.209.15','2021-08-19 20:45:25','2021-08-19 20:45:25','Signed in'),(30,'admin','190.99.209.15','2021-08-19 22:23:44','2021-08-19 21:11:20','Signed off'),(31,'admin','190.99.209.15','2021-08-19 23:30:31','2021-08-19 22:23:59','Signed off'),(32,'admin','190.99.209.15','2021-08-19 23:32:21','2021-08-19 23:30:34','Signed off'),(33,'admin','190.99.209.15','2021-08-19 23:37:04','2021-08-19 23:32:24','Signed off'),(34,'admin','190.99.209.15','2021-08-19 23:40:48','2021-08-19 23:39:55','Signed off'),(35,'admin','190.99.209.15','2021-08-19 23:46:56','2021-08-19 23:41:15','Signed off'),(36,'admin','190.99.209.15','2021-08-20 00:05:29','2021-08-20 00:04:10','Signed off'),(37,'admin','190.99.209.15','2021-08-20 00:10:06','2021-08-20 00:08:14','Signed off'),(38,'admin','190.99.209.15','2021-08-20 00:10:24','2021-08-20 00:10:13','Signed off'),(39,'admin','190.99.209.15','2021-08-20 00:23:15','2021-08-20 00:20:58','Signed off'),(40,'admin','190.99.209.15','2021-08-20 00:34:15','2021-08-20 00:34:11','Signed off'),(41,'admin','190.99.209.15','2021-08-20 00:39:25','2021-08-20 00:39:20','Signed off'),(42,'admin','190.99.209.15','2021-08-20 00:41:38','2021-08-20 00:41:31','Signed off'),(43,'admin','190.99.209.15','2021-08-20 01:18:44','2021-08-20 01:15:07','Signed off'),(44,'admin','190.99.209.15','2021-08-20 01:23:08','2021-08-20 01:21:50','Signed off'),(45,'admin','190.99.209.15','2021-08-21 02:36:20','2021-08-20 19:58:15','Signed off'),(46,'admin','190.99.209.15','2021-08-21 02:47:52','2021-08-21 02:41:21','Signed off'),(47,'admin','190.99.209.15','2021-08-21 04:03:45','2021-08-21 02:47:56','Signed off'),(48,'admin','190.99.209.15','2021-08-21 18:06:37','2021-08-21 17:41:09','Signed off'),(49,'admin','190.99.209.15','2021-08-24 03:08:46','2021-08-24 03:08:46','Signed in'),(50,'admin','190.99.209.15','2021-08-24 03:11:20','2021-08-24 03:10:02','Signed off'),(51,'admin','190.99.209.15','2021-08-24 03:14:43','2021-08-24 03:11:29','Signed off'),(52,'admin','186.116.237.188','2021-08-24 15:33:45','2021-08-24 15:33:44','Signed off'),(53,'admin','186.116.237.188','2021-08-24 15:34:59','2021-08-24 15:33:51','Signed off'),(54,'admin','190.99.209.15','2021-09-03 04:21:01','2021-08-26 17:29:01','Signed off'),(55,'admin','186.116.234.75','2021-09-01 19:41:52','2021-09-01 19:41:52','Signed in'),(56,'admin','190.99.209.15','2021-09-03 14:10:23','2021-09-03 14:10:23','Signed in'),(57,'admin','186.27.239.141','2021-09-09 14:07:24','2021-09-09 14:07:24','Signed in'),(58,'admin','190.99.199.72','2021-09-09 20:45:24','2021-09-09 20:45:24','Signed in'),(59,'admin','186.27.239.141','2021-09-17 00:17:38','2021-09-17 00:16:03','Signed off'),(60,'admin','186.27.239.141','2021-09-17 01:06:41','2021-09-17 00:17:43','Signed off'),(61,'admin','186.27.239.141','2021-09-17 01:49:23','2021-09-17 01:06:46','Signed off'),(62,'admin','186.168.149.255','2021-09-17 22:19:15','2021-09-17 22:12:55','Signed off'),(63,'admin','186.168.149.255','2021-09-17 22:19:23','2021-09-17 22:19:23','Signed in'),(64,'admin','186.27.227.234','2021-11-25 20:28:22','2021-11-25 20:28:21','Signed off'),(65,'admin','186.27.227.234','2021-11-25 20:29:24','2021-11-25 20:28:26','Signed off'),(66,'admin','190.1.232.237','2021-11-25 21:34:02','2021-11-25 21:33:51','Signed off'),(67,'admin','190.1.232.237','2021-11-25 21:42:17','2021-11-25 21:42:03','Signed off'),(68,'admin','190.1.232.237','2021-11-25 21:48:29','2021-11-25 21:47:40','Signed off'),(69,'admin','190.1.232.237','2021-11-25 21:52:43','2021-11-25 21:52:19','Signed off'),(70,'admin','190.1.232.237','2021-11-26 01:25:12','2021-11-26 01:24:33','Signed off'),(71,'admin','190.1.232.237','2021-11-26 01:25:41','2021-11-26 01:25:27','Signed off'),(72,'admin','190.1.232.237','2021-11-26 02:25:26','2021-11-26 01:34:25','Signed off'),(73,'admin','186.116.236.125','2022-01-17 23:27:18','2022-01-17 23:21:22','Signed off'),(74,'admin','186.116.236.125','2022-01-21 20:45:06','2022-01-21 20:38:30','Signed off'),(75,'admin','186.116.236.125','2022-01-21 20:49:52','2022-01-21 20:45:23','Signed off'),(76,'admin','186.116.236.125','2022-01-21 20:58:59','2022-01-21 20:56:45','Signed off'),(77,'admin','186.116.236.125','2022-01-21 20:59:13','2022-01-21 20:59:08','Signed off'),(78,'admin','186.116.236.125','2022-01-21 21:05:47','2022-01-21 21:00:26','Signed off'),(79,'admin','186.116.236.125','2022-01-21 21:56:38','2022-01-21 21:05:55','Signed off'),(80,'admin','186.116.236.125','2022-01-21 21:56:43','2022-01-21 21:56:43','Signed in'),(81,'admin','190.99.156.192','2022-01-22 19:04:46','2022-01-22 18:26:49','Signed off'),(82,'admin','190.99.156.192','2022-01-23 16:31:29','2022-01-23 15:19:04','Signed off'),(83,'admin','190.99.156.192','2022-01-23 18:51:20','2022-01-23 18:45:35','Signed off'),(84,'admin','191.156.5.183','2022-01-25 15:41:59','2022-01-25 15:41:59','Signed in'),(85,'admin','190.99.186.85','2022-01-25 23:19:50','2022-01-25 23:18:38','Signed off'),(86,'admin','190.99.186.85','2022-01-25 23:41:18','2022-01-25 23:41:18','Signed off'),(87,'admin','190.99.186.85','2022-01-25 23:45:03','2022-01-25 23:41:21','Signed off'),(88,'admin','190.99.186.85','2022-01-26 14:41:31','2022-01-26 14:41:31','Signed in'),(89,'admin','190.99.186.85','2022-01-26 15:35:13','2022-01-26 15:34:27','Signed off'),(90,'admin','190.99.186.85','2022-01-26 15:50:40','2022-01-26 15:38:32','Signed off'),(91,'admin','190.99.186.85','2022-01-26 15:52:13','2022-01-26 15:52:13','Signed in'),(92,'admin','190.99.186.85','2022-01-26 17:23:29','2022-01-26 17:23:08','Signed off'),(93,'admin','190.1.233.188','2022-02-01 15:24:05','2022-01-27 22:23:46','Signed off'),(94,'admin','186.116.230.191','2022-01-28 16:23:54','2022-01-28 16:23:54','Signed in'),(95,'admin','186.116.230.191','2022-01-28 17:43:27','2022-01-28 17:16:00','Signed off'),(96,'admin','186.116.230.191','2022-02-02 17:29:07','2022-02-02 15:47:19','Signed off'),(97,'admin','186.116.230.191','2022-02-02 19:36:00','2022-02-02 19:31:24','Signed off'),(98,'admin','186.116.230.191','2022-02-03 20:33:41','2022-02-03 19:16:28','Signed off'),(99,'admin','186.116.230.191','2022-02-03 22:33:19','2022-02-03 21:18:22','Signed off'),(100,'admin','186.116.230.191','2022-02-03 22:52:54','2022-02-03 22:52:54','Signed in'),(101,'admin','190.1.233.188','2022-02-04 00:26:54','2022-02-04 00:22:48','Signed off'),(102,'admin','181.253.225.5','2022-02-15 20:31:16','2022-02-15 20:31:16','Signed in'),(103,'paolad','191.106.182.157','2022-02-16 16:50:54','2022-02-16 16:50:54','Signed in'),(104,'admin','186.168.140.27','2022-02-25 15:16:09','2022-02-25 15:16:09','Signed in'),(105,'paolad','191.106.197.59','2022-02-25 15:22:36','2022-02-25 15:22:36','Signed in'),(106,'paolad','186.168.140.27','2022-02-25 15:34:53','2022-02-25 15:34:53','Signed in'),(107,'paolad','186.116.230.46','2022-02-25 18:41:00','2022-02-25 18:41:00','Signed in'),(108,'paolad','186.116.230.46','2022-02-26 20:18:04','2022-02-26 20:18:04','Signed in'),(109,'admin','190.99.136.138','2022-03-05 03:17:54','2022-03-05 03:17:54','Signed in'),(110,'admin','190.99.136.138','2022-03-07 22:24:11','2022-03-07 22:24:11','Signed in'),(111,'admin','190.99.136.138','2022-03-10 02:37:18','2022-03-10 02:37:18','Signed in'),(112,'admin','181.54.0.147','2022-03-15 15:42:12','2022-03-15 15:42:12','Signed in'),(113,'admin','186.81.100.19','2022-03-15 20:30:43','2022-03-15 20:30:43','Signed in'),(114,'admin','186.81.100.19','2022-03-15 21:06:45','2022-03-15 21:06:45','Signed in'),(115,'admin','186.81.100.19','2022-03-16 13:39:57','2022-03-16 13:39:57','Signed in'),(116,'admin','190.99.136.138','2022-03-16 14:25:11','2022-03-16 14:25:11','Signed in'),(117,'admin','186.81.100.19','2022-03-17 00:49:02','2022-03-17 00:49:02','Signed in'),(118,'admin','186.81.100.19','2022-03-17 11:43:31','2022-03-17 11:43:31','Signed in'),(119,'admin','181.54.0.147','2022-03-18 19:21:25','2022-03-18 19:21:25','Signed in'),(120,'admin','181.54.0.147','2022-03-19 13:53:12','2022-03-19 13:53:12','Signed in'),(121,'admin','181.54.0.70','2022-05-09 20:48:42','2022-05-09 20:48:42','Signed in'),(122,'admin','186.81.100.19','2022-05-10 17:51:37','2022-05-10 14:59:22','Signed off'),(123,'admin','186.81.100.19','2022-05-10 17:51:40','2022-05-10 17:51:40','Signed in'),(124,'admin','181.54.0.70','2022-05-11 13:38:25','2022-05-11 13:38:25','Signed in'),(125,'admin','181.54.0.70','2022-05-13 14:44:49','2022-05-13 14:44:49','Signed in'),(126,'admin','181.54.0.70','2022-05-17 14:38:43','2022-05-17 14:38:43','Signed in');
/*!40000 ALTER TABLE `vtiger_loginhistory` ENABLE KEYS */;
UNLOCK TABLES;

--
-- Table structure for table `vtiger_mail_accounts`
--

DROP TABLE IF EXISTS `vtiger_mail_accounts`;
/*!40101 SET @saved_cs_client     = @@character_set_client */;
/*!40101 SET character_set_client = utf8 */;
CREATE TABLE `vtiger_mail_accounts` (
  `account_id` int(11) NOT NULL,
  `user_id` int(11) NOT NULL,
  `display_name` varchar(50) DEFAULT NULL,
  `mail_id` varchar(50) DEFAULT NULL,
  `account_name` varchar(50) DEFAULT NULL,
  `mail_protocol` varchar(20) DEFAULT NULL,
  `mail_username` varchar(50) NOT NULL,
  `mail_password` text,
  `mail_servername` varchar(50) DEFAULT NULL,
  `box_refresh` int(10) DEFAULT NULL,
  `mails_per_page` int(10) DEFAULT NULL,
  `ssltype` varchar(50) DEFAULT NULL,
  `sslmeth` varchar(50) DEFAULT NULL,
  `int_mailer` int(1) DEFAULT '0',
  `status` varchar(10) DEFAULT NULL,
  `set_default` int(2) DEFAULT NULL,
  `sent_folder` varchar(50) DEFAULT NULL,
  PRIMARY KEY (`account_id`)
) ENGINE=InnoDB DEFAULT CHARSET=utf8;
/*!40101 SET character_set_client = @saved_cs_client */;

--
-- Dumping data for table `vtiger_mail_accounts`
--

LOCK TABLES `vtiger_mail_accounts` WRITE;
/*!40000 ALTER TABLE `vtiger_mail_accounts` DISABLE KEYS */;
/*!40000 ALTER TABLE `vtiger_mail_accounts` ENABLE KEYS */;
UNLOCK TABLES;

--
-- Table structure for table `vtiger_mailer_queue`
--

DROP TABLE IF EXISTS `vtiger_mailer_queue`;
/*!40101 SET @saved_cs_client     = @@character_set_client */;
/*!40101 SET character_set_client = utf8 */;
CREATE TABLE `vtiger_mailer_queue` (
  `id` int(11) NOT NULL,
  `fromname` varchar(100) DEFAULT NULL,
  `fromemail` varchar(100) DEFAULT NULL,
  `mailer` varchar(10) DEFAULT NULL,
  `content_type` varchar(15) DEFAULT NULL,
  `subject` varchar(999) DEFAULT NULL,
  `body` text,
  `relcrmid` int(11) DEFAULT NULL,
  `failed` int(1) NOT NULL DEFAULT '0',
  `failreason` varchar(255) DEFAULT NULL,
  PRIMARY KEY (`id`)
) ENGINE=InnoDB DEFAULT CHARSET=utf8;
/*!40101 SET character_set_client = @saved_cs_client */;

--
-- Dumping data for table `vtiger_mailer_queue`
--

LOCK TABLES `vtiger_mailer_queue` WRITE;
/*!40000 ALTER TABLE `vtiger_mailer_queue` DISABLE KEYS */;
/*!40000 ALTER TABLE `vtiger_mailer_queue` ENABLE KEYS */;
UNLOCK TABLES;

--
-- Table structure for table `vtiger_mailer_queueattachments`
--

DROP TABLE IF EXISTS `vtiger_mailer_queueattachments`;
/*!40101 SET @saved_cs_client     = @@character_set_client */;
/*!40101 SET character_set_client = utf8 */;
CREATE TABLE `vtiger_mailer_queueattachments` (
  `id` int(11) DEFAULT NULL,
  `path` text,
  `name` varchar(100) DEFAULT NULL,
  `encoding` varchar(50) DEFAULT NULL,
  `type` varchar(100) DEFAULT NULL
) ENGINE=InnoDB DEFAULT CHARSET=utf8;
/*!40101 SET character_set_client = @saved_cs_client */;

--
-- Dumping data for table `vtiger_mailer_queueattachments`
--

LOCK TABLES `vtiger_mailer_queueattachments` WRITE;
/*!40000 ALTER TABLE `vtiger_mailer_queueattachments` DISABLE KEYS */;
/*!40000 ALTER TABLE `vtiger_mailer_queueattachments` ENABLE KEYS */;
UNLOCK TABLES;

--
-- Table structure for table `vtiger_mailer_queueinfo`
--

DROP TABLE IF EXISTS `vtiger_mailer_queueinfo`;
/*!40101 SET @saved_cs_client     = @@character_set_client */;
/*!40101 SET character_set_client = utf8 */;
CREATE TABLE `vtiger_mailer_queueinfo` (
  `id` int(11) DEFAULT NULL,
  `name` varchar(100) DEFAULT NULL,
  `email` varchar(100) DEFAULT NULL,
  `type` varchar(7) DEFAULT NULL
) ENGINE=InnoDB DEFAULT CHARSET=utf8;
/*!40101 SET character_set_client = @saved_cs_client */;

--
-- Dumping data for table `vtiger_mailer_queueinfo`
--

LOCK TABLES `vtiger_mailer_queueinfo` WRITE;
/*!40000 ALTER TABLE `vtiger_mailer_queueinfo` DISABLE KEYS */;
/*!40000 ALTER TABLE `vtiger_mailer_queueinfo` ENABLE KEYS */;
UNLOCK TABLES;

--
-- Table structure for table `vtiger_mailmanager_mailattachments`
--

DROP TABLE IF EXISTS `vtiger_mailmanager_mailattachments`;
/*!40101 SET @saved_cs_client     = @@character_set_client */;
/*!40101 SET character_set_client = utf8 */;
CREATE TABLE `vtiger_mailmanager_mailattachments` (
  `userid` int(11) DEFAULT NULL,
  `muid` int(11) DEFAULT NULL,
  `aname` varchar(100) DEFAULT NULL,
  `lastsavedtime` int(11) DEFAULT NULL,
  `attachid` int(19) NOT NULL,
  `path` varchar(200) NOT NULL,
  `cid` varchar(100) DEFAULT NULL,
  KEY `userid_muid_idx` (`userid`,`muid`)
) ENGINE=InnoDB DEFAULT CHARSET=utf8;
/*!40101 SET character_set_client = @saved_cs_client */;

--
-- Dumping data for table `vtiger_mailmanager_mailattachments`
--

LOCK TABLES `vtiger_mailmanager_mailattachments` WRITE;
/*!40000 ALTER TABLE `vtiger_mailmanager_mailattachments` DISABLE KEYS */;
/*!40000 ALTER TABLE `vtiger_mailmanager_mailattachments` ENABLE KEYS */;
UNLOCK TABLES;

--
-- Table structure for table `vtiger_mailmanager_mailrecord`
--

DROP TABLE IF EXISTS `vtiger_mailmanager_mailrecord`;
/*!40101 SET @saved_cs_client     = @@character_set_client */;
/*!40101 SET character_set_client = utf8 */;
CREATE TABLE `vtiger_mailmanager_mailrecord` (
  `userid` int(11) DEFAULT NULL,
  `mfrom` varchar(255) DEFAULT NULL,
  `mto` varchar(255) DEFAULT NULL,
  `mcc` varchar(500) DEFAULT NULL,
  `mbcc` varchar(500) DEFAULT NULL,
  `mdate` varchar(20) DEFAULT NULL,
  `msubject` varchar(500) DEFAULT NULL,
  `mbody` text,
  `mcharset` varchar(10) DEFAULT NULL,
  `misbodyhtml` int(1) DEFAULT NULL,
  `mplainmessage` int(1) DEFAULT NULL,
  `mhtmlmessage` int(1) DEFAULT NULL,
  `muniqueid` varchar(500) DEFAULT NULL,
  `mbodyparsed` int(1) DEFAULT NULL,
  `muid` int(11) DEFAULT NULL,
  `lastsavedtime` int(11) DEFAULT NULL,
  `folder` varchar(250) DEFAULT NULL,
  `mfolder` varchar(250) DEFAULT NULL,
  KEY `userid_lastsavedtime_idx` (`userid`,`lastsavedtime`),
  KEY `userid_muid_idx` (`userid`,`muid`)
) ENGINE=InnoDB DEFAULT CHARSET=utf8;
/*!40101 SET character_set_client = @saved_cs_client */;

--
-- Dumping data for table `vtiger_mailmanager_mailrecord`
--

LOCK TABLES `vtiger_mailmanager_mailrecord` WRITE;
/*!40000 ALTER TABLE `vtiger_mailmanager_mailrecord` DISABLE KEYS */;
/*!40000 ALTER TABLE `vtiger_mailmanager_mailrecord` ENABLE KEYS */;
UNLOCK TABLES;

--
-- Table structure for table `vtiger_mailmanager_mailrel`
--

DROP TABLE IF EXISTS `vtiger_mailmanager_mailrel`;
/*!40101 SET @saved_cs_client     = @@character_set_client */;
/*!40101 SET character_set_client = utf8 */;
CREATE TABLE `vtiger_mailmanager_mailrel` (
  `mailuid` varchar(999) DEFAULT NULL,
  `crmid` int(11) DEFAULT NULL,
  `emailid` int(11) DEFAULT NULL
) ENGINE=InnoDB DEFAULT CHARSET=utf8;
/*!40101 SET character_set_client = @saved_cs_client */;

--
-- Dumping data for table `vtiger_mailmanager_mailrel`
--

LOCK TABLES `vtiger_mailmanager_mailrel` WRITE;
/*!40000 ALTER TABLE `vtiger_mailmanager_mailrel` DISABLE KEYS */;
/*!40000 ALTER TABLE `vtiger_mailmanager_mailrel` ENABLE KEYS */;
UNLOCK TABLES;

--
-- Table structure for table `vtiger_mailscanner`
--

DROP TABLE IF EXISTS `vtiger_mailscanner`;
/*!40101 SET @saved_cs_client     = @@character_set_client */;
/*!40101 SET character_set_client = utf8 */;
CREATE TABLE `vtiger_mailscanner` (
  `scannerid` int(11) NOT NULL AUTO_INCREMENT,
  `scannername` varchar(30) DEFAULT NULL,
  `server` varchar(100) DEFAULT NULL,
  `protocol` varchar(10) DEFAULT NULL,
  `username` varchar(255) DEFAULT NULL,
  `password` varchar(255) DEFAULT NULL,
  `ssltype` varchar(10) DEFAULT NULL,
  `sslmethod` varchar(30) DEFAULT NULL,
  `connecturl` varchar(255) DEFAULT NULL,
  `searchfor` varchar(10) DEFAULT NULL,
  `markas` varchar(10) DEFAULT NULL,
  `isvalid` int(1) DEFAULT NULL,
  `scanfrom` varchar(10) DEFAULT 'ALL',
  `time_zone` varchar(10) DEFAULT NULL,
  PRIMARY KEY (`scannerid`)
) ENGINE=InnoDB DEFAULT CHARSET=utf8;
/*!40101 SET character_set_client = @saved_cs_client */;

--
-- Dumping data for table `vtiger_mailscanner`
--

LOCK TABLES `vtiger_mailscanner` WRITE;
/*!40000 ALTER TABLE `vtiger_mailscanner` DISABLE KEYS */;
/*!40000 ALTER TABLE `vtiger_mailscanner` ENABLE KEYS */;
UNLOCK TABLES;

--
-- Table structure for table `vtiger_mailscanner_actions`
--

DROP TABLE IF EXISTS `vtiger_mailscanner_actions`;
/*!40101 SET @saved_cs_client     = @@character_set_client */;
/*!40101 SET character_set_client = utf8 */;
CREATE TABLE `vtiger_mailscanner_actions` (
  `actionid` int(11) NOT NULL AUTO_INCREMENT,
  `scannerid` int(11) DEFAULT NULL,
  `actiontype` varchar(10) DEFAULT NULL,
  `module` varchar(30) DEFAULT NULL,
  `lookup` varchar(30) DEFAULT NULL,
  `sequence` int(11) DEFAULT NULL,
  PRIMARY KEY (`actionid`)
) ENGINE=InnoDB DEFAULT CHARSET=utf8;
/*!40101 SET character_set_client = @saved_cs_client */;

--
-- Dumping data for table `vtiger_mailscanner_actions`
--

LOCK TABLES `vtiger_mailscanner_actions` WRITE;
/*!40000 ALTER TABLE `vtiger_mailscanner_actions` DISABLE KEYS */;
/*!40000 ALTER TABLE `vtiger_mailscanner_actions` ENABLE KEYS */;
UNLOCK TABLES;

--
-- Table structure for table `vtiger_mailscanner_folders`
--

DROP TABLE IF EXISTS `vtiger_mailscanner_folders`;
/*!40101 SET @saved_cs_client     = @@character_set_client */;
/*!40101 SET character_set_client = utf8 */;
CREATE TABLE `vtiger_mailscanner_folders` (
  `folderid` int(11) NOT NULL AUTO_INCREMENT,
  `scannerid` int(11) DEFAULT NULL,
  `foldername` varchar(255) DEFAULT NULL,
  `lastscan` varchar(30) DEFAULT NULL,
  `rescan` int(1) DEFAULT NULL,
  `enabled` int(1) DEFAULT NULL,
  PRIMARY KEY (`folderid`),
  KEY `folderid_idx` (`folderid`)
) ENGINE=InnoDB DEFAULT CHARSET=utf8;
/*!40101 SET character_set_client = @saved_cs_client */;

--
-- Dumping data for table `vtiger_mailscanner_folders`
--

LOCK TABLES `vtiger_mailscanner_folders` WRITE;
/*!40000 ALTER TABLE `vtiger_mailscanner_folders` DISABLE KEYS */;
/*!40000 ALTER TABLE `vtiger_mailscanner_folders` ENABLE KEYS */;
UNLOCK TABLES;

--
-- Table structure for table `vtiger_mailscanner_ids`
--

DROP TABLE IF EXISTS `vtiger_mailscanner_ids`;
/*!40101 SET @saved_cs_client     = @@character_set_client */;
/*!40101 SET character_set_client = utf8 */;
CREATE TABLE `vtiger_mailscanner_ids` (
  `scannerid` int(11) DEFAULT NULL,
  `messageid` varchar(512) DEFAULT NULL,
  `crmid` int(11) DEFAULT NULL,
  `refids` text,
  KEY `scanner_message_ids_idx` (`scannerid`,`messageid`),
  KEY `messageids_crmid_idx` (`crmid`)
) ENGINE=InnoDB DEFAULT CHARSET=utf8;
/*!40101 SET character_set_client = @saved_cs_client */;

--
-- Dumping data for table `vtiger_mailscanner_ids`
--

LOCK TABLES `vtiger_mailscanner_ids` WRITE;
/*!40000 ALTER TABLE `vtiger_mailscanner_ids` DISABLE KEYS */;
INSERT INTO `vtiger_mailscanner_ids` VALUES (NULL,'<3j258ckt4k32.kruowgj0hta@dapper-veil.com>',29,NULL),(NULL,'<2smx9guq4q43.5awpyluhezn4@dapper-veil.com>',29,NULL),(NULL,'<2crtmhaor6xj.1g423uypw6aij@dapper-veil.com>',1074,NULL),(NULL,'<5qcmxna658n.ymw8s5h27ipy@dapper-veil.com>',1076,NULL),(NULL,'<6d21moqcvwcq.2d1yuiznp2ckg@dapper-veil.com>',1078,NULL),(NULL,'<7fmgfu9k18ju.3kryv2m2xh4wg@dapper-veil.com>',1079,NULL),(NULL,'<o8gk6lyxkpa.kdkeq3xmfnqk@dapper-veil.com>',1082,NULL),(NULL,'<1vxryxnao4rb.3swbqt7p8y2o8@dapper-veil.com>',1082,NULL),(NULL,'<56kjyuv7qjdm.2ghvhvcwp5a8g@dapper-veil.com>',1079,NULL),(NULL,'<1ekwkhbn08x0.2ll4qikimq0wc@dapper-veil.com>',1091,NULL),(NULL,'<7fo27vfjjycm.2fh9rgj3rbi80@dapper-veil.com>',1094,NULL),(NULL,'<kci495llaxz.7ouvvho4aynj@dapper-veil.com>',1091,NULL),(NULL,'<1eypw2mimco7.2n29vgawwdogc@dapper-veil.com>',1094,NULL),(NULL,'<1tfdxjv7asvb.ah5a9rig5rju@dapper-veil.com>',1095,NULL),(NULL,'<27277vjbwdk7.2suxmc25v38kg@dapper-veil.com>',1098,NULL),(NULL,'<5gcp8xngoai4.3b8oiulz196o4@dapper-veil.com>',1105,NULL),(NULL,'<7kvvdy2bgvn0.2e6s592ghjdww@dapper-veil.com>',1107,NULL),(NULL,'<6e4nv2npwht9.x5fp3yyu8nrg@dapper-veil.com>',1109,NULL),(NULL,'<9r2ae8kxjxq.bfrrkb9l9xqd@dapper-veil.com>',1111,NULL),(NULL,'<5047j2pw9yge.71jwnvs5trre@dapper-veil.com>',1117,NULL),(NULL,'<5t2r7mmdva9a.1gfx0x1gfj7bg@dapper-veil.com>',1117,NULL),(NULL,'<xqeyoyis46s.3t0jxsxvjlkwg@dapper-veil.com>',1121,NULL),(NULL,'<363cupfmu9mc.2klr4xjqc06c4@dapper-veil.com>',1123,NULL),(NULL,'<5cv3mg5f5eis.krzwtnb8s3e2@dapper-veil.com>',1128,NULL),(NULL,'<19sntg2b7epn.1fzkj4p4bdwhi@dapper-veil.com>',1128,NULL);
/*!40000 ALTER TABLE `vtiger_mailscanner_ids` ENABLE KEYS */;
UNLOCK TABLES;

--
-- Table structure for table `vtiger_mailscanner_ruleactions`
--

DROP TABLE IF EXISTS `vtiger_mailscanner_ruleactions`;
/*!40101 SET @saved_cs_client     = @@character_set_client */;
/*!40101 SET character_set_client = utf8 */;
CREATE TABLE `vtiger_mailscanner_ruleactions` (
  `ruleid` int(11) DEFAULT NULL,
  `actionid` int(11) DEFAULT NULL
) ENGINE=InnoDB DEFAULT CHARSET=utf8;
/*!40101 SET character_set_client = @saved_cs_client */;

--
-- Dumping data for table `vtiger_mailscanner_ruleactions`
--

LOCK TABLES `vtiger_mailscanner_ruleactions` WRITE;
/*!40000 ALTER TABLE `vtiger_mailscanner_ruleactions` DISABLE KEYS */;
/*!40000 ALTER TABLE `vtiger_mailscanner_ruleactions` ENABLE KEYS */;
UNLOCK TABLES;

--
-- Table structure for table `vtiger_mailscanner_rules`
--

DROP TABLE IF EXISTS `vtiger_mailscanner_rules`;
/*!40101 SET @saved_cs_client     = @@character_set_client */;
/*!40101 SET character_set_client = utf8 */;
CREATE TABLE `vtiger_mailscanner_rules` (
  `ruleid` int(11) NOT NULL AUTO_INCREMENT,
  `scannerid` int(11) DEFAULT NULL,
  `fromaddress` varchar(255) DEFAULT NULL,
  `toaddress` varchar(255) DEFAULT NULL,
  `subjectop` varchar(20) DEFAULT NULL,
  `subject` varchar(255) DEFAULT NULL,
  `bodyop` varchar(20) DEFAULT NULL,
  `body` varchar(255) DEFAULT NULL,
  `matchusing` varchar(5) DEFAULT NULL,
  `sequence` int(11) DEFAULT NULL,
  `assigned_to` int(10) DEFAULT NULL,
  `cc` varchar(255) DEFAULT NULL,
  `bcc` varchar(255) DEFAULT NULL,
  PRIMARY KEY (`ruleid`)
) ENGINE=InnoDB DEFAULT CHARSET=utf8;
/*!40101 SET character_set_client = @saved_cs_client */;

--
-- Dumping data for table `vtiger_mailscanner_rules`
--

LOCK TABLES `vtiger_mailscanner_rules` WRITE;
/*!40000 ALTER TABLE `vtiger_mailscanner_rules` DISABLE KEYS */;
/*!40000 ALTER TABLE `vtiger_mailscanner_rules` ENABLE KEYS */;
UNLOCK TABLES;

--
-- Table structure for table `vtiger_manufacturer`
--

DROP TABLE IF EXISTS `vtiger_manufacturer`;
/*!40101 SET @saved_cs_client     = @@character_set_client */;
/*!40101 SET character_set_client = utf8 */;
CREATE TABLE `vtiger_manufacturer` (
  `manufacturerid` int(19) NOT NULL AUTO_INCREMENT,
  `manufacturer` varchar(200) NOT NULL,
  `presence` int(1) NOT NULL DEFAULT '1',
  `picklist_valueid` int(19) NOT NULL DEFAULT '0',
  `sortorderid` int(11) DEFAULT NULL,
  `color` varchar(10) DEFAULT NULL,
  PRIMARY KEY (`manufacturerid`),
  UNIQUE KEY `manufacturer_manufacturer_idx` (`manufacturer`)
) ENGINE=InnoDB AUTO_INCREMENT=5 DEFAULT CHARSET=utf8;
/*!40101 SET character_set_client = @saved_cs_client */;

--
-- Dumping data for table `vtiger_manufacturer`
--

LOCK TABLES `vtiger_manufacturer` WRITE;
/*!40000 ALTER TABLE `vtiger_manufacturer` DISABLE KEYS */;
INSERT INTO `vtiger_manufacturer` VALUES (2,'AltvetPet Inc.',1,124,1,NULL),(3,'LexPon Inc.',1,125,2,NULL),(4,'MetBeat Corp',1,126,3,NULL);
/*!40000 ALTER TABLE `vtiger_manufacturer` ENABLE KEYS */;
UNLOCK TABLES;

--
-- Table structure for table `vtiger_manufacturer_seq`
--

DROP TABLE IF EXISTS `vtiger_manufacturer_seq`;
/*!40101 SET @saved_cs_client     = @@character_set_client */;
/*!40101 SET character_set_client = utf8 */;
CREATE TABLE `vtiger_manufacturer_seq` (
  `id` int(11) NOT NULL
) ENGINE=InnoDB DEFAULT CHARSET=utf8;
/*!40101 SET character_set_client = @saved_cs_client */;

--
-- Dumping data for table `vtiger_manufacturer_seq`
--

LOCK TABLES `vtiger_manufacturer_seq` WRITE;
/*!40000 ALTER TABLE `vtiger_manufacturer_seq` DISABLE KEYS */;
INSERT INTO `vtiger_manufacturer_seq` VALUES (4);
/*!40000 ALTER TABLE `vtiger_manufacturer_seq` ENABLE KEYS */;
UNLOCK TABLES;

--
-- Table structure for table `vtiger_mobile_alerts`
--

DROP TABLE IF EXISTS `vtiger_mobile_alerts`;
/*!40101 SET @saved_cs_client     = @@character_set_client */;
/*!40101 SET character_set_client = utf8 */;
CREATE TABLE `vtiger_mobile_alerts` (
  `id` int(11) NOT NULL AUTO_INCREMENT,
  `handler_path` varchar(500) DEFAULT NULL,
  `handler_class` varchar(50) DEFAULT NULL,
  `sequence` int(11) DEFAULT NULL,
  `deleted` int(11) NOT NULL DEFAULT '0',
  PRIMARY KEY (`id`)
) ENGINE=InnoDB AUTO_INCREMENT=8 DEFAULT CHARSET=utf8;
/*!40101 SET character_set_client = @saved_cs_client */;

--
-- Dumping data for table `vtiger_mobile_alerts`
--

LOCK TABLES `vtiger_mobile_alerts` WRITE;
/*!40000 ALTER TABLE `vtiger_mobile_alerts` DISABLE KEYS */;
INSERT INTO `vtiger_mobile_alerts` VALUES (1,'modules/Mobile/api/ws/models/alerts/IdleTicketsOfMine.php','Mobile_WS_AlertModel_IdleTicketsOfMine',NULL,0),(2,'modules/Mobile/api/ws/models/alerts/NewTicketOfMine.php','Mobile_WS_AlertModel_NewTicketOfMine',NULL,0),(3,'modules/Mobile/api/ws/models/alerts/PendingTicketsOfMine.php','Mobile_WS_AlertModel_PendingTicketsOfMine',NULL,0),(4,'modules/Mobile/api/ws/models/alerts/PotentialsDueIn5Days.php','Mobile_WS_AlertModel_PotentialsDueIn5Days',NULL,0),(5,'modules/Mobile/api/ws/models/alerts/EventsOfMineToday.php','Mobile_WS_AlertModel_EventsOfMineToday',NULL,0),(6,'modules/Mobile/api/ws/models/alerts/ProjectTasksOfMine.php','Mobile_WS_AlertModel_ProjectTasksOfMine',NULL,0),(7,'modules/Mobile/api/ws/models/alerts/Projects.php','Mobile_WS_AlertModel_Projects',NULL,0);
/*!40000 ALTER TABLE `vtiger_mobile_alerts` ENABLE KEYS */;
UNLOCK TABLES;

--
-- Table structure for table `vtiger_modcomments`
--

DROP TABLE IF EXISTS `vtiger_modcomments`;
/*!40101 SET @saved_cs_client     = @@character_set_client */;
/*!40101 SET character_set_client = utf8 */;
CREATE TABLE `vtiger_modcomments` (
  `modcommentsid` int(11) DEFAULT NULL,
  `commentcontent` text,
  `related_to` int(19) DEFAULT NULL,
  `parent_comments` int(19) DEFAULT NULL,
  `customer` int(19) DEFAULT NULL,
  `userid` int(19) DEFAULT NULL,
  `reasontoedit` varchar(100) DEFAULT NULL,
  `is_private` int(1) DEFAULT '0',
  `filename` varchar(255) DEFAULT NULL,
  `related_email_id` int(11) DEFAULT NULL,
  KEY `relatedto_idx` (`related_to`),
  KEY `fk_crmid_vtiger_modcomments` (`modcommentsid`),
  CONSTRAINT `fk_crmid_vtiger_modcomments` FOREIGN KEY (`modcommentsid`) REFERENCES `vtiger_crmentity` (`crmid`) ON DELETE CASCADE
) ENGINE=InnoDB DEFAULT CHARSET=utf8;
/*!40101 SET character_set_client = @saved_cs_client */;

--
-- Dumping data for table `vtiger_modcomments`
--

LOCK TABLES `vtiger_modcomments` WRITE;
/*!40000 ALTER TABLE `vtiger_modcomments` DISABLE KEYS */;
INSERT INTO `vtiger_modcomments` VALUES (1072,'ESTA PERSONA ESTA INTERESADA EN EL ACNE',1074,0,0,5,'',0,'0',0),(1073,'LA LLAME POR SEGUNDA VEZ Y NO ME CONTESTO',1074,0,0,5,'',0,'0',0);
/*!40000 ALTER TABLE `vtiger_modcomments` ENABLE KEYS */;
UNLOCK TABLES;

--
-- Table structure for table `vtiger_modcommentscf`
--

DROP TABLE IF EXISTS `vtiger_modcommentscf`;
/*!40101 SET @saved_cs_client     = @@character_set_client */;
/*!40101 SET character_set_client = utf8 */;
CREATE TABLE `vtiger_modcommentscf` (
  `modcommentsid` int(11) NOT NULL,
  PRIMARY KEY (`modcommentsid`),
  CONSTRAINT `fk_modcommentsid_vtiger_modcommentscf` FOREIGN KEY (`modcommentsid`) REFERENCES `vtiger_modcomments` (`modcommentsid`) ON DELETE CASCADE
) ENGINE=InnoDB DEFAULT CHARSET=utf8;
/*!40101 SET character_set_client = @saved_cs_client */;

--
-- Dumping data for table `vtiger_modcommentscf`
--

LOCK TABLES `vtiger_modcommentscf` WRITE;
/*!40000 ALTER TABLE `vtiger_modcommentscf` DISABLE KEYS */;
INSERT INTO `vtiger_modcommentscf` VALUES (1072),(1073);
/*!40000 ALTER TABLE `vtiger_modcommentscf` ENABLE KEYS */;
UNLOCK TABLES;

--
-- Table structure for table `vtiger_modentity_num`
--

DROP TABLE IF EXISTS `vtiger_modentity_num`;
/*!40101 SET @saved_cs_client     = @@character_set_client */;
/*!40101 SET character_set_client = utf8 */;
CREATE TABLE `vtiger_modentity_num` (
  `num_id` int(19) NOT NULL,
  `semodule` varchar(100) DEFAULT NULL,
  `prefix` varchar(50) NOT NULL DEFAULT '',
  `start_id` varchar(50) NOT NULL,
  `cur_id` varchar(50) NOT NULL,
  `active` varchar(2) NOT NULL,
  PRIMARY KEY (`num_id`),
  UNIQUE KEY `num_idx` (`num_id`),
  KEY `semodule_active_idx` (`semodule`,`active`)
) ENGINE=InnoDB DEFAULT CHARSET=utf8;
/*!40101 SET character_set_client = @saved_cs_client */;

--
-- Dumping data for table `vtiger_modentity_num`
--

LOCK TABLES `vtiger_modentity_num` WRITE;
/*!40000 ALTER TABLE `vtiger_modentity_num` DISABLE KEYS */;
INSERT INTO `vtiger_modentity_num` VALUES (1,'Leads','LEA','1','37','1'),(2,'Accounts','ACC','1','2','1'),(3,'Campaigns','CAM','1','1','1'),(4,'Contacts','CON','1','1063','1'),(5,'Potentials','POT','1','1','1'),(6,'HelpDesk','TT','1','1','1'),(7,'Quotes','QUO','1','1','1'),(8,'SalesOrder','SO','1','17','1'),(9,'PurchaseOrder','PO','1','1','1'),(10,'Invoice','INV','1','1','1'),(11,'Products','PRO','1','11','1'),(12,'Vendors','VEN','1','1','1'),(13,'PriceBooks','PB','1','3','1'),(14,'Faq','FAQ','1','1','1'),(15,'Documents','DOC','1','1','1'),(16,'Services','SER','1','1','1'),(17,'ServiceContracts','SERCON','1','1','1'),(18,'ProjectMilestone','PM','1','1','1'),(19,'ProjectTask','PT','1','1','1'),(20,'Project','PROJ','1','1','1'),(21,'Assets','ASSET','1','1','1');
/*!40000 ALTER TABLE `vtiger_modentity_num` ENABLE KEYS */;
UNLOCK TABLES;

--
-- Table structure for table `vtiger_modentity_num_seq`
--

DROP TABLE IF EXISTS `vtiger_modentity_num_seq`;
/*!40101 SET @saved_cs_client     = @@character_set_client */;
/*!40101 SET character_set_client = utf8 */;
CREATE TABLE `vtiger_modentity_num_seq` (
  `id` int(11) NOT NULL
) ENGINE=InnoDB DEFAULT CHARSET=utf8;
/*!40101 SET character_set_client = @saved_cs_client */;

--
-- Dumping data for table `vtiger_modentity_num_seq`
--

LOCK TABLES `vtiger_modentity_num_seq` WRITE;
/*!40000 ALTER TABLE `vtiger_modentity_num_seq` DISABLE KEYS */;
INSERT INTO `vtiger_modentity_num_seq` VALUES (21);
/*!40000 ALTER TABLE `vtiger_modentity_num_seq` ENABLE KEYS */;
UNLOCK TABLES;

--
-- Table structure for table `vtiger_modtracker_basic`
--

DROP TABLE IF EXISTS `vtiger_modtracker_basic`;
/*!40101 SET @saved_cs_client     = @@character_set_client */;
/*!40101 SET character_set_client = utf8 */;
CREATE TABLE `vtiger_modtracker_basic` (
  `id` int(20) NOT NULL,
  `crmid` int(20) DEFAULT NULL,
  `module` varchar(50) DEFAULT NULL,
  `whodid` int(20) DEFAULT NULL,
  `changedon` datetime DEFAULT NULL,
  `status` int(1) DEFAULT '0',
  PRIMARY KEY (`id`),
  KEY `crmidx` (`crmid`),
  KEY `idx` (`id`)
) ENGINE=InnoDB DEFAULT CHARSET=utf8;
/*!40101 SET character_set_client = @saved_cs_client */;

--
-- Dumping data for table `vtiger_modtracker_basic`
--

LOCK TABLES `vtiger_modtracker_basic` WRITE;
/*!40000 ALTER TABLE `vtiger_modtracker_basic` DISABLE KEYS */;
INSERT INTO `vtiger_modtracker_basic` VALUES (1,5,'Contacts',NULL,'2021-08-21 17:43:15',2),(2,6,'Contacts',NULL,'2021-08-21 17:43:19',2),(3,7,'Leads',NULL,'2021-08-21 17:45:52',2),(4,8,'Leads',NULL,'2021-08-21 17:46:02',2),(5,7,'Leads',1,'2021-08-26 21:24:50',1),(6,9,'Accounts',1,'2021-09-09 14:10:27',2),(7,5,'Contacts',1,'2021-09-09 14:16:37',0),(8,5,'Contacts',1,'2021-09-17 00:33:39',0),(9,5,'Contacts',1,'2021-09-17 01:34:05',0),(10,10,'Contacts',1,'2021-11-25 20:28:55',2),(11,11,'Leads',1,'2021-11-26 01:24:59',2),(12,12,'Contacts',1,'2021-11-26 01:36:03',2),(13,14,'Products',1,'2022-01-21 21:34:00',2),(14,15,'Products',1,'2022-01-21 21:34:38',2),(15,16,'Products',1,'2022-01-21 21:35:00',2),(16,17,'Products',1,'2022-01-21 21:35:32',2),(17,18,'Products',1,'2022-01-21 21:36:01',2),(18,19,'Products',1,'2022-01-21 21:36:23',2),(19,20,'Products',1,'2022-01-21 21:36:44',2),(20,21,'Products',1,'2022-01-21 21:37:04',2),(21,10,'Contacts',1,'2022-01-21 21:47:20',0),(22,10,'Contacts',1,'2022-01-22 00:00:21',0),(23,10,'Contacts',1,'2022-01-22 00:00:45',0),(24,10,'Contacts',1,'2022-01-22 00:01:35',0),(25,10,'Contacts',1,'2022-01-22 00:01:38',0),(26,22,'Leads',NULL,'2022-01-25 22:15:59',2),(27,11,'Leads',1,'2022-01-25 23:18:52',1),(28,8,'Leads',1,'2022-01-25 23:18:52',1),(29,10,'Contacts',1,'2022-01-25 23:19:28',1),(30,12,'Contacts',1,'2022-01-25 23:19:28',1),(31,5,'Contacts',1,'2022-01-25 23:19:28',1),(32,6,'Contacts',1,'2022-01-25 23:19:28',1),(33,23,'Leads',NULL,'2022-01-26 00:34:58',2),(34,24,'Leads',NULL,'2022-01-26 14:29:43',2),(35,25,'Leads',NULL,'2022-01-26 14:52:06',2),(36,25,'Leads',1,'2022-01-26 16:07:38',1),(37,24,'Leads',1,'2022-01-26 16:07:38',1),(38,23,'Leads',1,'2022-01-26 16:07:38',1),(39,22,'Leads',1,'2022-01-26 16:07:38',1),(40,26,'Leads',NULL,'2022-01-27 18:42:15',2),(41,27,'Leads',NULL,'2022-01-28 16:22:08',2),(42,27,'Leads',1,'2022-01-29 15:44:28',1),(43,26,'Leads',1,'2022-01-29 15:44:28',1),(44,28,'Leads',NULL,'2022-01-30 21:04:10',2),(45,29,'Contacts',1,'2022-02-02 16:02:01',2),(46,30,'Emails',NULL,'2022-02-02 16:05:01',2),(47,29,'Contacts',1,'2022-02-02 16:05:02',4),(48,29,'Contacts',1,'2022-02-02 16:08:10',0),(49,31,'Emails',NULL,'2022-02-02 16:20:01',2),(50,29,'Contacts',1,'2022-02-02 16:20:03',4),(51,28,'Leads',1,'2022-02-03 19:53:12',0),(52,28,'Leads',1,'2022-02-03 22:20:08',1),(53,1059,'Leads',NULL,'2022-02-08 13:48:35',2),(54,1060,'Leads',NULL,'2022-02-08 14:24:13',2),(55,1061,'Leads',NULL,'2022-02-09 07:58:20',2),(56,1062,'Leads',NULL,'2022-02-10 12:18:37',2),(57,1063,'Leads',NULL,'2022-02-11 13:39:16',2),(58,1064,'Leads',NULL,'2022-02-14 16:23:14',2),(59,1061,'Leads',5,'2022-02-15 03:24:23',1),(60,1062,'Leads',5,'2022-02-15 03:24:23',1),(61,1063,'Leads',5,'2022-02-15 03:24:23',1),(62,1064,'Leads',5,'2022-02-15 03:24:23',1),(63,1060,'Leads',5,'2022-02-15 03:24:49',1),(64,1065,'Leads',NULL,'2022-02-15 08:40:40',2),(65,1065,'Leads',1,'2022-02-15 14:37:03',1),(66,1066,'Leads',NULL,'2022-02-15 22:12:28',2),(67,1067,'Leads',NULL,'2022-02-16 00:16:21',2),(68,1068,'Leads',NULL,'2022-02-23 10:14:45',2),(69,1069,'Leads',NULL,'2022-02-23 16:13:50',2),(70,1069,'Leads',1,'2022-02-25 15:28:53',1),(71,1068,'Leads',1,'2022-02-25 15:28:53',1),(72,1067,'Leads',1,'2022-02-25 15:28:53',1),(73,1066,'Leads',1,'2022-02-25 15:28:53',1),(74,1070,'Calendar',5,'2022-02-25 15:36:19',2),(75,1059,'Leads',5,'2022-02-25 15:36:19',4),(76,1071,'Leads',5,'2022-02-25 15:39:29',2),(77,1071,'Leads',5,'2022-02-25 15:40:41',4),(78,1072,'ModComments',5,'2022-02-25 15:40:41',2),(79,1071,'Leads',5,'2022-02-25 15:41:03',4),(80,1073,'ModComments',5,'2022-02-25 15:41:03',2),(81,1074,'Contacts',5,'2022-02-25 15:46:25',2),(82,1074,'Contacts',5,'2022-02-25 15:47:04',4),(83,1075,'Emails',NULL,'2022-02-25 15:55:03',2),(84,1074,'Contacts',1,'2022-02-25 15:55:03',4),(85,1059,'Leads',1,'2022-02-25 16:07:16',0),(86,1076,'Contacts',5,'2022-02-25 18:51:52',2),(87,1076,'Contacts',5,'2022-02-25 18:53:07',4),(88,1077,'Emails',NULL,'2022-02-25 18:55:02',2),(89,1076,'Contacts',1,'2022-02-25 18:55:02',4),(90,1078,'Contacts',5,'2022-02-25 18:58:24',2),(91,1078,'Contacts',5,'2022-02-25 18:59:21',4),(92,1078,'Contacts',5,'2022-02-25 18:59:21',4),(93,1079,'Contacts',5,'2022-02-25 19:02:23',2),(94,1080,'Emails',NULL,'2022-02-25 19:10:02',2),(95,1078,'Contacts',1,'2022-02-25 19:10:02',4),(96,1081,'Emails',NULL,'2022-02-25 19:10:02',2),(97,1079,'Contacts',1,'2022-02-25 19:10:02',4),(98,1082,'Contacts',5,'2022-02-25 19:11:58',2),(99,1082,'Contacts',5,'2022-02-25 19:21:15',4),(100,1079,'Contacts',5,'2022-02-25 19:22:37',4),(101,1079,'Contacts',5,'2022-02-25 19:22:37',4),(102,1083,'Emails',NULL,'2022-02-25 19:25:01',2),(103,1082,'Contacts',1,'2022-02-25 19:25:02',4),(104,1082,'Contacts',5,'2022-02-25 19:41:28',0),(105,1082,'Contacts',5,'2022-02-25 19:41:55',5),(106,1079,'Contacts',5,'2022-02-25 19:42:12',5),(107,1079,'Contacts',5,'2022-02-25 19:42:16',5),(108,1078,'Contacts',5,'2022-02-25 19:42:30',5),(109,1078,'Contacts',5,'2022-02-25 19:42:34',5),(110,1076,'Contacts',5,'2022-02-25 19:42:48',5),(111,1084,'SalesOrder',5,'2022-02-25 19:51:41',2),(112,1076,'Contacts',5,'2022-02-25 19:51:41',4),(113,19,'Products',5,'2022-02-25 19:54:45',0),(114,1085,'Emails',NULL,'2022-02-25 19:55:02',2),(115,1082,'Contacts',1,'2022-02-25 19:55:03',4),(116,21,'Products',5,'2022-02-25 19:56:13',0),(117,18,'Products',5,'2022-02-25 19:56:30',0),(118,1086,'SalesOrder',5,'2022-02-25 20:00:46',2),(119,1079,'Contacts',5,'2022-02-25 20:00:46',4),(120,1079,'Contacts',5,'2022-02-25 20:01:30',0),(121,1087,'SalesOrder',5,'2022-02-25 20:03:36',2),(122,1082,'Contacts',5,'2022-02-25 20:03:36',4),(123,1088,'SalesOrder',5,'2022-02-25 20:05:44',2),(124,1078,'Contacts',5,'2022-02-25 20:05:44',4),(125,1089,'Emails',NULL,'2022-02-25 20:10:02',2),(126,1079,'Contacts',1,'2022-02-25 20:10:02',4),(127,1090,'Leads',NULL,'2022-02-26 00:02:00',2),(128,1091,'Contacts',5,'2022-02-26 20:35:42',2),(129,1092,'Emails',NULL,'2022-02-26 20:40:04',2),(130,1091,'Contacts',1,'2022-02-26 20:40:04',4),(131,1093,'SalesOrder',5,'2022-02-26 20:40:13',2),(132,1091,'Contacts',5,'2022-02-26 20:40:13',4),(133,1094,'Contacts',5,'2022-02-26 20:42:31',2),(134,1091,'Contacts',5,'2022-02-26 20:43:15',0),(135,1094,'Contacts',5,'2022-02-26 20:44:05',0),(136,1095,'Contacts',5,'2022-02-26 20:46:55',2),(137,1096,'SalesOrder',5,'2022-02-26 20:48:40',2),(138,1094,'Contacts',5,'2022-02-26 20:48:40',4),(139,1097,'SalesOrder',5,'2022-02-26 20:50:10',2),(140,1095,'Contacts',5,'2022-02-26 20:50:10',4),(141,1098,'Contacts',5,'2022-02-26 20:54:40',2),(142,1099,'Emails',NULL,'2022-02-26 20:55:02',2),(143,1094,'Contacts',1,'2022-02-26 20:55:02',4),(144,1100,'Emails',NULL,'2022-02-26 20:55:03',2),(145,1091,'Contacts',1,'2022-02-26 20:55:03',4),(146,1101,'Emails',NULL,'2022-02-26 20:55:03',2),(147,1094,'Contacts',1,'2022-02-26 20:55:03',4),(148,1102,'Emails',NULL,'2022-02-26 20:55:03',2),(149,1095,'Contacts',1,'2022-02-26 20:55:03',4),(150,1103,'Emails',NULL,'2022-02-26 20:55:03',2),(151,1098,'Contacts',1,'2022-02-26 20:55:03',4),(152,1104,'SalesOrder',5,'2022-02-26 20:55:38',2),(153,1098,'Contacts',5,'2022-02-26 20:55:38',4),(154,1105,'Contacts',5,'2022-02-26 20:57:37',2),(155,1106,'SalesOrder',5,'2022-02-26 20:58:45',2),(156,1105,'Contacts',5,'2022-02-26 20:58:46',4),(157,1107,'Contacts',5,'2022-02-26 21:02:11',2),(158,1108,'SalesOrder',5,'2022-02-26 21:03:03',2),(159,1107,'Contacts',5,'2022-02-26 21:03:03',4),(160,1109,'Contacts',5,'2022-02-26 21:05:10',2),(161,1110,'SalesOrder',5,'2022-02-26 21:07:24',2),(162,1109,'Contacts',5,'2022-02-26 21:07:25',4),(163,1111,'Contacts',5,'2022-02-26 21:09:47',2),(164,1112,'Emails',NULL,'2022-02-26 21:10:04',2),(165,1105,'Contacts',1,'2022-02-26 21:10:04',4),(166,1113,'Emails',NULL,'2022-02-26 21:10:04',2),(167,1107,'Contacts',1,'2022-02-26 21:10:04',4),(168,1114,'Emails',NULL,'2022-02-26 21:10:05',2),(169,1109,'Contacts',1,'2022-02-26 21:10:05',4),(170,1115,'Emails',NULL,'2022-02-26 21:10:05',2),(171,1111,'Contacts',1,'2022-02-26 21:10:06',4),(172,1116,'SalesOrder',5,'2022-02-26 21:10:42',2),(173,1111,'Contacts',5,'2022-02-26 21:10:43',4),(174,1117,'Contacts',5,'2022-02-26 21:20:17',2),(175,1117,'Contacts',5,'2022-02-26 21:20:51',0),(176,1118,'SalesOrder',5,'2022-02-26 21:22:00',2),(177,1117,'Contacts',5,'2022-02-26 21:22:00',4),(178,1119,'Emails',NULL,'2022-02-26 21:25:02',2),(179,1117,'Contacts',1,'2022-02-26 21:25:02',4),(180,1120,'Emails',NULL,'2022-02-26 21:25:02',2),(181,1117,'Contacts',1,'2022-02-26 21:25:02',4),(182,1121,'Contacts',5,'2022-02-26 21:27:14',2),(183,1122,'SalesOrder',5,'2022-02-26 21:28:42',2),(184,1121,'Contacts',5,'2022-02-26 21:28:42',4),(185,1123,'Contacts',5,'2022-02-26 21:31:13',2),(186,1124,'SalesOrder',5,'2022-02-26 21:33:26',2),(187,1123,'Contacts',5,'2022-02-26 21:33:26',4),(188,1084,'SalesOrder',5,'2022-02-26 21:35:52',0),(189,1125,'Emails',NULL,'2022-02-26 21:40:04',2),(190,1121,'Contacts',1,'2022-02-26 21:40:04',4),(191,1126,'Emails',NULL,'2022-02-26 21:40:04',2),(192,1123,'Contacts',1,'2022-02-26 21:40:04',4),(193,1127,'Leads',NULL,'2022-03-01 15:46:29',2),(194,1128,'Leads',1,'2022-03-05 00:15:40',2),(195,1129,'Emails',1,'2022-03-05 00:16:04',2),(196,1128,'Leads',1,'2022-03-05 00:16:04',4),(197,1128,'Leads',1,'2022-03-05 03:18:38',0),(198,1128,'Leads',1,'2022-03-05 03:27:16',0),(199,1130,'Emails',NULL,'2022-03-05 03:30:02',2),(200,1128,'Leads',1,'2022-03-05 03:30:03',4),(201,1131,'Leads',NULL,'2022-03-07 10:58:41',2),(202,1128,'Leads',1,'2022-03-07 22:33:11',1),(203,1132,'Leads',NULL,'2022-03-08 09:04:11',2),(204,1090,'Leads',1,'2022-03-10 02:38:20',1),(205,1127,'Leads',1,'2022-03-10 02:38:20',1),(206,1131,'Leads',1,'2022-03-10 02:38:20',1),(207,1132,'Leads',1,'2022-03-10 02:38:20',1),(208,1133,'Leads',NULL,'2022-03-13 10:39:53',2),(209,1134,'Leads',NULL,'2022-03-15 05:42:09',2),(210,1135,'Leads',NULL,'2022-03-17 15:37:42',2),(211,1136,'Leads',NULL,'2022-03-17 16:11:18',2),(212,1137,'Leads',NULL,'2022-03-17 17:38:19',2),(213,1138,'Leads',NULL,'2022-03-17 19:22:34',2),(214,1139,'Leads',NULL,'2022-03-17 20:26:25',2),(215,1140,'Leads',NULL,'2022-03-19 14:27:53',2),(216,1141,'Leads',NULL,'2022-03-19 14:35:03',2),(217,1142,'Products',1,'2022-05-08 00:13:32',2),(218,1142,'Products',1,'2022-05-08 00:18:23',0),(219,19,'Products',1,'2022-05-08 00:22:59',0),(220,18,'Products',1,'2022-05-08 00:24:16',0),(221,17,'Products',1,'2022-05-08 00:25:49',0),(222,21,'Products',1,'2022-05-08 00:26:00',0),(223,16,'Products',1,'2022-05-08 00:26:51',0),(224,15,'Products',1,'2022-05-08 00:27:42',0),(225,14,'Products',1,'2022-05-08 00:28:49',0),(226,1143,'Products',1,'2022-05-08 00:31:38',2),(227,20,'Products',1,'2022-05-08 00:32:57',0),(228,20,'Products',1,'2022-05-08 00:33:25',0),(229,1144,'PriceBooks',1,'2022-05-08 00:35:01',2),(230,1139,'Leads',1,'2022-05-08 00:44:25',1),(231,1138,'Leads',1,'2022-05-08 00:44:25',1),(232,1137,'Leads',1,'2022-05-08 00:44:26',1),(233,1136,'Leads',1,'2022-05-08 00:44:26',1),(234,1135,'Leads',1,'2022-05-08 00:44:26',1),(235,1141,'Leads',1,'2022-05-08 00:44:37',1),(236,1140,'Leads',1,'2022-05-08 00:45:00',1),(237,20,'Products',1,'2022-05-08 02:01:19',4),(238,18,'Products',1,'2022-05-08 02:04:48',0),(239,1145,'PriceBooks',1,'2022-05-08 02:10:47',2),(240,1121,'Contacts',1,'2022-05-08 02:25:09',4),(241,1121,'Contacts',1,'2022-05-08 02:25:55',5),(242,19,'Products',1,'2022-05-08 02:56:02',0),(243,17,'Products',1,'2022-05-08 02:56:36',0),(244,1142,'Products',1,'2022-05-08 02:56:36',0),(245,16,'Products',1,'2022-05-08 02:56:36',0),(246,20,'Products',1,'2022-05-08 02:56:36',0),(247,15,'Products',1,'2022-05-08 02:56:36',0),(248,14,'Products',1,'2022-05-08 02:56:36',0),(249,19,'Products',1,'2022-05-08 02:57:40',0),(250,18,'Products',1,'2022-05-08 02:57:40',0),(251,21,'Products',1,'2022-05-08 02:57:40',0),(252,1143,'Products',1,'2022-05-08 02:57:40',0),(253,19,'Products',1,'2022-05-08 02:59:59',4),(254,19,'Products',1,'2022-05-08 03:00:46',4),(255,18,'Products',1,'2022-05-08 03:02:27',4),(256,18,'Products',1,'2022-05-08 03:02:48',4),(257,1143,'Products',1,'2022-05-08 03:03:51',4),(258,1143,'Products',1,'2022-05-08 03:04:08',4),(259,21,'Products',1,'2022-05-08 03:05:36',4),(260,21,'Products',1,'2022-05-08 03:05:53',4),(261,1146,'Contacts',1,'2022-05-09 21:17:09',2),(262,1146,'Contacts',1,'2022-05-09 21:27:09',1),(263,1147,'Contacts',1,'2022-05-09 21:31:57',2),(264,1147,'Contacts',1,'2022-05-10 01:28:20',1),(265,1148,'Contacts',NULL,'2022-05-10 01:29:06',2),(266,1148,'Contacts',1,'2022-05-10 15:45:56',1),(267,1149,'Contacts',1,'2022-05-10 16:23:38',2),(268,1150,'Contacts',NULL,'2022-05-10 18:05:18',2),(269,1150,'Contacts',1,'2022-05-10 18:18:03',1),(270,1151,'Contacts',NULL,'2022-05-10 18:27:11',2),(271,1151,'Contacts',1,'2022-05-10 19:37:13',1),(272,1149,'Contacts',1,'2022-05-10 19:37:13',1),(273,1152,'Contacts',NULL,'2022-05-10 20:19:47',2),(274,1153,'Contacts',NULL,'2022-05-10 20:21:45',2),(275,1152,'Contacts',1,'2022-05-10 20:27:43',1),(276,1153,'Contacts',1,'2022-05-10 20:27:43',1),(277,1154,'Contacts',1,'2022-05-10 20:35:41',2),(278,1155,'Contacts',NULL,'2022-05-10 20:39:03',2),(279,1155,'Contacts',1,'2022-05-10 20:41:47',1),(280,1154,'Contacts',1,'2022-05-10 20:41:48',1),(281,1156,'Contacts',NULL,'2022-05-10 20:44:20',2),(282,1156,'Contacts',1,'2022-05-11 14:03:55',0),(283,1156,'Contacts',1,'2022-05-11 14:10:15',0),(284,1156,'Contacts',1,'2022-05-11 14:10:26',0),(285,1156,'Contacts',1,'2022-05-11 16:19:41',1),(286,1157,'Contacts',NULL,'2022-05-11 16:20:24',2),(287,1157,'Contacts',1,'2022-05-11 16:23:40',1),(288,1158,'Contacts',NULL,'2022-05-11 16:24:08',2),(289,1158,'Contacts',1,'2022-05-11 16:24:53',1),(290,1159,'Contacts',NULL,'2022-05-11 16:26:17',2),(291,21,'Products',1,'2022-05-13 01:08:18',0),(292,18,'Products',1,'2022-05-13 01:08:42',0),(293,19,'Products',1,'2022-05-13 01:09:13',0),(294,15,'Products',1,'2022-05-13 01:10:35',0),(295,14,'Products',1,'2022-05-13 01:10:53',0),(296,1084,'SalesOrder',1,'2022-05-13 01:11:15',0),(297,1160,'SalesOrder',1,'2022-05-17 17:11:27',2);
/*!40000 ALTER TABLE `vtiger_modtracker_basic` ENABLE KEYS */;
UNLOCK TABLES;

--
-- Table structure for table `vtiger_modtracker_basic_seq`
--

DROP TABLE IF EXISTS `vtiger_modtracker_basic_seq`;
/*!40101 SET @saved_cs_client     = @@character_set_client */;
/*!40101 SET character_set_client = utf8 */;
CREATE TABLE `vtiger_modtracker_basic_seq` (
  `id` int(11) NOT NULL
) ENGINE=InnoDB DEFAULT CHARSET=utf8;
/*!40101 SET character_set_client = @saved_cs_client */;

--
-- Dumping data for table `vtiger_modtracker_basic_seq`
--

LOCK TABLES `vtiger_modtracker_basic_seq` WRITE;
/*!40000 ALTER TABLE `vtiger_modtracker_basic_seq` DISABLE KEYS */;
INSERT INTO `vtiger_modtracker_basic_seq` VALUES (297);
/*!40000 ALTER TABLE `vtiger_modtracker_basic_seq` ENABLE KEYS */;
UNLOCK TABLES;

--
-- Table structure for table `vtiger_modtracker_detail`
--

DROP TABLE IF EXISTS `vtiger_modtracker_detail`;
/*!40101 SET @saved_cs_client     = @@character_set_client */;
/*!40101 SET character_set_client = utf8 */;
CREATE TABLE `vtiger_modtracker_detail` (
  `id` int(11) DEFAULT NULL,
  `fieldname` varchar(100) DEFAULT NULL,
  `prevalue` text,
  `postvalue` text,
  KEY `idx` (`id`)
) ENGINE=InnoDB DEFAULT CHARSET=utf8;
/*!40101 SET character_set_client = @saved_cs_client */;

--
-- Dumping data for table `vtiger_modtracker_detail`
--

LOCK TABLES `vtiger_modtracker_detail` WRITE;
/*!40000 ALTER TABLE `vtiger_modtracker_detail` DISABLE KEYS */;
INSERT INTO `vtiger_modtracker_detail` VALUES (1,'label',NULL,' Wladimir Diaz'),(1,'contact_no',NULL,'CON1'),(1,'lastname',NULL,'Wladimir Diaz'),(1,'assigned_user_id',NULL,'1'),(1,'createdtime',NULL,'2021-08-21 17:43:15'),(1,'modifiedby',NULL,'1'),(1,'source',NULL,'WEBFORM'),(1,'record_id',NULL,'5'),(1,'record_module',NULL,'Contacts'),(2,'label',NULL,' Sears'),(2,'contact_no',NULL,'CON2'),(2,'lastname',NULL,'Sears'),(2,'assigned_user_id',NULL,'1'),(2,'createdtime',NULL,'2021-08-21 17:43:19'),(2,'modifiedby',NULL,'1'),(2,'source',NULL,'WEBFORM'),(2,'record_id',NULL,'6'),(2,'record_module',NULL,'Contacts'),(3,'label',NULL,' Duque'),(3,'lead_no',NULL,'LEA1'),(3,'lastname',NULL,'Duque'),(3,'annualrevenue',NULL,'0.00000000'),(3,'assigned_user_id',NULL,'1'),(3,'createdtime',NULL,'2021-08-21 17:45:52'),(3,'modifiedby',NULL,'1'),(3,'source',NULL,'WEBFORM'),(3,'record_id',NULL,'7'),(3,'record_module',NULL,'Leads'),(4,'label',NULL,' Wladimir Diaz2'),(4,'lead_no',NULL,'LEA2'),(4,'lastname',NULL,'Wladimir Diaz2'),(4,'annualrevenue',NULL,'0.00000000'),(4,'assigned_user_id',NULL,'1'),(4,'createdtime',NULL,'2021-08-21 17:46:02'),(4,'modifiedby',NULL,'1'),(4,'source',NULL,'WEBFORM'),(4,'record_id',NULL,'8'),(4,'record_module',NULL,'Leads'),(6,'label',NULL,'LA 14'),(6,'accountname',NULL,'LA 14'),(6,'account_no',NULL,'ACC1'),(6,'annual_revenue',NULL,'0.00000000'),(6,'assigned_user_id',NULL,'1'),(6,'createdtime',NULL,'2021-09-09 14:10:27'),(6,'modifiedby',NULL,'1'),(6,'source',NULL,'CRM'),(6,'record_id',NULL,'9'),(6,'record_module',NULL,'Accounts'),(7,'account_id','0','9'),(7,'support_start_date','','2021-09-09'),(7,'support_end_date','','2022-09-09'),(8,'cf_852','','000501'),(8,'cf_854','','40.81'),(8,'cf_856','','-73.04'),(9,'label',' Wladimir Diaz','Wladimir Diaz'),(9,'firstname','','Wladimir'),(9,'lastname','Wladimir Diaz','Diaz'),(10,'label',NULL,'victor prueba prueba'),(10,'firstname',NULL,'victor prueba'),(10,'contact_no',NULL,'CON3'),(10,'lastname',NULL,'prueba'),(10,'assigned_user_id',NULL,'1'),(10,'createdtime',NULL,'2021-11-25 20:28:55'),(10,'modifiedby',NULL,'1'),(10,'support_start_date',NULL,'2021-11-25'),(10,'support_end_date',NULL,'2022-11-25'),(10,'source',NULL,'CRM'),(10,'record_id',NULL,'10'),(10,'record_module',NULL,'Contacts'),(11,'label',NULL,' torvic'),(11,'lead_no',NULL,'LEA3'),(11,'lastname',NULL,'torvic'),(11,'assigned_user_id',NULL,'1'),(11,'createdtime',NULL,'2021-11-26 01:24:59'),(11,'modifiedby',NULL,'1'),(11,'source',NULL,'CRM'),(11,'record_id',NULL,'11'),(11,'record_module',NULL,'Leads'),(12,'label',NULL,' Diaz eee'),(12,'contact_no',NULL,'CON4'),(12,'lastname',NULL,'Diaz eee'),(12,'assigned_user_id',NULL,'1'),(12,'createdtime',NULL,'2021-11-26 01:36:03'),(12,'modifiedby',NULL,'1'),(12,'support_start_date',NULL,'2021-11-26'),(12,'support_end_date',NULL,'2022-11-26'),(12,'source',NULL,'CRM'),(12,'record_id',NULL,'12'),(12,'record_module',NULL,'Contacts'),(13,'label',NULL,'S&eacute;rum Intensivo de la Noche'),(13,'productname',NULL,'S&eacute;rum Intensivo de la Noche'),(13,'product_no',NULL,'PRO1'),(13,'discontinued',NULL,'1'),(13,'createdtime',NULL,'2022-01-21 21:34:00'),(13,'modifiedby',NULL,'1'),(13,'unit_price',NULL,'60000.00000000'),(13,'commissionrate',NULL,'0.000'),(13,'qty_per_unit',NULL,'0.00'),(13,'qtyinstock',NULL,'0.000'),(13,'assigned_user_id',NULL,'1'),(13,'description',NULL,'Alfahidroxi&aacute;cidos y col&aacute;geno, que reparan tu piel.'),(13,'purchase_cost',NULL,'0.00000000'),(13,'source',NULL,'CRM'),(13,'record_id',NULL,'14'),(13,'record_module',NULL,'Products'),(14,'label',NULL,'S&eacute;rum de Vitamina C'),(14,'productname',NULL,'S&eacute;rum de Vitamina C'),(14,'product_no',NULL,'PRO2'),(14,'discontinued',NULL,'1'),(14,'createdtime',NULL,'2022-01-21 21:34:38'),(14,'modifiedby',NULL,'1'),(14,'unit_price',NULL,'55000.00000000'),(14,'commissionrate',NULL,'0.000'),(14,'qty_per_unit',NULL,'0.00'),(14,'qtyinstock',NULL,'0.000'),(14,'assigned_user_id',NULL,'1'),(14,'description',NULL,'Ilumina y previene los signos del envejecimiento.'),(14,'purchase_cost',NULL,'0.00000000'),(14,'source',NULL,'CRM'),(14,'record_id',NULL,'15'),(14,'record_module',NULL,'Products'),(15,'label',NULL,'Gel Limpiador'),(15,'productname',NULL,'Gel Limpiador'),(15,'product_no',NULL,'PRO3'),(15,'discontinued',NULL,'1'),(15,'createdtime',NULL,'2022-01-21 21:35:00'),(15,'modifiedby',NULL,'1'),(15,'unit_price',NULL,'25000.00000000'),(15,'commissionrate',NULL,'0.000'),(15,'qty_per_unit',NULL,'0.00'),(15,'qtyinstock',NULL,'0.000'),(15,'assigned_user_id',NULL,'1'),(15,'description',NULL,'Eliminan las impurezas, nutre y humecta tu piel.'),(15,'purchase_cost',NULL,'0.00000000'),(15,'source',NULL,'CRM'),(15,'record_id',NULL,'16'),(15,'record_module',NULL,'Products'),(16,'label',NULL,'Contorno de Ojos (&Aacute;cido Hialur&oacute;nico)'),(16,'productname',NULL,'Contorno de Ojos (&Aacute;cido Hialur&oacute;nico)'),(16,'product_no',NULL,'PRO4'),(16,'discontinued',NULL,'1'),(16,'createdtime',NULL,'2022-01-21 21:35:32'),(16,'modifiedby',NULL,'1'),(16,'unit_price',NULL,'60000.00000000'),(16,'commissionrate',NULL,'0.000'),(16,'qty_per_unit',NULL,'0.00'),(16,'qtyinstock',NULL,'0.000'),(16,'assigned_user_id',NULL,'1'),(16,'description',NULL,'Aten&uacute;a arrugas, bolsas y ojeras.'),(16,'purchase_cost',NULL,'0.00000000'),(16,'source',NULL,'CRM'),(16,'record_id',NULL,'17'),(16,'record_module',NULL,'Products'),(17,'label',NULL,'Duo Glow'),(17,'productname',NULL,'Duo Glow'),(17,'product_no',NULL,'PRO5'),(17,'discontinued',NULL,'1'),(17,'createdtime',NULL,'2022-01-21 21:36:01'),(17,'modifiedby',NULL,'1'),(17,'unit_price',NULL,'98000.00000000'),(17,'commissionrate',NULL,'0.000'),(17,'qty_per_unit',NULL,'0.00'),(17,'qtyinstock',NULL,'0.000'),(17,'assigned_user_id',NULL,'1'),(17,'description',NULL,'Repara y rejuvenece tu Piel con el S&eacute;rum Intensivo de la Noche y el S&eacute;rum de Vitamina C.'),(17,'purchase_cost',NULL,'0.00000000'),(17,'source',NULL,'CRM'),(17,'record_id',NULL,'18'),(17,'record_module',NULL,'Products'),(18,'label',NULL,'Blue Box'),(18,'productname',NULL,'Blue Box'),(18,'product_no',NULL,'PRO6'),(18,'discontinued',NULL,'1'),(18,'createdtime',NULL,'2022-01-21 21:36:23'),(18,'modifiedby',NULL,'1'),(18,'unit_price',NULL,'160000.00000000'),(18,'commissionrate',NULL,'0.000'),(18,'qty_per_unit',NULL,'0.00'),(18,'qtyinstock',NULL,'0.000'),(18,'assigned_user_id',NULL,'1'),(18,'description',NULL,'Cuida tu piel con nuestro Kit Completo. Lo hacemos por tu piel.'),(18,'purchase_cost',NULL,'0.00000000'),(18,'source',NULL,'CRM'),(18,'record_id',NULL,'19'),(18,'record_module',NULL,'Products'),(19,'label',NULL,'Pantalla Solar en Gel'),(19,'productname',NULL,'Pantalla Solar en Gel'),(19,'product_no',NULL,'PRO7'),(19,'discontinued',NULL,'1'),(19,'createdtime',NULL,'2022-01-21 21:36:44'),(19,'modifiedby',NULL,'1'),(19,'unit_price',NULL,'80000.00000000'),(19,'commissionrate',NULL,'0.000'),(19,'qty_per_unit',NULL,'0.00'),(19,'qtyinstock',NULL,'0.000'),(19,'assigned_user_id',NULL,'1'),(19,'description',NULL,'Protege la piel de los rayos UV Y UVA sin dejar sensaci&oacute;n grasosa.'),(19,'purchase_cost',NULL,'0.00000000'),(19,'source',NULL,'CRM'),(19,'record_id',NULL,'20'),(19,'record_module',NULL,'Products'),(20,'label',NULL,'Kit Control Grasa y Acne'),(20,'productname',NULL,'Kit Control Grasa y Acne'),(20,'product_no',NULL,'PRO8'),(20,'discontinued',NULL,'1'),(20,'createdtime',NULL,'2022-01-21 21:37:04'),(20,'modifiedby',NULL,'1'),(20,'unit_price',NULL,'72500.00000000'),(20,'commissionrate',NULL,'0.000'),(20,'qty_per_unit',NULL,'0.00'),(20,'qtyinstock',NULL,'0.000'),(20,'assigned_user_id',NULL,'1'),(20,'description',NULL,'D&uacute;o control grasa + Gel Limpiador.'),(20,'purchase_cost',NULL,'0.00000000'),(20,'source',NULL,'CRM'),(20,'record_id',NULL,'21'),(20,'record_module',NULL,'Products'),(21,'mobile','','3148715813'),(22,'otherstreet','','Carrera 34 # 3A-95'),(23,'mailingcity','','Cali'),(24,'otherstate','','Valle del Cauca'),(25,'othercountry','','Colombia'),(26,'label',NULL,' Van Gurt'),(26,'lead_no',NULL,'LEA4'),(26,'lastname',NULL,'Van Gurt'),(26,'cf_858',NULL,'Hombre'),(26,'mobile',NULL,'89622259896'),(26,'email',NULL,'vangurt@epswords.com'),(26,'leadsource',NULL,'Web Site'),(26,'assigned_user_id',NULL,'1'),(26,'createdtime',NULL,'2022-01-25 22:15:59'),(26,'source',NULL,'WEBFORM'),(26,'modifiedby',NULL,'1'),(26,'description',NULL,'Greetings. \n \nI am looking to work with you to engage in a profit oriented ventures in your country and perhaps with your assistance, we could get good ROI.I have the directive of Sheikh Mubarak AL-Thani to source for a partner abroad who can accommodate 7M USD and 10M USD for Investment. \n \nThe sum is derived from a Supply Contract by a foreign company with Qatar Petroleum Company in Doha - Qatar. We shall reassign the necessary documents to reflect your name and also ensure payment is done by Qatar Petroleum Company. I guaranty we shall implement this transaction under a legitimate arrangement without breaking the law. \n \nMore details will follow upon your reply to van.gurt111@gmail.com \n \nRegards, \n \nVan Gurt \nvan.gurt111@gmail.com'),(26,'record_id',NULL,'22'),(26,'record_module',NULL,'Leads'),(33,'label',NULL,' Mike Wayne\n'),(33,'lead_no',NULL,'LEA5'),(33,'lastname',NULL,'Mike Wayne\n'),(33,'cf_858',NULL,'Hombre'),(33,'mobile',NULL,'84594519488'),(33,'email',NULL,'no-replyEnteby@gmail.com'),(33,'leadsource',NULL,'Web Site'),(33,'assigned_user_id',NULL,'1'),(33,'createdtime',NULL,'2022-01-26 00:34:58'),(33,'source',NULL,'WEBFORM'),(33,'modifiedby',NULL,'1'),(33,'description',NULL,'Hello \n \nWe all know the importance that dofollow link have on any website`s ranks. \nHaving most of your linkbase filled with nofollow ones is of no good for your ranks and SEO metrics. \n \nBuy quality dofollow links from us, that will impact your ranks in a positive way \nhttps://www.digital-x-press.com/product/150-dofollow-backlinks/ \n \nBest regards \nMike Wayne\n \nsupport@digital-x-press.com'),(33,'record_id',NULL,'23'),(33,'record_module',NULL,'Leads'),(34,'label',NULL,' victor diaz prueba'),(34,'lead_no',NULL,'LEA6'),(34,'lastname',NULL,'victor diaz prueba'),(34,'cf_858',NULL,'Hombre'),(34,'mobile',NULL,'3148715813'),(34,'email',NULL,'victor.diaz@emefectivas.com'),(34,'leadsource',NULL,'Web Site'),(34,'assigned_user_id',NULL,'1'),(34,'createdtime',NULL,'2022-01-26 14:29:43'),(34,'source',NULL,'WEBFORM'),(34,'modifiedby',NULL,'1'),(34,'description',NULL,'Prueba EME'),(34,'record_id',NULL,'24'),(34,'record_module',NULL,'Leads'),(35,'label',NULL,' victor diaz prueba'),(35,'lead_no',NULL,'LEA7'),(35,'lastname',NULL,'victor diaz prueba'),(35,'cf_858',NULL,'Hombre'),(35,'mobile',NULL,'3148715813'),(35,'email',NULL,'victor.diaz@emefectivas.com'),(35,'leadsource',NULL,'Web Site'),(35,'assigned_user_id',NULL,'1'),(35,'createdtime',NULL,'2022-01-26 14:52:06'),(35,'source',NULL,'WEBFORM'),(35,'modifiedby',NULL,'1'),(35,'description',NULL,'prueba'),(35,'record_id',NULL,'25'),(35,'record_module',NULL,'Leads'),(40,'label',NULL,' Mike Forman\n'),(40,'lead_no',NULL,'LEA8'),(40,'lastname',NULL,'Mike Forman\n'),(40,'cf_858',NULL,'Hombre'),(40,'mobile',NULL,'89999959964'),(40,'email',NULL,'no-replyEnteby@gmail.com'),(40,'leadsource',NULL,'Web Site'),(40,'assigned_user_id',NULL,'1'),(40,'createdtime',NULL,'2022-01-27 18:42:15'),(40,'source',NULL,'WEBFORM'),(40,'modifiedby',NULL,'1'),(40,'description',NULL,'Hello \n \nI have just took a look on your SEO for  detupiel.co for  the current search visibility and saw that your website could use a push. \n \nWe will enhance your SEO metrics and ranks organically and safely, using only whitehat methods, while providing monthly reports and outstanding support. \n \nPlease check our services below, we offer SEO at cheap rates. \nhttps://www.hilkom-digital.de/cheap-seo-packages/ \n \nStart improving your sales and leads with us, today! \n \n \nregards \nMike Forman\n \nHilkom Digital Team \nsupport@hilkom-digital.de'),(40,'record_id',NULL,'26'),(40,'record_module',NULL,'Leads'),(41,'label',NULL,' Diaz'),(41,'lead_no',NULL,'LEA9'),(41,'lastname',NULL,'Diaz'),(41,'cf_858',NULL,'Hombre'),(41,'mobile',NULL,'3148715813'),(41,'email',NULL,'victor.wla.diaz@gmail.com'),(41,'leadsource',NULL,'Web Site'),(41,'assigned_user_id',NULL,'1'),(41,'createdtime',NULL,'2022-01-28 16:22:08'),(41,'source',NULL,'WEBFORM'),(41,'modifiedby',NULL,'1'),(41,'description',NULL,'PRUE'),(41,'record_id',NULL,'27'),(41,'record_module',NULL,'Leads'),(44,'label',NULL,' NotGZ'),(44,'lead_no',NULL,'LEA10'),(44,'lastname',NULL,'NotGZ'),(44,'cf_858',NULL,'Hombre'),(44,'mobile',NULL,'87795189357'),(44,'email',NULL,'1qvd29y0@yahoo.com'),(44,'leadsource',NULL,'Web Site'),(44,'assigned_user_id',NULL,'1'),(44,'createdtime',NULL,'2022-01-30 21:04:10'),(44,'source',NULL,'WEBFORM'),(44,'modifiedby',NULL,'1'),(44,'description',NULL,'Hi, this is Jenny. I am sending you my intimate photos as I promised. https://tinyurl.com/y9gedupr'),(44,'record_id',NULL,'28'),(44,'record_module',NULL,'Leads'),(45,'label',NULL,' Cindy Natalia Vega Rivera'),(45,'contact_no',NULL,'CON5'),(45,'lastname',NULL,'Cindy Natalia Vega Rivera'),(45,'mobile',NULL,'3187828746'),(45,'leadsource',NULL,'Other'),(45,'assigned_user_id',NULL,'1'),(45,'createdtime',NULL,'2022-02-02 16:02:01'),(45,'modifiedby',NULL,'1'),(45,'otherstreet',NULL,'Calle 4 # 3-12 conjunto poblado de Guachancio, casa 9 bloque B'),(45,'mailingcity',NULL,'Cajic&aacute;'),(45,'otherstate',NULL,'Cundinamarca'),(45,'source',NULL,'CRM'),(45,'record_id',NULL,'29'),(45,'record_module',NULL,'Contacts'),(46,'label',NULL,'Regarding Contact Assignment'),(46,'date_start',NULL,'2022-02-02'),(46,'activitytype',NULL,'Emails'),(46,'assigned_user_id',NULL,'1'),(46,'subject',NULL,'Regarding Contact Assignment'),(46,'description',NULL,'An Contact has been assigned to you on vtigerCRM&lt;br&gt;Details of Contact are :&lt;br&gt;&lt;br&gt;Contact Id:&lt;b&gt;CON5&lt;/b&gt;&lt;br&gt;LastName:&lt;b&gt;Cindy Natalia Vega Rivera&lt;/b&gt;&lt;br&gt;FirstName:&lt;b&gt;&lt;/b&gt;&lt;br&gt;Lead Source:&lt;b&gt;Otro&lt;/b&gt;&lt;br&gt;Department:&lt;b&gt;&lt;/b&gt;&lt;br&gt;Description:&lt;b&gt;&lt;/b&gt;&lt;br&gt;&lt;br&gt;&lt;br&gt;And &lt;b&gt;CustomerPortal Login Details&lt;/b&gt; is sent to the EmailID :-&lt;br&gt;&lt;br&gt;Thank You&lt;br&gt;Admin&lt;br&gt;&lt;br&gt;'),(46,'time_start',NULL,'16:05:01'),(46,'createdtime',NULL,'2022-02-02 16:05:01'),(46,'modifiedby',NULL,'1'),(46,'from_email',NULL,'programadorweb@mediosefectivos.com'),(46,'saved_toid',NULL,'[&quot;programadorweb@mediosefectivos.com&quot;]'),(46,'ccmail',NULL,'[&quot;&quot;]'),(46,'bccmail',NULL,'[&quot;&quot;]'),(46,'parent_id',NULL,'29@1|'),(46,'email_flag',NULL,'SENT'),(46,'source',NULL,'CRM'),(46,'record_id',NULL,'30'),(46,'record_module',NULL,'Emails'),(48,'othercountry','','Colombia'),(49,'label',NULL,'Regarding Contact Assignment'),(49,'date_start',NULL,'2022-02-02'),(49,'activitytype',NULL,'Emails'),(49,'assigned_user_id',NULL,'1'),(49,'subject',NULL,'Regarding Contact Assignment'),(49,'description',NULL,'An Contact has been assigned to you on vtigerCRM&lt;br&gt;Details of Contact are :&lt;br&gt;&lt;br&gt;Contact Id:&lt;b&gt;CON5&lt;/b&gt;&lt;br&gt;LastName:&lt;b&gt;Cindy Natalia Vega Rivera&lt;/b&gt;&lt;br&gt;FirstName:&lt;b&gt;&lt;/b&gt;&lt;br&gt;Lead Source:&lt;b&gt;Otro&lt;/b&gt;&lt;br&gt;Department:&lt;b&gt;&lt;/b&gt;&lt;br&gt;Description:&lt;b&gt;&lt;/b&gt;&lt;br&gt;&lt;br&gt;&lt;br&gt;And &lt;b&gt;CustomerPortal Login Details&lt;/b&gt; is sent to the EmailID :-&lt;br&gt;&lt;br&gt;Thank You&lt;br&gt;Admin&lt;br&gt;&lt;br&gt;'),(49,'time_start',NULL,'16:20:01'),(49,'createdtime',NULL,'2022-02-02 16:20:01'),(49,'modifiedby',NULL,'1'),(49,'from_email',NULL,'programadorweb@mediosefectivos.com'),(49,'saved_toid',NULL,'[&quot;programadorweb@mediosefectivos.com&quot;]'),(49,'ccmail',NULL,'[&quot;&quot;]'),(49,'bccmail',NULL,'[&quot;&quot;]'),(49,'parent_id',NULL,'29@1|'),(49,'email_flag',NULL,'SENT'),(49,'source',NULL,'CRM'),(49,'record_id',NULL,'31'),(49,'record_module',NULL,'Emails'),(51,'mobile','87795189357','3174359935'),(53,'label',NULL,' Sandra Cadena'),(53,'lead_no',NULL,'LEA11'),(53,'lastname',NULL,'Sandra Cadena'),(53,'cf_858',NULL,'Mujer'),(53,'mobile',NULL,'3142977650'),(53,'email',NULL,'sandra77spa@hotmail.com'),(53,'leadsource',NULL,'Web Site'),(53,'assigned_user_id',NULL,'1'),(53,'createdtime',NULL,'2022-02-08 13:48:35'),(53,'source',NULL,'WEBFORM'),(53,'modifiedby',NULL,'1'),(53,'description',NULL,'Quisiera conocer sus productos igualmente catalogo u precios tengo  un Spa.\nQuedo atenta gracias. '),(53,'record_id',NULL,'1059'),(53,'record_module',NULL,'Leads'),(54,'label',NULL,' ZHAO WENHE'),(54,'lead_no',NULL,'LEA12'),(54,'lastname',NULL,'ZHAO WENHE'),(54,'cf_858',NULL,'Hombre'),(54,'mobile',NULL,'87261435395'),(54,'email',NULL,'zwenhe284@gmail.com'),(54,'leadsource',NULL,'Web Site'),(54,'assigned_user_id',NULL,'1'),(54,'createdtime',NULL,'2022-02-08 14:24:13'),(54,'source',NULL,'WEBFORM'),(54,'modifiedby',NULL,'1'),(54,'description',NULL,'Estimados clientes, \nActualmente estamos ofreciendo pr&eacute;stamos de inversi&oacute;n, comerciales o personales a largo y corto plazo por un monto de USD $ 10 millones a USD $ 1 mil millones a personas y empresas interesadas a una tarifa de pr&eacute;stamo asequible de 0.50%.  tasa de inter&eacute;s del 0,00%;  Est&aacute;s atrapado, vetado del banco y no tienes el favor de los bancos para hacer mal cr&eacute;dito.  Con la ayuda y la asistencia de nuestros bancos, ofrecemos pr&eacute;stamos garantizados, &iquest;quiz&aacute;s necesite un pr&eacute;stamo o financiamiento por alguna de las siguientes razones?  Pr&eacute;stamo Personal, Creaci&oacute;n o Ampliaci&oacute;n de Negocio.  Cont&aacute;cteme en: (zhaow@fequitystrategyltd.com) para obtener m&aacute;s informaci&oacute;n. \n \nSaludos mientras espero tener noticias suyas con urgencia, \n \n \nPERSONA DE CONTACTO \nZHAO WENHE \nESTRATEGIA DE EQUIDAD FINANCIERA LTD'),(54,'record_id',NULL,'1060'),(54,'record_module',NULL,'Leads'),(55,'label',NULL,' Richard WahlVZ'),(55,'lead_no',NULL,'LEA13'),(55,'lastname',NULL,'Richard WahlVZ'),(55,'cf_858',NULL,'Hombre'),(55,'mobile',NULL,'85388741227'),(55,'email',NULL,'berg.reinebr@gmail.com'),(55,'leadsource',NULL,'Web Site'),(55,'assigned_user_id',NULL,'1'),(55,'createdtime',NULL,'2022-02-09 07:58:20'),(55,'source',NULL,'WEBFORM'),(55,'modifiedby',NULL,'1'),(55,'description',NULL,'Hello dear, \nHope this email finds you well. \nThis is a very big news and a special message to you. \nI am the winner of 533-Million, in the Mega Millions Jackpot. Due to the current pandemic, I&#039;ve decided to join other world philanthropists to do what is within my capacity to bring relief to a few people and their local community, globally, through a random selection of web addresses by my financial team. \nYour website has surfaced as one of the lucky recipients of this selection and with a heart of warm benevolence, I wish you a big congratulation. \nHere is your donation code: RFECD00052022FP \nWhen replying to this email, please ensure you state your donation code for verification by my financial team. \nMore details are on my YouTube channel. \nWATCH ME HERE: https://www.youtube.com/watch?v=tne02ExNDrw \nContact WhatsApp: +1 (518) 625-8953 \ncontact the finance team by email only when you don&#039;t have WhatsApp: globalrelief.richardwahl2022@financier.com \nCongratulations once again! \nKind regards, \nRichard Wahl.'),(55,'record_id',NULL,'1061'),(55,'record_module',NULL,'Leads'),(56,'label',NULL,' Diane Angelori'),(56,'lead_no',NULL,'LEA14'),(56,'lastname',NULL,'Diane Angelori'),(56,'cf_858',NULL,'Hombre'),(56,'mobile',NULL,'81467889715'),(56,'email',NULL,'g.a.76.52.7.1.9@gmail.com'),(56,'leadsource',NULL,'Web Site'),(56,'assigned_user_id',NULL,'1'),(56,'createdtime',NULL,'2022-02-10 12:18:37'),(56,'source',NULL,'WEBFORM'),(56,'modifiedby',NULL,'1'),(56,'description',NULL,'Hello \n \nI&#039;m Diane Angelori, online trading expert. I want you to know that Online trading (Crypto, Forex and Binary option) is a good thing if you have a good trading strategy, I use to loose a lot of funds in online trading before I got to where I am today. If you need assistance on how to trade and recover back all the money you have lost to your broker and want to be a successful online trader like me, write to me via email below to get an amazing strategy. \n \nIf you are having problems withdrawing your profit from your Crypt, Forex or Binary option trading account even when you were given a bonus, just contact me, I have worked with some Trade, Regulatory Agencies for 9years, and I have helped a lot of people get back their lost funds from their stubborn brokers successfully and I won&#039;t stop until I have helped as many as possible. For more info you can contact me via my email address: angeloridiane@protonmail.com'),(56,'record_id',NULL,'1062'),(56,'record_module',NULL,'Leads'),(57,'label',NULL,' Mike Atcheson\n'),(57,'lead_no',NULL,'LEA15'),(57,'lastname',NULL,'Mike Atcheson\n'),(57,'cf_858',NULL,'Hombre'),(57,'mobile',NULL,'87459518688'),(57,'email',NULL,'no-replyEnteby@gmail.com'),(57,'leadsource',NULL,'Web Site'),(57,'assigned_user_id',NULL,'1'),(57,'createdtime',NULL,'2022-02-11 13:39:16'),(57,'source',NULL,'WEBFORM'),(57,'modifiedby',NULL,'1'),(57,'description',NULL,'Howdy \n \nIf you&#039;ll ever need a permanent increase in your website&#039;s Domain Authority score, We can help. \n \nMore info: \nhttps://www.strictlydigital.net/product/moz-da50-seo-plan/ \n \nNEW: Ahrefs DR70 plan: \nhttps://www.strictlydigital.net/product/ahrefs-seo-plan/ \n \n \nThank you \nMike Atcheson\n \nmike@strictlydigital.net'),(57,'record_id',NULL,'1063'),(57,'record_module',NULL,'Leads'),(58,'label',NULL,' John Miller'),(58,'lead_no',NULL,'LEA16'),(58,'lastname',NULL,'John Miller'),(58,'cf_858',NULL,'Hombre'),(58,'mobile',NULL,'86454856472'),(58,'email',NULL,'noreply@googlemail.com'),(58,'leadsource',NULL,'Web Site'),(58,'assigned_user_id',NULL,'1'),(58,'createdtime',NULL,'2022-02-14 16:23:14'),(58,'source',NULL,'WEBFORM'),(58,'modifiedby',NULL,'1'),(58,'description',NULL,'Hello, \nThe best time to invest your funds in Crypto Currency and enjoy huge returns on your investment is now. Our trading experts using the best tools help our global clients and partners invest and trade with their funds, providing monthly yields from 30%, with additional 10% Bonus payments on all initial deposits; and 5% Bonus payments on Referrals on any chosen investment plans. Contact us today with a reply in the below email to open your digital account while you watch your investments grow daily. Thank you. \n \nMr. John Miller \nTrade and Investment Support \nCryptInvestFX \nEmail: johnmiller4cryptInvestfx@gmail.com'),(58,'record_id',NULL,'1064'),(58,'record_module',NULL,'Leads'),(64,'label',NULL,' John Miller'),(64,'lead_no',NULL,'LEA17'),(64,'lastname',NULL,'John Miller'),(64,'cf_858',NULL,'Hombre'),(64,'mobile',NULL,'83299997253'),(64,'email',NULL,'johnmiller4cryptinvestfx@gmail.com'),(64,'leadsource',NULL,'Web Site'),(64,'assigned_user_id',NULL,'1'),(64,'createdtime',NULL,'2022-02-15 08:40:40'),(64,'source',NULL,'WEBFORM'),(64,'modifiedby',NULL,'1'),(64,'description',NULL,'Hello, \nThe best time to invest your funds in Crypto Currency and enjoy huge returns on your investment is now. Our trading experts using the best tools help our global clients and partners invest and trade with their funds, providing monthly yields from 30%, with additional 10% Bonus payments on all initial deposits; and 5% Bonus payments on Referrals on any chosen investment plans. Contact us today with a reply in the below email to open your digital account while you watch your investments grow daily. Thank you. \n \nMr. John Miller \nTrade and Investment Support \nCryptInvestFX \nEmail:support@cryptinvestfx.com'),(64,'record_id',NULL,'1065'),(64,'record_module',NULL,'Leads'),(66,'label',NULL,' Ruggiero Len'),(66,'lead_no',NULL,'LEA18'),(66,'lastname',NULL,'Ruggiero Len'),(66,'cf_858',NULL,'Hombre'),(66,'mobile',NULL,'88271814843'),(66,'email',NULL,'walshjames330@gmail.com'),(66,'leadsource',NULL,'Web Site'),(66,'assigned_user_id',NULL,'1'),(66,'createdtime',NULL,'2022-02-15 22:12:28'),(66,'source',NULL,'WEBFORM'),(66,'modifiedby',NULL,'1'),(66,'description',NULL,'We are a private financial  loan firm , specializes in securing financial assistance for start-up and large-sized businesses. \n \nWe are interested to provide you with financial funding for your business/project real estate and debt consolidation, The interest rate is very affordable at 5% annually. \n \nKindly get back to me for more information if you are interested. (info@1fundingamericallc.com) \n \nRegards. \nRuggiero Len \n1FundingAmericallc'),(66,'record_id',NULL,'1066'),(66,'record_module',NULL,'Leads'),(67,'label',NULL,' Mike Austin\n'),(67,'lead_no',NULL,'LEA19'),(67,'lastname',NULL,'Mike Austin\n'),(67,'cf_858',NULL,'Hombre'),(67,'mobile',NULL,'85349871134'),(67,'email',NULL,'no-replyEnteby@gmail.com'),(67,'leadsource',NULL,'Web Site'),(67,'assigned_user_id',NULL,'1'),(67,'createdtime',NULL,'2022-02-16 00:16:21'),(67,'source',NULL,'WEBFORM'),(67,'modifiedby',NULL,'1'),(67,'description',NULL,'Hi there \n \nWe will increase your Local Ranks organically and safely, using only whitehat methods, while providing Google maps and website offsite work at the same time. \n \nPlease check our services below, we offer Local SEO at cheap rates. \nhttps://speed-seo.net/product/local-seo-package/ \n \nNEW: \nhttps://www.speed-seo.net/product/zip-codes-gmaps-citations/ \n \nregards \nMike Austin\n \nSpeed SEO Digital Agency'),(67,'record_id',NULL,'1067'),(67,'record_module',NULL,'Leads'),(68,'label',NULL,' DavidBestePU'),(68,'lead_no',NULL,'LEA20'),(68,'lastname',NULL,'DavidBestePU'),(68,'cf_858',NULL,'Hombre'),(68,'mobile',NULL,'89368953675'),(68,'email',NULL,'lenderintegratedsolution@gmail.com'),(68,'leadsource',NULL,'Web Site'),(68,'assigned_user_id',NULL,'1'),(68,'createdtime',NULL,'2022-02-23 10:14:45'),(68,'source',NULL,'WEBFORM'),(68,'modifiedby',NULL,'1'),(68,'description',NULL,'Good-day , \nWe provide private money loans with lower rates/better terms to real estate investors, builders, developers and business owners to solve their capital challenges, support business growth and revitalize/build communities. If you&#039;re interested in our services, please respond with your email for more info or forward your loan request to   info@lendersintegratedsolutions.com You can also visit our website At: https://lendersintegratedsolutions.com \nTelephone: +1(401) 721-4212'),(68,'record_id',NULL,'1068'),(68,'record_module',NULL,'Leads'),(69,'label',NULL,' Mike Walter\n'),(69,'lead_no',NULL,'LEA21'),(69,'lastname',NULL,'Mike Walter\n'),(69,'cf_858',NULL,'Hombre'),(69,'mobile',NULL,'83159392484'),(69,'email',NULL,'no-replyEnteby@gmail.com'),(69,'leadsource',NULL,'Web Site'),(69,'assigned_user_id',NULL,'1'),(69,'createdtime',NULL,'2022-02-23 16:13:50'),(69,'source',NULL,'WEBFORM'),(69,'modifiedby',NULL,'1'),(69,'description',NULL,'Negative SEO attack Services. Deindex bad competitors from Google. It works with any Website, video, blog, product or service. \nhttps://www.seo-treff.de/product/derank-seo-service/'),(69,'record_id',NULL,'1069'),(69,'record_module',NULL,'Leads'),(74,'label',NULL,'LLAMADA DE SEGUIMIENTO SANDRA CADENA'),(74,'subject',NULL,'LLAMADA DE SEGUIMIENTO SANDRA CADENA'),(74,'assigned_user_id',NULL,'5'),(74,'date_start',NULL,'2022-02-25'),(74,'time_start',NULL,'11:30:00'),(74,'due_date',NULL,'2022-02-25'),(74,'duration_hours',NULL,'12'),(74,'duration_minutes',NULL,'30'),(74,'parent_id',NULL,'1059'),(74,'activitytype',NULL,'Task'),(74,'createdtime',NULL,'2022-02-25 15:36:19'),(74,'visibility',NULL,'Private'),(74,'modifiedby',NULL,'5'),(74,'source',NULL,'CRM'),(74,'taskstatus',NULL,'Planned'),(74,'record_id',NULL,'1070'),(74,'record_module',NULL,'Calendar'),(76,'label',NULL,' DAVID'),(76,'lead_no',NULL,'LEA22'),(76,'lastname',NULL,'DAVID'),(76,'mobile',NULL,'3183937427'),(76,'email',NULL,'DIRECTOR@MEDIOSEFECTIVOS.CO'),(76,'leadsource',NULL,'Conference'),(76,'industry',NULL,'Chemicals'),(76,'leadstatus',NULL,'Contact in Future'),(76,'rating',NULL,'Active'),(76,'assigned_user_id',NULL,'5'),(76,'createdtime',NULL,'2022-02-25 15:39:29'),(76,'modifiedby',NULL,'5'),(76,'source',NULL,'CRM'),(76,'cf_858',NULL,'Hombre'),(76,'record_id',NULL,'1071'),(76,'record_module',NULL,'Leads'),(78,'label',NULL,'ESTA PERSONA ESTA INTERESADA EN EL ACNE'),(78,'commentcontent',NULL,'ESTA PERSONA ESTA INTERESADA EN EL ACNE'),(78,'assigned_user_id',NULL,'5'),(78,'createdtime',NULL,'2022-02-25 15:40:41'),(78,'related_to',NULL,'1071'),(78,'creator',NULL,'5'),(78,'source',NULL,'CRM'),(78,'userid',NULL,'5'),(78,'record_id',NULL,'1072'),(78,'record_module',NULL,'ModComments'),(80,'label',NULL,'LA LLAME POR SEGUNDA VEZ Y NO ME CONTESTO'),(80,'commentcontent',NULL,'LA LLAME POR SEGUNDA VEZ Y NO ME CONTESTO'),(80,'assigned_user_id',NULL,'5'),(80,'createdtime',NULL,'2022-02-25 15:41:03'),(80,'related_to',NULL,'1071'),(80,'creator',NULL,'5'),(80,'source',NULL,'CRM'),(80,'userid',NULL,'5'),(80,'record_id',NULL,'1073'),(80,'record_module',NULL,'ModComments'),(81,'label',NULL,' DAVID'),(81,'contact_no',NULL,'CON1033'),(81,'lastname',NULL,'DAVID'),(81,'mobile',NULL,'3183937427'),(81,'leadsource',NULL,'Conference'),(81,'email',NULL,'DIRECTOR@MEDIOSEFECTIVOS.CO'),(81,'assigned_user_id',NULL,'5'),(81,'createdtime',NULL,'2022-02-25 15:46:25'),(81,'modifiedby',NULL,'5'),(81,'isconvertedfromlead',NULL,'1'),(81,'source',NULL,'CRM'),(81,'cf_863',NULL,'P'),(81,'record_id',NULL,'1074'),(81,'record_module',NULL,'Contacts'),(83,'label',NULL,'Regarding Contact Assignment'),(83,'date_start',NULL,'2022-02-25'),(83,'activitytype',NULL,'Emails'),(83,'assigned_user_id',NULL,'1'),(83,'subject',NULL,'Regarding Contact Assignment'),(83,'description',NULL,'An Contact has been assigned to you on vtigerCRM&lt;br&gt;Details of Contact are :&lt;br&gt;&lt;br&gt;Contact Id:&lt;b&gt;CON1033&lt;/b&gt;&lt;br&gt;LastName:&lt;b&gt;DAVID&lt;/b&gt;&lt;br&gt;FirstName:&lt;b&gt;&lt;/b&gt;&lt;br&gt;Lead Source:&lt;b&gt;Conferencia&lt;/b&gt;&lt;br&gt;Department:&lt;b&gt;&lt;/b&gt;&lt;br&gt;Description:&lt;b&gt;&lt;/b&gt;&lt;br&gt;&lt;br&gt;&lt;br&gt;And &lt;b&gt;CustomerPortal Login Details&lt;/b&gt; is sent to the EmailID :-DIRECTOR@MEDIOSEFECTIVOS.CO&lt;br&gt;&lt;br&gt;Thank You&lt;br&gt;Admin&lt;br&gt;&lt;br&gt;'),(83,'time_start',NULL,'15:55:03'),(83,'createdtime',NULL,'2022-02-25 15:55:03'),(83,'modifiedby',NULL,'1'),(83,'from_email',NULL,'giradel26@hotmail.com'),(83,'saved_toid',NULL,'[&quot;giradel26@hotmail.com&quot;]'),(83,'ccmail',NULL,'[&quot;&quot;]'),(83,'bccmail',NULL,'[&quot;&quot;]'),(83,'parent_id',NULL,'1074@1|'),(83,'email_flag',NULL,'SENT'),(83,'source',NULL,'CRM'),(83,'record_id',NULL,'1075'),(83,'record_module',NULL,'Emails'),(85,'leadstatus','','Not Contacted'),(85,'modifiedby','5','1'),(85,'description','Quisiera conocer sus productos igualmente catalogo u precios tengo  un Spa.\nQuedo atenta gracias. ','Quisiera conocer sus productos igualmente catalogo u precios tengo  un Spa.\nQuedo atenta gracias.'),(86,'label',NULL,' Andrea Vera'),(86,'contact_no',NULL,'CON1034'),(86,'lastname',NULL,'Andrea Vera'),(86,'mobile',NULL,'3134183846'),(86,'email',NULL,'andreita.vera15@gmail.com'),(86,'assigned_user_id',NULL,'5'),(86,'createdtime',NULL,'2022-02-25 18:51:52'),(86,'modifiedby',NULL,'5'),(86,'otherstreet',NULL,'Calle 143 # 118 - 20 conjunto San Andr&eacute;s Suba'),(86,'mailingcity',NULL,'BOGOTA'),(86,'source',NULL,'CRM'),(86,'record_id',NULL,'1076'),(86,'record_module',NULL,'Contacts'),(88,'label',NULL,'Regarding Contact Assignment'),(88,'date_start',NULL,'2022-02-25'),(88,'activitytype',NULL,'Emails'),(88,'assigned_user_id',NULL,'1'),(88,'subject',NULL,'Regarding Contact Assignment'),(88,'description',NULL,'An Contact has been assigned to you on vtigerCRM&lt;br&gt;Details of Contact are :&lt;br&gt;&lt;br&gt;Contact Id:&lt;b&gt;CON1034&lt;/b&gt;&lt;br&gt;LastName:&lt;b&gt;Andrea Vera&lt;/b&gt;&lt;br&gt;FirstName:&lt;b&gt;&lt;/b&gt;&lt;br&gt;Lead Source:&lt;b&gt;&lt;/b&gt;&lt;br&gt;Department:&lt;b&gt;&lt;/b&gt;&lt;br&gt;Description:&lt;b&gt;&lt;/b&gt;&lt;br&gt;&lt;br&gt;&lt;br&gt;And &lt;b&gt;CustomerPortal Login Details&lt;/b&gt; is sent to the EmailID :-andreita.vera15@gmail.com&lt;br&gt;&lt;br&gt;Thank You&lt;br&gt;Admin&lt;br&gt;&lt;br&gt;'),(88,'time_start',NULL,'18:55:02'),(88,'createdtime',NULL,'2022-02-25 18:55:02'),(88,'modifiedby',NULL,'1'),(88,'from_email',NULL,'giradel26@hotmail.com'),(88,'saved_toid',NULL,'[&quot;giradel26@hotmail.com&quot;]'),(88,'ccmail',NULL,'[&quot;&quot;]'),(88,'bccmail',NULL,'[&quot;&quot;]'),(88,'parent_id',NULL,'1076@1|'),(88,'email_flag',NULL,'SENT'),(88,'source',NULL,'CRM'),(88,'record_id',NULL,'1077'),(88,'record_module',NULL,'Emails'),(90,'label',NULL,' Adriana casta&ntilde;o'),(90,'contact_no',NULL,'CON1035'),(90,'lastname',NULL,'Adriana casta&ntilde;o'),(90,'mobile',NULL,'3165751494'),(90,'leadsource',NULL,'Other'),(90,'assigned_user_id',NULL,'5'),(90,'createdtime',NULL,'2022-02-25 18:58:24'),(90,'modifiedby',NULL,'5'),(90,'otherstreet',NULL,'Cra 73 A # 30 B 04 casa piso 3, barrio Bel&eacute;n rosales'),(90,'mailingcity',NULL,'MEDELLIN'),(90,'source',NULL,'CRM'),(90,'record_id',NULL,'1078'),(90,'record_module',NULL,'Contacts'),(93,'label',NULL,' Eidy Daiana Pasichana Alarc&oacute;n'),(93,'contact_no',NULL,'CON1036'),(93,'lastname',NULL,'Eidy Daiana Pasichana Alarc&oacute;n'),(93,'mobile',NULL,'3207629601'),(93,'email',NULL,'dava8531@hotmail.com'),(93,'assigned_user_id',NULL,'5'),(93,'createdtime',NULL,'2022-02-25 19:02:23'),(93,'modifiedby',NULL,'5'),(93,'otherstreet',NULL,'Calle 40a # 41-68 prado'),(93,'mailingcity',NULL,'PALMIRA'),(93,'source',NULL,'CRM'),(93,'record_id',NULL,'1079'),(93,'record_module',NULL,'Contacts'),(94,'label',NULL,'Regarding Contact Assignment'),(94,'date_start',NULL,'2022-02-25'),(94,'activitytype',NULL,'Emails'),(94,'assigned_user_id',NULL,'1'),(94,'subject',NULL,'Regarding Contact Assignment'),(94,'description',NULL,'An Contact has been assigned to you on vtigerCRM&lt;br&gt;Details of Contact are :&lt;br&gt;&lt;br&gt;Contact Id:&lt;b&gt;CON1035&lt;/b&gt;&lt;br&gt;LastName:&lt;b&gt;Adriana casta&ntilde;o&lt;/b&gt;&lt;br&gt;FirstName:&lt;b&gt;&lt;/b&gt;&lt;br&gt;Lead Source:&lt;b&gt;Otro&lt;/b&gt;&lt;br&gt;Department:&lt;b&gt;&lt;/b&gt;&lt;br&gt;Description:&lt;b&gt;&lt;/b&gt;&lt;br&gt;&lt;br&gt;&lt;br&gt;And &lt;b&gt;CustomerPortal Login Details&lt;/b&gt; is sent to the EmailID :-&lt;br&gt;&lt;br&gt;Thank You&lt;br&gt;Admin&lt;br&gt;&lt;br&gt;'),(94,'time_start',NULL,'19:10:02'),(94,'createdtime',NULL,'2022-02-25 19:10:02'),(94,'modifiedby',NULL,'1'),(94,'from_email',NULL,'giradel26@hotmail.com'),(94,'saved_toid',NULL,'[&quot;giradel26@hotmail.com&quot;]'),(94,'ccmail',NULL,'[&quot;&quot;]'),(94,'bccmail',NULL,'[&quot;&quot;]'),(94,'parent_id',NULL,'1078@1|'),(94,'email_flag',NULL,'SENT'),(94,'source',NULL,'CRM'),(94,'record_id',NULL,'1080'),(94,'record_module',NULL,'Emails'),(96,'label',NULL,'Regarding Contact Assignment'),(96,'date_start',NULL,'2022-02-25'),(96,'activitytype',NULL,'Emails'),(96,'assigned_user_id',NULL,'1'),(96,'subject',NULL,'Regarding Contact Assignment'),(96,'description',NULL,'An Contact has been assigned to you on vtigerCRM&lt;br&gt;Details of Contact are :&lt;br&gt;&lt;br&gt;Contact Id:&lt;b&gt;CON1036&lt;/b&gt;&lt;br&gt;LastName:&lt;b&gt;Eidy Daiana Pasichana Alarc&oacute;n&lt;/b&gt;&lt;br&gt;FirstName:&lt;b&gt;&lt;/b&gt;&lt;br&gt;Lead Source:&lt;b&gt;&lt;/b&gt;&lt;br&gt;Department:&lt;b&gt;&lt;/b&gt;&lt;br&gt;Description:&lt;b&gt;&lt;/b&gt;&lt;br&gt;&lt;br&gt;&lt;br&gt;And &lt;b&gt;CustomerPortal Login Details&lt;/b&gt; is sent to the EmailID :-dava8531@hotmail.com&lt;br&gt;&lt;br&gt;Thank You&lt;br&gt;Admin&lt;br&gt;&lt;br&gt;'),(96,'time_start',NULL,'19:10:02'),(96,'createdtime',NULL,'2022-02-25 19:10:02'),(96,'modifiedby',NULL,'1'),(96,'from_email',NULL,'giradel26@hotmail.com'),(96,'saved_toid',NULL,'[&quot;giradel26@hotmail.com&quot;]'),(96,'ccmail',NULL,'[&quot;&quot;]'),(96,'bccmail',NULL,'[&quot;&quot;]'),(96,'parent_id',NULL,'1079@1|'),(96,'email_flag',NULL,'SENT'),(96,'source',NULL,'CRM'),(96,'record_id',NULL,'1081'),(96,'record_module',NULL,'Emails'),(98,'label',NULL,' Orquidea obregon ortiz.'),(98,'contact_no',NULL,'CON1037'),(98,'lastname',NULL,'Orquidea obregon ortiz.'),(98,'mobile',NULL,'3004349426'),(98,'assigned_user_id',NULL,'5'),(98,'createdtime',NULL,'2022-02-25 19:11:58'),(98,'modifiedby',NULL,'5'),(98,'otherstreet',NULL,'Cra 5 n&uacute;mero 34 _ 81'),(98,'mailingcity',NULL,'SANTA MARTA'),(98,'source',NULL,'CRM'),(98,'record_id',NULL,'1082'),(98,'record_module',NULL,'Contacts'),(102,'label',NULL,'Regarding Contact Assignment'),(102,'date_start',NULL,'2022-02-25'),(102,'activitytype',NULL,'Emails'),(102,'assigned_user_id',NULL,'1'),(102,'subject',NULL,'Regarding Contact Assignment'),(102,'description',NULL,'An Contact has been assigned to you on vtigerCRM&lt;br&gt;Details of Contact are :&lt;br&gt;&lt;br&gt;Contact Id:&lt;b&gt;CON1037&lt;/b&gt;&lt;br&gt;LastName:&lt;b&gt;Orquidea obregon ortiz.&lt;/b&gt;&lt;br&gt;FirstName:&lt;b&gt;&lt;/b&gt;&lt;br&gt;Lead Source:&lt;b&gt;&lt;/b&gt;&lt;br&gt;Department:&lt;b&gt;&lt;/b&gt;&lt;br&gt;Description:&lt;b&gt;&lt;/b&gt;&lt;br&gt;&lt;br&gt;&lt;br&gt;And &lt;b&gt;CustomerPortal Login Details&lt;/b&gt; is sent to the EmailID :-&lt;br&gt;&lt;br&gt;Thank You&lt;br&gt;Admin&lt;br&gt;&lt;br&gt;'),(102,'time_start',NULL,'19:25:01'),(102,'createdtime',NULL,'2022-02-25 19:25:01'),(102,'modifiedby',NULL,'1'),(102,'from_email',NULL,'giradel26@hotmail.com'),(102,'saved_toid',NULL,'[&quot;giradel26@hotmail.com&quot;]'),(102,'ccmail',NULL,'[&quot;&quot;]'),(102,'bccmail',NULL,'[&quot;&quot;]'),(102,'parent_id',NULL,'1082@1|'),(102,'email_flag',NULL,'SENT'),(102,'source',NULL,'CRM'),(102,'record_id',NULL,'1083'),(102,'record_module',NULL,'Emails'),(104,'modifiedby','1','5'),(111,'label',NULL,'VENTA KIT'),(111,'salesorder_no',NULL,'SO1'),(111,'subject',NULL,'VENTA KIT'),(111,'contact_id',NULL,'1076'),(111,'sostatus',NULL,'Delivered'),(111,'txtAdjustment',NULL,'0.00000000'),(111,'salescommission',NULL,'0.000'),(111,'exciseduty',NULL,'0.000'),(111,'hdnGrandTotal',NULL,'226400.00000000'),(111,'hdnSubTotal',NULL,'160000.00000000'),(111,'hdnTaxType',NULL,'group'),(111,'hdnS_H_Amount',NULL,'0.00000000'),(111,'assigned_user_id',NULL,'5'),(111,'createdtime',NULL,'2022-02-25 19:51:41'),(111,'modifiedby',NULL,'5'),(111,'currency_id',NULL,'1'),(111,'conversion_rate',NULL,'1.000'),(111,'ship_street',NULL,'Calle 143 # 118 - 20 conjunto San Andr&eacute;s Suba'),(111,'terms_conditions',NULL,'- A menos que el proveedor acuerde lo contrario por escrito, todas las facturas ser&aacute;n pagaderas en un plazo de treinta (30) d&iacute;as a partir de la fecha de la factura, en la moneda de la factura, girada en un banco con sede en la India o por cualquier otro m&eacute;todo acordado previamente por el proveedor.\n\n - Todos los precios no incluyen el IVA, que deber&aacute; ser abonado adicionalmente por el Cliente al tipo aplicable.'),(111,'productid',NULL,'19'),(111,'quantity',NULL,'1.000'),(111,'listprice',NULL,'160000.00000000'),(111,'comment',NULL,'Cuida tu piel con nuestro Kit Completo. Lo hacemos por tu piel.'),(111,'tax1',NULL,'19.000'),(111,'tax2',NULL,'10.000'),(111,'tax3',NULL,'12.500'),(111,'pre_tax_total',NULL,'160000.00000000'),(111,'source',NULL,'CRM'),(111,'record_id',NULL,'1084'),(111,'record_module',NULL,'SalesOrder'),(113,'modifiedby','1','5'),(113,'unit_price','160000.00000000','200000.00000000'),(114,'label',NULL,'Regarding Contact Assignment'),(114,'date_start',NULL,'2022-02-25'),(114,'activitytype',NULL,'Emails'),(114,'assigned_user_id',NULL,'1'),(114,'subject',NULL,'Regarding Contact Assignment'),(114,'description',NULL,'An Contact has been assigned to you on vtigerCRM&lt;br&gt;Details of Contact are :&lt;br&gt;&lt;br&gt;Contact Id:&lt;b&gt;CON1037&lt;/b&gt;&lt;br&gt;LastName:&lt;b&gt;Orquidea obregon ortiz.&lt;/b&gt;&lt;br&gt;FirstName:&lt;b&gt;&lt;/b&gt;&lt;br&gt;Lead Source:&lt;b&gt;&lt;/b&gt;&lt;br&gt;Department:&lt;b&gt;&lt;/b&gt;&lt;br&gt;Description:&lt;b&gt;&lt;/b&gt;&lt;br&gt;&lt;br&gt;&lt;br&gt;And &lt;b&gt;CustomerPortal Login Details&lt;/b&gt; is sent to the EmailID :-&lt;br&gt;&lt;br&gt;Thank You&lt;br&gt;Admin&lt;br&gt;&lt;br&gt;'),(114,'time_start',NULL,'19:55:02'),(114,'createdtime',NULL,'2022-02-25 19:55:02'),(114,'modifiedby',NULL,'1'),(114,'from_email',NULL,'giradel26@hotmail.com'),(114,'saved_toid',NULL,'[&quot;giradel26@hotmail.com&quot;]'),(114,'ccmail',NULL,'[&quot;&quot;]'),(114,'bccmail',NULL,'[&quot;&quot;]'),(114,'parent_id',NULL,'1082@1|'),(114,'email_flag',NULL,'SENT'),(114,'source',NULL,'CRM'),(114,'record_id',NULL,'1085'),(114,'record_module',NULL,'Emails'),(116,'modifiedby','1','5'),(116,'unit_price','72500.00000000','85000.00000000'),(117,'modifiedby','1','5'),(117,'unit_price','98000.00000000','115000.00000000'),(118,'label',NULL,'VENTA KIT'),(118,'salesorder_no',NULL,'SO2'),(118,'subject',NULL,'VENTA KIT'),(118,'contact_id',NULL,'1079'),(118,'sostatus',NULL,'Delivered'),(118,'txtAdjustment',NULL,'0.00000000'),(118,'salescommission',NULL,'0.000'),(118,'exciseduty',NULL,'0.000'),(118,'hdnGrandTotal',NULL,'185000.00000000'),(118,'hdnSubTotal',NULL,'185000.00000000'),(118,'hdnTaxType',NULL,'group'),(118,'hdnDiscountPercent',NULL,'0.000'),(118,'hdnS_H_Amount',NULL,'0.00000000'),(118,'assigned_user_id',NULL,'5'),(118,'createdtime',NULL,'2022-02-25 20:00:46'),(118,'modifiedby',NULL,'5'),(118,'currency_id',NULL,'1'),(118,'conversion_rate',NULL,'1.000'),(118,'ship_street',NULL,'Calle 40a # 41-68 prado'),(118,'terms_conditions',NULL,'- A menos que el proveedor acuerde lo contrario por escrito, todas las facturas ser&aacute;n pagaderas en un plazo de treinta (30) d&iacute;as a partir de la fecha de la factura, en la moneda de la factura, girada en un banco con sede en la India o por cualquier otro m&eacute;todo acordado previamente por el proveedor.\n\n - Todos los precios no incluyen el IVA, que deber&aacute; ser abonado adicionalmente por el Cliente al tipo aplicable.'),(118,'productid',NULL,'19'),(118,'quantity',NULL,'1.000'),(118,'listprice',NULL,'200000.00000000'),(118,'comment',NULL,'Cuida tu piel con nuestro Kit Completo. Lo hacemos por tu piel.'),(118,'discount_percent',NULL,'20.000'),(118,'pre_tax_total',NULL,'185000.00000000'),(118,'source',NULL,'CRM'),(118,'record_id',NULL,'1086'),(118,'record_module',NULL,'SalesOrder'),(120,'label',' Eidy Daiana Pasichana Alarc&oacute;n',' Leidy Daiana Pasichana Alarc&oacute;n'),(120,'lastname','Eidy Daiana Pasichana Alarc&oacute;n','Leidy Daiana Pasichana Alarc&oacute;n'),(121,'label',NULL,'VENTA KIT'),(121,'salesorder_no',NULL,'SO3'),(121,'subject',NULL,'VENTA KIT'),(121,'contact_id',NULL,'1082'),(121,'sostatus',NULL,'Delivered'),(121,'txtAdjustment',NULL,'0.00000000'),(121,'salescommission',NULL,'0.000'),(121,'exciseduty',NULL,'0.000'),(121,'hdnGrandTotal',NULL,'160000.00000000'),(121,'hdnSubTotal',NULL,'160000.00000000'),(121,'hdnTaxType',NULL,'group'),(121,'hdnS_H_Amount',NULL,'0.00000000'),(121,'assigned_user_id',NULL,'5'),(121,'createdtime',NULL,'2022-02-25 20:03:36'),(121,'modifiedby',NULL,'5'),(121,'currency_id',NULL,'1'),(121,'conversion_rate',NULL,'1.000'),(121,'ship_street',NULL,'Cra 5 n&uacute;mero 34 _ 81'),(121,'terms_conditions',NULL,'- A menos que el proveedor acuerde lo contrario por escrito, todas las facturas ser&aacute;n pagaderas en un plazo de treinta (30) d&iacute;as a partir de la fecha de la factura, en la moneda de la factura, girada en un banco con sede en la India o por cualquier otro m&eacute;todo acordado previamente por el proveedor.\n\n - Todos los precios no incluyen el IVA, que deber&aacute; ser abonado adicionalmente por el Cliente al tipo aplicable.'),(121,'productid',NULL,'19'),(121,'quantity',NULL,'1.000'),(121,'listprice',NULL,'200000.00000000'),(121,'comment',NULL,'Cuida tu piel con nuestro Kit Completo. Lo hacemos por tu piel.'),(121,'discount_percent',NULL,'20.000'),(121,'pre_tax_total',NULL,'160000.00000000'),(121,'source',NULL,'CRM'),(121,'record_id',NULL,'1087'),(121,'record_module',NULL,'SalesOrder'),(123,'label',NULL,'VENTA VITAMINA C Y PANTALLA SOLAR'),(123,'salesorder_no',NULL,'SO4'),(123,'subject',NULL,'VENTA VITAMINA C Y PANTALLA SOLAR'),(123,'contact_id',NULL,'1078'),(123,'sostatus',NULL,'Delivered'),(123,'txtAdjustment',NULL,'0.00000000'),(123,'salescommission',NULL,'0.000'),(123,'exciseduty',NULL,'0.000'),(123,'hdnGrandTotal',NULL,'135000.00000000'),(123,'hdnSubTotal',NULL,'135000.00000000'),(123,'hdnTaxType',NULL,'group'),(123,'hdnS_H_Amount',NULL,'0.00000000'),(123,'assigned_user_id',NULL,'5'),(123,'createdtime',NULL,'2022-02-25 20:05:44'),(123,'modifiedby',NULL,'5'),(123,'currency_id',NULL,'1'),(123,'conversion_rate',NULL,'1.000'),(123,'ship_street',NULL,'Cra 73 A # 30 B 04 casa piso 3, barrio Bel&eacute;n rosales'),(123,'terms_conditions',NULL,'- A menos que el proveedor acuerde lo contrario por escrito, todas las facturas ser&aacute;n pagaderas en un plazo de treinta (30) d&iacute;as a partir de la fecha de la factura, en la moneda de la factura, girada en un banco con sede en la India o por cualquier otro m&eacute;todo acordado previamente por el proveedor.\n\n - Todos los precios no incluyen el IVA, que deber&aacute; ser abonado adicionalmente por el Cliente al tipo aplicable.'),(123,'productid',NULL,'15'),(123,'quantity',NULL,'1.000'),(123,'listprice',NULL,'55000.00000000'),(123,'comment',NULL,'Ilumina y previene los signos del envejecimiento.'),(123,'pre_tax_total',NULL,'135000.00000000'),(123,'source',NULL,'CRM'),(123,'record_id',NULL,'1088'),(123,'record_module',NULL,'SalesOrder'),(125,'label',NULL,'Regarding Contact Assignment'),(125,'date_start',NULL,'2022-02-25'),(125,'activitytype',NULL,'Emails'),(125,'assigned_user_id',NULL,'1'),(125,'subject',NULL,'Regarding Contact Assignment'),(125,'description',NULL,'An Contact has been assigned to you on vtigerCRM&lt;br&gt;Details of Contact are :&lt;br&gt;&lt;br&gt;Contact Id:&lt;b&gt;CON1036&lt;/b&gt;&lt;br&gt;LastName:&lt;b&gt;Leidy Daiana Pasichana Alarc&oacute;n&lt;/b&gt;&lt;br&gt;FirstName:&lt;b&gt;&lt;/b&gt;&lt;br&gt;Lead Source:&lt;b&gt;&lt;/b&gt;&lt;br&gt;Department:&lt;b&gt;&lt;/b&gt;&lt;br&gt;Description:&lt;b&gt;&lt;/b&gt;&lt;br&gt;&lt;br&gt;&lt;br&gt;And &lt;b&gt;CustomerPortal Login Details&lt;/b&gt; is sent to the EmailID :-dava8531@hotmail.com&lt;br&gt;&lt;br&gt;Thank You&lt;br&gt;Admin&lt;br&gt;&lt;br&gt;'),(125,'time_start',NULL,'20:10:02'),(125,'createdtime',NULL,'2022-02-25 20:10:02'),(125,'modifiedby',NULL,'1'),(125,'from_email',NULL,'giradel26@hotmail.com'),(125,'saved_toid',NULL,'[&quot;giradel26@hotmail.com&quot;]'),(125,'ccmail',NULL,'[&quot;&quot;]'),(125,'bccmail',NULL,'[&quot;&quot;]'),(125,'parent_id',NULL,'1079@1|'),(125,'email_flag',NULL,'SENT'),(125,'source',NULL,'CRM'),(125,'record_id',NULL,'1089'),(125,'record_module',NULL,'Emails'),(127,'label',NULL,' Mike Sherlock\n'),(127,'lead_no',NULL,'LEA23'),(127,'lastname',NULL,'Mike Sherlock\n'),(127,'cf_858',NULL,'Hombre'),(127,'mobile',NULL,'83679412821'),(127,'email',NULL,'no-replyEnteby@gmail.com'),(127,'leadsource',NULL,'Web Site'),(127,'leadstatus',NULL,'Not Contacted'),(127,'rating',NULL,'Persona Natural'),(127,'assigned_user_id',NULL,'1'),(127,'createdtime',NULL,'2022-02-26 00:02:00'),(127,'source',NULL,'WEBFORM'),(127,'modifiedby',NULL,'1'),(127,'description',NULL,'Howdy \n \nI have just took an in depth look on your  detupiel.co for the ranking keywords and saw that your website could use an upgrade. \n \nWe will improve your SEO metrics and ranks organically and safely, using only whitehat methods, while providing monthly reports and outstanding support. \n \nPlease check our plans here, we offer SEO at cheap rates. \nhttps://www.hilkom-digital.de/cheap-seo-packages/ \n \nStart improving your sales and leads with us, today! \n \n \nregards \nMike Sherlock\n \nHilkom Digital Team \nsupport@hilkom-digital.de'),(127,'record_id',NULL,'1090'),(127,'record_module',NULL,'Leads'),(128,'label',NULL,' karen yohana Rodr&iacute;guez'),(128,'contact_no',NULL,'CON1038'),(128,'lastname',NULL,'karen yohana Rodr&iacute;guez'),(128,'mobile',NULL,'3125722499'),(128,'assigned_user_id',NULL,'5'),(128,'createdtime',NULL,'2022-02-26 20:35:42'),(128,'modifiedby',NULL,'5'),(128,'otherstreet',NULL,'cra 10 # 6 90 conjunto la pradera casa 99'),(128,'mailingcity',NULL,'Chia /Cundinamarca'),(128,'source',NULL,'CRM'),(128,'record_id',NULL,'1091'),(128,'record_module',NULL,'Contacts'),(129,'label',NULL,'Regarding Contact Assignment'),(129,'date_start',NULL,'2022-02-26'),(129,'activitytype',NULL,'Emails'),(129,'assigned_user_id',NULL,'1'),(129,'subject',NULL,'Regarding Contact Assignment'),(129,'description',NULL,'An Contact has been assigned to you on vtigerCRM&lt;br&gt;Details of Contact are :&lt;br&gt;&lt;br&gt;Contact Id:&lt;b&gt;CON1038&lt;/b&gt;&lt;br&gt;LastName:&lt;b&gt;karen yohana Rodr&iacute;guez&lt;/b&gt;&lt;br&gt;FirstName:&lt;b&gt;&lt;/b&gt;&lt;br&gt;Lead Source:&lt;b&gt;&lt;/b&gt;&lt;br&gt;Department:&lt;b&gt;&lt;/b&gt;&lt;br&gt;Description:&lt;b&gt;&lt;/b&gt;&lt;br&gt;&lt;br&gt;&lt;br&gt;And &lt;b&gt;CustomerPortal Login Details&lt;/b&gt; is sent to the EmailID :-&lt;br&gt;&lt;br&gt;Thank You&lt;br&gt;Admin&lt;br&gt;&lt;br&gt;'),(129,'time_start',NULL,'20:40:04'),(129,'createdtime',NULL,'2022-02-26 20:40:04'),(129,'modifiedby',NULL,'1'),(129,'from_email',NULL,'giradel26@hotmail.com'),(129,'saved_toid',NULL,'[&quot;giradel26@hotmail.com&quot;]'),(129,'ccmail',NULL,'[&quot;&quot;]'),(129,'bccmail',NULL,'[&quot;&quot;]'),(129,'parent_id',NULL,'1091@1|'),(129,'email_flag',NULL,'SENT'),(129,'source',NULL,'CRM'),(129,'record_id',NULL,'1092'),(129,'record_module',NULL,'Emails'),(131,'label',NULL,'VENTA KIT'),(131,'salesorder_no',NULL,'SO5'),(131,'subject',NULL,'VENTA KIT'),(131,'contact_id',NULL,'1091'),(131,'sostatus',NULL,'Delivered'),(131,'txtAdjustment',NULL,'0.00000000'),(131,'hdnGrandTotal',NULL,'160000.00000000'),(131,'hdnSubTotal',NULL,'160000.00000000'),(131,'hdnTaxType',NULL,'group'),(131,'hdnS_H_Amount',NULL,'0.00000000'),(131,'assigned_user_id',NULL,'5'),(131,'createdtime',NULL,'2022-02-26 20:40:13'),(131,'modifiedby',NULL,'5'),(131,'currency_id',NULL,'1'),(131,'conversion_rate',NULL,'1.000'),(131,'ship_street',NULL,'cra 10 # 6 90 conjunto la pradera casa 99'),(131,'terms_conditions',NULL,'- A menos que el proveedor acuerde lo contrario por escrito, todas las facturas ser&aacute;n pagaderas en un plazo de treinta (30) d&iacute;as a partir de la fecha de la factura, en la moneda de la factura, girada en un banco con sede en la India o por cualquier otro m&eacute;todo acordado previamente por el proveedor.\n\n - Todos los precios no incluyen el IVA, que deber&aacute; ser abonado adicionalmente por el Cliente al tipo aplicable.'),(131,'productid',NULL,'19'),(131,'quantity',NULL,'1.000'),(131,'listprice',NULL,'200000.00000000'),(131,'comment',NULL,'Cuida tu piel con nuestro Kit Completo. Lo hacemos por tu piel.'),(131,'discount_percent',NULL,'20.000'),(131,'pre_tax_total',NULL,'160000.00000000'),(131,'source',NULL,'CRM'),(131,'cf_865',NULL,'2022-01-08'),(131,'record_id',NULL,'1093'),(131,'record_module',NULL,'SalesOrder'),(133,'label',NULL,' Yolima Hidalgo  Martinez'),(133,'contact_no',NULL,'CON1039'),(133,'lastname',NULL,'Yolima Hidalgo  Martinez'),(133,'mobile',NULL,'3164570351'),(133,'assigned_user_id',NULL,'5'),(133,'createdtime',NULL,'2022-02-26 20:42:31'),(133,'modifiedby',NULL,'5'),(133,'mailingcity',NULL,'CALI'),(133,'source',NULL,'CRM'),(133,'record_id',NULL,'1094'),(133,'record_module',NULL,'Contacts'),(134,'email','','kren255@hotmail.com'),(135,'email','','Yo.lima.hidalgo@hotmail.com'),(135,'otherstreet','','Calle 13  # 41-16 segundo piso Av Paso Ancho'),(136,'label',NULL,' Dannia Taborda Durango'),(136,'contact_no',NULL,'CON1040'),(136,'lastname',NULL,'Dannia Taborda Durango'),(136,'mobile',NULL,'3206580780'),(136,'assigned_user_id',NULL,'5'),(136,'createdtime',NULL,'2022-02-26 20:46:55'),(136,'modifiedby',NULL,'5'),(136,'otherstreet',NULL,'calle 20 #11-30 conjunto cerrado parques del Pinar torre 2 apartamento 502'),(136,'mailingcity',NULL,'YUMBO'),(136,'source',NULL,'CRM'),(136,'record_id',NULL,'1095'),(136,'record_module',NULL,'Contacts'),(137,'label',NULL,'VENTA VITAMINA C'),(137,'salesorder_no',NULL,'SO6'),(137,'subject',NULL,'VENTA VITAMINA C'),(137,'contact_id',NULL,'1094'),(137,'sostatus',NULL,'Delivered'),(137,'txtAdjustment',NULL,'0.00000000'),(137,'hdnGrandTotal',NULL,'55000.00000000'),(137,'hdnSubTotal',NULL,'55000.00000000'),(137,'hdnTaxType',NULL,'group'),(137,'hdnS_H_Amount',NULL,'0.00000000'),(137,'assigned_user_id',NULL,'5'),(137,'createdtime',NULL,'2022-02-26 20:48:40'),(137,'modifiedby',NULL,'5'),(137,'currency_id',NULL,'1'),(137,'conversion_rate',NULL,'1.000'),(137,'ship_street',NULL,'Calle 13  # 41-16 segundo piso Av Paso Ancho'),(137,'terms_conditions',NULL,'- A menos que el proveedor acuerde lo contrario por escrito, todas las facturas ser&aacute;n pagaderas en un plazo de treinta (30) d&iacute;as a partir de la fecha de la factura, en la moneda de la factura, girada en un banco con sede en la India o por cualquier otro m&eacute;todo acordado previamente por el proveedor.\n\n - Todos los precios no incluyen el IVA, que deber&aacute; ser abonado adicionalmente por el Cliente al tipo aplicable.'),(137,'productid',NULL,'15'),(137,'quantity',NULL,'1.000'),(137,'listprice',NULL,'55000.00000000'),(137,'comment',NULL,'Ilumina y previene los signos del envejecimiento.'),(137,'pre_tax_total',NULL,'55000.00000000'),(137,'source',NULL,'CRM'),(137,'cf_865',NULL,'2022-01-12'),(137,'record_id',NULL,'1096'),(137,'record_module',NULL,'SalesOrder'),(139,'label',NULL,'VENTA GEL'),(139,'salesorder_no',NULL,'SO7'),(139,'subject',NULL,'VENTA GEL'),(139,'contact_id',NULL,'1095'),(139,'sostatus',NULL,'Delivered'),(139,'txtAdjustment',NULL,'0.00000000'),(139,'hdnGrandTotal',NULL,'50000.00000000'),(139,'hdnSubTotal',NULL,'50000.00000000'),(139,'hdnTaxType',NULL,'group'),(139,'hdnS_H_Amount',NULL,'0.00000000'),(139,'assigned_user_id',NULL,'5'),(139,'createdtime',NULL,'2022-02-26 20:50:10'),(139,'modifiedby',NULL,'5'),(139,'currency_id',NULL,'1'),(139,'conversion_rate',NULL,'1.000'),(139,'ship_street',NULL,'calle 20 #11-30 conjunto cerrado parques del Pinar torre 2 apartamento 502'),(139,'terms_conditions',NULL,'- A menos que el proveedor acuerde lo contrario por escrito, todas las facturas ser&aacute;n pagaderas en un plazo de treinta (30) d&iacute;as a partir de la fecha de la factura, en la moneda de la factura, girada en un banco con sede en la India o por cualquier otro m&eacute;todo acordado previamente por el proveedor.\n\n - Todos los precios no incluyen el IVA, que deber&aacute; ser abonado adicionalmente por el Cliente al tipo aplicable.'),(139,'productid',NULL,'16'),(139,'quantity',NULL,'2.000'),(139,'listprice',NULL,'25000.00000000'),(139,'comment',NULL,'Eliminan las impurezas, nutre y humecta tu piel.'),(139,'pre_tax_total',NULL,'50000.00000000'),(139,'source',NULL,'CRM'),(139,'cf_865',NULL,'2022-01-11'),(139,'record_id',NULL,'1097'),(139,'record_module',NULL,'SalesOrder'),(141,'label',NULL,' Eunice Jaramillo Gomez'),(141,'contact_no',NULL,'CON1041'),(141,'lastname',NULL,'Eunice Jaramillo Gomez'),(141,'mobile',NULL,'3128019854'),(141,'email',NULL,'nicho-jg@hotmail.com'),(141,'assigned_user_id',NULL,'5'),(141,'createdtime',NULL,'2022-02-26 20:54:40'),(141,'modifiedby',NULL,'5'),(141,'otherstreet',NULL,'cra 84 e 9-44 barrio belen aliadas casa primer piso'),(141,'mailingcity',NULL,'MEDELLIN'),(141,'source',NULL,'CRM'),(141,'record_id',NULL,'1098'),(141,'record_module',NULL,'Contacts'),(142,'label',NULL,'Regarding Contact Assignment'),(142,'date_start',NULL,'2022-02-26'),(142,'activitytype',NULL,'Emails'),(142,'assigned_user_id',NULL,'1'),(142,'subject',NULL,'Regarding Contact Assignment'),(142,'description',NULL,'An Contact has been assigned to you on vtigerCRM&lt;br&gt;Details of Contact are :&lt;br&gt;&lt;br&gt;Contact Id:&lt;b&gt;CON1039&lt;/b&gt;&lt;br&gt;LastName:&lt;b&gt;Yolima Hidalgo  Martinez&lt;/b&gt;&lt;br&gt;FirstName:&lt;b&gt;&lt;/b&gt;&lt;br&gt;Lead Source:&lt;b&gt;&lt;/b&gt;&lt;br&gt;Department:&lt;b&gt;&lt;/b&gt;&lt;br&gt;Description:&lt;b&gt;&lt;/b&gt;&lt;br&gt;&lt;br&gt;&lt;br&gt;And &lt;b&gt;CustomerPortal Login Details&lt;/b&gt; is sent to the EmailID :-&lt;br&gt;&lt;br&gt;Thank You&lt;br&gt;Admin&lt;br&gt;&lt;br&gt;'),(142,'time_start',NULL,'20:55:02'),(142,'createdtime',NULL,'2022-02-26 20:55:02'),(142,'modifiedby',NULL,'1'),(142,'from_email',NULL,'giradel26@hotmail.com'),(142,'saved_toid',NULL,'[&quot;giradel26@hotmail.com&quot;]'),(142,'ccmail',NULL,'[&quot;&quot;]'),(142,'bccmail',NULL,'[&quot;&quot;]'),(142,'parent_id',NULL,'1094@1|'),(142,'email_flag',NULL,'SENT'),(142,'source',NULL,'CRM'),(142,'record_id',NULL,'1099'),(142,'record_module',NULL,'Emails'),(144,'label',NULL,'Regarding Contact Assignment'),(144,'date_start',NULL,'2022-02-26'),(144,'activitytype',NULL,'Emails'),(144,'assigned_user_id',NULL,'1'),(144,'subject',NULL,'Regarding Contact Assignment'),(144,'description',NULL,'An Contact has been assigned to you on vtigerCRM&lt;br&gt;Details of Contact are :&lt;br&gt;&lt;br&gt;Contact Id:&lt;b&gt;CON1038&lt;/b&gt;&lt;br&gt;LastName:&lt;b&gt;karen yohana Rodr&iacute;guez&lt;/b&gt;&lt;br&gt;FirstName:&lt;b&gt;&lt;/b&gt;&lt;br&gt;Lead Source:&lt;b&gt;&lt;/b&gt;&lt;br&gt;Department:&lt;b&gt;&lt;/b&gt;&lt;br&gt;Description:&lt;b&gt;&lt;/b&gt;&lt;br&gt;&lt;br&gt;&lt;br&gt;And &lt;b&gt;CustomerPortal Login Details&lt;/b&gt; is sent to the EmailID :-kren255@hotmail.com&lt;br&gt;&lt;br&gt;Thank You&lt;br&gt;Admin&lt;br&gt;&lt;br&gt;'),(144,'time_start',NULL,'20:55:03'),(144,'createdtime',NULL,'2022-02-26 20:55:03'),(144,'modifiedby',NULL,'1'),(144,'from_email',NULL,'giradel26@hotmail.com'),(144,'saved_toid',NULL,'[&quot;giradel26@hotmail.com&quot;]'),(144,'ccmail',NULL,'[&quot;&quot;]'),(144,'bccmail',NULL,'[&quot;&quot;]'),(144,'parent_id',NULL,'1091@1|'),(144,'email_flag',NULL,'SENT'),(144,'source',NULL,'CRM'),(144,'record_id',NULL,'1100'),(144,'record_module',NULL,'Emails'),(146,'label',NULL,'Regarding Contact Assignment'),(146,'date_start',NULL,'2022-02-26'),(146,'activitytype',NULL,'Emails'),(146,'assigned_user_id',NULL,'1'),(146,'subject',NULL,'Regarding Contact Assignment'),(146,'description',NULL,'An Contact has been assigned to you on vtigerCRM&lt;br&gt;Details of Contact are :&lt;br&gt;&lt;br&gt;Contact Id:&lt;b&gt;CON1039&lt;/b&gt;&lt;br&gt;LastName:&lt;b&gt;Yolima Hidalgo  Martinez&lt;/b&gt;&lt;br&gt;FirstName:&lt;b&gt;&lt;/b&gt;&lt;br&gt;Lead Source:&lt;b&gt;&lt;/b&gt;&lt;br&gt;Department:&lt;b&gt;&lt;/b&gt;&lt;br&gt;Description:&lt;b&gt;&lt;/b&gt;&lt;br&gt;&lt;br&gt;&lt;br&gt;And &lt;b&gt;CustomerPortal Login Details&lt;/b&gt; is sent to the EmailID :-Yo.lima.hidalgo@hotmail.com&lt;br&gt;&lt;br&gt;Thank You&lt;br&gt;Admin&lt;br&gt;&lt;br&gt;'),(146,'time_start',NULL,'20:55:03'),(146,'createdtime',NULL,'2022-02-26 20:55:03'),(146,'modifiedby',NULL,'1'),(146,'from_email',NULL,'giradel26@hotmail.com'),(146,'saved_toid',NULL,'[&quot;giradel26@hotmail.com&quot;]'),(146,'ccmail',NULL,'[&quot;&quot;]'),(146,'bccmail',NULL,'[&quot;&quot;]'),(146,'parent_id',NULL,'1094@1|'),(146,'email_flag',NULL,'SENT'),(146,'source',NULL,'CRM'),(146,'record_id',NULL,'1101'),(146,'record_module',NULL,'Emails'),(148,'label',NULL,'Regarding Contact Assignment'),(148,'date_start',NULL,'2022-02-26'),(148,'activitytype',NULL,'Emails'),(148,'assigned_user_id',NULL,'1'),(148,'subject',NULL,'Regarding Contact Assignment'),(148,'description',NULL,'An Contact has been assigned to you on vtigerCRM&lt;br&gt;Details of Contact are :&lt;br&gt;&lt;br&gt;Contact Id:&lt;b&gt;CON1040&lt;/b&gt;&lt;br&gt;LastName:&lt;b&gt;Dannia Taborda Durango&lt;/b&gt;&lt;br&gt;FirstName:&lt;b&gt;&lt;/b&gt;&lt;br&gt;Lead Source:&lt;b&gt;&lt;/b&gt;&lt;br&gt;Department:&lt;b&gt;&lt;/b&gt;&lt;br&gt;Description:&lt;b&gt;&lt;/b&gt;&lt;br&gt;&lt;br&gt;&lt;br&gt;And &lt;b&gt;CustomerPortal Login Details&lt;/b&gt; is sent to the EmailID :-&lt;br&gt;&lt;br&gt;Thank You&lt;br&gt;Admin&lt;br&gt;&lt;br&gt;'),(148,'time_start',NULL,'20:55:03'),(148,'createdtime',NULL,'2022-02-26 20:55:03'),(148,'modifiedby',NULL,'1'),(148,'from_email',NULL,'giradel26@hotmail.com'),(148,'saved_toid',NULL,'[&quot;giradel26@hotmail.com&quot;]'),(148,'ccmail',NULL,'[&quot;&quot;]'),(148,'bccmail',NULL,'[&quot;&quot;]'),(148,'parent_id',NULL,'1095@1|'),(148,'email_flag',NULL,'SENT'),(148,'source',NULL,'CRM'),(148,'record_id',NULL,'1102'),(148,'record_module',NULL,'Emails'),(150,'label',NULL,'Regarding Contact Assignment'),(150,'date_start',NULL,'2022-02-26'),(150,'activitytype',NULL,'Emails'),(150,'assigned_user_id',NULL,'1'),(150,'subject',NULL,'Regarding Contact Assignment'),(150,'description',NULL,'An Contact has been assigned to you on vtigerCRM&lt;br&gt;Details of Contact are :&lt;br&gt;&lt;br&gt;Contact Id:&lt;b&gt;CON1041&lt;/b&gt;&lt;br&gt;LastName:&lt;b&gt;Eunice Jaramillo Gomez&lt;/b&gt;&lt;br&gt;FirstName:&lt;b&gt;&lt;/b&gt;&lt;br&gt;Lead Source:&lt;b&gt;&lt;/b&gt;&lt;br&gt;Department:&lt;b&gt;&lt;/b&gt;&lt;br&gt;Description:&lt;b&gt;&lt;/b&gt;&lt;br&gt;&lt;br&gt;&lt;br&gt;And &lt;b&gt;CustomerPortal Login Details&lt;/b&gt; is sent to the EmailID :-nicho-jg@hotmail.com&lt;br&gt;&lt;br&gt;Thank You&lt;br&gt;Admin&lt;br&gt;&lt;br&gt;'),(150,'time_start',NULL,'20:55:03'),(150,'createdtime',NULL,'2022-02-26 20:55:03'),(150,'modifiedby',NULL,'1'),(150,'from_email',NULL,'giradel26@hotmail.com'),(150,'saved_toid',NULL,'[&quot;giradel26@hotmail.com&quot;]'),(150,'ccmail',NULL,'[&quot;&quot;]'),(150,'bccmail',NULL,'[&quot;&quot;]'),(150,'parent_id',NULL,'1098@1|'),(150,'email_flag',NULL,'SENT'),(150,'source',NULL,'CRM'),(150,'record_id',NULL,'1103'),(150,'record_module',NULL,'Emails'),(152,'label',NULL,'VENTA SERUM NOCHE'),(152,'salesorder_no',NULL,'SO8'),(152,'subject',NULL,'VENTA SERUM NOCHE'),(152,'contact_id',NULL,'1098'),(152,'sostatus',NULL,'Delivered'),(152,'txtAdjustment',NULL,'0.00000000'),(152,'hdnGrandTotal',NULL,'60000.00000000'),(152,'hdnSubTotal',NULL,'60000.00000000'),(152,'hdnTaxType',NULL,'group'),(152,'hdnS_H_Amount',NULL,'0.00000000'),(152,'assigned_user_id',NULL,'5'),(152,'createdtime',NULL,'2022-02-26 20:55:38'),(152,'modifiedby',NULL,'5'),(152,'currency_id',NULL,'1'),(152,'conversion_rate',NULL,'1.000'),(152,'ship_street',NULL,'cra 84 e 9-44 barrio belen aliadas casa primer piso'),(152,'terms_conditions',NULL,'- A menos que el proveedor acuerde lo contrario por escrito, todas las facturas ser&aacute;n pagaderas en un plazo de treinta (30) d&iacute;as a partir de la fecha de la factura, en la moneda de la factura, girada en un banco con sede en la India o por cualquier otro m&eacute;todo acordado previamente por el proveedor.\n\n - Todos los precios no incluyen el IVA, que deber&aacute; ser abonado adicionalmente por el Cliente al tipo aplicable.'),(152,'productid',NULL,'14'),(152,'quantity',NULL,'1.000'),(152,'listprice',NULL,'60000.00000000'),(152,'comment',NULL,'Alfahidroxi&aacute;cidos y col&aacute;geno, que reparan tu piel.'),(152,'pre_tax_total',NULL,'60000.00000000'),(152,'source',NULL,'CRM'),(152,'cf_865',NULL,'2022-01-13'),(152,'record_id',NULL,'1104'),(152,'record_module',NULL,'SalesOrder'),(154,'label',NULL,' Lilibeth Alexandra Ache Rocca'),(154,'contact_no',NULL,'CON1042'),(154,'lastname',NULL,'Lilibeth Alexandra Ache Rocca'),(154,'mobile',NULL,'3015497415'),(154,'email',NULL,'alexandraacherocca@gmail.com'),(154,'assigned_user_id',NULL,'5'),(154,'createdtime',NULL,'2022-02-26 20:57:37'),(154,'modifiedby',NULL,'5'),(154,'otherstreet',NULL,'Rodadero sur carrera 2 calle 19 Av tamaca frente hotel real tamaca'),(154,'mailingcity',NULL,'SANTA MARTA'),(154,'source',NULL,'CRM'),(154,'record_id',NULL,'1105'),(154,'record_module',NULL,'Contacts'),(155,'label',NULL,'VENTA KIT'),(155,'salesorder_no',NULL,'SO9'),(155,'subject',NULL,'VENTA KIT'),(155,'contact_id',NULL,'1105'),(155,'sostatus',NULL,'Delivered'),(155,'txtAdjustment',NULL,'0.00000000'),(155,'hdnGrandTotal',NULL,'160000.00000000'),(155,'hdnSubTotal',NULL,'160000.00000000'),(155,'hdnTaxType',NULL,'group'),(155,'hdnS_H_Amount',NULL,'0.00000000'),(155,'assigned_user_id',NULL,'5'),(155,'createdtime',NULL,'2022-02-26 20:58:45'),(155,'modifiedby',NULL,'5'),(155,'currency_id',NULL,'1'),(155,'conversion_rate',NULL,'1.000'),(155,'ship_street',NULL,'Rodadero sur carrera 2 calle 19 Av tamaca frente hotel real tamaca'),(155,'terms_conditions',NULL,'- A menos que el proveedor acuerde lo contrario por escrito, todas las facturas ser&aacute;n pagaderas en un plazo de treinta (30) d&iacute;as a partir de la fecha de la factura, en la moneda de la factura, girada en un banco con sede en la India o por cualquier otro m&eacute;todo acordado previamente por el proveedor.\n\n - Todos los precios no incluyen el IVA, que deber&aacute; ser abonado adicionalmente por el Cliente al tipo aplicable.'),(155,'productid',NULL,'19'),(155,'quantity',NULL,'1.000'),(155,'listprice',NULL,'200000.00000000'),(155,'comment',NULL,'Cuida tu piel con nuestro Kit Completo. Lo hacemos por tu piel.'),(155,'discount_percent',NULL,'20.000'),(155,'pre_tax_total',NULL,'160000.00000000'),(155,'source',NULL,'CRM'),(155,'cf_865',NULL,'2022-01-13'),(155,'record_id',NULL,'1106'),(155,'record_module',NULL,'SalesOrder'),(157,'label',NULL,' Janelly Cort&eacute;s Arredondo'),(157,'contact_no',NULL,'CON1043'),(157,'lastname',NULL,'Janelly Cort&eacute;s Arredondo'),(157,'mobile',NULL,'317 336 56 81'),(157,'email',NULL,'janellycortes75@gmail.com'),(157,'assigned_user_id',NULL,'5'),(157,'createdtime',NULL,'2022-02-26 21:02:11'),(157,'modifiedby',NULL,'5'),(157,'otherstreet',NULL,'Carrera 29 bis#27_51 barrio el jard&iacute;n'),(157,'mailingcity',NULL,'CALI'),(157,'source',NULL,'CRM'),(157,'record_id',NULL,'1107'),(157,'record_module',NULL,'Contacts'),(158,'label',NULL,'VENTA KIT'),(158,'salesorder_no',NULL,'SO10'),(158,'subject',NULL,'VENTA KIT'),(158,'contact_id',NULL,'1107'),(158,'sostatus',NULL,'Delivered'),(158,'txtAdjustment',NULL,'0.00000000'),(158,'hdnGrandTotal',NULL,'160000.00000000'),(158,'hdnSubTotal',NULL,'160000.00000000'),(158,'hdnTaxType',NULL,'group'),(158,'hdnS_H_Amount',NULL,'0.00000000'),(158,'assigned_user_id',NULL,'5'),(158,'createdtime',NULL,'2022-02-26 21:03:03'),(158,'modifiedby',NULL,'5'),(158,'currency_id',NULL,'1'),(158,'conversion_rate',NULL,'1.000'),(158,'ship_street',NULL,'Carrera 29 bis#27_51 barrio el jard&iacute;n'),(158,'terms_conditions',NULL,'- A menos que el proveedor acuerde lo contrario por escrito, todas las facturas ser&aacute;n pagaderas en un plazo de treinta (30) d&iacute;as a partir de la fecha de la factura, en la moneda de la factura, girada en un banco con sede en la India o por cualquier otro m&eacute;todo acordado previamente por el proveedor.\n\n - Todos los precios no incluyen el IVA, que deber&aacute; ser abonado adicionalmente por el Cliente al tipo aplicable.'),(158,'productid',NULL,'19'),(158,'quantity',NULL,'1.000'),(158,'listprice',NULL,'200000.00000000'),(158,'comment',NULL,'Cuida tu piel con nuestro Kit Completo. Lo hacemos por tu piel.'),(158,'discount_percent',NULL,'20.000'),(158,'pre_tax_total',NULL,'160000.00000000'),(158,'source',NULL,'CRM'),(158,'cf_865',NULL,'2021-12-07'),(158,'record_id',NULL,'1108'),(158,'record_module',NULL,'SalesOrder'),(160,'label',NULL,' Katerine cardona'),(160,'contact_no',NULL,'CON1044'),(160,'lastname',NULL,'Katerine cardona'),(160,'mobile',NULL,'310 4205082'),(160,'assigned_user_id',NULL,'5'),(160,'createdtime',NULL,'2022-02-26 21:05:10'),(160,'modifiedby',NULL,'5'),(160,'otherstreet',NULL,'Unidad allegro Bochalema \nCalle 28 # 113 57'),(160,'mailingcity',NULL,'CALI'),(160,'source',NULL,'CRM'),(160,'record_id',NULL,'1109'),(160,'record_module',NULL,'Contacts'),(161,'label',NULL,'VENTA GEL'),(161,'salesorder_no',NULL,'SO11'),(161,'subject',NULL,'VENTA GEL'),(161,'contact_id',NULL,'1109'),(161,'sostatus',NULL,'Delivered'),(161,'txtAdjustment',NULL,'0.00000000'),(161,'hdnGrandTotal',NULL,'131750.00000000'),(161,'hdnSubTotal',NULL,'155000.00000000'),(161,'hdnTaxType',NULL,'group'),(161,'hdnDiscountPercent',NULL,'15.000'),(161,'hdnS_H_Amount',NULL,'0.00000000'),(161,'assigned_user_id',NULL,'5'),(161,'createdtime',NULL,'2022-02-26 21:07:24'),(161,'modifiedby',NULL,'5'),(161,'currency_id',NULL,'1'),(161,'conversion_rate',NULL,'1.000'),(161,'ship_street',NULL,'Unidad allegro Bochalema \nCalle 28 # 113 57'),(161,'terms_conditions',NULL,'- A menos que el proveedor acuerde lo contrario por escrito, todas las facturas ser&aacute;n pagaderas en un plazo de treinta (30) d&iacute;as a partir de la fecha de la factura, en la moneda de la factura, girada en un banco con sede en la India o por cualquier otro m&eacute;todo acordado previamente por el proveedor.\n\n - Todos los precios no incluyen el IVA, que deber&aacute; ser abonado adicionalmente por el Cliente al tipo aplicable.'),(161,'productid',NULL,'16'),(161,'quantity',NULL,'4.000'),(161,'listprice',NULL,'25000.00000000'),(161,'comment',NULL,'Eliminan las impurezas, nutre y humecta tu piel.'),(161,'pre_tax_total',NULL,'131750.00000000'),(161,'source',NULL,'CRM'),(161,'cf_865',NULL,'2022-01-14'),(161,'record_id',NULL,'1110'),(161,'record_module',NULL,'SalesOrder'),(163,'label',NULL,' &Aacute;ngela Mar&iacute;a S&aacute;nchez'),(163,'contact_no',NULL,'CON1045'),(163,'lastname',NULL,'&Aacute;ngela Mar&iacute;a S&aacute;nchez'),(163,'mobile',NULL,'3156276200'),(163,'assigned_user_id',NULL,'5'),(163,'createdtime',NULL,'2022-02-26 21:09:47'),(163,'modifiedby',NULL,'5'),(163,'otherstreet',NULL,'Cra 39 77 sur 84 apto 403\nMaderos del campo 3'),(163,'mailingcity',NULL,'San Jos&eacute; , Sabaneta'),(163,'source',NULL,'CRM'),(163,'record_id',NULL,'1111'),(163,'record_module',NULL,'Contacts'),(164,'label',NULL,'Regarding Contact Assignment'),(164,'date_start',NULL,'2022-02-26'),(164,'activitytype',NULL,'Emails'),(164,'assigned_user_id',NULL,'1'),(164,'subject',NULL,'Regarding Contact Assignment'),(164,'description',NULL,'An Contact has been assigned to you on vtigerCRM&lt;br&gt;Details of Contact are :&lt;br&gt;&lt;br&gt;Contact Id:&lt;b&gt;CON1042&lt;/b&gt;&lt;br&gt;LastName:&lt;b&gt;Lilibeth Alexandra Ache Rocca&lt;/b&gt;&lt;br&gt;FirstName:&lt;b&gt;&lt;/b&gt;&lt;br&gt;Lead Source:&lt;b&gt;&lt;/b&gt;&lt;br&gt;Department:&lt;b&gt;&lt;/b&gt;&lt;br&gt;Description:&lt;b&gt;&lt;/b&gt;&lt;br&gt;&lt;br&gt;&lt;br&gt;And &lt;b&gt;CustomerPortal Login Details&lt;/b&gt; is sent to the EmailID :-alexandraacherocca@gmail.com&lt;br&gt;&lt;br&gt;Thank You&lt;br&gt;Admin&lt;br&gt;&lt;br&gt;'),(164,'time_start',NULL,'21:10:04'),(164,'createdtime',NULL,'2022-02-26 21:10:04'),(164,'modifiedby',NULL,'1'),(164,'from_email',NULL,'giradel26@hotmail.com'),(164,'saved_toid',NULL,'[&quot;giradel26@hotmail.com&quot;]'),(164,'ccmail',NULL,'[&quot;&quot;]'),(164,'bccmail',NULL,'[&quot;&quot;]'),(164,'parent_id',NULL,'1105@1|'),(164,'email_flag',NULL,'SENT'),(164,'source',NULL,'CRM'),(164,'record_id',NULL,'1112'),(164,'record_module',NULL,'Emails'),(166,'label',NULL,'Regarding Contact Assignment'),(166,'date_start',NULL,'2022-02-26'),(166,'activitytype',NULL,'Emails'),(166,'assigned_user_id',NULL,'1'),(166,'subject',NULL,'Regarding Contact Assignment'),(166,'description',NULL,'An Contact has been assigned to you on vtigerCRM&lt;br&gt;Details of Contact are :&lt;br&gt;&lt;br&gt;Contact Id:&lt;b&gt;CON1043&lt;/b&gt;&lt;br&gt;LastName:&lt;b&gt;Janelly Cort&eacute;s Arredondo&lt;/b&gt;&lt;br&gt;FirstName:&lt;b&gt;&lt;/b&gt;&lt;br&gt;Lead Source:&lt;b&gt;&lt;/b&gt;&lt;br&gt;Department:&lt;b&gt;&lt;/b&gt;&lt;br&gt;Description:&lt;b&gt;&lt;/b&gt;&lt;br&gt;&lt;br&gt;&lt;br&gt;And &lt;b&gt;CustomerPortal Login Details&lt;/b&gt; is sent to the EmailID :-janellycortes75@gmail.com&lt;br&gt;&lt;br&gt;Thank You&lt;br&gt;Admin&lt;br&gt;&lt;br&gt;'),(166,'time_start',NULL,'21:10:04'),(166,'createdtime',NULL,'2022-02-26 21:10:04'),(166,'modifiedby',NULL,'1'),(166,'from_email',NULL,'giradel26@hotmail.com'),(166,'saved_toid',NULL,'[&quot;giradel26@hotmail.com&quot;]'),(166,'ccmail',NULL,'[&quot;&quot;]'),(166,'bccmail',NULL,'[&quot;&quot;]'),(166,'parent_id',NULL,'1107@1|'),(166,'email_flag',NULL,'SENT'),(166,'source',NULL,'CRM'),(166,'record_id',NULL,'1113'),(166,'record_module',NULL,'Emails'),(168,'label',NULL,'Regarding Contact Assignment'),(168,'date_start',NULL,'2022-02-26'),(168,'activitytype',NULL,'Emails'),(168,'assigned_user_id',NULL,'1'),(168,'subject',NULL,'Regarding Contact Assignment'),(168,'description',NULL,'An Contact has been assigned to you on vtigerCRM&lt;br&gt;Details of Contact are :&lt;br&gt;&lt;br&gt;Contact Id:&lt;b&gt;CON1044&lt;/b&gt;&lt;br&gt;LastName:&lt;b&gt;Katerine cardona&lt;/b&gt;&lt;br&gt;FirstName:&lt;b&gt;&lt;/b&gt;&lt;br&gt;Lead Source:&lt;b&gt;&lt;/b&gt;&lt;br&gt;Department:&lt;b&gt;&lt;/b&gt;&lt;br&gt;Description:&lt;b&gt;&lt;/b&gt;&lt;br&gt;&lt;br&gt;&lt;br&gt;And &lt;b&gt;CustomerPortal Login Details&lt;/b&gt; is sent to the EmailID :-&lt;br&gt;&lt;br&gt;Thank You&lt;br&gt;Admin&lt;br&gt;&lt;br&gt;'),(168,'time_start',NULL,'21:10:05'),(168,'createdtime',NULL,'2022-02-26 21:10:05'),(168,'modifiedby',NULL,'1'),(168,'from_email',NULL,'giradel26@hotmail.com'),(168,'saved_toid',NULL,'[&quot;giradel26@hotmail.com&quot;]'),(168,'ccmail',NULL,'[&quot;&quot;]'),(168,'bccmail',NULL,'[&quot;&quot;]'),(168,'parent_id',NULL,'1109@1|'),(168,'email_flag',NULL,'SENT'),(168,'source',NULL,'CRM'),(168,'record_id',NULL,'1114'),(168,'record_module',NULL,'Emails'),(170,'label',NULL,'Regarding Contact Assignment'),(170,'date_start',NULL,'2022-02-26'),(170,'activitytype',NULL,'Emails'),(170,'assigned_user_id',NULL,'1'),(170,'subject',NULL,'Regarding Contact Assignment'),(170,'description',NULL,'An Contact has been assigned to you on vtigerCRM&lt;br&gt;Details of Contact are :&lt;br&gt;&lt;br&gt;Contact Id:&lt;b&gt;CON1045&lt;/b&gt;&lt;br&gt;LastName:&lt;b&gt;&Aacute;ngela Mar&iacute;a S&aacute;nchez&lt;/b&gt;&lt;br&gt;FirstName:&lt;b&gt;&lt;/b&gt;&lt;br&gt;Lead Source:&lt;b&gt;&lt;/b&gt;&lt;br&gt;Department:&lt;b&gt;&lt;/b&gt;&lt;br&gt;Description:&lt;b&gt;&lt;/b&gt;&lt;br&gt;&lt;br&gt;&lt;br&gt;And &lt;b&gt;CustomerPortal Login Details&lt;/b&gt; is sent to the EmailID :-&lt;br&gt;&lt;br&gt;Thank You&lt;br&gt;Admin&lt;br&gt;&lt;br&gt;'),(170,'time_start',NULL,'21:10:05'),(170,'createdtime',NULL,'2022-02-26 21:10:05'),(170,'modifiedby',NULL,'1'),(170,'from_email',NULL,'giradel26@hotmail.com'),(170,'saved_toid',NULL,'[&quot;giradel26@hotmail.com&quot;]'),(170,'ccmail',NULL,'[&quot;&quot;]'),(170,'bccmail',NULL,'[&quot;&quot;]'),(170,'parent_id',NULL,'1111@1|'),(170,'email_flag',NULL,'SENT'),(170,'source',NULL,'CRM'),(170,'record_id',NULL,'1115'),(170,'record_module',NULL,'Emails'),(172,'label',NULL,'VENTA KIT'),(172,'salesorder_no',NULL,'SO12'),(172,'subject',NULL,'VENTA KIT'),(172,'contact_id',NULL,'1111'),(172,'sostatus',NULL,'Delivered'),(172,'txtAdjustment',NULL,'0.00000000'),(172,'hdnGrandTotal',NULL,'160000.00000000'),(172,'hdnSubTotal',NULL,'160000.00000000'),(172,'hdnTaxType',NULL,'group'),(172,'hdnS_H_Amount',NULL,'0.00000000'),(172,'assigned_user_id',NULL,'5'),(172,'createdtime',NULL,'2022-02-26 21:10:42'),(172,'modifiedby',NULL,'5'),(172,'currency_id',NULL,'1'),(172,'conversion_rate',NULL,'1.000'),(172,'ship_street',NULL,'Cra 39 77 sur 84 apto 403\nMaderos del campo 3'),(172,'terms_conditions',NULL,'- A menos que el proveedor acuerde lo contrario por escrito, todas las facturas ser&aacute;n pagaderas en un plazo de treinta (30) d&iacute;as a partir de la fecha de la factura, en la moneda de la factura, girada en un banco con sede en la India o por cualquier otro m&eacute;todo acordado previamente por el proveedor.\n\n - Todos los precios no incluyen el IVA, que deber&aacute; ser abonado adicionalmente por el Cliente al tipo aplicable.'),(172,'productid',NULL,'19'),(172,'quantity',NULL,'1.000'),(172,'listprice',NULL,'200000.00000000'),(172,'comment',NULL,'Cuida tu piel con nuestro Kit Completo. Lo hacemos por tu piel.'),(172,'discount_percent',NULL,'20.000'),(172,'pre_tax_total',NULL,'160000.00000000'),(172,'source',NULL,'CRM'),(172,'cf_865',NULL,'2022-01-13'),(172,'record_id',NULL,'1116'),(172,'record_module',NULL,'SalesOrder'),(174,'label',NULL,' Claudia Milena Garc&iacute;a'),(174,'contact_no',NULL,'CON1046'),(174,'lastname',NULL,'Claudia Milena Garc&iacute;a'),(174,'mobile',NULL,'3165391191'),(174,'assigned_user_id',NULL,'5'),(174,'createdtime',NULL,'2022-02-26 21:20:17'),(174,'modifiedby',NULL,'5'),(174,'otherstreet',NULL,'Tranversal 70 D bis a # 68-75 torre 3 apto 1308 \nConjunto residencial Torres de Bellavista'),(174,'mailingcity',NULL,'BOGOTA'),(174,'source',NULL,'CRM'),(174,'record_id',NULL,'1117'),(174,'record_module',NULL,'Contacts'),(175,'email','','claumi21@gmail.com'),(176,'label',NULL,'VENTA KIT'),(176,'salesorder_no',NULL,'SO13'),(176,'subject',NULL,'VENTA KIT'),(176,'contact_id',NULL,'1117'),(176,'sostatus',NULL,'Delivered'),(176,'txtAdjustment',NULL,'0.00000000'),(176,'hdnGrandTotal',NULL,'160000.00000000'),(176,'hdnSubTotal',NULL,'160000.00000000'),(176,'hdnTaxType',NULL,'group'),(176,'hdnS_H_Amount',NULL,'0.00000000'),(176,'assigned_user_id',NULL,'5'),(176,'createdtime',NULL,'2022-02-26 21:22:00'),(176,'modifiedby',NULL,'5'),(176,'currency_id',NULL,'1'),(176,'conversion_rate',NULL,'1.000'),(176,'ship_street',NULL,'Tranversal 70 D bis a # 68-75 torre 3 apto 1308 \nConjunto residencial Torres de Bellavista'),(176,'terms_conditions',NULL,'- A menos que el proveedor acuerde lo contrario por escrito, todas las facturas ser&aacute;n pagaderas en un plazo de treinta (30) d&iacute;as a partir de la fecha de la factura, en la moneda de la factura, girada en un banco con sede en la India o por cualquier otro m&eacute;todo acordado previamente por el proveedor.\n\n - Todos los precios no incluyen el IVA, que deber&aacute; ser abonado adicionalmente por el Cliente al tipo aplicable.'),(176,'productid',NULL,'19'),(176,'quantity',NULL,'1.000'),(176,'listprice',NULL,'200000.00000000'),(176,'comment',NULL,'Cuida tu piel con nuestro Kit Completo. Lo hacemos por tu piel.'),(176,'discount_percent',NULL,'20.000'),(176,'pre_tax_total',NULL,'160000.00000000'),(176,'source',NULL,'CRM'),(176,'cf_865',NULL,'2022-01-12'),(176,'record_id',NULL,'1118'),(176,'record_module',NULL,'SalesOrder'),(178,'label',NULL,'Regarding Contact Assignment'),(178,'date_start',NULL,'2022-02-26'),(178,'activitytype',NULL,'Emails'),(178,'assigned_user_id',NULL,'1'),(178,'subject',NULL,'Regarding Contact Assignment'),(178,'description',NULL,'An Contact has been assigned to you on vtigerCRM&lt;br&gt;Details of Contact are :&lt;br&gt;&lt;br&gt;Contact Id:&lt;b&gt;CON1046&lt;/b&gt;&lt;br&gt;LastName:&lt;b&gt;Claudia Milena Garc&iacute;a&lt;/b&gt;&lt;br&gt;FirstName:&lt;b&gt;&lt;/b&gt;&lt;br&gt;Lead Source:&lt;b&gt;&lt;/b&gt;&lt;br&gt;Department:&lt;b&gt;&lt;/b&gt;&lt;br&gt;Description:&lt;b&gt;&lt;/b&gt;&lt;br&gt;&lt;br&gt;&lt;br&gt;And &lt;b&gt;CustomerPortal Login Details&lt;/b&gt; is sent to the EmailID :-&lt;br&gt;&lt;br&gt;Thank You&lt;br&gt;Admin&lt;br&gt;&lt;br&gt;'),(178,'time_start',NULL,'21:25:02'),(178,'createdtime',NULL,'2022-02-26 21:25:02'),(178,'modifiedby',NULL,'1'),(178,'from_email',NULL,'giradel26@hotmail.com'),(178,'saved_toid',NULL,'[&quot;giradel26@hotmail.com&quot;]'),(178,'ccmail',NULL,'[&quot;&quot;]'),(178,'bccmail',NULL,'[&quot;&quot;]'),(178,'parent_id',NULL,'1117@1|'),(178,'email_flag',NULL,'SENT'),(178,'source',NULL,'CRM'),(178,'record_id',NULL,'1119'),(178,'record_module',NULL,'Emails'),(180,'label',NULL,'Regarding Contact Assignment'),(180,'date_start',NULL,'2022-02-26'),(180,'activitytype',NULL,'Emails'),(180,'assigned_user_id',NULL,'1'),(180,'subject',NULL,'Regarding Contact Assignment'),(180,'description',NULL,'An Contact has been assigned to you on vtigerCRM&lt;br&gt;Details of Contact are :&lt;br&gt;&lt;br&gt;Contact Id:&lt;b&gt;CON1046&lt;/b&gt;&lt;br&gt;LastName:&lt;b&gt;Claudia Milena Garc&iacute;a&lt;/b&gt;&lt;br&gt;FirstName:&lt;b&gt;&lt;/b&gt;&lt;br&gt;Lead Source:&lt;b&gt;&lt;/b&gt;&lt;br&gt;Department:&lt;b&gt;&lt;/b&gt;&lt;br&gt;Description:&lt;b&gt;&lt;/b&gt;&lt;br&gt;&lt;br&gt;&lt;br&gt;And &lt;b&gt;CustomerPortal Login Details&lt;/b&gt; is sent to the EmailID :-claumi21@gmail.com&lt;br&gt;&lt;br&gt;Thank You&lt;br&gt;Admin&lt;br&gt;&lt;br&gt;'),(180,'time_start',NULL,'21:25:02'),(180,'createdtime',NULL,'2022-02-26 21:25:02'),(180,'modifiedby',NULL,'1'),(180,'from_email',NULL,'giradel26@hotmail.com'),(180,'saved_toid',NULL,'[&quot;giradel26@hotmail.com&quot;]'),(180,'ccmail',NULL,'[&quot;&quot;]'),(180,'bccmail',NULL,'[&quot;&quot;]'),(180,'parent_id',NULL,'1117@1|'),(180,'email_flag',NULL,'SENT'),(180,'source',NULL,'CRM'),(180,'record_id',NULL,'1120'),(180,'record_module',NULL,'Emails'),(182,'label',NULL,' Stefanny rodriguez camacho'),(182,'contact_no',NULL,'CON1047'),(182,'lastname',NULL,'Stefanny rodriguez camacho'),(182,'mobile',NULL,'3112159939'),(182,'email',NULL,'s_te_fa25@hotmail.com'),(182,'assigned_user_id',NULL,'5'),(182,'createdtime',NULL,'2022-02-26 21:27:14'),(182,'modifiedby',NULL,'5'),(182,'otherstreet',NULL,'Carrera 115 #151c - 51 conjunto camino verde del cerezo bloque 8 apto 303'),(182,'mailingcity',NULL,'BOGOTA'),(182,'source',NULL,'CRM'),(182,'record_id',NULL,'1121'),(182,'record_module',NULL,'Contacts'),(183,'label',NULL,'VENTA KIT PANTALLA SOLAR'),(183,'salesorder_no',NULL,'SO14'),(183,'subject',NULL,'VENTA KIT PANTALLA SOLAR'),(183,'contact_id',NULL,'1121'),(183,'sostatus',NULL,'Delivered'),(183,'txtAdjustment',NULL,'0.00000000'),(183,'hdnGrandTotal',NULL,'187000.00000000'),(183,'hdnSubTotal',NULL,'220000.00000000'),(183,'hdnTaxType',NULL,'group'),(183,'hdnDiscountPercent',NULL,'15.000'),(183,'hdnS_H_Amount',NULL,'0.00000000'),(183,'assigned_user_id',NULL,'5'),(183,'createdtime',NULL,'2022-02-26 21:28:42'),(183,'modifiedby',NULL,'5'),(183,'currency_id',NULL,'1'),(183,'conversion_rate',NULL,'1.000'),(183,'ship_street',NULL,'Carrera 115 #151c - 51 conjunto camino verde del cerezo bloque 8 apto 303'),(183,'terms_conditions',NULL,'- A menos que el proveedor acuerde lo contrario por escrito, todas las facturas ser&aacute;n pagaderas en un plazo de treinta (30) d&iacute;as a partir de la fecha de la factura, en la moneda de la factura, girada en un banco con sede en la India o por cualquier otro m&eacute;todo acordado previamente por el proveedor.\n\n - Todos los precios no incluyen el IVA, que deber&aacute; ser abonado adicionalmente por el Cliente al tipo aplicable.'),(183,'productid',NULL,'20'),(183,'quantity',NULL,'1.000'),(183,'listprice',NULL,'80000.00000000'),(183,'comment',NULL,'Protege la piel de los rayos UV Y UVA sin dejar sensaci&oacute;n grasosa.'),(183,'pre_tax_total',NULL,'187000.00000000'),(183,'source',NULL,'CRM'),(183,'cf_865',NULL,'2022-01-17'),(183,'record_id',NULL,'1122'),(183,'record_module',NULL,'SalesOrder'),(185,'label',NULL,' Yessica ospina'),(185,'contact_no',NULL,'CON1048'),(185,'lastname',NULL,'Yessica ospina'),(185,'mobile',NULL,'3214417959'),(185,'email',NULL,'jessicaospinaramirez@gmail.com'),(185,'assigned_user_id',NULL,'5'),(185,'createdtime',NULL,'2022-02-26 21:31:13'),(185,'modifiedby',NULL,'5'),(185,'otherstreet',NULL,'Carrera 12 #2-179'),(185,'mailingcity',NULL,'SOPO CUNDINAMARCA'),(185,'source',NULL,'CRM'),(185,'record_id',NULL,'1123'),(185,'record_module',NULL,'Contacts'),(186,'label',NULL,'VENTA KIT'),(186,'salesorder_no',NULL,'SO15'),(186,'subject',NULL,'VENTA KIT'),(186,'contact_id',NULL,'1123'),(186,'sostatus',NULL,'Delivered'),(186,'txtAdjustment',NULL,'0.00000000'),(186,'hdnGrandTotal',NULL,'160000.00000000'),(186,'hdnSubTotal',NULL,'160000.00000000'),(186,'hdnTaxType',NULL,'group'),(186,'hdnS_H_Amount',NULL,'0.00000000'),(186,'assigned_user_id',NULL,'5'),(186,'createdtime',NULL,'2022-02-26 21:33:26'),(186,'modifiedby',NULL,'5'),(186,'currency_id',NULL,'1'),(186,'conversion_rate',NULL,'1.000'),(186,'ship_street',NULL,'Carrera 12 #2-179'),(186,'terms_conditions',NULL,'- A menos que el proveedor acuerde lo contrario por escrito, todas las facturas ser&aacute;n pagaderas en un plazo de treinta (30) d&iacute;as a partir de la fecha de la factura, en la moneda de la factura, girada en un banco con sede en la India o por cualquier otro m&eacute;todo acordado previamente por el proveedor.\n\n - Todos los precios no incluyen el IVA, que deber&aacute; ser abonado adicionalmente por el Cliente al tipo aplicable.'),(186,'productid',NULL,'19'),(186,'quantity',NULL,'1.000'),(186,'listprice',NULL,'200000.00000000'),(186,'comment',NULL,'Cuida tu piel con nuestro Kit Completo. Lo hacemos por tu piel.'),(186,'discount_percent',NULL,'20.000'),(186,'pre_tax_total',NULL,'160000.00000000'),(186,'source',NULL,'CRM'),(186,'cf_865',NULL,'2022-01-14'),(186,'record_id',NULL,'1124'),(186,'record_module',NULL,'SalesOrder'),(188,'hdnGrandTotal','226400.00000000','160000.00000000'),(188,'tax1','19.000','0.000'),(188,'tax2','10.000','0.000'),(188,'tax3','12.500','0.000'),(188,'cf_865','','2022-01-01'),(189,'label',NULL,'Regarding Contact Assignment'),(189,'date_start',NULL,'2022-02-26'),(189,'activitytype',NULL,'Emails'),(189,'assigned_user_id',NULL,'1'),(189,'subject',NULL,'Regarding Contact Assignment'),(189,'description',NULL,'An Contact has been assigned to you on vtigerCRM&lt;br&gt;Details of Contact are :&lt;br&gt;&lt;br&gt;Contact Id:&lt;b&gt;CON1047&lt;/b&gt;&lt;br&gt;LastName:&lt;b&gt;Stefanny rodriguez camacho&lt;/b&gt;&lt;br&gt;FirstName:&lt;b&gt;&lt;/b&gt;&lt;br&gt;Lead Source:&lt;b&gt;&lt;/b&gt;&lt;br&gt;Department:&lt;b&gt;&lt;/b&gt;&lt;br&gt;Description:&lt;b&gt;&lt;/b&gt;&lt;br&gt;&lt;br&gt;&lt;br&gt;And &lt;b&gt;CustomerPortal Login Details&lt;/b&gt; is sent to the EmailID :-s_te_fa25@hotmail.com&lt;br&gt;&lt;br&gt;Thank You&lt;br&gt;Admin&lt;br&gt;&lt;br&gt;'),(189,'time_start',NULL,'21:40:04'),(189,'createdtime',NULL,'2022-02-26 21:40:04'),(189,'modifiedby',NULL,'1'),(189,'from_email',NULL,'giradel26@hotmail.com'),(189,'saved_toid',NULL,'[&quot;giradel26@hotmail.com&quot;]'),(189,'ccmail',NULL,'[&quot;&quot;]'),(189,'bccmail',NULL,'[&quot;&quot;]'),(189,'parent_id',NULL,'1121@1|'),(189,'email_flag',NULL,'SENT'),(189,'source',NULL,'CRM'),(189,'record_id',NULL,'1125'),(189,'record_module',NULL,'Emails'),(191,'label',NULL,'Regarding Contact Assignment'),(191,'date_start',NULL,'2022-02-26'),(191,'activitytype',NULL,'Emails'),(191,'assigned_user_id',NULL,'1'),(191,'subject',NULL,'Regarding Contact Assignment'),(191,'description',NULL,'An Contact has been assigned to you on vtigerCRM&lt;br&gt;Details of Contact are :&lt;br&gt;&lt;br&gt;Contact Id:&lt;b&gt;CON1048&lt;/b&gt;&lt;br&gt;LastName:&lt;b&gt;Yessica ospina&lt;/b&gt;&lt;br&gt;FirstName:&lt;b&gt;&lt;/b&gt;&lt;br&gt;Lead Source:&lt;b&gt;&lt;/b&gt;&lt;br&gt;Department:&lt;b&gt;&lt;/b&gt;&lt;br&gt;Description:&lt;b&gt;&lt;/b&gt;&lt;br&gt;&lt;br&gt;&lt;br&gt;And &lt;b&gt;CustomerPortal Login Details&lt;/b&gt; is sent to the EmailID :-jessicaospinaramirez@gmail.com&lt;br&gt;&lt;br&gt;Thank You&lt;br&gt;Admin&lt;br&gt;&lt;br&gt;'),(191,'time_start',NULL,'21:40:04'),(191,'createdtime',NULL,'2022-02-26 21:40:04'),(191,'modifiedby',NULL,'1'),(191,'from_email',NULL,'giradel26@hotmail.com'),(191,'saved_toid',NULL,'[&quot;giradel26@hotmail.com&quot;]'),(191,'ccmail',NULL,'[&quot;&quot;]'),(191,'bccmail',NULL,'[&quot;&quot;]'),(191,'parent_id',NULL,'1123@1|'),(191,'email_flag',NULL,'SENT'),(191,'source',NULL,'CRM'),(191,'record_id',NULL,'1126'),(191,'record_module',NULL,'Emails'),(193,'label',NULL,' Mike Miln\n'),(193,'lead_no',NULL,'LEA24'),(193,'lastname',NULL,'Mike Miln\n'),(193,'cf_858',NULL,'Hombre'),(193,'mobile',NULL,'84157175128'),(193,'email',NULL,'no-replyEnteby@gmail.com'),(193,'leadsource',NULL,'Web Site'),(193,'leadstatus',NULL,'Not Contacted'),(193,'rating',NULL,'Persona Natural'),(193,'assigned_user_id',NULL,'1'),(193,'createdtime',NULL,'2022-03-01 15:46:29'),(193,'source',NULL,'WEBFORM'),(193,'modifiedby',NULL,'1'),(193,'description',NULL,'Hello \n \nWe all know the importance that dofollow link have on any website`s ranks. \nHaving most of your linkbase filled with nofollow ones is of no good for your ranks and SEO metrics. \n \nBuy quality dofollow links from us, that will impact your ranks in a positive way \nhttps://www.digital-x-press.com/product/150-dofollow-backlinks/ \n \nBest regards \nMike Miln\n \nsupport@digital-x-press.com'),(193,'record_id',NULL,'1127'),(193,'record_module',NULL,'Leads'),(194,'label',NULL,' victor diaz prueba'),(194,'lead_no',NULL,'LEA25'),(194,'lastname',NULL,'victor diaz prueba'),(194,'email',NULL,'victor.diaz@emefectivas.com'),(194,'leadsource',NULL,'Cold Call'),(194,'rating',NULL,'Persona Natural'),(194,'assigned_user_id',NULL,'1'),(194,'createdtime',NULL,'2022-03-05 00:15:40'),(194,'modifiedby',NULL,'1'),(194,'source',NULL,'CRM'),(194,'record_id',NULL,'1128'),(194,'record_module',NULL,'Leads'),(195,'label',NULL,'prueba DE TU PIEL'),(195,'date_start',NULL,'2022-03-05'),(195,'activitytype',NULL,'Emails'),(195,'assigned_user_id',NULL,'1'),(195,'subject',NULL,'prueba DE TU PIEL'),(195,'description',NULL,'&lt;html&gt;\r\n&lt;head&gt;\r\n	&lt;title&gt;&lt;/title&gt;\r\n&lt;/head&gt;\r\n&lt;body&gt;&lt;/body&gt;\r\n&lt;/html&gt;\r\n'),(195,'time_start',NULL,'00:16'),(195,'createdtime',NULL,'2022-03-05 00:16:04'),(195,'modifiedby',NULL,'1'),(195,'from_email',NULL,'programadorweb@mediosefectivos.com'),(195,'saved_toid',NULL,'[&quot;victor.diaz@emefectivas.com&quot;]'),(195,'ccmail',NULL,'[&quot;&quot;]'),(195,'bccmail',NULL,'[&quot;&quot;]'),(195,'parent_id',NULL,'1128@1|'),(195,'email_flag',NULL,'SENT'),(195,'source',NULL,'CRM'),(195,'record_id',NULL,'1129'),(195,'record_module',NULL,'Emails'),(197,'mobile','','3148715813'),(198,'lane','','Carrera 34 # 3A-95'),(198,'code','','760042'),(198,'city','','Cali'),(198,'country','','Colombia'),(199,'label',NULL,'PRUEBA'),(199,'date_start',NULL,'2022-03-05'),(199,'activitytype',NULL,'Emails'),(199,'assigned_user_id',NULL,'1'),(199,'subject',NULL,'PRUEBA'),(199,'description',NULL,'&lt;html&gt;\r\n&lt;head&gt;\r\n	&lt;title&gt;&lt;/title&gt;\r\n&lt;/head&gt;\r\n&lt;body&gt;&lt;/body&gt;\r\n&lt;/html&gt;\r\n&lt;br&gt;&lt;br&gt;'),(199,'time_start',NULL,'03:30:02'),(199,'createdtime',NULL,'2022-03-05 03:30:02'),(199,'modifiedby',NULL,'1'),(199,'from_email',NULL,'paola.delgado@detupiel.co'),(199,'saved_toid',NULL,'[&quot;&quot;,&quot;victor.diaz@emefectivas.com&quot;]'),(199,'ccmail',NULL,'[&quot;&quot;]'),(199,'bccmail',NULL,'[&quot;&quot;]'),(199,'parent_id',NULL,'1128@1|'),(199,'email_flag',NULL,'SENT'),(199,'source',NULL,'CRM'),(199,'record_id',NULL,'1130'),(199,'record_module',NULL,'Emails'),(201,'label',NULL,' Mike Mercer\n'),(201,'lead_no',NULL,'LEA26'),(201,'lastname',NULL,'Mike Mercer\n'),(201,'cf_858',NULL,'Hombre'),(201,'mobile',NULL,'89889744122'),(201,'email',NULL,'no-replyEnteby@gmail.com'),(201,'leadsource',NULL,'Web Site'),(201,'leadstatus',NULL,'Not Contacted'),(201,'rating',NULL,'Persona Natural'),(201,'assigned_user_id',NULL,'1'),(201,'createdtime',NULL,'2022-03-07 10:58:41'),(201,'source',NULL,'WEBFORM'),(201,'modifiedby',NULL,'1'),(201,'description',NULL,'Hi \n \nThis is Mike Mercer\n \nLet me present you our latest research results from our constant SEO feedbacks that we have from our plans: \n \nhttps://www.strictlydigital.net/product/semrush-backlinks/ \n \nThe new Semrush Backlinks, which will make your detupiel.co SEO trend have an immediate push. \nThe method is actually very simple, we are building links from domains that have a high number of keywords ranking for them.&nbsp; \n \nForget about the SEO metrics or any other factors that so many tools try to teach you that is good. The most valuable link is the one that comes from a website that has a healthy trend and lots of ranking keywords. \nWe thought about that, so we have built this plan for you \n \nCheck in detail here: \nhttps://www.strictlydigital.net/product/semrush-backlinks/ \n \nCheap and effective \n \nTry it anytime soon \n \n \nRegards \n \nMike Mercer\n \nmike@strictlydigital.net'),(201,'record_id',NULL,'1131'),(201,'record_module',NULL,'Leads'),(203,'label',NULL,' Diane Angelori'),(203,'lead_no',NULL,'LEA27'),(203,'lastname',NULL,'Diane Angelori'),(203,'cf_858',NULL,'Hombre'),(203,'mobile',NULL,'87193486864'),(203,'email',NULL,'g.a.7.65.2719@gmail.com'),(203,'leadsource',NULL,'Web Site'),(203,'leadstatus',NULL,'Not Contacted'),(203,'rating',NULL,'Persona Natural'),(203,'assigned_user_id',NULL,'1'),(203,'createdtime',NULL,'2022-03-08 09:04:11'),(203,'source',NULL,'WEBFORM'),(203,'modifiedby',NULL,'1'),(203,'description',NULL,'Hello \n \nI&#039;m Diane Angelori, online trading expert. I want you to know that online trading (Crypto, Forex and Binary option) is a good thing if you have a good trading strategy, I use to lose a lot of funds in online trading before I got to where I am today. If you need assistance on how to trade and recover back all the money you have lost to your broker and want to be a successful online trader like me, write to me via email below to get an amazing strategy. \n \nIf you are having problems withdrawing your profit from your Crypt, Forex or Binary option trading account even when you were given a bonus, just contact me, I have worked with some Trade, Regulatory Agencies for 9years, and I have helped a lot of people get back their lost funds from their stubborn brokers successfully and I won&#039;t stop until I have helped as many as possible. For more info you can contact me via my email address: angeloridiane871@gmail.com'),(203,'record_id',NULL,'1132'),(203,'record_module',NULL,'Leads'),(208,'label',NULL,' SonyafusBO'),(208,'lead_no',NULL,'LEA28'),(208,'lastname',NULL,'SonyafusBO'),(208,'cf_858',NULL,'Hombre'),(208,'mobile',NULL,'81252282585'),(208,'email',NULL,'woodthighgire1988@gmail.com'),(208,'leadsource',NULL,'Web Site'),(208,'leadstatus',NULL,'Not Contacted'),(208,'rating',NULL,'Persona Natural'),(208,'assigned_user_id',NULL,'1'),(208,'createdtime',NULL,'2022-03-13 10:39:53'),(208,'source',NULL,'WEBFORM'),(208,'modifiedby',NULL,'1'),(208,'description',NULL,' \nHey! Mi foto / video s&uacute;per privado https://buktrk.com/click?o=6&amp;a=1036'),(208,'record_id',NULL,'1133'),(208,'record_module',NULL,'Leads'),(209,'label',NULL,' Mike Vance\n'),(209,'lead_no',NULL,'LEA29'),(209,'lastname',NULL,'Mike Vance\n'),(209,'cf_858',NULL,'Hombre'),(209,'mobile',NULL,'83516791885'),(209,'email',NULL,'no-replyEnteby@gmail.com'),(209,'leadsource',NULL,'Web Site'),(209,'leadstatus',NULL,'Not Contacted'),(209,'rating',NULL,'Persona Natural'),(209,'assigned_user_id',NULL,'1'),(209,'createdtime',NULL,'2022-03-15 05:42:09'),(209,'source',NULL,'WEBFORM'),(209,'modifiedby',NULL,'1'),(209,'description',NULL,'Hello \n \nWe will improve your Local Ranks organically and safely, using only whitehat methods, while providing Google maps and website offsite work at the same time. \n \nPlease check our pricelist here, we offer Local SEO at cheap rates. \nhttps://speed-seo.net/product/local-seo-package/ \n \nNEW: \nhttps://www.speed-seo.net/product/zip-codes-gmaps-citations/ \n \nregards \nMike Vance\n \nSpeed SEO Digital Agency'),(209,'record_id',NULL,'1134'),(209,'record_module',NULL,'Leads'),(210,'label',NULL,' Juan'),(210,'lead_no',NULL,'LEA30'),(210,'lastname',NULL,'Juan'),(210,'mobile',NULL,'123456789'),(210,'email',NULL,'woodthighgire988@gmail.com'),(210,'leadsource',NULL,'WhatsAppBot'),(210,'leadstatus',NULL,'No Contactado'),(210,'assigned_user_id',NULL,'1'),(210,'createdtime',NULL,'2022-03-17 15:37:42'),(210,'modifiedby',NULL,'1'),(210,'source',NULL,'WEBSERVICE'),(210,'record_id',NULL,'1135'),(210,'record_module',NULL,'Leads'),(211,'label',NULL,' Juan'),(211,'lead_no',NULL,'LEA31'),(211,'lastname',NULL,'Juan'),(211,'mobile',NULL,'123456789'),(211,'email',NULL,'testing@gmail.com'),(211,'leadsource',NULL,'WhatsAppBot'),(211,'leadstatus',NULL,'No Contactado'),(211,'assigned_user_id',NULL,'1'),(211,'createdtime',NULL,'2022-03-17 16:11:18'),(211,'modifiedby',NULL,'1'),(211,'source',NULL,'WEBSERVICE'),(211,'record_id',NULL,'1136'),(211,'record_module',NULL,'Leads'),(212,'label',NULL,' Victor'),(212,'lead_no',NULL,'LEA32'),(212,'lastname',NULL,'Victor'),(212,'mobile',NULL,'3148715813'),(212,'email',NULL,'victor.diaz@emefectivas.com'),(212,'leadsource',NULL,'WhatsAppBot'),(212,'leadstatus',NULL,'No Contactado'),(212,'assigned_user_id',NULL,'1'),(212,'createdtime',NULL,'2022-03-17 17:38:19'),(212,'modifiedby',NULL,'1'),(212,'source',NULL,'WEBSERVICE'),(212,'record_id',NULL,'1137'),(212,'record_module',NULL,'Leads'),(213,'label',NULL,' Juan'),(213,'lead_no',NULL,'LEA33'),(213,'lastname',NULL,'Juan'),(213,'mobile',NULL,'3193570000'),(213,'email',NULL,'Test@gmail.com'),(213,'leadsource',NULL,'WhatsAppBot'),(213,'leadstatus',NULL,'No Contactado'),(213,'assigned_user_id',NULL,'1'),(213,'createdtime',NULL,'2022-03-17 19:22:34'),(213,'modifiedby',NULL,'1'),(213,'source',NULL,'WEBSERVICE'),(213,'record_id',NULL,'1138'),(213,'record_module',NULL,'Leads'),(214,'label',NULL,' Juan Camilo'),(214,'lead_no',NULL,'LEA34'),(214,'lastname',NULL,'Juan Camilo'),(214,'mobile',NULL,'123456789'),(214,'email',NULL,'new@gmail.com'),(214,'leadsource',NULL,'WhatsAppBot'),(214,'leadstatus',NULL,'No Contactado'),(214,'assigned_user_id',NULL,'1'),(214,'createdtime',NULL,'2022-03-17 20:26:25'),(214,'modifiedby',NULL,'1'),(214,'source',NULL,'WEBSERVICE'),(214,'record_id',NULL,'1139'),(214,'record_module',NULL,'Leads'),(215,'label',NULL,' New Register'),(215,'lead_no',NULL,'LEA35'),(215,'lastname',NULL,'New Register'),(215,'mobile',NULL,'123456789'),(215,'email',NULL,'t@t.com'),(215,'leadsource',NULL,'WhatsAppBot'),(215,'leadstatus',NULL,'No Contactado'),(215,'assigned_user_id',NULL,'1'),(215,'createdtime',NULL,'2022-03-19 14:27:53'),(215,'modifiedby',NULL,'1'),(215,'source',NULL,'WEBSERVICE'),(215,'record_id',NULL,'1140'),(215,'record_module',NULL,'Leads'),(216,'label',NULL,' Juan Camilo'),(216,'lead_no',NULL,'LEA36'),(216,'lastname',NULL,'Juan Camilo'),(216,'mobile',NULL,'3193576339'),(216,'email',NULL,'programador@mediosefectivos.co'),(216,'leadsource',NULL,'WhatsAppBot'),(216,'leadstatus',NULL,'No Contactado'),(216,'assigned_user_id',NULL,'1'),(216,'createdtime',NULL,'2022-03-19 14:35:03'),(216,'modifiedby',NULL,'1'),(216,'source',NULL,'WEBSERVICE'),(216,'record_id',NULL,'1141'),(216,'record_module',NULL,'Leads'),(217,'label',NULL,'Espuma Micelar'),(217,'productname',NULL,'Espuma Micelar'),(217,'product_no',NULL,'PRO9'),(217,'discontinued',NULL,'1'),(217,'createdtime',NULL,'2022-05-08 00:13:32'),(217,'modifiedby',NULL,'1'),(217,'unit_price',NULL,'20000.00000000'),(217,'commissionrate',NULL,'0.000'),(217,'qty_per_unit',NULL,'0.00'),(217,'qtyinstock',NULL,'0.000'),(217,'assigned_user_id',NULL,'1'),(217,'description',NULL,'Espuma Micelar Desmaquillante para todo tipo de piel con extracto de Aloe Vera y Col&aacute;geno.'),(217,'purchase_cost',NULL,'0.00000000'),(217,'source',NULL,'CRM'),(217,'record_id',NULL,'1142'),(217,'record_module',NULL,'Products'),(218,'productcategory','','Producto'),(219,'productcategory','','Kit'),(219,'modifiedby','5','1'),(220,'productcategory','','Kit'),(220,'modifiedby','5','1'),(221,'productcategory','','Producto'),(222,'productcategory','','Kit'),(222,'modifiedby','5','1'),(223,'productcategory','','Producto'),(224,'productcategory','','Producto'),(225,'productcategory','','Producto'),(226,'label',NULL,'Kit Limpieza Facial'),(226,'productname',NULL,'Kit Limpieza Facial'),(226,'product_no',NULL,'PRO10'),(226,'discontinued',NULL,'1'),(226,'productcategory',NULL,'Kit'),(226,'createdtime',NULL,'2022-05-08 00:31:38'),(226,'modifiedby',NULL,'1'),(226,'unit_price',NULL,'45000.00000000'),(226,'commissionrate',NULL,'0.000'),(226,'qty_per_unit',NULL,'0.00'),(226,'qtyinstock',NULL,'0.000'),(226,'assigned_user_id',NULL,'1'),(226,'purchase_cost',NULL,'0.00000000'),(226,'source',NULL,'CRM'),(226,'record_id',NULL,'1143'),(226,'record_module',NULL,'Products'),(227,'discontinued','1','0'),(228,'productcategory','','Producto'),(229,'label',NULL,'General'),(229,'bookname',NULL,'General'),(229,'pricebook_no',NULL,'PB1'),(229,'active',NULL,'1'),(229,'createdtime',NULL,'2022-05-08 00:35:01'),(229,'currency_id',NULL,'1'),(229,'modifiedby',NULL,'1'),(229,'description',NULL,'Precios granearles a&ntilde;o 2022'),(229,'source',NULL,'CRM'),(229,'record_id',NULL,'1144'),(229,'record_module',NULL,'PriceBooks'),(238,'unit_price','115000.00000000','120000.00000000'),(239,'label',NULL,'Promoci&oacute;n 1 2022'),(239,'bookname',NULL,'Promoci&oacute;n 1 2022'),(239,'pricebook_no',NULL,'PB2'),(239,'active',NULL,'1'),(239,'createdtime',NULL,'2022-05-08 02:10:47'),(239,'currency_id',NULL,'1'),(239,'modifiedby',NULL,'1'),(239,'description',NULL,'Promoci&oacute;n realizada en Mayo'),(239,'source',NULL,'CRM'),(239,'record_id',NULL,'1145'),(239,'record_module',NULL,'PriceBooks'),(242,'usageunit','','Each'),(243,'usageunit','','Each'),(244,'usageunit','','Each'),(245,'usageunit','','Each'),(246,'usageunit','','Each'),(247,'usageunit','','Each'),(248,'usageunit','','Each'),(249,'usageunit','Each','Pack'),(250,'usageunit','','Pack'),(251,'usageunit','','Pack'),(252,'usageunit','','Pack'),(261,'label',NULL,' Testing'),(261,'contact_no',NULL,'CON1049'),(261,'lastname',NULL,'Testing'),(261,'email',NULL,'programador@mediosefectivos.co'),(261,'assigned_user_id',NULL,'1'),(261,'createdtime',NULL,'2022-05-09 21:17:09'),(261,'modifiedby',NULL,'1'),(261,'source',NULL,'CRM'),(261,'record_id',NULL,'1146'),(261,'record_module',NULL,'Contacts'),(263,'label',NULL,' Testing'),(263,'contact_no',NULL,'CON1050'),(263,'lastname',NULL,'Testing'),(263,'email',NULL,'programador@mediosefectivos.co'),(263,'assigned_user_id',NULL,'1'),(263,'createdtime',NULL,'2022-05-09 21:31:57'),(263,'modifiedby',NULL,'1'),(263,'source',NULL,'CRM'),(263,'record_id',NULL,'1147'),(263,'record_module',NULL,'Contacts'),(265,'label',NULL,' Juan Santander'),(265,'contact_no',NULL,'CON1051'),(265,'lastname',NULL,'Juan Santander'),(265,'leadsource',NULL,'Sitio Web'),(265,'email',NULL,'programador@mediosefectivos.co'),(265,'assigned_user_id',NULL,'1'),(265,'createdtime',NULL,'2022-05-10 01:29:06'),(265,'modifiedby',NULL,'1'),(265,'otherstreet',NULL,'calle123'),(265,'source',NULL,'WEBSERVICE'),(265,'record_id',NULL,'1148'),(265,'record_module',NULL,'Contacts'),(267,'label',NULL,' Testing'),(267,'contact_no',NULL,'CON1052'),(267,'lastname',NULL,'Testing'),(267,'email',NULL,'test@mediosefectivos.co'),(267,'assigned_user_id',NULL,'1'),(267,'createdtime',NULL,'2022-05-10 16:23:38'),(267,'modifiedby',NULL,'1'),(267,'source',NULL,'CRM'),(267,'record_id',NULL,'1149'),(267,'record_module',NULL,'Contacts'),(268,'label',NULL,'  '),(268,'contact_no',NULL,'CON1053'),(268,'lastname',NULL,' '),(268,'assigned_user_id',NULL,'1'),(268,'createdtime',NULL,'2022-05-10 18:05:18'),(268,'modifiedby',NULL,'1'),(268,'source',NULL,'WEBSERVICE'),(268,'record_id',NULL,'1150'),(268,'record_module',NULL,'Contacts'),(270,'label',NULL,'  '),(270,'contact_no',NULL,'CON1054'),(270,'lastname',NULL,' '),(270,'assigned_user_id',NULL,'1'),(270,'createdtime',NULL,'2022-05-10 18:27:11'),(270,'modifiedby',NULL,'1'),(270,'source',NULL,'WEBSERVICE'),(270,'record_id',NULL,'1151'),(270,'record_module',NULL,'Contacts'),(273,'label',NULL,'  '),(273,'contact_no',NULL,'CON1055'),(273,'lastname',NULL,' '),(273,'assigned_user_id',NULL,'1'),(273,'createdtime',NULL,'2022-05-10 20:19:47'),(273,'modifiedby',NULL,'1'),(273,'source',NULL,'WEBSERVICE'),(273,'record_id',NULL,'1152'),(273,'record_module',NULL,'Contacts'),(274,'label',NULL,'  '),(274,'contact_no',NULL,'CON1056'),(274,'lastname',NULL,' '),(274,'leadsource',NULL,'Sitio Web'),(274,'assigned_user_id',NULL,'1'),(274,'createdtime',NULL,'2022-05-10 20:21:45'),(274,'modifiedby',NULL,'1'),(274,'source',NULL,'WEBSERVICE'),(274,'record_id',NULL,'1153'),(274,'record_module',NULL,'Contacts'),(277,'label',NULL,' new'),(277,'contact_no',NULL,'CON1057'),(277,'lastname',NULL,'new'),(277,'assigned_user_id',NULL,'1'),(277,'createdtime',NULL,'2022-05-10 20:35:41'),(277,'modifiedby',NULL,'1'),(277,'source',NULL,'CRM'),(277,'record_id',NULL,'1154'),(277,'record_module',NULL,'Contacts'),(278,'label',NULL,' Juan Santander'),(278,'contact_no',NULL,'CON1058'),(278,'lastname',NULL,'Juan Santander'),(278,'mobile',NULL,'123456789'),(278,'email',NULL,'nuevotest@mediosefectivos.co'),(278,'assigned_user_id',NULL,'1'),(278,'createdtime',NULL,'2022-05-10 20:39:03'),(278,'modifiedby',NULL,'1'),(278,'source',NULL,'WEBSERVICE'),(278,'record_id',NULL,'1155'),(278,'record_module',NULL,'Contacts'),(281,'label',NULL,' Juan Santander'),(281,'contact_no',NULL,'CON1059'),(281,'lastname',NULL,'Juan Santander'),(281,'mobile',NULL,'123456789'),(281,'leadsource',NULL,'Sitio Web'),(281,'email',NULL,'nuevotest@mediosefectivos.co'),(281,'assigned_user_id',NULL,'1'),(281,'createdtime',NULL,'2022-05-10 20:44:20'),(281,'modifiedby',NULL,'1'),(281,'otherstreet',NULL,'calle123'),(281,'mailingcity',NULL,'Cali'),(281,'source',NULL,'WEBSERVICE'),(281,'record_id',NULL,'1156'),(281,'record_module',NULL,'Contacts'),(282,'account_id','0','9'),(283,'leadsource','Sitio Web','Cold Call'),(284,'leadsource','Cold Call','Web Site'),(286,'label',NULL,' Juan Santander'),(286,'contact_no',NULL,'CON1060'),(286,'lastname',NULL,'Juan Santander'),(286,'mobile',NULL,'123456789'),(286,'leadsource',NULL,'Sitio Web'),(286,'email',NULL,'nuevotest@mediosefectivos.co'),(286,'assigned_user_id',NULL,'1'),(286,'createdtime',NULL,'2022-05-11 16:20:24'),(286,'modifiedby',NULL,'1'),(286,'otherstreet',NULL,'calle123'),(286,'mailingcity',NULL,'Cali'),(286,'otherzip',NULL,'76001'),(286,'source',NULL,'WEBSERVICE'),(286,'ee_google_search',NULL,'76001'),(286,'record_id',NULL,'1157'),(286,'record_module',NULL,'Contacts'),(288,'label',NULL,' Juan Santander'),(288,'contact_no',NULL,'CON1061'),(288,'lastname',NULL,'Juan Santander'),(288,'mobile',NULL,'123456789'),(288,'leadsource',NULL,'Sitio Web'),(288,'email',NULL,'nuevotest@mediosefectivos.co'),(288,'assigned_user_id',NULL,'1'),(288,'createdtime',NULL,'2022-05-11 16:24:08'),(288,'modifiedby',NULL,'1'),(288,'otherstreet',NULL,'calle123'),(288,'mailingcity',NULL,'Cali'),(288,'otherzip',NULL,'76001'),(288,'othercountry',NULL,'CO'),(288,'source',NULL,'WEBSERVICE'),(288,'ee_google_search',NULL,'76001'),(288,'record_id',NULL,'1158'),(288,'record_module',NULL,'Contacts'),(290,'label',NULL,' Juan Santander'),(290,'contact_no',NULL,'CON1062'),(290,'lastname',NULL,'Juan Santander'),(290,'mobile',NULL,'123456789'),(290,'leadsource',NULL,'Sitio Web'),(290,'email',NULL,'nuevotest@mediosefectivos.co'),(290,'assigned_user_id',NULL,'1'),(290,'createdtime',NULL,'2022-05-11 16:26:17'),(290,'modifiedby',NULL,'1'),(290,'otherstreet',NULL,'calle123'),(290,'mailingcity',NULL,'Cali'),(290,'otherzip',NULL,'76001'),(290,'othercountry',NULL,'CO'),(290,'source',NULL,'WEBSERVICE'),(290,'ee_google_search',NULL,'76001'),(290,'record_id',NULL,'1159'),(290,'record_module',NULL,'Contacts'),(291,'qtyinstock','0.000','22.000'),(292,'qtyinstock','0.000','11.000'),(293,'qtyinstock','0.000','12.000'),(294,'qtyinstock','0.000','13.000'),(295,'qtyinstock','0.000','10.000'),(296,'hdnGrandTotal','160000.00000000','280000.00000000'),(296,'hdnSubTotal','160000.00000000','280000.00000000'),(296,'modifiedby','5','1'),(296,'pre_tax_total','160000.00000000','280000.00000000'),(297,'label',NULL,'venta testing'),(297,'salesorder_no',NULL,'SO16'),(297,'subject',NULL,'venta testing'),(297,'contact_id',NULL,'1159'),(297,'sostatus',NULL,'Created'),(297,'txtAdjustment',NULL,'0.00000000'),(297,'hdnGrandTotal',NULL,'120000.00000000'),(297,'hdnSubTotal',NULL,'120000.00000000'),(297,'hdnTaxType',NULL,'group'),(297,'hdnS_H_Amount',NULL,'0.00000000'),(297,'assigned_user_id',NULL,'1'),(297,'createdtime',NULL,'2022-05-17 17:11:27'),(297,'modifiedby',NULL,'1'),(297,'currency_id',NULL,'1'),(297,'conversion_rate',NULL,'1.000'),(297,'ship_street',NULL,'calle123'),(297,'ship_code',NULL,'76001'),(297,'ship_country',NULL,'CO'),(297,'terms_conditions',NULL,'- A menos que el proveedor acuerde lo contrario por escrito, todas las facturas ser&aacute;n pagaderas en un plazo de treinta (30) d&iacute;as a partir de la fecha de la factura, en la moneda de la factura, girada en un banco con sede en la India o por cualquier otro m&eacute;todo acordado previamente por el proveedor.\n\n - Todos los precios no incluyen el IVA, que deber&aacute; ser abonado adicionalmente por el Cliente al tipo aplicable.'),(297,'productid',NULL,'18'),(297,'quantity',NULL,'1.000'),(297,'listprice',NULL,'120000.00000000'),(297,'comment',NULL,'Repara y rejuvenece tu Piel con el S&eacute;rum Intensivo de la Noche y el S&eacute;rum de Vitamina C.'),(297,'pre_tax_total',NULL,'120000.00000000'),(297,'source',NULL,'CRM'),(297,'cf_865',NULL,'2022-05-17'),(297,'record_id',NULL,'1160'),(297,'record_module',NULL,'SalesOrder');
/*!40000 ALTER TABLE `vtiger_modtracker_detail` ENABLE KEYS */;
UNLOCK TABLES;

--
-- Table structure for table `vtiger_modtracker_relations`
--

DROP TABLE IF EXISTS `vtiger_modtracker_relations`;
/*!40101 SET @saved_cs_client     = @@character_set_client */;
/*!40101 SET character_set_client = utf8 */;
CREATE TABLE `vtiger_modtracker_relations` (
  `id` int(19) NOT NULL,
  `targetmodule` varchar(100) NOT NULL,
  `targetid` int(19) NOT NULL,
  `changedon` datetime DEFAULT NULL,
  PRIMARY KEY (`id`)
) ENGINE=InnoDB DEFAULT CHARSET=utf8;
/*!40101 SET character_set_client = @saved_cs_client */;

--
-- Dumping data for table `vtiger_modtracker_relations`
--

LOCK TABLES `vtiger_modtracker_relations` WRITE;
/*!40000 ALTER TABLE `vtiger_modtracker_relations` DISABLE KEYS */;
INSERT INTO `vtiger_modtracker_relations` VALUES (47,'Emails',30,'2022-02-02 16:05:02'),(50,'Emails',31,'2022-02-02 16:20:03'),(75,'Calendar',1070,'2022-02-25 15:36:19'),(77,'ModComments',1072,'2022-02-25 15:40:41'),(79,'ModComments',1073,'2022-02-25 15:41:03'),(82,'Products',19,'2022-02-25 15:47:04'),(84,'Emails',1075,'2022-02-25 15:55:03'),(87,'Products',19,'2022-02-25 18:53:07'),(89,'Emails',1077,'2022-02-25 18:55:02'),(91,'Products',15,'2022-02-25 18:59:21'),(92,'Products',20,'2022-02-25 18:59:21'),(95,'Emails',1080,'2022-02-25 19:10:02'),(97,'Emails',1081,'2022-02-25 19:10:02'),(99,'Products',19,'2022-02-25 19:21:15'),(100,'Products',16,'2022-02-25 19:22:37'),(101,'Products',19,'2022-02-25 19:22:37'),(103,'Emails',1083,'2022-02-25 19:25:02'),(105,'Products',19,'2022-02-25 19:41:55'),(106,'Products',16,'2022-02-25 19:42:12'),(107,'Products',19,'2022-02-25 19:42:16'),(108,'Products',15,'2022-02-25 19:42:30'),(109,'Products',20,'2022-02-25 19:42:34'),(110,'Products',19,'2022-02-25 19:42:48'),(112,'SalesOrder',1084,'2022-02-25 19:51:41'),(115,'Emails',1085,'2022-02-25 19:55:03'),(119,'SalesOrder',1086,'2022-02-25 20:00:46'),(122,'SalesOrder',1087,'2022-02-25 20:03:36'),(124,'SalesOrder',1088,'2022-02-25 20:05:44'),(126,'Emails',1089,'2022-02-25 20:10:02'),(130,'Emails',1092,'2022-02-26 20:40:04'),(132,'SalesOrder',1093,'2022-02-26 20:40:13'),(138,'SalesOrder',1096,'2022-02-26 20:48:40'),(140,'SalesOrder',1097,'2022-02-26 20:50:10'),(143,'Emails',1099,'2022-02-26 20:55:02'),(145,'Emails',1100,'2022-02-26 20:55:03'),(147,'Emails',1101,'2022-02-26 20:55:03'),(149,'Emails',1102,'2022-02-26 20:55:03'),(151,'Emails',1103,'2022-02-26 20:55:03'),(153,'SalesOrder',1104,'2022-02-26 20:55:38'),(156,'SalesOrder',1106,'2022-02-26 20:58:46'),(159,'SalesOrder',1108,'2022-02-26 21:03:03'),(162,'SalesOrder',1110,'2022-02-26 21:07:25'),(165,'Emails',1112,'2022-02-26 21:10:04'),(167,'Emails',1113,'2022-02-26 21:10:04'),(169,'Emails',1114,'2022-02-26 21:10:05'),(171,'Emails',1115,'2022-02-26 21:10:06'),(173,'SalesOrder',1116,'2022-02-26 21:10:43'),(177,'SalesOrder',1118,'2022-02-26 21:22:00'),(179,'Emails',1119,'2022-02-26 21:25:02'),(181,'Emails',1120,'2022-02-26 21:25:02'),(184,'SalesOrder',1122,'2022-02-26 21:28:42'),(187,'SalesOrder',1124,'2022-02-26 21:33:26'),(190,'Emails',1125,'2022-02-26 21:40:04'),(192,'Emails',1126,'2022-02-26 21:40:04'),(196,'Emails',1129,'2022-03-05 00:16:04'),(200,'Emails',1130,'2022-03-05 03:30:03'),(237,'PriceBooks',1144,'2022-05-08 02:01:19'),(240,'Products',18,'2022-05-08 02:25:09'),(241,'Products',18,'2022-05-08 02:25:55'),(253,'Products',14,'2022-05-08 02:59:59'),(254,'Products',16,'2022-05-08 03:00:46'),(255,'Products',15,'2022-05-08 03:02:27'),(256,'Products',14,'2022-05-08 03:02:48'),(257,'Products',1142,'2022-05-08 03:03:51'),(258,'Products',16,'2022-05-08 03:04:08'),(259,'Products',14,'2022-05-08 03:05:36'),(260,'Products',16,'2022-05-08 03:05:53');
/*!40000 ALTER TABLE `vtiger_modtracker_relations` ENABLE KEYS */;
UNLOCK TABLES;

--
-- Table structure for table `vtiger_modtracker_tabs`
--

DROP TABLE IF EXISTS `vtiger_modtracker_tabs`;
/*!40101 SET @saved_cs_client     = @@character_set_client */;
/*!40101 SET character_set_client = utf8 */;
CREATE TABLE `vtiger_modtracker_tabs` (
  `tabid` int(11) NOT NULL,
  `visible` int(11) DEFAULT '0',
  PRIMARY KEY (`tabid`)
) ENGINE=InnoDB DEFAULT CHARSET=utf8;
/*!40101 SET character_set_client = @saved_cs_client */;

--
-- Dumping data for table `vtiger_modtracker_tabs`
--

LOCK TABLES `vtiger_modtracker_tabs` WRITE;
/*!40000 ALTER TABLE `vtiger_modtracker_tabs` DISABLE KEYS */;
INSERT INTO `vtiger_modtracker_tabs` VALUES (2,1),(4,1),(6,1),(7,1),(8,1),(9,1),(10,1),(13,1),(14,1),(15,1),(16,1),(18,1),(19,1),(20,1),(21,1),(22,1),(23,1),(26,1),(28,1),(32,1),(34,1),(35,1),(38,1),(39,1),(40,1),(43,1),(45,1),(47,1);
/*!40000 ALTER TABLE `vtiger_modtracker_tabs` ENABLE KEYS */;
UNLOCK TABLES;

--
-- Table structure for table `vtiger_module_dashboard_widgets`
--

DROP TABLE IF EXISTS `vtiger_module_dashboard_widgets`;
/*!40101 SET @saved_cs_client     = @@character_set_client */;
/*!40101 SET character_set_client = utf8 */;
CREATE TABLE `vtiger_module_dashboard_widgets` (
  `id` int(19) NOT NULL AUTO_INCREMENT,
  `linkid` int(19) DEFAULT NULL,
  `userid` int(19) DEFAULT NULL,
  `filterid` int(19) DEFAULT NULL,
  `title` varchar(100) DEFAULT NULL,
  `data` text,
  `position` varchar(50) DEFAULT NULL,
  `reportid` int(19) DEFAULT NULL,
  `dashboardtabid` int(11) DEFAULT NULL,
  `size` varchar(50) DEFAULT NULL,
  PRIMARY KEY (`id`),
  KEY `dashboardtabid` (`dashboardtabid`),
  CONSTRAINT `vtiger_module_dashboard_widgets_ibfk_1` FOREIGN KEY (`dashboardtabid`) REFERENCES `vtiger_dashboard_tabs` (`id`) ON DELETE CASCADE
) ENGINE=InnoDB AUTO_INCREMENT=5 DEFAULT CHARSET=utf8;
/*!40101 SET character_set_client = @saved_cs_client */;

--
-- Dumping data for table `vtiger_module_dashboard_widgets`
--

LOCK TABLES `vtiger_module_dashboard_widgets` WRITE;
/*!40000 ALTER TABLE `vtiger_module_dashboard_widgets` DISABLE KEYS */;
INSERT INTO `vtiger_module_dashboard_widgets` VALUES (1,0,1,NULL,'ChartReportWidget_Contacts_26',NULL,'{\"row\":\"1\",\"col\":\"2\"}',26,2,NULL),(2,56,1,NULL,NULL,'null','{\"row\":\"1\",\"col\":\"1\"}',NULL,2,NULL),(3,0,1,NULL,'ChartReportWidget_SalesOrder_27',NULL,'{\"row\":\"2\",\"col\":\"2\"}',27,2,NULL),(4,0,1,NULL,'ChartReportWidget_SalesOrder_28',NULL,'{\"row\":\"1\",\"col\":\"3\"}',28,2,NULL);
/*!40000 ALTER TABLE `vtiger_module_dashboard_widgets` ENABLE KEYS */;
UNLOCK TABLES;

--
-- Table structure for table `vtiger_no_of_currency_decimals`
--

DROP TABLE IF EXISTS `vtiger_no_of_currency_decimals`;
/*!40101 SET @saved_cs_client     = @@character_set_client */;
/*!40101 SET character_set_client = utf8 */;
CREATE TABLE `vtiger_no_of_currency_decimals` (
  `no_of_currency_decimalsid` int(11) NOT NULL AUTO_INCREMENT,
  `no_of_currency_decimals` varchar(200) NOT NULL,
  `sortorderid` int(11) DEFAULT NULL,
  `presence` int(11) NOT NULL DEFAULT '1',
  PRIMARY KEY (`no_of_currency_decimalsid`)
) ENGINE=InnoDB AUTO_INCREMENT=8 DEFAULT CHARSET=utf8;
/*!40101 SET character_set_client = @saved_cs_client */;

--
-- Dumping data for table `vtiger_no_of_currency_decimals`
--

LOCK TABLES `vtiger_no_of_currency_decimals` WRITE;
/*!40000 ALTER TABLE `vtiger_no_of_currency_decimals` DISABLE KEYS */;
INSERT INTO `vtiger_no_of_currency_decimals` VALUES (2,'2',2,1),(3,'3',3,1),(4,'4',4,1),(5,'5',5,1),(6,'0',0,1),(7,'1',1,1);
/*!40000 ALTER TABLE `vtiger_no_of_currency_decimals` ENABLE KEYS */;
UNLOCK TABLES;

--
-- Table structure for table `vtiger_no_of_currency_decimals_seq`
--

DROP TABLE IF EXISTS `vtiger_no_of_currency_decimals_seq`;
/*!40101 SET @saved_cs_client     = @@character_set_client */;
/*!40101 SET character_set_client = utf8 */;
CREATE TABLE `vtiger_no_of_currency_decimals_seq` (
  `id` int(11) NOT NULL
) ENGINE=InnoDB DEFAULT CHARSET=utf8;
/*!40101 SET character_set_client = @saved_cs_client */;

--
-- Dumping data for table `vtiger_no_of_currency_decimals_seq`
--

LOCK TABLES `vtiger_no_of_currency_decimals_seq` WRITE;
/*!40000 ALTER TABLE `vtiger_no_of_currency_decimals_seq` DISABLE KEYS */;
INSERT INTO `vtiger_no_of_currency_decimals_seq` VALUES (7);
/*!40000 ALTER TABLE `vtiger_no_of_currency_decimals_seq` ENABLE KEYS */;
UNLOCK TABLES;

--
-- Table structure for table `vtiger_notebook_contents`
--

DROP TABLE IF EXISTS `vtiger_notebook_contents`;
/*!40101 SET @saved_cs_client     = @@character_set_client */;
/*!40101 SET character_set_client = utf8 */;
CREATE TABLE `vtiger_notebook_contents` (
  `userid` int(19) NOT NULL,
  `notebookid` int(19) NOT NULL,
  `contents` text
) ENGINE=InnoDB DEFAULT CHARSET=utf8;
/*!40101 SET character_set_client = @saved_cs_client */;

--
-- Dumping data for table `vtiger_notebook_contents`
--

LOCK TABLES `vtiger_notebook_contents` WRITE;
/*!40000 ALTER TABLE `vtiger_notebook_contents` DISABLE KEYS */;
/*!40000 ALTER TABLE `vtiger_notebook_contents` ENABLE KEYS */;
UNLOCK TABLES;

--
-- Table structure for table `vtiger_notes`
--

DROP TABLE IF EXISTS `vtiger_notes`;
/*!40101 SET @saved_cs_client     = @@character_set_client */;
/*!40101 SET character_set_client = utf8 */;
CREATE TABLE `vtiger_notes` (
  `notesid` int(19) NOT NULL DEFAULT '0',
  `note_no` varchar(100) NOT NULL,
  `title` varchar(50) NOT NULL,
  `filename` varchar(200) DEFAULT NULL,
  `notecontent` text,
  `folderid` int(19) NOT NULL DEFAULT '1',
  `filetype` varchar(50) DEFAULT NULL,
  `filelocationtype` varchar(5) DEFAULT NULL,
  `filedownloadcount` int(19) DEFAULT NULL,
  `filestatus` int(19) DEFAULT NULL,
  `filesize` int(19) NOT NULL DEFAULT '0',
  `fileversion` varchar(50) DEFAULT NULL,
  `tags` varchar(1) DEFAULT NULL,
  PRIMARY KEY (`notesid`),
  KEY `notes_title_idx` (`title`),
  KEY `notes_notesid_idx` (`notesid`),
  CONSTRAINT `fk_1_vtiger_notes` FOREIGN KEY (`notesid`) REFERENCES `vtiger_crmentity` (`crmid`) ON DELETE CASCADE
) ENGINE=InnoDB DEFAULT CHARSET=utf8;
/*!40101 SET character_set_client = @saved_cs_client */;

--
-- Dumping data for table `vtiger_notes`
--

LOCK TABLES `vtiger_notes` WRITE;
/*!40000 ALTER TABLE `vtiger_notes` DISABLE KEYS */;
/*!40000 ALTER TABLE `vtiger_notes` ENABLE KEYS */;
UNLOCK TABLES;

--
-- Table structure for table `vtiger_notescf`
--

DROP TABLE IF EXISTS `vtiger_notescf`;
/*!40101 SET @saved_cs_client     = @@character_set_client */;
/*!40101 SET character_set_client = utf8 */;
CREATE TABLE `vtiger_notescf` (
  `notesid` int(19) NOT NULL DEFAULT '0',
  PRIMARY KEY (`notesid`),
  CONSTRAINT `fk_notesid_vtiger_notescf` FOREIGN KEY (`notesid`) REFERENCES `vtiger_notes` (`notesid`) ON DELETE CASCADE
) ENGINE=InnoDB DEFAULT CHARSET=utf8;
/*!40101 SET character_set_client = @saved_cs_client */;

--
-- Dumping data for table `vtiger_notescf`
--

LOCK TABLES `vtiger_notescf` WRITE;
/*!40000 ALTER TABLE `vtiger_notescf` DISABLE KEYS */;
/*!40000 ALTER TABLE `vtiger_notescf` ENABLE KEYS */;
UNLOCK TABLES;

--
-- Table structure for table `vtiger_notificationscheduler`
--

DROP TABLE IF EXISTS `vtiger_notificationscheduler`;
/*!40101 SET @saved_cs_client     = @@character_set_client */;
/*!40101 SET character_set_client = utf8 */;
CREATE TABLE `vtiger_notificationscheduler` (
  `schedulednotificationid` int(19) NOT NULL AUTO_INCREMENT,
  `schedulednotificationname` varchar(200) DEFAULT NULL,
  `active` int(1) DEFAULT NULL,
  `notificationsubject` varchar(200) DEFAULT NULL,
  `notificationbody` text,
  `label` varchar(50) DEFAULT NULL,
  `type` varchar(10) DEFAULT NULL,
  PRIMARY KEY (`schedulednotificationid`),
  UNIQUE KEY `notificationscheduler_schedulednotificationname_idx` (`schedulednotificationname`)
) ENGINE=InnoDB AUTO_INCREMENT=9 DEFAULT CHARSET=utf8;
/*!40101 SET character_set_client = @saved_cs_client */;

--
-- Dumping data for table `vtiger_notificationscheduler`
--

LOCK TABLES `vtiger_notificationscheduler` WRITE;
/*!40000 ALTER TABLE `vtiger_notificationscheduler` DISABLE KEYS */;
INSERT INTO `vtiger_notificationscheduler` VALUES (1,'LBL_TASK_NOTIFICATION_DESCRITPION',1,'Task Delay Notification','Tasks delayed beyond 24 hrs ','LBL_TASK_NOTIFICATION',NULL),(2,'LBL_BIG_DEAL_DESCRIPTION',1,'Big Deal notification','Success! A big deal has been won! ','LBL_BIG_DEAL',NULL),(3,'LBL_TICKETS_DESCRIPTION',1,'Pending Tickets notification','Ticket pending please ','LBL_PENDING_TICKETS',NULL),(4,'LBL_MANY_TICKETS_DESCRIPTION',1,'Too many tickets Notification','Too many tickets pending against this entity ','LBL_MANY_TICKETS',NULL),(5,'LBL_START_DESCRIPTION',1,'Support Start Notification','10','LBL_START_NOTIFICATION','select'),(6,'LBL_SUPPORT_DESCRIPTION',1,'Support ending please','11','LBL_SUPPORT_NOTICIATION','select'),(7,'LBL_SUPPORT_DESCRIPTION_MONTH',1,'Support ending please','12','LBL_SUPPORT_NOTICIATION_MONTH','select'),(8,'LBL_ACTIVITY_REMINDER_DESCRIPTION',1,'Activity Reminder Notification','This is a reminder notification for the Activity','LBL_ACTIVITY_NOTIFICATION',NULL);
/*!40000 ALTER TABLE `vtiger_notificationscheduler` ENABLE KEYS */;
UNLOCK TABLES;

--
-- Table structure for table `vtiger_notificationscheduler_seq`
--

DROP TABLE IF EXISTS `vtiger_notificationscheduler_seq`;
/*!40101 SET @saved_cs_client     = @@character_set_client */;
/*!40101 SET character_set_client = utf8 */;
CREATE TABLE `vtiger_notificationscheduler_seq` (
  `id` int(11) NOT NULL
) ENGINE=InnoDB DEFAULT CHARSET=utf8;
/*!40101 SET character_set_client = @saved_cs_client */;

--
-- Dumping data for table `vtiger_notificationscheduler_seq`
--

LOCK TABLES `vtiger_notificationscheduler_seq` WRITE;
/*!40000 ALTER TABLE `vtiger_notificationscheduler_seq` DISABLE KEYS */;
INSERT INTO `vtiger_notificationscheduler_seq` VALUES (8);
/*!40000 ALTER TABLE `vtiger_notificationscheduler_seq` ENABLE KEYS */;
UNLOCK TABLES;

--
-- Table structure for table `vtiger_opportunity_type`
--

DROP TABLE IF EXISTS `vtiger_opportunity_type`;
/*!40101 SET @saved_cs_client     = @@character_set_client */;
/*!40101 SET character_set_client = utf8 */;
CREATE TABLE `vtiger_opportunity_type` (
  `opptypeid` int(19) NOT NULL AUTO_INCREMENT,
  `opportunity_type` varchar(200) NOT NULL,
  `presence` int(1) NOT NULL DEFAULT '1',
  `picklist_valueid` int(19) NOT NULL DEFAULT '0',
  `sortorderid` int(11) DEFAULT NULL,
  `color` varchar(10) DEFAULT NULL,
  PRIMARY KEY (`opptypeid`),
  UNIQUE KEY `opportunity_type_opportunity_type_idx` (`opportunity_type`)
) ENGINE=InnoDB AUTO_INCREMENT=4 DEFAULT CHARSET=utf8;
/*!40101 SET character_set_client = @saved_cs_client */;

--
-- Dumping data for table `vtiger_opportunity_type`
--

LOCK TABLES `vtiger_opportunity_type` WRITE;
/*!40000 ALTER TABLE `vtiger_opportunity_type` DISABLE KEYS */;
INSERT INTO `vtiger_opportunity_type` VALUES (2,'Existing Business',1,128,1,NULL),(3,'New Business',1,129,2,NULL);
/*!40000 ALTER TABLE `vtiger_opportunity_type` ENABLE KEYS */;
UNLOCK TABLES;

--
-- Table structure for table `vtiger_opportunity_type_seq`
--

DROP TABLE IF EXISTS `vtiger_opportunity_type_seq`;
/*!40101 SET @saved_cs_client     = @@character_set_client */;
/*!40101 SET character_set_client = utf8 */;
CREATE TABLE `vtiger_opportunity_type_seq` (
  `id` int(11) NOT NULL
) ENGINE=InnoDB DEFAULT CHARSET=utf8;
/*!40101 SET character_set_client = @saved_cs_client */;

--
-- Dumping data for table `vtiger_opportunity_type_seq`
--

LOCK TABLES `vtiger_opportunity_type_seq` WRITE;
/*!40000 ALTER TABLE `vtiger_opportunity_type_seq` DISABLE KEYS */;
INSERT INTO `vtiger_opportunity_type_seq` VALUES (3);
/*!40000 ALTER TABLE `vtiger_opportunity_type_seq` ENABLE KEYS */;
UNLOCK TABLES;

--
-- Table structure for table `vtiger_opportunitystage`
--

DROP TABLE IF EXISTS `vtiger_opportunitystage`;
/*!40101 SET @saved_cs_client     = @@character_set_client */;
/*!40101 SET character_set_client = utf8 */;
CREATE TABLE `vtiger_opportunitystage` (
  `potstageid` int(19) NOT NULL AUTO_INCREMENT,
  `stage` varchar(200) NOT NULL,
  `sortorderid` int(19) NOT NULL DEFAULT '0',
  `presence` int(1) NOT NULL DEFAULT '1',
  `probability` decimal(3,2) DEFAULT '0.00',
  PRIMARY KEY (`potstageid`),
  UNIQUE KEY `opportunitystage_stage_idx` (`stage`)
) ENGINE=InnoDB DEFAULT CHARSET=utf8;
/*!40101 SET character_set_client = @saved_cs_client */;

--
-- Dumping data for table `vtiger_opportunitystage`
--

LOCK TABLES `vtiger_opportunitystage` WRITE;
/*!40000 ALTER TABLE `vtiger_opportunitystage` DISABLE KEYS */;
/*!40000 ALTER TABLE `vtiger_opportunitystage` ENABLE KEYS */;
UNLOCK TABLES;

--
-- Table structure for table `vtiger_org_share_action2tab`
--

DROP TABLE IF EXISTS `vtiger_org_share_action2tab`;
/*!40101 SET @saved_cs_client     = @@character_set_client */;
/*!40101 SET character_set_client = utf8 */;
CREATE TABLE `vtiger_org_share_action2tab` (
  `share_action_id` int(19) NOT NULL,
  `tabid` int(19) NOT NULL,
  PRIMARY KEY (`share_action_id`,`tabid`),
  KEY `fk_2_vtiger_org_share_action2tab` (`tabid`),
  CONSTRAINT `fk_2_vtiger_org_share_action2tab` FOREIGN KEY (`tabid`) REFERENCES `vtiger_tab` (`tabid`) ON DELETE CASCADE
) ENGINE=InnoDB DEFAULT CHARSET=utf8;
/*!40101 SET character_set_client = @saved_cs_client */;

--
-- Dumping data for table `vtiger_org_share_action2tab`
--

LOCK TABLES `vtiger_org_share_action2tab` WRITE;
/*!40000 ALTER TABLE `vtiger_org_share_action2tab` DISABLE KEYS */;
INSERT INTO `vtiger_org_share_action2tab` VALUES (0,2),(1,2),(2,2),(3,2),(0,4),(1,4),(2,4),(3,4),(0,6),(1,6),(2,6),(3,6),(0,7),(1,7),(2,7),(3,7),(0,8),(1,8),(2,8),(3,8),(0,9),(1,9),(2,9),(3,9),(0,10),(1,10),(2,10),(3,10),(0,13),(1,13),(2,13),(3,13),(0,14),(1,14),(2,14),(3,14),(0,16),(1,16),(2,16),(3,16),(0,18),(1,18),(2,18),(3,18),(0,20),(1,20),(2,20),(3,20),(0,21),(1,21),(2,21),(3,21),(0,22),(1,22),(2,22),(3,22),(0,23),(1,23),(2,23),(3,23),(0,26),(1,26),(2,26),(3,26),(0,32),(1,32),(2,32),(3,32),(0,34),(1,34),(2,34),(3,34),(0,35),(1,35),(2,35),(3,35),(0,38),(1,38),(2,38),(3,38),(0,39),(1,39),(2,39),(3,39),(0,40),(1,40),(2,40),(3,40),(0,43),(1,43),(2,43),(3,43),(0,45),(1,45),(2,45),(3,45),(0,47),(1,47),(2,47),(3,47);
/*!40000 ALTER TABLE `vtiger_org_share_action2tab` ENABLE KEYS */;
UNLOCK TABLES;

--
-- Table structure for table `vtiger_org_share_action_mapping`
--

DROP TABLE IF EXISTS `vtiger_org_share_action_mapping`;
/*!40101 SET @saved_cs_client     = @@character_set_client */;
/*!40101 SET character_set_client = utf8 */;
CREATE TABLE `vtiger_org_share_action_mapping` (
  `share_action_id` int(19) NOT NULL,
  `share_action_name` varchar(200) DEFAULT NULL,
  PRIMARY KEY (`share_action_id`)
) ENGINE=InnoDB DEFAULT CHARSET=utf8;
/*!40101 SET character_set_client = @saved_cs_client */;

--
-- Dumping data for table `vtiger_org_share_action_mapping`
--

LOCK TABLES `vtiger_org_share_action_mapping` WRITE;
/*!40000 ALTER TABLE `vtiger_org_share_action_mapping` DISABLE KEYS */;
INSERT INTO `vtiger_org_share_action_mapping` VALUES (0,'Public: Read Only'),(1,'Public: Read, Create/Edit'),(2,'Public: Read, Create/Edit, Delete'),(3,'Private'),(4,'Hide Details'),(5,'Hide Details and Add Events'),(6,'Show Details'),(7,'Show Details and Add Events');
/*!40000 ALTER TABLE `vtiger_org_share_action_mapping` ENABLE KEYS */;
UNLOCK TABLES;

--
-- Table structure for table `vtiger_organizationdetails`
--

DROP TABLE IF EXISTS `vtiger_organizationdetails`;
/*!40101 SET @saved_cs_client     = @@character_set_client */;
/*!40101 SET character_set_client = utf8 */;
CREATE TABLE `vtiger_organizationdetails` (
  `organization_id` int(11) NOT NULL,
  `organizationname` varchar(60) DEFAULT NULL,
  `address` varchar(150) DEFAULT NULL,
  `city` varchar(100) DEFAULT NULL,
  `state` varchar(100) DEFAULT NULL,
  `country` varchar(100) DEFAULT NULL,
  `code` varchar(30) DEFAULT NULL,
  `phone` varchar(30) DEFAULT NULL,
  `fax` varchar(30) DEFAULT NULL,
  `website` varchar(100) DEFAULT NULL,
  `logoname` varchar(50) DEFAULT NULL,
  `logo` text,
  `vatid` varchar(100) DEFAULT NULL,
  PRIMARY KEY (`organization_id`)
) ENGINE=InnoDB DEFAULT CHARSET=utf8;
/*!40101 SET character_set_client = @saved_cs_client */;

--
-- Dumping data for table `vtiger_organizationdetails`
--

LOCK TABLES `vtiger_organizationdetails` WRITE;
/*!40000 ALTER TABLE `vtiger_organizationdetails` DISABLE KEYS */;
INSERT INTO `vtiger_organizationdetails` VALUES (1,'DE TU PIEL','Carrera 42 No 8-54','Cali','Valle del Cauca','Colombia','560010','+573174359935','','https://detupiel.co/','vtiger-crm-logo.png',NULL,'31576374-4');
/*!40000 ALTER TABLE `vtiger_organizationdetails` ENABLE KEYS */;
UNLOCK TABLES;

--
-- Table structure for table `vtiger_organizationdetails_seq`
--

DROP TABLE IF EXISTS `vtiger_organizationdetails_seq`;
/*!40101 SET @saved_cs_client     = @@character_set_client */;
/*!40101 SET character_set_client = utf8 */;
CREATE TABLE `vtiger_organizationdetails_seq` (
  `id` int(11) NOT NULL
) ENGINE=InnoDB DEFAULT CHARSET=utf8;
/*!40101 SET character_set_client = @saved_cs_client */;

--
-- Dumping data for table `vtiger_organizationdetails_seq`
--

LOCK TABLES `vtiger_organizationdetails_seq` WRITE;
/*!40000 ALTER TABLE `vtiger_organizationdetails_seq` DISABLE KEYS */;
INSERT INTO `vtiger_organizationdetails_seq` VALUES (1);
/*!40000 ALTER TABLE `vtiger_organizationdetails_seq` ENABLE KEYS */;
UNLOCK TABLES;

--
-- Table structure for table `vtiger_othereventduration`
--

DROP TABLE IF EXISTS `vtiger_othereventduration`;
/*!40101 SET @saved_cs_client     = @@character_set_client */;
/*!40101 SET character_set_client = utf8 */;
CREATE TABLE `vtiger_othereventduration` (
  `othereventdurationid` int(11) NOT NULL AUTO_INCREMENT,
  `othereventduration` varchar(200) NOT NULL,
  `sortorderid` int(11) DEFAULT NULL,
  `presence` int(11) NOT NULL DEFAULT '1',
  PRIMARY KEY (`othereventdurationid`)
) ENGINE=InnoDB AUTO_INCREMENT=6 DEFAULT CHARSET=utf8;
/*!40101 SET character_set_client = @saved_cs_client */;

--
-- Dumping data for table `vtiger_othereventduration`
--

LOCK TABLES `vtiger_othereventduration` WRITE;
/*!40000 ALTER TABLE `vtiger_othereventduration` DISABLE KEYS */;
INSERT INTO `vtiger_othereventduration` VALUES (1,'5',0,1),(2,'10',1,1),(3,'30',2,1),(4,'60',3,1),(5,'120',4,1);
/*!40000 ALTER TABLE `vtiger_othereventduration` ENABLE KEYS */;
UNLOCK TABLES;

--
-- Table structure for table `vtiger_othereventduration_seq`
--

DROP TABLE IF EXISTS `vtiger_othereventduration_seq`;
/*!40101 SET @saved_cs_client     = @@character_set_client */;
/*!40101 SET character_set_client = utf8 */;
CREATE TABLE `vtiger_othereventduration_seq` (
  `id` int(11) NOT NULL
) ENGINE=InnoDB DEFAULT CHARSET=utf8;
/*!40101 SET character_set_client = @saved_cs_client */;

--
-- Dumping data for table `vtiger_othereventduration_seq`
--

LOCK TABLES `vtiger_othereventduration_seq` WRITE;
/*!40000 ALTER TABLE `vtiger_othereventduration_seq` DISABLE KEYS */;
INSERT INTO `vtiger_othereventduration_seq` VALUES (5);
/*!40000 ALTER TABLE `vtiger_othereventduration_seq` ENABLE KEYS */;
UNLOCK TABLES;

--
-- Table structure for table `vtiger_parenttab`
--

DROP TABLE IF EXISTS `vtiger_parenttab`;
/*!40101 SET @saved_cs_client     = @@character_set_client */;
/*!40101 SET character_set_client = utf8 */;
CREATE TABLE `vtiger_parenttab` (
  `parenttabid` int(19) NOT NULL,
  `parenttab_label` varchar(100) NOT NULL,
  `sequence` int(10) NOT NULL,
  `visible` int(2) NOT NULL DEFAULT '0',
  PRIMARY KEY (`parenttabid`),
  KEY `parenttab_parenttabid_parenttabl_label_visible_idx` (`parenttabid`,`parenttab_label`,`visible`)
) ENGINE=InnoDB DEFAULT CHARSET=utf8;
/*!40101 SET character_set_client = @saved_cs_client */;

--
-- Dumping data for table `vtiger_parenttab`
--

LOCK TABLES `vtiger_parenttab` WRITE;
/*!40000 ALTER TABLE `vtiger_parenttab` DISABLE KEYS */;
INSERT INTO `vtiger_parenttab` VALUES (1,'My Home Page',1,0),(2,'Marketing',2,0),(3,'Sales',3,0),(4,'Support',4,0),(5,'Analytics',5,0),(6,'Inventory',6,0),(7,'Tools',7,0),(8,'Settings',8,0);
/*!40000 ALTER TABLE `vtiger_parenttab` ENABLE KEYS */;
UNLOCK TABLES;

--
-- Table structure for table `vtiger_parenttabrel`
--

DROP TABLE IF EXISTS `vtiger_parenttabrel`;
/*!40101 SET @saved_cs_client     = @@character_set_client */;
/*!40101 SET character_set_client = utf8 */;
CREATE TABLE `vtiger_parenttabrel` (
  `parenttabid` int(19) NOT NULL,
  `tabid` int(19) NOT NULL,
  `sequence` int(3) NOT NULL,
  KEY `parenttabrel_tabid_parenttabid_idx` (`tabid`,`parenttabid`),
  KEY `fk_2_vtiger_parenttabrel` (`parenttabid`),
  CONSTRAINT `fk_1_vtiger_parenttabrel` FOREIGN KEY (`tabid`) REFERENCES `vtiger_tab` (`tabid`) ON DELETE CASCADE,
  CONSTRAINT `fk_2_vtiger_parenttabrel` FOREIGN KEY (`parenttabid`) REFERENCES `vtiger_parenttab` (`parenttabid`) ON DELETE CASCADE
) ENGINE=InnoDB DEFAULT CHARSET=utf8;
/*!40101 SET character_set_client = @saved_cs_client */;

--
-- Dumping data for table `vtiger_parenttabrel`
--

LOCK TABLES `vtiger_parenttabrel` WRITE;
/*!40000 ALTER TABLE `vtiger_parenttabrel` DISABLE KEYS */;
INSERT INTO `vtiger_parenttabrel` VALUES (1,9,2),(1,28,4),(1,3,1),(3,7,1),(3,6,2),(3,4,3),(3,2,4),(3,20,5),(3,22,6),(3,23,7),(3,19,8),(3,8,9),(4,13,1),(4,15,2),(4,6,3),(4,4,4),(4,8,5),(5,1,2),(5,25,1),(6,14,1),(6,18,2),(6,19,3),(6,21,4),(6,22,5),(6,20,6),(6,23,7),(7,24,1),(7,27,2),(7,8,3),(2,26,1),(2,6,2),(2,4,3),(2,28,4),(4,28,7),(2,7,5),(2,9,6),(4,9,8),(2,8,8),(3,9,11),(6,32,8),(6,32,9),(7,34,4),(7,34,5),(4,35,9),(4,35,10),(7,37,6),(7,37,7),(4,38,11),(4,38,12),(4,39,13),(4,39,14),(4,40,15),(4,40,16),(7,42,8),(7,42,9),(3,43,12),(3,43,13),(7,44,10),(7,44,11),(6,47,10),(6,47,11),(8,49,1),(8,49,2),(7,24,12),(7,27,13),(7,44,14),(7,42,15),(8,52,3),(8,52,4),(7,53,16),(7,53,17),(8,54,5),(8,54,6),(8,55,7),(8,55,8);
/*!40000 ALTER TABLE `vtiger_parenttabrel` ENABLE KEYS */;
UNLOCK TABLES;

--
-- Table structure for table `vtiger_payment_duration`
--

DROP TABLE IF EXISTS `vtiger_payment_duration`;
/*!40101 SET @saved_cs_client     = @@character_set_client */;
/*!40101 SET character_set_client = utf8 */;
CREATE TABLE `vtiger_payment_duration` (
  `payment_duration_id` int(11) DEFAULT NULL,
  `payment_duration` varchar(200) DEFAULT NULL,
  `sortorderid` int(11) DEFAULT NULL,
  `presence` int(11) DEFAULT NULL,
  `color` varchar(10) DEFAULT NULL
) ENGINE=InnoDB DEFAULT CHARSET=utf8;
/*!40101 SET character_set_client = @saved_cs_client */;

--
-- Dumping data for table `vtiger_payment_duration`
--

LOCK TABLES `vtiger_payment_duration` WRITE;
/*!40000 ALTER TABLE `vtiger_payment_duration` DISABLE KEYS */;
INSERT INTO `vtiger_payment_duration` VALUES (1,'Net 30 days',6,1,NULL),(2,'Net 45 days',7,1,NULL),(3,'Net 60 days',8,1,NULL),(4,'Net 01 day',1,1,NULL),(5,'Net 05 days',2,1,NULL),(6,'Net 07 days',3,1,NULL),(7,'Net 10 days',4,1,NULL),(8,'Net 15 days',5,1,NULL);
/*!40000 ALTER TABLE `vtiger_payment_duration` ENABLE KEYS */;
UNLOCK TABLES;

--
-- Table structure for table `vtiger_payment_duration_seq`
--

DROP TABLE IF EXISTS `vtiger_payment_duration_seq`;
/*!40101 SET @saved_cs_client     = @@character_set_client */;
/*!40101 SET character_set_client = utf8 */;
CREATE TABLE `vtiger_payment_duration_seq` (
  `id` int(11) NOT NULL
) ENGINE=InnoDB DEFAULT CHARSET=utf8;
/*!40101 SET character_set_client = @saved_cs_client */;

--
-- Dumping data for table `vtiger_payment_duration_seq`
--

LOCK TABLES `vtiger_payment_duration_seq` WRITE;
/*!40000 ALTER TABLE `vtiger_payment_duration_seq` DISABLE KEYS */;
INSERT INTO `vtiger_payment_duration_seq` VALUES (8);
/*!40000 ALTER TABLE `vtiger_payment_duration_seq` ENABLE KEYS */;
UNLOCK TABLES;

--
-- Table structure for table `vtiger_pbxmanager`
--

DROP TABLE IF EXISTS `vtiger_pbxmanager`;
/*!40101 SET @saved_cs_client     = @@character_set_client */;
/*!40101 SET character_set_client = utf8 */;
CREATE TABLE `vtiger_pbxmanager` (
  `pbxmanagerid` int(20) NOT NULL AUTO_INCREMENT,
  `direction` varchar(10) DEFAULT NULL,
  `callstatus` varchar(20) DEFAULT NULL,
  `starttime` datetime DEFAULT NULL,
  `endtime` datetime DEFAULT NULL,
  `totalduration` int(11) DEFAULT NULL,
  `billduration` int(11) DEFAULT NULL,
  `recordingurl` varchar(200) DEFAULT NULL,
  `sourceuuid` varchar(100) DEFAULT NULL,
  `gateway` varchar(20) DEFAULT NULL,
  `customer` varchar(100) DEFAULT NULL,
  `user` varchar(100) DEFAULT NULL,
  `customernumber` varchar(100) DEFAULT NULL,
  `customertype` varchar(100) DEFAULT NULL,
  PRIMARY KEY (`pbxmanagerid`),
  KEY `index_sourceuuid` (`sourceuuid`),
  KEY `index_pbxmanager_id` (`pbxmanagerid`),
  CONSTRAINT `fk_crmid_vtiger_pbxmanager` FOREIGN KEY (`pbxmanagerid`) REFERENCES `vtiger_crmentity` (`crmid`) ON DELETE CASCADE
) ENGINE=InnoDB DEFAULT CHARSET=utf8;
/*!40101 SET character_set_client = @saved_cs_client */;

--
-- Dumping data for table `vtiger_pbxmanager`
--

LOCK TABLES `vtiger_pbxmanager` WRITE;
/*!40000 ALTER TABLE `vtiger_pbxmanager` DISABLE KEYS */;
/*!40000 ALTER TABLE `vtiger_pbxmanager` ENABLE KEYS */;
UNLOCK TABLES;

--
-- Table structure for table `vtiger_pbxmanager_gateway`
--

DROP TABLE IF EXISTS `vtiger_pbxmanager_gateway`;
/*!40101 SET @saved_cs_client     = @@character_set_client */;
/*!40101 SET character_set_client = utf8 */;
CREATE TABLE `vtiger_pbxmanager_gateway` (
  `id` int(11) NOT NULL AUTO_INCREMENT,
  `gateway` varchar(20) DEFAULT NULL,
  `parameters` text,
  PRIMARY KEY (`id`)
) ENGINE=InnoDB DEFAULT CHARSET=utf8;
/*!40101 SET character_set_client = @saved_cs_client */;

--
-- Dumping data for table `vtiger_pbxmanager_gateway`
--

LOCK TABLES `vtiger_pbxmanager_gateway` WRITE;
/*!40000 ALTER TABLE `vtiger_pbxmanager_gateway` DISABLE KEYS */;
/*!40000 ALTER TABLE `vtiger_pbxmanager_gateway` ENABLE KEYS */;
UNLOCK TABLES;

--
-- Table structure for table `vtiger_pbxmanager_phonelookup`
--

DROP TABLE IF EXISTS `vtiger_pbxmanager_phonelookup`;
/*!40101 SET @saved_cs_client     = @@character_set_client */;
/*!40101 SET character_set_client = utf8 */;
CREATE TABLE `vtiger_pbxmanager_phonelookup` (
  `crmid` int(20) DEFAULT NULL,
  `setype` varchar(30) DEFAULT NULL,
  `fnumber` varchar(100) DEFAULT NULL,
  `rnumber` varchar(100) DEFAULT NULL,
  `fieldname` varchar(50) DEFAULT NULL,
  UNIQUE KEY `unique_key` (`crmid`,`setype`,`fieldname`),
  KEY `index_phone_number` (`fnumber`,`rnumber`),
  CONSTRAINT `vtiger_pbxmanager_phonelookup_ibfk_1` FOREIGN KEY (`crmid`) REFERENCES `vtiger_crmentity` (`crmid`) ON DELETE CASCADE
) ENGINE=InnoDB DEFAULT CHARSET=utf8;
/*!40101 SET character_set_client = @saved_cs_client */;

--
-- Dumping data for table `vtiger_pbxmanager_phonelookup`
--

LOCK TABLES `vtiger_pbxmanager_phonelookup` WRITE;
/*!40000 ALTER TABLE `vtiger_pbxmanager_phonelookup` DISABLE KEYS */;
INSERT INTO `vtiger_pbxmanager_phonelookup` VALUES (29,'Contacts','3187828746','6478287813','mobile'),(32,'Contacts','3102939824','4289392013','mobile'),(33,'Contacts','3023888521','1258883203','mobile'),(34,'Contacts','3013032662','2662303103','mobile'),(35,'Contacts','3162531671','1761352613','mobile'),(36,'Contacts','3142606862','2686062413','mobile'),(37,'Contacts','3132769157','7519672313','mobile'),(38,'Contacts','3183876257','7526783813','mobile'),(39,'Contacts','3158850692','2960588513','mobile'),(40,'Contacts','3167731764','4671377613','mobile'),(41,'Contacts','3123691286','6821963213','mobile'),(42,'Contacts','3008236460','0646328003','mobile'),(43,'Contacts','3163471613','3161743613','mobile'),(44,'Contacts','3112026638','8366202113','mobile'),(45,'Contacts','3022232634','4362322203','mobile'),(46,'Contacts','3142795167','7615972413','mobile'),(47,'Contacts','3145866101','1016685413','mobile'),(48,'Contacts','3138307985','5897038313','mobile'),(49,'Contacts','3115608465','5648065113','mobile'),(50,'Contacts','3154087054','4507804513','mobile'),(51,'Contacts','3148214794','4974128413','mobile'),(52,'Contacts','3154740412','2140474513','mobile'),(53,'Contacts','3133776787','7876773313','mobile'),(54,'Contacts','3185234748','8474325813','mobile'),(55,'Contacts','3178415731','1375148713','mobile'),(56,'Contacts','3178791469','9641978713','mobile'),(57,'Contacts','3058131306','6031318503','mobile'),(58,'Contacts','3135581671','1761855313','mobile'),(59,'Contacts','3138701737','7371078313','mobile'),(60,'Contacts','3117850737','7370587113','mobile'),(61,'Contacts','3103521177','7711253013','mobile'),(62,'Contacts','31445866101','10166854413','mobile'),(63,'Contacts','3183959306','6039593813','mobile'),(64,'Contacts','3003258368','8638523003','mobile'),(65,'Contacts','3133792947','7492973313','mobile'),(66,'Contacts','3165751494','4941575613','mobile'),(67,'Contacts','3017293890','0983927103','mobile'),(68,'Contacts','3122953873','3783592213','mobile'),(70,'Contacts','3173674096','6904763713','mobile'),(71,'Contacts','3105932875','5782395013','mobile'),(72,'Contacts','3118991033','3301998113','mobile'),(73,'Contacts','3128182270','0722818213','mobile'),(74,'Contacts','3015636302','2036365103','mobile'),(78,'Contacts','3175475134','4315745713','mobile'),(79,'Contacts','3173599720','0279953713','mobile'),(80,'Contacts','3174413573','3753144713','mobile'),(81,'Contacts','3104434035','5304344013','mobile'),(84,'Contacts','3162998932','2398992613','mobile'),(86,'Contacts','3159289420','0249829513','mobile'),(87,'Contacts','3122938210','0128392213','mobile'),(88,'Contacts','3046079242','2429706403','mobile'),(89,'Contacts','3013453507','7053543103','mobile'),(90,'Contacts','3202662826','6282662023','mobile'),(91,'Contacts','3166595546','6455956613','mobile'),(92,'Contacts','3207426263','3626247023','mobile'),(94,'Contacts','3015418590','0958145103','mobile'),(95,'Contacts','3214959969','9699594123','mobile'),(96,'Contacts','3168419084','4809148613','mobile'),(97,'Contacts','3163722980','0892273613','mobile'),(98,'Contacts','3158874839','9384788513','mobile'),(99,'Contacts','3168725347','7435278613','mobile'),(100,'Contacts','3152760863','3680672513','mobile'),(101,'Contacts','3104752445','5442574013','mobile'),(102,'Contacts','3005072610','0162705003','mobile'),(103,'Contacts','3233508380','0838053323','mobile'),(104,'Contacts','3122062446','6442602213','mobile'),(105,'Contacts','3206580780','0870856023','mobile'),(106,'Contacts','3165717923','3297175613','mobile'),(107,'Contacts','3122340679','9760432213','mobile'),(108,'Contacts','3016482715','5172846103','mobile'),(109,'Contacts','3206388249','9428836023','mobile'),(111,'Contacts','3208137696','6967318023','mobile'),(112,'Contacts','3024598751','1578954203','mobile'),(113,'Contacts','3005876115','5116785003','mobile'),(114,'Contacts','3182407141','1417042813','mobile'),(115,'Contacts','3113182123','3212813113','mobile'),(116,'Contacts','3008093562','2653908003','mobile'),(117,'Contacts','3146093389','9833906413','mobile'),(120,'Contacts','3184163965','5693614813','mobile'),(121,'Contacts','3134085825','5285804313','mobile'),(122,'Contacts','3122202617','7162022213','mobile'),(123,'Contacts','3122836250','0526382213','mobile'),(124,'Contacts','3202939057','7509392023','mobile'),(125,'Contacts','3178114548','8454118713','mobile'),(126,'Contacts','3142398373','3738932413','mobile'),(127,'Contacts','3154552159','9512554513','mobile'),(128,'Contacts','3235741169','9611475323','mobile'),(130,'Contacts','3014908435','5348094103','mobile'),(131,'Contacts','3158016188','8816108513','mobile'),(133,'Contacts','3102050970','0790502013','mobile'),(134,'Contacts','3166263948','8493626613','mobile'),(135,'Contacts','3144286103','3016824413','mobile'),(136,'Contacts','3162286673','3766822613','mobile'),(137,'Contacts','3177741131','1311477713','mobile'),(138,'Contacts','3167478356','6538747613','mobile'),(139,'Contacts','3128878779','9778788213','mobile'),(140,'Contacts','3215732721','1272375123','mobile'),(141,'Contacts','3004872106','6012784003','mobile'),(142,'Contacts','3156298873','3788926513','mobile'),(143,'Contacts','3127737050','0507377213','mobile'),(144,'Contacts','3006933721','1273396003','mobile'),(145,'Contacts','3154438275','5728344513','mobile'),(146,'Contacts','3042681911','1191862403','mobile'),(147,'Contacts','3175153666','6663515713','mobile'),(148,'Contacts','3003734060','0604373003','mobile'),(149,'Contacts','3168684602','2064868613','mobile'),(150,'Contacts','3102561599','9951652013','mobile'),(151,'Contacts','3116008510','0158006113','mobile'),(152,'Contacts','3164953952','2593594613','mobile'),(156,'Contacts','3012796281','1826972103','mobile'),(157,'Contacts','3118517808','8087158113','mobile'),(158,'Contacts','3128329121','1219238213','mobile'),(159,'Contacts','3002455342','2435542003','mobile'),(160,'Contacts','3502402424','4242042053','mobile'),(161,'Contacts','3147836769','9676387413','mobile'),(162,'Contacts','3148716809','9086178413','mobile'),(163,'Contacts','3003258262','2628523003','mobile'),(164,'Contacts','3202730992','2990372023','mobile'),(165,'Contacts','3108965094','4905698013','mobile'),(166,'Contacts','3108192434','4342918013','mobile'),(167,'Contacts','3157580037','7300857513','mobile'),(168,'Contacts','3102195459','9545912013','mobile'),(169,'Contacts','3013512882','2882153103','mobile'),(170,'Contacts','3227607860','0687067223','mobile'),(171,'Contacts','3164249733','3379424613','mobile'),(172,'Contacts','3102141021','1201412013','mobile'),(173,'Contacts','3115358059','9508535113','mobile'),(174,'Contacts','3156182089','9802816513','mobile'),(175,'Contacts','3104248494','4948424013','mobile'),(176,'Contacts','3008182474','4742818003','mobile'),(177,'Contacts','3225552881','1882555223','mobile'),(178,'Contacts','3226701130','0311076223','mobile'),(179,'Contacts','3207067419','9147607023','mobile'),(180,'Contacts','3102127641','1467212013','mobile'),(181,'Contacts','3156702663','3662076513','mobile'),(182,'Contacts','3002640551','1550462003','mobile'),(183,'Contacts','316744407','704447613','mobile'),(184,'Contacts','3173738324','4238373713','mobile'),(185,'Contacts','3208917867','7687198023','mobile'),(186,'Contacts','3162597957','7597952613','mobile'),(187,'Contacts','3184025047','7405204813','mobile'),(188,'Contacts','3103019290','0929103013','mobile'),(189,'Contacts','3137659527','7259567313','mobile'),(190,'Contacts','3184998490','0948994813','mobile'),(191,'Contacts','3113406324','4236043113','mobile'),(192,'Contacts','3116630040','0400366113','mobile'),(193,'Contacts','3137368400','0048637313','mobile'),(194,'Contacts','3015607207','7027065103','mobile'),(195,'Contacts','3017365947','7495637103','mobile'),(196,'Contacts','3008005498','8945008003','mobile'),(197,'Contacts','3194380079','9700834913','mobile'),(198,'Contacts','3206863788','8873686023','mobile'),(199,'Contacts','3004051706','6071504003','mobile'),(200,'Contacts','3023623277','7723263203','mobile'),(201,'Contacts','3016602280','0822066103','mobile'),(202,'Contacts','3112916231','1326192113','mobile'),(203,'Contacts','3002376199','9916732003','mobile'),(204,'Contacts','3122939884','4889392213','mobile'),(205,'Contacts','3007178184','4818717003','mobile'),(206,'Contacts','3138013310','0133108313','mobile'),(207,'Contacts','3107653796','6973567013','mobile'),(208,'Contacts','3182703983','3893072813','mobile'),(209,'Contacts','3217886545','5456887123','mobile'),(210,'Contacts','3146237729','9277326413','mobile'),(211,'Contacts','3174023674','4763204713','mobile'),(212,'Contacts','3102186312','2136812013','mobile'),(213,'Contacts','3165358632','2368535613','mobile'),(214,'Contacts','3005790486','6840975003','mobile'),(215,'Contacts','3143597220','0227953413','mobile'),(216,'Contacts','3012480751','1570842103','mobile'),(217,'Contacts','3117902495','5942097113','mobile'),(218,'Contacts','3102813738','8373182013','mobile'),(219,'Contacts','3113072921','1292703113','mobile'),(220,'Contacts','3122517262','2627152213','mobile'),(221,'Contacts','3204335710','0175334023','mobile'),(222,'Contacts','3148699592','2959968413','mobile'),(223,'Contacts','3012931719','9171392103','mobile'),(224,'Contacts','3105152389','9832515013','mobile'),(225,'Contacts','3234498050','0508944323','mobile'),(226,'Contacts','3016139150','0519316103','mobile'),(227,'Contacts','3123158348','8438513213','mobile'),(228,'Contacts','3004911918','8191194003','mobile'),(229,'Contacts','3174981362','2631894713','mobile'),(230,'Contacts','3103771302','2031773013','mobile'),(231,'Contacts','3195285186','6815825913','mobile'),(232,'Contacts','3003180617','7160813003','mobile'),(233,'Contacts','3182459931','1399542813','mobile'),(234,'Contacts','3132202408','8042022313','mobile'),(235,'Contacts','3003719829','9289173003','mobile'),(236,'Contacts','3174671237','7321764713','mobile'),(237,'Contacts','3017825552','2555287103','mobile'),(238,'Contacts','3002612781','1872162003','mobile'),(239,'Contacts','3175247066','6607425713','mobile'),(240,'Contacts','3003617079','9707163003','mobile'),(241,'Contacts','3128996975','5796998213','mobile'),(242,'Contacts','3124845218','8125484213','mobile'),(243,'Contacts','3213925940','0495293123','mobile'),(244,'Contacts','3004608668','8668064003','mobile'),(245,'Contacts','3142670004','4000762413','mobile'),(246,'Contacts','3106363344','4433636013','mobile'),(247,'Contacts','3157006444','4446007513','mobile'),(248,'Contacts','3106421428','8241246013','mobile'),(249,'Contacts','3146742390','0932476413','mobile'),(250,'Contacts','3183343154','4513433813','mobile'),(251,'Contacts','3228555155','5515558223','mobile'),(252,'Contacts','3132070776','6770702313','mobile'),(253,'Contacts','3187482502','2052847813','mobile'),(254,'Contacts','3002072169','9612702003','mobile'),(255,'Contacts','3213624086','6804263123','mobile'),(256,'Contacts','3154554128','8214554513','mobile'),(257,'Contacts','3176238875','5788326713','mobile'),(258,'Contacts','3164840490','0940484613','mobile'),(259,'Contacts','3023905643','3465093203','mobile'),(260,'Contacts','3163463529','9253643613','mobile'),(261,'Contacts','3023814370','0734183203','mobile'),(262,'Contacts','304507656','656705403','mobile'),(263,'Contacts','3006787347','7437876003','mobile'),(264,'Contacts','3104546639','9366454013','mobile'),(265,'Contacts','3102797198','8917972013','mobile'),(266,'Contacts','3054059879','9789504503','mobile'),(267,'Contacts','3104207256','6527024013','mobile'),(268,'Contacts','3194216579','9756124913','mobile'),(269,'Contacts','3016327089','9807236103','mobile'),(270,'Contacts','3143062213','3122603413','mobile'),(271,'Contacts','3188850649','9460588813','mobile'),(272,'Contacts','3122612021','1202162213','mobile'),(273,'Contacts','3117310174','4710137113','mobile'),(274,'Contacts','3006406005','5006046003','mobile'),(275,'Contacts','3102290317','7130922013','mobile'),(276,'Contacts','3157183047','7403817513','mobile'),(277,'Contacts','3122020174','4710202213','mobile'),(278,'Contacts','3017869507','7059687103','mobile'),(279,'Contacts','3123757262','2627573213','mobile'),(280,'Contacts','3144752039','9302574413','mobile'),(281,'Contacts','3177577776','6777757713','mobile'),(282,'Contacts','3183892981','1892983813','mobile'),(283,'Contacts','3137386426','6246837313','mobile'),(284,'Contacts','3004911161','1611194003','mobile'),(285,'Contacts','3008032758','8572308003','mobile'),(286,'Contacts','3045356476','6746535403','mobile'),(287,'Contacts','3106527534','4357256013','mobile'),(288,'Contacts','3155595605','5065955513','mobile'),(289,'Contacts','3202361392','2931632023','mobile'),(290,'Contacts','3138302906','6092038313','mobile'),(291,'Contacts','3226369872','2789636223','mobile'),(292,'Contacts','3113636365','5636363113','mobile'),(293,'Contacts','3154784686','6864874513','mobile'),(294,'Contacts','3176476621','1266746713','mobile'),(295,'Contacts','3184539157','7519354813','mobile'),(296,'Contacts','3106490773','3770946013','mobile'),(297,'Contacts','3174273805','5083724713','mobile'),(298,'Contacts','3145770321','1230775413','mobile'),(299,'Contacts','3023770644','4460773203','mobile'),(300,'Contacts','3173782629','9262873713','mobile'),(301,'Contacts','3046124848','8484216403','mobile'),(302,'Contacts','3204705242','2425074023','mobile'),(303,'Contacts','3046246273','3726426403','mobile'),(304,'Contacts','3104745424','4245474013','mobile'),(305,'Contacts','3115067184','4817605113','mobile'),(306,'Contacts','3045550245','5420555403','mobile'),(307,'Contacts','3043289010','0109823403','mobile'),(308,'Contacts','3178216931','1396128713','mobile'),(309,'Contacts','3138767201','1027678313','mobile'),(310,'Contacts','3112641790','0971462113','mobile'),(311,'Contacts','3017546683','3866457103','mobile'),(312,'Contacts','3163139990','0999313613','mobile'),(313,'Contacts','3157903283','3823097513','mobile'),(314,'Contacts','3184376030','0306734813','mobile'),(315,'Contacts','3107779090','0909777013','mobile'),(316,'Contacts','3118128718','8178218113','mobile'),(317,'Contacts','3008054387','7834508003','mobile'),(318,'Contacts','3016249130','0319426103','mobile'),(319,'Contacts','3013952951','1592593103','mobile'),(320,'Contacts','3045650195','5910565403','mobile'),(321,'Contacts','3128430328','8230348213','mobile'),(322,'Contacts','3224545793','3975454223','mobile'),(323,'Contacts','3156715250','0525176513','mobile'),(324,'Contacts','3125194479','9744915213','mobile'),(325,'Contacts','3183761263','3621673813','mobile'),(326,'Contacts','17867052793','39725076871','mobile'),(327,'Contacts','3184189497','7949814813','mobile'),(328,'Contacts','3142275121','1215722413','mobile'),(329,'Contacts','3013372220','0222733103','mobile'),(330,'Contacts','3006147722','2277416003','mobile'),(331,'Contacts','3166903002','2003096613','mobile'),(332,'Contacts','3153994262','2624993513','mobile'),(333,'Contacts','3045425282','2825245403','mobile'),(334,'Contacts','3017495144','4415947103','mobile'),(335,'Contacts','3156897898','8987986513','mobile'),(336,'Contacts','3147868780','0878687413','mobile'),(337,'Contacts','3163011483','3841103613','mobile'),(338,'Contacts','3108431541','1451348013','mobile'),(339,'Contacts','3044583345','5433854403','mobile'),(340,'Contacts','3045729364','4639275403','mobile'),(341,'Contacts','3166299727','7279926613','mobile'),(342,'Contacts','3164061198','8911604613','mobile'),(343,'Contacts','3125584192','2914855213','mobile'),(344,'Contacts','3046670069','9600766403','mobile'),(345,'Contacts','3176461147','7411646713','mobile'),(346,'Contacts','3052488937','7398842503','mobile'),(347,'Contacts','3154288027','7208824513','mobile'),(348,'Contacts','3003477821','1287743003','mobile'),(349,'Contacts','3124592188','8812954213','mobile'),(350,'Contacts','3116025926','6295206113','mobile'),(351,'Contacts','3156956081','1806596513','mobile'),(352,'Contacts','3163147064','4607413613','mobile'),(353,'Contacts','3012817691','1967182103','mobile'),(354,'Contacts','3103536517','7156353013','mobile'),(355,'Contacts','3014513225','5223154103','mobile'),(356,'Contacts','3182288888','8888822813','mobile'),(357,'Contacts','3104027338','8337204013','mobile'),(358,'Contacts','3113436617','7166343113','mobile'),(359,'Contacts','3176488170','0718846713','mobile'),(360,'Contacts','3014650275','5720564103','mobile'),(361,'Contacts','3007775647','7465777003','mobile'),(362,'Contacts','3214082032','2302804123','mobile'),(363,'Contacts','3124236915','5196324213','mobile'),(364,'Contacts','3102727635','5367272013','mobile'),(365,'Contacts','3228857846','6487588223','mobile'),(366,'Contacts','3219364002','2004639123','mobile'),(367,'Contacts','3142509558','8559052413','mobile'),(368,'Contacts','3206878301','1038786023','mobile'),(369,'Contacts','3165835093','3905385613','mobile'),(370,'Contacts','3207294535','5354927023','mobile'),(371,'Contacts','3103593685','5863953013','mobile'),(372,'Contacts','3173836893','3986383713','mobile'),(373,'Contacts','3005730026','6200375003','mobile'),(374,'Contacts','3204895714','4175984023','mobile'),(375,'Contacts','3123454517','7154543213','mobile'),(376,'Contacts','3192873670','0763782913','mobile'),(377,'Contacts','3209377293','3927739023','mobile'),(378,'Contacts','3114268984','4898624113','mobile'),(379,'Contacts','3107903943','3493097013','mobile'),(380,'Contacts','3138002108','8012008313','mobile'),(381,'Contacts','3225720766','6670275223','mobile'),(382,'Contacts','3022986990','0996892203','mobile'),(383,'Contacts','3007360996','6990637003','mobile'),(384,'Contacts','3104547420','0247454013','mobile'),(385,'Contacts','3143584772','2774853413','mobile'),(386,'Contacts','3135498205','5028945313','mobile'),(387,'Contacts','3168650617','7160568613','mobile'),(388,'Contacts','3204107729','9277014023','mobile'),(389,'Contacts','3152022222','2222202513','mobile'),(390,'Contacts','3104530312','2130354013','mobile'),(391,'Contacts','3188118832','2388118813','mobile'),(392,'Contacts','3134854710','0174584313','mobile'),(393,'Contacts','3213668891','1988663123','mobile'),(394,'Contacts','3137210773','3770127313','mobile'),(395,'Contacts','3118849661','1669488113','mobile'),(396,'Contacts','3118658867','7688568113','mobile'),(397,'Contacts','3116143664','4663416113','mobile'),(398,'Contacts','3113504221','1224053113','mobile'),(399,'Contacts','3012711786','6871172103','mobile'),(400,'Contacts','3133775364','4635773313','mobile'),(401,'Contacts','3112816353','3536182113','mobile'),(402,'Contacts','3217900398','8930097123','mobile'),(403,'Contacts','3215884881','1884885123','mobile'),(404,'Contacts','3105145788','8875415013','mobile'),(405,'Contacts','3125410291','1920145213','mobile'),(406,'Contacts','3183777809','9087773813','mobile'),(407,'Contacts','3106662114','4112666013','mobile'),(408,'Contacts','3127221783','3871227213','mobile'),(409,'Contacts','3,93E11','11E39,3','mobile'),(410,'Contacts','3183458877','7788543813','mobile'),(411,'Contacts','3177195298','8925917713','mobile'),(412,'Contacts','3106905482','2845096013','mobile'),(413,'Contacts','3228578748','8478758223','mobile'),(414,'Contacts','3214333605','5063334123','mobile'),(415,'Contacts','3128385533','3355838213','mobile'),(416,'Contacts','3022919145','5419192203','mobile'),(417,'Contacts','3014251959','9591524103','mobile'),(418,'Contacts','3186504889','9884056813','mobile'),(419,'Contacts','3148749610','0169478413','mobile'),(420,'Contacts','3122836173','3716382213','mobile'),(421,'Contacts','3188919919','9199198813','mobile'),(422,'Contacts','3174329252','2529234713','mobile'),(423,'Contacts','3232456673','3766542323','mobile'),(424,'Contacts','3127066048','8406607213','mobile'),(425,'Contacts','3105110493','3940115013','mobile'),(426,'Contacts','3015496744','4476945103','mobile'),(427,'Contacts','3115872367','7632785113','mobile'),(428,'Contacts','3104717599','9957174013','mobile'),(429,'Contacts','3017897651','1567987103','mobile'),(430,'Contacts','3108019717','7179108013','mobile'),(431,'Contacts','3008417140','0417148003','mobile'),(432,'Contacts','3008073182','2813708003','mobile'),(433,'Contacts','3007620753','3570267003','mobile'),(434,'Contacts','3005644371','1734465003','mobile'),(435,'Contacts','3164772531','1352774613','mobile'),(436,'Contacts','3175774223','3224775713','mobile'),(437,'Contacts','3184013213','3123104813','mobile'),(438,'Contacts','3008842914','4192488003','mobile'),(439,'Contacts','3122335613','3165332213','mobile'),(440,'Contacts','3175105362','2635015713','mobile'),(441,'Contacts','3007119419','9149117003','mobile'),(442,'Contacts','3016923920','0293296103','mobile'),(443,'Contacts','3207500200','0020057023','mobile'),(444,'Contacts','3158006083','3806008513','mobile'),(445,'Contacts','3124056525','5256504213','mobile'),(446,'Contacts','3163231731','1371323613','mobile'),(447,'Contacts','3135533314','4133355313','mobile'),(448,'Contacts','3106733463','3643376013','mobile'),(449,'Contacts','3132870745','5470782313','mobile'),(450,'Contacts','3006613231','1323166003','mobile'),(451,'Contacts','3104007914','4197004013','mobile'),(452,'Contacts','3148264677','7764628413','mobile'),(453,'Contacts','3135362855','5582635313','mobile'),(454,'Contacts','3162987985','5897892613','mobile'),(455,'Contacts','3142951958','8591592413','mobile'),(456,'Contacts','3142607047','7407062413','mobile'),(457,'Contacts','3017970428','8240797103','mobile'),(458,'Contacts','3212071490','0941702123','mobile'),(459,'Contacts','3003102965','5692013003','mobile'),(460,'Contacts','3218279646','6469728123','mobile'),(461,'Contacts','3006734488','8844376003','mobile'),(462,'Contacts','3022903214','4123092203','mobile'),(463,'Contacts','3006863536','6353686003','mobile'),(464,'Contacts','3127246424','4246427213','mobile'),(465,'Contacts','3502983366','6633892053','mobile'),(466,'Contacts','3137984012','2104897313','mobile'),(467,'Contacts','3012996720','0276992103','mobile'),(468,'Contacts','3138727300','0037278313','mobile'),(469,'Contacts','3202560995','5990652023','mobile'),(470,'Contacts','3134638112','2118364313','mobile'),(471,'Contacts','3003383677','7763833003','mobile'),(472,'Contacts','3142939134','4319392413','mobile'),(473,'Contacts','3145954992','2994595413','mobile'),(474,'Contacts','3116062896','6982606113','mobile'),(475,'Contacts','3108813999','9993188013','mobile'),(476,'Contacts','3134588141','1418854313','mobile'),(477,'Contacts','3186943285','5823496813','mobile'),(478,'Contacts','3213714052','2504173123','mobile'),(479,'Contacts','3104648058','8508464013','mobile'),(480,'Contacts','3103423132','2313243013','mobile'),(481,'Contacts','3003052014','4102503003','mobile'),(482,'Contacts','3208099436','6349908023','mobile'),(483,'Contacts','3193268855','5588623913','mobile'),(484,'Contacts','3133112240','0422113313','mobile'),(485,'Contacts','3128425119','9115248213','mobile'),(486,'Contacts','3137590376','6730957313','mobile'),(487,'Contacts','3014843203','3023484103','mobile'),(488,'Contacts','3128958899','9988598213','mobile'),(489,'Contacts','3104250382','2830524013','mobile'),(490,'Contacts','3508065512','2155608053','mobile'),(491,'Contacts','3142369029','9209632413','mobile'),(492,'Contacts','3006020823','3280206003','mobile'),(493,'Contacts','3105461985','5891645013','mobile'),(494,'Contacts','3216289387','7839826123','mobile'),(495,'Contacts','3125448643','3468445213','mobile'),(496,'Contacts','3226540081','1800456223','mobile'),(497,'Contacts','3104086060','0606804013','mobile'),(498,'Contacts','3192433136','6313342913','mobile'),(499,'Contacts','3168261992','2991628613','mobile'),(500,'Contacts','3212352373','3732532123','mobile'),(501,'Contacts','3234605500','0055064323','mobile'),(502,'Contacts','3106413334','4333146013','mobile'),(503,'Contacts','3167581283','3821857613','mobile'),(504,'Contacts','3167488248','8428847613','mobile'),(505,'Contacts','3182299433','3349922813','mobile'),(506,'Contacts','3113005744','4475003113','mobile'),(507,'Contacts','3215390239','9320935123','mobile'),(508,'Contacts','3122164084','4804612213','mobile'),(509,'Contacts','3142157258','8527512413','mobile'),(510,'Contacts','3117728789','9878277113','mobile'),(511,'Contacts','3165251375','5731525613','mobile'),(512,'Contacts','3218871963','3691788123','mobile'),(513,'Contacts','3045504035','5304055403','mobile'),(514,'Contacts','3142916829','9286192413','mobile'),(515,'Contacts','3187800760','0670087813','mobile'),(516,'Contacts','3234463980','0893644323','mobile'),(517,'Contacts','3184338000','0008334813','mobile'),(518,'Contacts','3226138058','8508316223','mobile'),(519,'Contacts','3123691126','6211963213','mobile'),(520,'Contacts','3128851565','5651588213','mobile'),(521,'Contacts','3006842874','4782486003','mobile'),(522,'Contacts','3185219460','0649125813','mobile'),(523,'Contacts','3105828366','6638285013','mobile'),(524,'Contacts','3214705712','2175074123','mobile'),(525,'Contacts','3117602930','0392067113','mobile'),(526,'Contacts','3144282423','3242824413','mobile'),(527,'Contacts','3158363539','9353638513','mobile'),(528,'Contacts','3105092904','4092905013','mobile'),(529,'Contacts','3136520594','4950256313','mobile'),(530,'Contacts','3012314655','5564132103','mobile'),(531,'Contacts','3053312822','2282133503','mobile'),(532,'Contacts','3178912979','9792198713','mobile'),(533,'Contacts','3112666861','1686662113','mobile'),(534,'Contacts','3208128540','0458218023','mobile'),(535,'Contacts','3135089453','3549805313','mobile'),(536,'Contacts','3107773409','9043777013','mobile'),(537,'Contacts','3102861221','1221682013','mobile'),(538,'Contacts','3132850736','6370582313','mobile'),(539,'Contacts','3193164147','7414613913','mobile'),(540,'Contacts','3134218510','0158124313','mobile'),(541,'Contacts','3153192559','9552913513','mobile'),(542,'Contacts','3183696613','3166963813','mobile'),(543,'Contacts','3114334471','1744334113','mobile'),(544,'Contacts','3144693676','6763964413','mobile'),(545,'Contacts','3186447805','5087446813','mobile'),(546,'Contacts','3173672056','6502763713','mobile'),(547,'Contacts','3123496355','5536943213','mobile'),(548,'Contacts','3122010750','0570102213','mobile'),(549,'Contacts','3205406827','7286045023','mobile'),(550,'Contacts','3007882904','4092887003','mobile'),(551,'Contacts','3126716654','4566176213','mobile'),(552,'Contacts','3007639818','8189367003','mobile'),(553,'Contacts','3138256213','3126528313','mobile'),(554,'Contacts','3123044790','0974403213','mobile'),(555,'Contacts','3194171974','4791714913','mobile'),(556,'Contacts','3012012059','9502102103','mobile'),(557,'Contacts','3012471051','1501742103','mobile'),(558,'Contacts','3164226532','2356224613','mobile'),(559,'Contacts','3234768898','8988674323','mobile'),(560,'Contacts','3215614579','9754165123','mobile'),(561,'Contacts','3217579872','2789757123','mobile'),(562,'Contacts','3104105492','2945014013','mobile'),(563,'Contacts','3104616947','7496164013','mobile'),(564,'Contacts','3147031915','5191307413','mobile'),(565,'Contacts','3015421880','0881245103','mobile'),(566,'Contacts','3004209293','3929024003','mobile'),(567,'Contacts','3166164995','5994616613','mobile'),(568,'Contacts','3156451729','9271546513','mobile'),(569,'Contacts','3002973459','9543792003','mobile'),(570,'Contacts','3147568509','9058657413','mobile'),(571,'Contacts','3203052651','1562503023','mobile'),(572,'Contacts','3104656966','6696564013','mobile'),(573,'Contacts','3212746416','6146472123','mobile'),(574,'Contacts','3016458652','2568546103','mobile'),(575,'Contacts','3024313547','7453134203','mobile'),(576,'Contacts','3106564409','9044656013','mobile'),(577,'Contacts','3214445195','5915444123','mobile'),(578,'Contacts','3104190755','5570914013','mobile'),(579,'Contacts','3135401468','8641045313','mobile'),(580,'Contacts','3045703551','1553075403','mobile'),(581,'Contacts','3013736319','9136373103','mobile'),(582,'Contacts','3152256928','8296522513','mobile'),(583,'Contacts','3153906332','2336093513','mobile'),(584,'Contacts','3127579248','8429757213','mobile'),(585,'Contacts','3126031365','5631306213','mobile'),(586,'Contacts','3103942188','8812493013','mobile'),(587,'Contacts','3166897158','8517986613','mobile'),(588,'Contacts','3118540913','3190458113','mobile'),(589,'Contacts','3127487376','6737847213','mobile'),(590,'Contacts','3126876975','5796786213','mobile'),(591,'Contacts','3137082298','8922807313','mobile'),(592,'Contacts','3006648974','4798466003','mobile'),(593,'Contacts','3138998464','4648998313','mobile'),(594,'Contacts','3204424183','3814244023','mobile'),(595,'Contacts','3192575529','9255752913','mobile'),(596,'Contacts','3214627582','2857264123','mobile'),(597,'Contacts','3042074709','9074702403','mobile'),(598,'Contacts','3116036189','9816306113','mobile'),(599,'Contacts','3014928466','6648294103','mobile'),(600,'Contacts','3008474037','7304748003','mobile'),(601,'Contacts','3127576413','3146757213','mobile'),(602,'Contacts','3106644975','5794466013','mobile'),(603,'Contacts','3123702340','0432073213','mobile'),(604,'Contacts','3136389535','5359836313','mobile'),(605,'Contacts','3108795113','3115978013','mobile'),(606,'Contacts','3104360423','3240634013','mobile'),(607,'Contacts','3157138997','7998317513','mobile'),(608,'Contacts','3224380986','6890834223','mobile'),(609,'Contacts','3042188709','9078812403','mobile'),(610,'Contacts','3166649499','9949466613','mobile'),(611,'Contacts','3186938041','1408396813','mobile'),(612,'Contacts','3224600872','2780064223','mobile'),(613,'Contacts','3156786903','3096876513','mobile'),(614,'Contacts','3103690373','3730963013','mobile'),(615,'Contacts','3012648768','8678462103','mobile'),(616,'Contacts','3007421429','9241247003','mobile'),(617,'Contacts','3206134888','8884316023','mobile'),(618,'Contacts','3142024430','0344202413','mobile'),(619,'Contacts','3106925386','6835296013','mobile'),(620,'Contacts','3046315378','8735136403','mobile'),(621,'Contacts','3218550678','8760558123','mobile'),(622,'Contacts','3104986414','4146894013','mobile'),(623,'Contacts','3154332888','8882334513','mobile'),(624,'Contacts','3217051224','4221507123','mobile'),(625,'Contacts','3002073321','1233702003','mobile'),(626,'Contacts','3133952603','3062593313','mobile'),(627,'Contacts','3126791375','5731976213','mobile'),(628,'Contacts','3108986598','8956898013','mobile'),(629,'Contacts','3128615141','1415168213','mobile'),(630,'Contacts','3203307741','1477033023','mobile'),(631,'Contacts','3114968587','7858694113','mobile'),(632,'Contacts','3157059807','7089507513','mobile'),(633,'Contacts','3058156148','8416518503','mobile'),(634,'Contacts','3174420125','5210244713','mobile'),(635,'Contacts','3148863457','7543688413','mobile'),(636,'Contacts','3186428903','3098246813','mobile'),(637,'Contacts','3103641901','1091463013','mobile'),(638,'Contacts','3156590191','1910956513','mobile'),(639,'Contacts','3106488897','7988846013','mobile'),(640,'Contacts','3206865173','3715686023','mobile'),(641,'Contacts','3114179366','6639714113','mobile'),(642,'Contacts','3157343147','7413437513','mobile'),(643,'Contacts','3007240598','8950427003','mobile'),(644,'Contacts','3105301081','1801035013','mobile'),(645,'Contacts','3116462525','5252646113','mobile'),(646,'Contacts','3219573757','7573759123','mobile'),(647,'Contacts','3168313190','0913138613','mobile'),(648,'Contacts','3137913732','2373197313','mobile'),(649,'Contacts','3205653569','9653565023','mobile'),(650,'Contacts','3006748997','7998476003','mobile'),(651,'Contacts','3159270782','2870729513','mobile'),(652,'Contacts','3142634680','0864362413','mobile'),(653,'Contacts','3115399776','6779935113','mobile'),(654,'Contacts','3104152149','9412514013','mobile'),(655,'Contacts','3113286683','3866823113','mobile'),(656,'Contacts','3176672146','6412766713','mobile'),(657,'Contacts','3118112669','9662118113','mobile'),(658,'Contacts','3172920598','8950292713','mobile'),(659,'Contacts','3176474991','1994746713','mobile'),(660,'Contacts','3182206109','9016022813','mobile'),(661,'Contacts','3502367810','0187632053','mobile'),(662,'Contacts','3127629150','0519267213','mobile'),(663,'Contacts','3023300995','5990033203','mobile'),(664,'Contacts','3002064109','9014602003','mobile'),(665,'Contacts','3106131161','1611316013','mobile'),(666,'Contacts','3137482948','8492847313','mobile'),(667,'Contacts','3172316934','4396132713','mobile'),(668,'Contacts','3233937958','8597393323','mobile'),(669,'Contacts','3163064258','8524603613','mobile'),(670,'Contacts','3182502205','5022052813','mobile'),(671,'Contacts','3207493313','3133947023','mobile'),(672,'Contacts','3127339368','8639337213','mobile'),(673,'Contacts','3174639088','8809364713','mobile'),(674,'Contacts','3113351186','6811533113','mobile'),(675,'Contacts','3015086656','6566805103','mobile'),(676,'Contacts','3168734769','9674378613','mobile'),(677,'Contacts','3183620053','3500263813','mobile'),(678,'Contacts','3158277360','0637728513','mobile'),(679,'Contacts','3132766094','4906672313','mobile'),(680,'Contacts','3136261943','3491626313','mobile'),(681,'Contacts','3147283645','5463827413','mobile'),(682,'Contacts','3148890253','3520988413','mobile'),(683,'Contacts','3216182111','1112816123','mobile'),(684,'Contacts','3044133869','9683314403','mobile'),(685,'Contacts','3125974159','9514795213','mobile'),(686,'Contacts','3165410001','1000145613','mobile'),(687,'Contacts','3148728563','3658278413','mobile'),(688,'Contacts','3168659239','9329568613','mobile'),(689,'Contacts','3167060507','7050607613','mobile'),(690,'Contacts','3136351519','9151536313','mobile'),(691,'Contacts','3214440967','7690444123','mobile'),(692,'Contacts','3012079255','5529702103','mobile'),(693,'Contacts','3172389364','4639832713','mobile'),(694,'Contacts','3003962946','6492693003','mobile'),(695,'Contacts','3178953308','8033598713','mobile'),(696,'Contacts','3202742264','4622472023','mobile'),(697,'Contacts','3135160409','9040615313','mobile'),(698,'Contacts','3182828270','0728282813','mobile'),(699,'Contacts','3176455178','8715546713','mobile'),(700,'Contacts','3007349729','9279437003','mobile'),(701,'Contacts','3006179333','3339716003','mobile'),(702,'Contacts','3014648650','0568464103','mobile'),(703,'Contacts','3116541269','9621456113','mobile'),(704,'Contacts','3225420463','3640245223','mobile'),(705,'Contacts','3206807160','0617086023','mobile'),(706,'Contacts','3164261608','8061624613','mobile'),(707,'Contacts','3158897156','6517988513','mobile'),(708,'Contacts','3046449419','9149446403','mobile'),(709,'Contacts','3046753181','1813576403','mobile'),(710,'Contacts','3012864272','2724682103','mobile'),(711,'Contacts','3144336716','6176334413','mobile'),(712,'Contacts','3188224321','1234228813','mobile'),(713,'Contacts','3112305455','5545032113','mobile'),(714,'Contacts','3214179334','4339714123','mobile'),(715,'Contacts','3052647681','1867462503','mobile'),(716,'Contacts','3185082779','9772805813','mobile'),(717,'Contacts','3186215752','2575126813','mobile'),(718,'Contacts','3012505355','5535052103','mobile'),(719,'Contacts','3163893757','7573983613','mobile'),(720,'Contacts','3208330943','3490338023','mobile'),(721,'Contacts','3126390721','1270936213','mobile'),(722,'Contacts','3045236587','7856325403','mobile'),(723,'Contacts','3003545920','0295453003','mobile'),(724,'Contacts','3112554995','5994552113','mobile'),(725,'Contacts','3012689945','5499862103','mobile'),(726,'Contacts','3122954805','5084592213','mobile'),(727,'Contacts','3124901071','1701094213','mobile'),(728,'Contacts','3006786486','6846876003','mobile'),(729,'Contacts','3023760697','7960673203','mobile'),(730,'Contacts','3108626086','6806268013','mobile'),(731,'Contacts','5071474','4741705','mobile'),(732,'Contacts','3183766041','1406673813','mobile'),(733,'Contacts','3108057030','0307508013','mobile'),(734,'Contacts','3219794867','7684979123','mobile'),(735,'Contacts','3218130966','6690318123','mobile'),(736,'Contacts','3104017153','3517104013','mobile'),(737,'Contacts','3017438676','6768347103','mobile'),(738,'Contacts','3142697860','0687962413','mobile'),(739,'Contacts','3216784597','7954876123','mobile'),(740,'Contacts','3175360978','8790635713','mobile'),(741,'Contacts','3103341088','8801433013','mobile'),(742,'Contacts','3015509449','9449055103','mobile'),(743,'Contacts','3146626188','8816266413','mobile'),(744,'Contacts','3153652677','7762563513','mobile'),(745,'Contacts','3105208661','1668025013','mobile'),(746,'Contacts','3185904871','1784095813','mobile'),(747,'Contacts','3215388334','4338835123','mobile'),(748,'Contacts','3168745145','5415478613','mobile'),(749,'Contacts','3137234809','9084327313','mobile'),(750,'Contacts','3005788372','2738875003','mobile'),(751,'Contacts','3217113481','1843117123','mobile'),(752,'Contacts','3158161372','2731618513','mobile'),(753,'Contacts','3125971422','2241795213','mobile'),(754,'Contacts','3008508314','4138058003','mobile'),(755,'Contacts','3185160189','9810615813','mobile'),(756,'Contacts','3134615314','4135164313','mobile'),(757,'Contacts','19089303837','73830398091','mobile'),(758,'Contacts','3014812995','5992184103','mobile'),(759,'Contacts','3114099462','2649904113','mobile'),(760,'Contacts','3003377568','8657733003','mobile'),(761,'Contacts','3133367520','0257633313','mobile'),(762,'Contacts','3172432188','8812342713','mobile'),(763,'Contacts','3208596793','3976958023','mobile'),(764,'Contacts','3016780346','6430876103','mobile'),(765,'Contacts','3003122053','3502213003','mobile'),(766,'Contacts','3207212918','8192127023','mobile'),(767,'Contacts','3002037809','9087302003','mobile'),(768,'Contacts','3114206597','7956024113','mobile'),(769,'Contacts','3127948977','7798497213','mobile'),(770,'Contacts','3122197077','7707912213','mobile'),(771,'Contacts','3158011321','1231108513','mobile'),(772,'Contacts','3013763686','6863673103','mobile'),(773,'Contacts','3128432093','3902348213','mobile'),(774,'Contacts','3147795063','3605977413','mobile'),(775,'Contacts','3012100548','8450012103','mobile'),(776,'Contacts','34604105877','77850140643','mobile'),(777,'Contacts','3012562994','4992652103','mobile'),(778,'Contacts','3112421434','4341242113','mobile'),(779,'Contacts','3166250368','8630526613','mobile'),(780,'Contacts','3102717961','1697172013','mobile'),(781,'Contacts','3222429555','5559242223','mobile'),(782,'Contacts','3135860316','6130685313','mobile'),(783,'Contacts','3215220611','1160225123','mobile'),(784,'Contacts','3183621573','3751263813','mobile'),(785,'Contacts','3207814927','7294187023','mobile'),(786,'Contacts','3103405631','1365043013','mobile'),(787,'Contacts','3105395635','5365935013','mobile'),(788,'Contacts','3127812167','7612187213','mobile'),(789,'Contacts','3008858497','7948588003','mobile'),(790,'Contacts','3127837956','6597387213','mobile'),(791,'Contacts','3122885378','8735882213','mobile'),(792,'Contacts','3145599343','3439955413','mobile'),(793,'Contacts','3124832630','0362384213','mobile'),(794,'Contacts','3205669802','2089665023','mobile'),(795,'Contacts','3184187112','2117814813','mobile'),(796,'Contacts','3193093656','6563903913','mobile'),(797,'Contacts','3155891797','7971985513','mobile'),(798,'Contacts','3104080350','0530804013','mobile'),(799,'Contacts','3136445372','2735446313','mobile'),(800,'Contacts','3166260985','5890626613','mobile'),(801,'Contacts','3146413085','5803146413','mobile'),(802,'Contacts','3107327513','3157237013','mobile'),(803,'Contacts','3015299897','7989925103','mobile'),(804,'Contacts','3167518240','0428157613','mobile'),(805,'Contacts','3178614243','3424168713','mobile'),(806,'Contacts','3208368480','0848638023','mobile'),(807,'Contacts','3225995830','0385995223','mobile'),(808,'Contacts','3185533996','6993355813','mobile'),(809,'Contacts','3116569619','9169656113','mobile'),(810,'Contacts','3166261512','2151626613','mobile'),(811,'Contacts','3144307731','1377034413','mobile'),(812,'Contacts','3114654077','7704564113','mobile'),(813,'Contacts','3003361527','7251633003','mobile'),(814,'Contacts','3188938346','6438398813','mobile'),(815,'Contacts','3128201155','5511028213','mobile'),(816,'Contacts','3003875938','8395783003','mobile'),(817,'Contacts','3216397147','7417936123','mobile'),(818,'Contacts','3015523006','6003255103','mobile'),(819,'Contacts','3013382507','7052833103','mobile'),(820,'Contacts','3005655738','8375565003','mobile'),(821,'Contacts','3013197605','5067913103','mobile'),(822,'Contacts','3108425228','8225248013','mobile'),(823,'Contacts','3154238992','2998324513','mobile'),(824,'Contacts','3508901447','7441098053','mobile'),(825,'Contacts','3006197050','0507916003','mobile'),(826,'Contacts','3017553599','9953557103','mobile'),(827,'Contacts','3107174239','9324717013','mobile'),(828,'Contacts','3023330834','4380333203','mobile'),(829,'Contacts','31615962865','56826951613','mobile'),(830,'Contacts','3044122283','3822214403','mobile'),(831,'Contacts','3015591047','7401955103','mobile'),(832,'Contacts','3127161479','9741617213','mobile'),(833,'Contacts','3148880762','2670888413','mobile'),(834,'Contacts','3184871935','5391784813','mobile'),(835,'Contacts','3116104886','6884016113','mobile'),(836,'Contacts','3132950174','4710592313','mobile'),(837,'Contacts','3146555102','2015556413','mobile'),(838,'Contacts','3144148126','6218414413','mobile'),(839,'Contacts','3192684056','6504862913','mobile'),(840,'Contacts','3015928423','3248295103','mobile'),(841,'Contacts','3054590494','4940954503','mobile'),(842,'Contacts','3015485878','8785845103','mobile'),(843,'Contacts','3162486313','3136842613','mobile'),(844,'Contacts','3148947491','1947498413','mobile'),(845,'Contacts','3206554748','8474556023','mobile'),(846,'Contacts','3202836407','7046382023','mobile'),(847,'Contacts','3006032488','8842306003','mobile'),(848,'Contacts','3155904854','4584095513','mobile'),(849,'Contacts','3167105228','8225017613','mobile'),(850,'Contacts','3186638214','4128366813','mobile'),(851,'Contacts','3164698023','3208964613','mobile'),(852,'Contacts','3102170146','6410712013','mobile'),(853,'Contacts','3144765720','0275674413','mobile'),(854,'Contacts','3143014494','4944103413','mobile'),(855,'Contacts','3006862208','8022686003','mobile'),(856,'Contacts','3135652353','3532565313','mobile'),(857,'Contacts','3229093792','2973909223','mobile'),(858,'Contacts','3005072932','2392705003','mobile'),(859,'Contacts','3152625204','4025262513','mobile'),(860,'Contacts','3043937561','1657393403','mobile'),(861,'Contacts','14074359638','83695347041','mobile'),(862,'Contacts','3015164016','6104615103','mobile'),(863,'Contacts','3166271197','7911726613','mobile'),(864,'Contacts','3024693537','7353964203','mobile'),(865,'Contacts','3024072163','3612704203','mobile'),(866,'Contacts','3003428500','0058243003','mobile'),(867,'Contacts','3146376421','1246736413','mobile'),(868,'Contacts','3177765918','8195677713','mobile'),(869,'Contacts','3132676914','4196762313','mobile'),(870,'Contacts','3108213321','1233128013','mobile'),(871,'Contacts','3175160840','0480615713','mobile'),(872,'Contacts','3212158217','7128512123','mobile'),(873,'Contacts','3045823517','7153285403','mobile'),(874,'Contacts','3002407283','3827042003','mobile'),(875,'Contacts','3105906312','2136095013','mobile'),(876,'Contacts','3014891117','7111984103','mobile'),(877,'Contacts','3103932944','4492393013','mobile'),(878,'Contacts','3192729001','1009272913','mobile'),(879,'Contacts','3057666004','4006667503','mobile'),(880,'Contacts','3008780832','2380878003','mobile'),(881,'Contacts','3104720165','5610274013','mobile'),(882,'Contacts','3014233594','4953324103','mobile'),(883,'Contacts','3176045008','8005406713','mobile'),(884,'Contacts','3145698622','2268965413','mobile'),(885,'Contacts','3145485673','3765845413','mobile'),(886,'Contacts','3153038408','8048303513','mobile'),(887,'Contacts','3125342657','7562435213','mobile'),(888,'Contacts','3113886628','8266883113','mobile'),(889,'Contacts','3225378015','5108735223','mobile'),(890,'Contacts','3192869603','3069682913','mobile'),(891,'Contacts','3177949099','9909497713','mobile'),(892,'Contacts','3173652069','9602563713','mobile'),(893,'Contacts','3112125594','4955212113','mobile'),(894,'Contacts','3202895534','4355982023','mobile'),(895,'Contacts','549104782','287401945','mobile'),(896,'Contacts','3183119153','3519113813','mobile'),(897,'Contacts','3209366950','0596639023','mobile'),(898,'Contacts','3008055083','3805508003','mobile'),(899,'Contacts','3106197871','1787916013','mobile'),(900,'Contacts','3137867407','7047687313','mobile'),(901,'Contacts','3163017100','0017103613','mobile'),(902,'Contacts','3165066182','2816605613','mobile'),(903,'Contacts','3142564000','0004652413','mobile'),(904,'Contacts','3113471608','8061743113','mobile'),(905,'Contacts','3173435223','3225343713','mobile'),(906,'Contacts','3146746815','5186476413','mobile'),(907,'Contacts','3172955740','0475592713','mobile'),(908,'Contacts','3107796547','7456977013','mobile'),(909,'Contacts','3132887021','1207882313','mobile'),(910,'Contacts','3145304522','2254035413','mobile'),(911,'Contacts','3502675535','5355762053','mobile'),(912,'Contacts','3013230146','6410323103','mobile'),(913,'Contacts','3015185229','9225815103','mobile'),(914,'Contacts','3142053447','7443502413','mobile'),(915,'Contacts','3012508737','7378052103','mobile'),(916,'Contacts','3112783640','0463872113','mobile'),(917,'Contacts','3176411815','5181146713','mobile'),(918,'Contacts','3116596608','8066956113','mobile'),(919,'Contacts','3127570340','0430757213','mobile'),(920,'Contacts','3172323756','6573232713','mobile'),(921,'Contacts','3219841340','0431489123','mobile'),(922,'Contacts','3004736378','8736374003','mobile'),(923,'Contacts','3126513780','0873156213','mobile'),(924,'Contacts','3128458114','4118548213','mobile'),(925,'Contacts','3138451487','7841548313','mobile'),(926,'Contacts','3234101858','8581014323','mobile'),(927,'Contacts','3164467480','0847644613','mobile'),(928,'Contacts','14073619451','15491637041','mobile'),(929,'Contacts','3164805706','6075084613','mobile'),(930,'Contacts','3103729983','3899273013','mobile'),(931,'Contacts','3106654301','1034566013','mobile'),(932,'Contacts','3215443918','8193445123','mobile'),(933,'Contacts','3125243666','6663425213','mobile'),(934,'Contacts','3008130345','5430318003','mobile'),(935,'Contacts','3155732920','0292375513','mobile'),(936,'Contacts','3152845428','8245482513','mobile'),(937,'Contacts','3173009682','2869003713','mobile'),(938,'Contacts','3145730379','9730375413','mobile'),(939,'Contacts','3203650279','9720563023','mobile'),(940,'Contacts','3184043677','7763404813','mobile'),(941,'Contacts','3174613312','2133164713','mobile'),(942,'Contacts','3046197163','3617916403','mobile'),(943,'Contacts','3146830357','7530386413','mobile'),(944,'Contacts','3235828135','5318285323','mobile'),(945,'Contacts','3017946215','5126497103','mobile'),(946,'Contacts','3108308858','8588038013','mobile'),(947,'Contacts','3175140108','8010415713','mobile'),(948,'Contacts','3117125229','9225217113','mobile'),(949,'Contacts','3168320739','9370238613','mobile'),(950,'Contacts','3137960914','4190697313','mobile'),(951,'Contacts','3153491072','2701943513','mobile'),(952,'Contacts','3153143050','0503413513','mobile'),(953,'Contacts','3004607793','3977064003','mobile'),(954,'Contacts','3002872765','5672782003','mobile'),(955,'Contacts','3016691084','4801966103','mobile'),(956,'Contacts','3223428310','0138243223','mobile'),(957,'Contacts','3218577593','3957758123','mobile'),(958,'Contacts','3187942063','3602497813','mobile'),(959,'Contacts','3147725284','4825277413','mobile'),(960,'Contacts','3015534565','5654355103','mobile'),(961,'Contacts','56983706782','28760738965','mobile'),(962,'Contacts','3127614554','4554167213','mobile'),(963,'Contacts','3116997744','4477996113','mobile'),(964,'Contacts','3107455631','1365547013','mobile'),(965,'Contacts','3164452177','7712544613','mobile'),(966,'Contacts','50253087558','85578035205','mobile'),(967,'Contacts','19548266649','94666284591','mobile'),(968,'Contacts','12026038726','62783062021','mobile'),(969,'Contacts','3176408408','8048046713','mobile'),(970,'Contacts','3165637052','2507365613','mobile'),(971,'Contacts','3105450270','0720545013','mobile'),(972,'Contacts','3045417343','3437145403','mobile'),(973,'Contacts','3216268860','0688626123','mobile'),(974,'Contacts','3005280690','0960825003','mobile'),(975,'Contacts','3108010941','1490108013','mobile'),(976,'Contacts','3013384698','8964833103','mobile'),(977,'Contacts','3114046682','2866404113','mobile'),(978,'Contacts','3125230894','4980325213','mobile'),(979,'Contacts','3172784374','4734872713','mobile'),(980,'Contacts','3002356152','2516532003','mobile'),(981,'Contacts','3002668210','0128662003','mobile'),(982,'Contacts','3002189766','6679812003','mobile'),(983,'Contacts','3112126834','4386212113','mobile'),(984,'Contacts','3136127249','9427216313','mobile'),(985,'Contacts','5,22E12','21E22,5','mobile'),(986,'Contacts','3002248024','4208422003','mobile'),(987,'Contacts','3168323299','9923238613','mobile'),(988,'Contacts','3152692494','4942962513','mobile'),(989,'Contacts','13472616317','71361627431','mobile'),(990,'Contacts','3176383441','1443836713','mobile'),(991,'Contacts','3206779843','3489776023','mobile'),(992,'Contacts','3183593053','3503953813','mobile'),(993,'Contacts','3115541549','9451455113','mobile'),(994,'Contacts','3004851709','9071584003','mobile'),(995,'Contacts','3125232061','1602325213','mobile'),(996,'Contacts','3167598852','2588957613','mobile'),(997,'Contacts','3006137212','2127316003','mobile'),(998,'Contacts','3126056149','9416506213','mobile'),(999,'Contacts','3506929962','2699296053','mobile'),(1000,'Contacts','3053354441','1444533503','mobile'),(1001,'Contacts','3137533990','0993357313','mobile'),(1002,'Contacts','3225183760','0673815223','mobile'),(1003,'Contacts','3218994697','7964998123','mobile'),(1004,'Contacts','3017959578','8759597103','mobile'),(1005,'Contacts','3137330793','3970337313','mobile'),(1006,'Contacts','3173521461','1641253713','mobile'),(1007,'Contacts','3182961932','2391692813','mobile'),(1008,'Contacts','3003525048','8405253003','mobile'),(1009,'Contacts','3126788603','3068876213','mobile'),(1010,'Contacts','3154548539','9358454513','mobile'),(1011,'Contacts','3174374229','9224734713','mobile'),(1012,'Contacts','3127930017','7100397213','mobile'),(1013,'Contacts','3117878008','8008787113','mobile'),(1014,'Contacts','3144401621','1261044413','mobile'),(1015,'Contacts','3232424937','7394242323','mobile'),(1016,'Contacts','3224611515','5151164223','mobile'),(1017,'Contacts','3195490133','3310945913','mobile'),(1018,'Contacts','3004404732','2374044003','mobile'),(1019,'Contacts','3108470062','2600748013','mobile'),(1020,'Contacts','3197427190','0917247913','mobile'),(1021,'Contacts','3125011526','6251105213','mobile'),(1022,'Contacts','3155379790','0979735513','mobile'),(1023,'Contacts','3183979711','1179793813','mobile'),(1024,'Contacts','3014682335','5332864103','mobile'),(1025,'Contacts','3041106189','9816011403','mobile'),(1026,'Contacts','3157839715','5179387513','mobile'),(1027,'Contacts','3147010171','1710107413','mobile'),(1028,'Contacts','3004805036','6305084003','mobile'),(1029,'Contacts','3115117478','8747115113','mobile'),(1030,'Contacts','3177898188','8818987713','mobile'),(1031,'Contacts','3162845505','5055482613','mobile'),(1032,'Contacts','17548021160','06112084571','mobile'),(1033,'Contacts','3219576037','7306759123','mobile'),(1034,'Contacts','3175754063','3604575713','mobile'),(1035,'Contacts','3142296397','7936922413','mobile'),(1036,'Contacts','3045874940','0494785403','mobile'),(1037,'Contacts','3166845509','9055486613','mobile'),(1038,'Contacts','13527776001','10067772531','mobile'),(1039,'Contacts','3128898618','8168988213','mobile'),(1040,'Contacts','3117444434','4344447113','mobile'),(1041,'Contacts','3194215654','4565124913','mobile'),(1042,'Contacts','3043812285','5822183403','mobile'),(1043,'Contacts','3103734033','3304373013','mobile'),(1044,'Contacts','3103852458','8542583013','mobile'),(1045,'Contacts','3152879234','4329782513','mobile'),(1046,'Contacts','3219730955','5590379123','mobile'),(1047,'Contacts','3105433266','6623345013','mobile'),(1048,'Contacts','3105433266','6623345013','mobile'),(1049,'Contacts','3173734318','8134373713','mobile'),(1050,'Contacts','3178740095','5900478713','mobile'),(1051,'Contacts','3138988068','8608898313','mobile'),(1052,'Contacts','3218747888','8887478123','mobile'),(1053,'Contacts','3125642855','5582465213','mobile'),(1054,'Contacts','3167284468','8644827613','mobile'),(1055,'Contacts','3164771295','5921774613','mobile'),(1056,'Contacts','3192347878','8787432913','mobile'),(1057,'Contacts','3142968709','9078692413','mobile'),(1058,'Contacts','3166311615','5161136613','mobile'),(1059,'Leads','3142977650','0567792413','mobile'),(1074,'Contacts','3183937427','7247393813','mobile'),(1076,'Contacts','3134183846','6483814313','mobile'),(1078,'Contacts','3165751494','4941575613','mobile'),(1079,'Contacts','3207629601','1069267023','mobile'),(1082,'Contacts','3004349426','6249434003','mobile');
/*!40000 ALTER TABLE `vtiger_pbxmanager_phonelookup` ENABLE KEYS */;
UNLOCK TABLES;

--
-- Table structure for table `vtiger_pbxmanagercf`
--

DROP TABLE IF EXISTS `vtiger_pbxmanagercf`;
/*!40101 SET @saved_cs_client     = @@character_set_client */;
/*!40101 SET character_set_client = utf8 */;
CREATE TABLE `vtiger_pbxmanagercf` (
  `pbxmanagerid` int(11) NOT NULL,
  PRIMARY KEY (`pbxmanagerid`),
  CONSTRAINT `fk_pbxmanagerid_vtiger_pbxmanagercf` FOREIGN KEY (`pbxmanagerid`) REFERENCES `vtiger_pbxmanager` (`pbxmanagerid`) ON DELETE CASCADE
) ENGINE=InnoDB DEFAULT CHARSET=utf8;
/*!40101 SET character_set_client = @saved_cs_client */;

--
-- Dumping data for table `vtiger_pbxmanagercf`
--

LOCK TABLES `vtiger_pbxmanagercf` WRITE;
/*!40000 ALTER TABLE `vtiger_pbxmanagercf` DISABLE KEYS */;
/*!40000 ALTER TABLE `vtiger_pbxmanagercf` ENABLE KEYS */;
UNLOCK TABLES;

--
-- Table structure for table `vtiger_pdfmaker`
--

DROP TABLE IF EXISTS `vtiger_pdfmaker`;
/*!40101 SET @saved_cs_client     = @@character_set_client */;
/*!40101 SET character_set_client = utf8 */;
CREATE TABLE `vtiger_pdfmaker` (
  `templateid` int(11) NOT NULL,
  `filename` varchar(100) NOT NULL,
  `module` varchar(255) NOT NULL,
  `body` longblob NOT NULL,
  `description` text NOT NULL,
  `deleted` int(1) NOT NULL DEFAULT '0',
  PRIMARY KEY (`templateid`)
) ENGINE=InnoDB DEFAULT CHARSET=utf8;
/*!40101 SET character_set_client = @saved_cs_client */;

--
-- Dumping data for table `vtiger_pdfmaker`
--

LOCK TABLES `vtiger_pdfmaker` WRITE;
/*!40000 ALTER TABLE `vtiger_pdfmaker` DISABLE KEYS */;
INSERT INTO `vtiger_pdfmaker` VALUES (1,'Invoice','Invoice',_binary '<html>\r\n<head>\r\n	<title></title>\r\n</head>\r\n<body>\r\n<style type=\"text/css\">@font-face {\r\n    font-family: SourceSansPro;\r\n    src: url(SourceSansPro-Regular.ttf);\r\n    font-family: Ubuntu;\r\n}\r\n\r\n.clearfix:after {\r\n  content: \"\";\r\n  display: table;\r\n clear: both;\r\n}\r\n\r\na {\r\n    color: #1B9BB8;\r\n    text-decoration: none;\r\n}\r\n\r\n{\r\n    color: #555555;\r\n    background: #FFFFFF;\r\n    font-size: 14px;\r\n    font-family: SourceSansPro;\r\n}\r\n\r\n#header {\r\n    padding: 10px 0;\r\n    margin-bottom: 0px;\r\n    border-bottom: 1px solid #AAAAAA;\r\n}\r\n\r\n#logo {\r\n    float:left;\r\n    margin: 0px;\r\n    width: 250px;\r\n}\r\n\r\n#logo img {\r\n    height: 70px;\r\n}\r\n\r\n#company {\r\n    float:left;\r\n    text-align: left;\r\n    width:350px;\r\n}\r\n\r\n#details {\r\n    margin-bottom: 15px;\r\n    padding-top: 30px;\r\n}\r\n\r\n#client {\r\n    padding-left: 6px;\r\n    border-left: 6px solid #1B9BB8;\r\n    float: left;\r\n    width: 420px;\r\n}\r\n#client2 {\r\n    padding-left: 6px;\r\n    border-left: 6px solid #BDB9B9;;\r\n    float: left;\r\n    width: 420px;\r\n\r\n}\r\n\r\n#client .to {\r\n    color: #939598;\r\n}\r\n#client2 .to {\r\n    color: black;\r\n}\r\n\r\nh2.name {\r\n    font-size: 1.4em;\r\n    font-weight: bold;\r\n    margin: 0;\r\n}\r\n\r\n#invoice {\r\n    float: right;\r\n    text-align: right;\r\n}\r\n#invoice2 {\r\n    float: right;\r\n    text-align: right;\r\n\r\n}\r\n\r\n#invoice h1, h1 {\r\n    float: right;\r\n    color: #1B9BB8;\r\n    font-size: 2em;\r\n    line-height: 2.2em;\r\n    font-weight: bold;\r\n    margin: 0px;\r\n    padding: 0px;\r\n}\r\n#invoice2 h1, h1 {\r\n    float: right;\r\n    color: #1B9BB8;\r\n    font-size: 2em;\r\n    line-height: 2.2em;\r\n    font-weight: bold;\r\n    margin: 0px;\r\n    padding: 0px;\r\n}\r\n\r\n#invoice .info {\r\n    font-size: 0.8em;\r\n}\r\n#invoice2 .info {\r\n    font-size: 0.8em;\r\n}\r\n\r\ntable {\r\n    width: 100%;\r\n    border-collapse: collapse;\r\n    border-spacing: 0;\r\n    margin-bottom: 20px;\r\n}\r\n\r\ntable th,\r\ntable td {\r\n    padding: 10px 10px;\r\n    background: #EEEEEE;\r\n    text-align: center;\r\n    border-bottom: 1px solid #FFFFFF;\r\n}\r\n\r\ntable th {\r\n    white-space: nowrap;\r\n    font-weight: normal;\r\n}\r\n\r\ntable td {\r\n    text-align: right;\r\n}\r\n\r\ntable td h3{\r\n    color: #1B9BB8;\r\n    font-size: 10px;\r\n    font-weight: normal;\r\n    margin: 0 0 0.2em 0;\r\n}\r\n\r\ntable .no {\r\n    color: #FFFFFF;\r\n    font-size: 1.2em;\r\n    background: #1B9BB8;\r\n}\r\n\r\ntable .desc {\r\n    text-align: left;\r\n}\r\n\r\ntable .unit {\r\n    background: #DDDDDD;\r\n}\r\n\r\ntable .qty {\r\n    text-align: center;\r\n}\r\n\r\ntable .total {\r\n    background: #1B9BB8;\r\n    color: #FFFFFF;\r\n}\r\n\r\ntable td.unit,\r\ntable td.qty,\r\ntable td.total {\r\n    font-size: 1 em;\r\n}\r\n\r\ntable tbody tr:last-child td {\r\n    border: none;\r\n}\r\n\r\ntable tfoot td {\r\n    padding: 10px;\r\n    font-size: 1.2em;\r\n    background: #FFFFFF;\r\n    border-bottom: none;\r\n    white-space: nowrap;\r\n    border-top: 1px solid #AAAAAA;\r\n}\r\n\r\ntable tfoot .border-none-top {\r\n    border-top: none;\r\n}\r\n\r\ntable tfoot .grand-total {\r\n    padding: 10px 7px;\r\n    color: #1B9BB8;\r\n    font-size: 1.3em;\r\n    border-top: 1px solid #1B9BB8;\r\n    font-weight:bold\r\n}\r\n\r\ntable tfoot .border-none {\r\n    border: none;\r\n}\r\n\r\n#pdf_tag{\r\n    font-size: 1.1em;\r\n    margin: 30px 0px 15px 0px;\r\n}\r\n\r\n#notices{\r\n    padding-left: 6px;\r\n    border-left: 6px solid #1B9BB8;\r\n}\r\n\r\n#notices .notice {\r\n    font-size: 1.2em;\r\n}\r\n\r\n.footer, .footer td {\r\n    background-color:#FFFFFF;\r\n    color: #939598;\r\n    border: none;\r\n    border-top: 1px solid #AAAAAA;\r\n    font-size: 0.9em;\r\n    padding: 10px 0;\r\n}\r\n\r\n.header, .header td {\r\n    background-color:#FFFFFF;\r\n    border: none;\r\n    border-bottom: 1px solid #AAAAAA;\r\n    margin:0px;\r\n    padding:0px;\r\n}\r\n</style>\r\n<div id=\"details\">\r\n<div id=\"client2\">\r\n<p style=\"color: rgb(0, 0, 0); font-family: Verdana; font-size: medium; font-style: normal; font-variant-ligatures: normal; font-variant-caps: normal; font-weight: normal; letter-spacing: normal; orphans: 2; text-align: start; text-indent: 0px; text-transform: none; white-space: normal; widows: 2; word-spacing: 0px; -webkit-text-stroke-width: 0px; text-decoration-style: initial; text-decoration-color: initial;\"><span style=\"font-weight: bold;\">$INVOICE_ACCOUNT_ID$</span></p>\r\n$INVOICE_BILL_STREET$<br />\r\n$INVOICE_BILL_CODE$ $INVOICE_BILL_CITY$<br />\r\n$INVOICE_BILL_STATE$<br />\r\n<br />\r\n<br />\r\n<br />\r\n&nbsp;</div>\r\n\r\n<div id=\"invoice2\">\r\n<div class=\"info\">\r\n<p style=\"color: rgb(0, 0, 0); font-family: Verdana; font-size: medium; font-style: normal; font-variant-ligatures: normal; font-variant-caps: normal; font-weight: normal; letter-spacing: normal; orphans: 2; text-align: start; text-indent: 0px; text-transform: none; white-space: normal; widows: 2; word-spacing: 0px; -webkit-text-stroke-width: 0px; text-decoration-style: initial; text-decoration-color: initial;\"><span style=\"font-weight: bold;\">$COMPANY_NAME$</span></p>\r\n\r\n<p style=\"color: rgb(0, 0, 0); font-family: Verdana; font-size: medium; font-style: normal; font-variant-ligatures: normal; font-variant-caps: normal; font-weight: normal; letter-spacing: normal; orphans: 2; text-align: start; text-indent: 0px; text-transform: none; white-space: normal; widows: 2; word-spacing: 0px; -webkit-text-stroke-width: 0px; text-decoration-style: initial; text-decoration-color: initial;\">$COMPANY_ADDRESS$<br />\r\n$COMPANY_ZIP$ $COMPANY_CITY$<br />\r\n$COMPANY_COUNTRY$</p>\r\n\r\n<p style=\"color: rgb(0, 0, 0); font-family: Verdana; font-size: medium; font-style: normal; font-variant-ligatures: normal; font-variant-caps: normal; font-weight: normal; letter-spacing: normal; orphans: 2; text-align: start; text-indent: 0px; text-transform: none; white-space: normal; widows: 2; word-spacing: 0px; -webkit-text-stroke-width: 0px; text-decoration-style: initial; text-decoration-color: initial;\">%COMPANY_PHONE% $COMPANY_PHONE$<br />\r\n%COMPANY_FAX% $COMPANY_FAX$<br />\r\n<br />\r\n$COMPANY_WEBSITE$<br />\r\n<br />\r\n%M_Invoice Date%: $INVOICE_INVOICEDATE$</p>\r\n<br />\r\n&nbsp;</div>\r\n</div>\r\n</div>\r\n\r\n<div id=\"pdf_tag\"></div>\r\n\r\n<table border=\"0\" color=\"black\" style=\"font-size:10px;\" width=\"100%\">\r\n	<thead>\r\n		<tr>\r\n			<th style=\"text-align: center;color: white;font-weight: 600;background:#BDB9B9; width:5%\"></th>\r\n			<th style=\"text-align: left;color: white;font-weight: 600;background:#BDB9B9;width:45%;border-right:2px solid white\"><span style=\"font-family:verdana,geneva,sans-serif;\"><span style=\"color:#000000;\"><strong>%G_Description%</strong></span></span></th>\r\n			<th style=\"text-align: center;color: white;font-weight: 600;background:#BDB9B9;width:15%;border-right:2px solid white\"><span style=\"font-family:verdana,geneva,sans-serif;\"><span style=\"color:#000000;\"><strong>%G_List Price%</strong></span></span></th>\r\n			<th style=\"text-align: center;color: white;font-weight: 600;background:#BDB9B9;width:15%;border-right:2px solid white\"><span style=\"font-family:verdana,geneva,sans-serif;\"><span style=\"color:#000000;\"><strong>%G_Quantity%</strong></span></span></th>\r\n			<th style=\"text-align: center;color: white;font-weight: 600;background:#BDB9B9;width:15%\"><span style=\"font-family:verdana,geneva,sans-serif;\"><span style=\"color:#000000;\"><strong>%G_Total%</strong></span></span></th>\r\n		</tr>\r\n	</thead>\r\n	<tbody>\r\n		<tr>\r\n			<td colspan=\"5\"><span style=\"font-family:verdana,geneva,sans-serif;\">#PRODUCTBLOC_START#</span></td>\r\n		</tr>\r\n		<tr>\r\n			<td style=\"background:#BDB9B9;border-bottom:2px solid white\"><span style=\"font-family:verdana,geneva,sans-serif;\">$PRODUCTPOSITION$</span></td>\r\n			<td style=\"text-align:left; border-bottom:2px solid white;border-right:2px solid white;\">\r\n			<h3><span style=\"font-family:verdana,geneva,sans-serif;\">$PRODUCTTITLE$</span></h3>\r\n			<span style=\"font-family:verdana,geneva,sans-serif;\">$PRODUCTEDITDESCRIPTION$</span></td>\r\n			<td style=\"border-right:2px solid white;border-bottom:2px solid white\"><span style=\"font-family:verdana,geneva,sans-serif;\">$PRODUCTLISTPRICE$ $CURRENCYSYMBOL$</span></td>\r\n			<td style=\"border-right:2px solid white;border-bottom:2px solid white\"><span style=\"font-family:verdana,geneva,sans-serif;\">$PRODUCTQUANTITY$</span></td>\r\n			<td style=\"border-bottom:2px solid white\"><span style=\"font-family:verdana,geneva,sans-serif;\"><strong>$PRODUCTSTOTALAFTERDISCOUNT$ $CURRENCYSYMBOL$</strong></span></td>\r\n		</tr>\r\n		<tr>\r\n			<td colspan=\"5\"><span style=\"font-family:verdana,geneva,sans-serif;\">#PRODUCTBLOC_END#</span></td>\r\n		</tr>\r\n		<tr>\r\n			<td colspan=\"5\" style=\"background:white\"></td>\r\n		</tr>\r\n		<tr>\r\n			<td colspan=\"4\" style=\"background:white; border-bottom:1px solid #BDB9B9\"><span style=\"font-family:verdana,geneva,sans-serif;\">%G_Subtotal%</span></td>\r\n			<td style=\"background:#BDB9B9;\"><span style=\"font-family:verdana,geneva,sans-serif;\">$TOTALWITHOUTVAT$ $CURRENCYSYMBOL$</span></td>\r\n		</tr>\r\n		<tr>\r\n			<td colspan=\"4\" style=\"background:white; border-bottom:1px solid #BDB9B9\"><span style=\"font-family:verdana,geneva,sans-serif;\">%G_LBL_DISCOUNT%</span></td>\r\n			<td style=\"background:#BDB9B9;\"><span style=\"font-family:verdana,geneva,sans-serif;\">$TOTALDISCOUNT$ $CURRENCYSYMBOL$</span></td>\r\n		</tr>\r\n		<tr>\r\n			<td colspan=\"4\" style=\"background:white; border-bottom:1px solid #BDB9B9\"><span style=\"font-family:verdana,geneva,sans-serif;\">%G_Total%</span></td>\r\n			<td style=\"background:#BDB9B9;\"><span style=\"font-family:verdana,geneva,sans-serif;\">$TOTALAFTERDISCOUNT$ $CURRENCYSYMBOL$</span></td>\r\n		</tr>\r\n		<tr>\r\n			<td colspan=\"4\" style=\"background:white; border-bottom:2px solid #BDB9B9\"><span style=\"font-family:verdana,geneva,sans-serif;\">%G_Tax% $VATPERCENT$%</span></td>\r\n			<td style=\"background:#BDB9B9;;border-bottom:2px solid #BDB9B9\"><span style=\"font-family:verdana,geneva,sans-serif;\">$VAT$ $CURRENCYSYMBOL$</span></td>\r\n		</tr>\r\n		<tr>\r\n			<td colspan=\"4\" style=\"background:white;\"><strong>&nbsp;&nbsp;&nbsp;&nbsp; %G_LBL_GRAND_TOTAL%</strong></td>\r\n			<td style=\"background:white\"><span style=\"font-family:verdana,geneva,sans-serif;\"><span style=\"font-size:12px;\"><strong>$TOTAL$ $CURRENCYSYMBOL$</strong></span></span></td>\r\n		</tr>\r\n	</tbody>\r\n</table>\r\n\r\n<div id=\"details\">\r\n<div id=\"client2\"><span style=\"font-family:verdana,geneva,sans-serif;\">$INVOICE_TERMS_CONDITIONS$</span></div>\r\n\r\n<div id=\"invoice\"><br />\r\n<br />\r\n<br />\r\n<br />\r\n<span style=\"font-family:verdana,geneva,sans-serif;\">____________________________</span><br />\r\n$R_USERS_FIRST_NAME$ $R_USERS_LAST_NAME$</div>\r\n</div>\r\n<br />\r\n<br />\r\n<br />\r\n<br />\r\n<br />\r\n<br />\r\n<br />\r\n&nbsp;</body>\r\n</html>\r\n','Template for Invoice',0),(2,'SalesOrder','SalesOrder',_binary '<html>\r\n<head>\r\n	<title></title>\r\n</head>\r\n<body>\r\n<style type=\"text/css\">@font-face {\r\n    font-family: SourceSansPro;\r\n    src: url(SourceSansPro-Regular.ttf);\r\n    font-family: Ubuntu;\r\n}\r\n\r\n.clearfix:after {\r\n  content: \"\";\r\n  display: table;\r\n clear: both;\r\n}\r\n\r\na {\r\n    color: #1B9BB8;\r\n    text-decoration: none;\r\n}\r\n\r\n{\r\n    color: #555555;\r\n    background: #FFFFFF;\r\n    font-size: 14px;\r\n    font-family: SourceSansPro;\r\n}\r\n\r\n#header {\r\n    padding: 10px 0;\r\n    margin-bottom: 0px;\r\n    border-bottom: 1px solid #AAAAAA;\r\n}\r\n\r\n#logo {\r\n    float:left;\r\n    margin: 0px;\r\n    width: 250px;\r\n}\r\n\r\n#logo img {\r\n    height: 70px;\r\n}\r\n\r\n#company {\r\n    float:left;\r\n    text-align: left;\r\n    width:350px;\r\n}\r\n\r\n#details {\r\n    margin-bottom: 15px;\r\n    padding-top: 30px;\r\n}\r\n\r\n#client {\r\n    padding-left: 6px;\r\n    border-left: 6px solid #1B9BB8;\r\n    float: left;\r\n    width: 420px;\r\n}\r\n#client2 {\r\n    padding-left: 6px;\r\n    border-left: 6px solid #BDB9B9;;\r\n    float: left;\r\n    width: 420px;\r\n\r\n}\r\n\r\n#client .to {\r\n    color: #939598;\r\n}\r\n#client2 .to {\r\n    color: black;\r\n}\r\n\r\nh2.name {\r\n    font-size: 1.4em;\r\n    font-weight: bold;\r\n    margin: 0;\r\n}\r\n\r\n#invoice {\r\n    float: right;\r\n    text-align: right;\r\n}\r\n#invoice2 {\r\n    float: right;\r\n    text-align: right;\r\n\r\n}\r\n\r\n#invoice h1, h1 {\r\n    float: right;\r\n    color: #1B9BB8;\r\n    font-size: 2em;\r\n    line-height: 2.2em;\r\n    font-weight: bold;\r\n    margin: 0px;\r\n    padding: 0px;\r\n}\r\n#invoice2 h1, h1 {\r\n    float: right;\r\n    color: #1B9BB8;\r\n    font-size: 2em;\r\n    line-height: 2.2em;\r\n    font-weight: bold;\r\n    margin: 0px;\r\n    padding: 0px;\r\n}\r\n\r\n#invoice .info {\r\n    font-size: 0.8em;\r\n}\r\n#invoice2 .info {\r\n    font-size: 0.8em;\r\n}\r\n\r\ntable {\r\n    width: 100%;\r\n    border-collapse: collapse;\r\n    border-spacing: 0;\r\n    margin-bottom: 20px;\r\n}\r\n\r\ntable th,\r\ntable td {\r\n    padding: 10px 10px;\r\n    background: #EEEEEE;\r\n    text-align: center;\r\n    border-bottom: 1px solid #FFFFFF;\r\n}\r\n\r\ntable th {\r\n    white-space: nowrap;\r\n    font-weight: normal;\r\n}\r\n\r\ntable td {\r\n    text-align: right;\r\n}\r\n\r\ntable td h3{\r\n    color: #1B9BB8;\r\n    font-size: 10px;\r\n    font-weight: normal;\r\n    margin: 0 0 0.2em 0;\r\n}\r\n\r\ntable .no {\r\n    color: #FFFFFF;\r\n    font-size: 1.2em;\r\n    background: #1B9BB8;\r\n}\r\n\r\ntable .desc {\r\n    text-align: left;\r\n}\r\n\r\ntable .unit {\r\n    background: #DDDDDD;\r\n}\r\n\r\ntable .qty {\r\n    text-align: center;\r\n}\r\n\r\ntable .total {\r\n    background: #1B9BB8;\r\n    color: #FFFFFF;\r\n}\r\n\r\ntable td.unit,\r\ntable td.qty,\r\ntable td.total {\r\n    font-size: 1 em;\r\n}\r\n\r\ntable tbody tr:last-child td {\r\n    border: none;\r\n}\r\n\r\ntable tfoot td {\r\n    padding: 10px;\r\n    font-size: 1.2em;\r\n    background: #FFFFFF;\r\n    border-bottom: none;\r\n    white-space: nowrap;\r\n    border-top: 1px solid #AAAAAA;\r\n}\r\n\r\ntable tfoot .border-none-top {\r\n    border-top: none;\r\n}\r\n\r\ntable tfoot .grand-total {\r\n    padding: 10px 7px;\r\n    color: #1B9BB8;\r\n    font-size: 1.3em;\r\n    border-top: 1px solid #1B9BB8;\r\n    font-weight:bold\r\n}\r\n\r\ntable tfoot .border-none {\r\n    border: none;\r\n}\r\n\r\n#pdf_tag{\r\n    font-size: 1.1em;\r\n    margin: 30px 0px 15px 0px;\r\n}\r\n\r\n#notices{\r\n    padding-left: 6px;\r\n    border-left: 6px solid #1B9BB8;\r\n}\r\n\r\n#notices .notice {\r\n    font-size: 1.2em;\r\n}\r\n\r\n.footer, .footer td {\r\n    background-color:#FFFFFF;\r\n    color: #939598;\r\n    border: none;\r\n    border-top: 1px solid #AAAAAA;\r\n    font-size: 0.9em;\r\n    padding: 10px 0;\r\n}\r\n\r\n.header, .header td {\r\n    background-color:#FFFFFF;\r\n    border: none;\r\n    border-bottom: 1px solid #AAAAAA;\r\n    margin:0px;\r\n    padding:0px;\r\n}\r\n</style>\r\n<div id=\"details\">\r\n<div id=\"client2\">\r\n<p style=\"color: rgb(0, 0, 0); font-family: Verdana; font-size: medium; font-style: normal; font-variant-ligatures: normal; font-variant-caps: normal; font-weight: normal; letter-spacing: normal; orphans: 2; text-align: start; text-indent: 0px; text-transform: none; white-space: normal; widows: 2; word-spacing: 0px; -webkit-text-stroke-width: 0px; text-decoration-style: initial; text-decoration-color: initial;\"><span style=\"font-weight: bold;\">$SALESORDER_ACCOUNT_ID$</span></p>\r\n$SALESORDER_BILL_STREET$<br />\r\n$SALESORDER_BILL_CODE$ $SALESORDER_BILL_CITY$<br />\r\n$SALESORDER_BILL_STATE$<br />\r\n<br />\r\n<br />\r\n<br />\r\n&nbsp;</div>\r\n\r\n<div id=\"invoice2\">\r\n<div class=\"info\">\r\n<p style=\"color: rgb(0, 0, 0); font-family: Verdana; font-size: medium; font-style: normal; font-variant-ligatures: normal; font-variant-caps: normal; font-weight: normal; letter-spacing: normal; orphans: 2; text-align: start; text-indent: 0px; text-transform: none; white-space: normal; widows: 2; word-spacing: 0px; -webkit-text-stroke-width: 0px; text-decoration-style: initial; text-decoration-color: initial;\"><span style=\"font-weight: bold;\">$COMPANY_NAME$</span></p>\r\n\r\n<p style=\"color: rgb(0, 0, 0); font-family: Verdana; font-size: medium; font-style: normal; font-variant-ligatures: normal; font-variant-caps: normal; font-weight: normal; letter-spacing: normal; orphans: 2; text-align: start; text-indent: 0px; text-transform: none; white-space: normal; widows: 2; word-spacing: 0px; -webkit-text-stroke-width: 0px; text-decoration-style: initial; text-decoration-color: initial;\">$COMPANY_ADDRESS$<br />\r\n$COMPANY_ZIP$ $COMPANY_CITY$<br />\r\n$COMPANY_COUNTRY$</p>\r\n\r\n<p style=\"color: rgb(0, 0, 0); font-family: Verdana; font-size: medium; font-style: normal; font-variant-ligatures: normal; font-variant-caps: normal; font-weight: normal; letter-spacing: normal; orphans: 2; text-align: start; text-indent: 0px; text-transform: none; white-space: normal; widows: 2; word-spacing: 0px; -webkit-text-stroke-width: 0px; text-decoration-style: initial; text-decoration-color: initial;\">Telefon $COMPANY_PHONE$<br />\r\nTelefax $COMPANY_FAX$<br />\r\n<br />\r\n$COMPANY_WEBSITE$<br />\r\n<br />\r\n%SALESORDER_DUEDATE%: $SALESORDER_DUEDATE$</p>\r\n<br />\r\n&nbsp;</div>\r\n</div>\r\n</div>\r\n\r\n<div id=\"pdf_tag\"></div>\r\n\r\n<table border=\"0\" color=\"black\" style=\"font-size:10px;\" width=\"100%\">\r\n	<thead>\r\n		<tr>\r\n			<th style=\"text-align: center;color: white;font-weight: 600;background:#BDB9B9; width:5%\"></th>\r\n			<th style=\"text-align: left;color: white;font-weight: 600;background:#BDB9B9;width:45%;border-right:2px solid white\"><span style=\"font-family:verdana,geneva,sans-serif;\"><span style=\"color:#000000;\"><strong>%G_Description%</strong></span></span></th>\r\n			<th style=\"text-align: center;color: white;font-weight: 600;background:#BDB9B9;width:15%;border-right:2px solid white\"><span style=\"font-family:verdana,geneva,sans-serif;\"><span style=\"color:#000000;\"><strong>%G_List Price%</strong></span></span></th>\r\n			<th style=\"text-align: center;color: white;font-weight: 600;background:#BDB9B9;width:15%;border-right:2px solid white\"><span style=\"font-family:verdana,geneva,sans-serif;\"><span style=\"color:#000000;\"><strong>%G_Quantity%</strong></span></span></th>\r\n			<th style=\"text-align: center;color: white;font-weight: 600;background:#BDB9B9;width:15%\"><span style=\"font-family:verdana,geneva,sans-serif;\"><span style=\"color:#000000;\"><strong>%G_Total%</strong></span></span></th>\r\n		</tr>\r\n	</thead>\r\n	<tbody>\r\n		<tr>\r\n			<td colspan=\"5\"><span style=\"font-family:verdana,geneva,sans-serif;\">#PRODUCTBLOC_START#</span></td>\r\n		</tr>\r\n		<tr>\r\n			<td style=\"background:#BDB9B9;border-bottom:2px solid white\"><span style=\"font-family:verdana,geneva,sans-serif;\">$PRODUCTPOSITION$</span></td>\r\n			<td style=\"text-align:left; border-bottom:2px solid white;border-right:2px solid white;\">\r\n			<h3><span style=\"font-family:verdana,geneva,sans-serif;\">$PRODUCTTITLE$</span></h3>\r\n			<span style=\"font-family:verdana,geneva,sans-serif;\">$PRODUCTEDITDESCRIPTION$</span></td>\r\n			<td style=\"border-right:2px solid white;border-bottom:2px solid white\"><span style=\"font-family:verdana,geneva,sans-serif;\">$PRODUCTLISTPRICE$ $CURRENCYSYMBOL$</span></td>\r\n			<td style=\"border-right:2px solid white;border-bottom:2px solid white\"><span style=\"font-family:verdana,geneva,sans-serif;\">$PRODUCTQUANTITY$</span></td>\r\n			<td style=\"border-bottom:2px solid white\"><span style=\"font-family:verdana,geneva,sans-serif;\"><strong>$PRODUCTSTOTALAFTERDISCOUNT$ $CURRENCYSYMBOL$</strong></span></td>\r\n		</tr>\r\n		<tr>\r\n			<td colspan=\"5\"><span style=\"font-family:verdana,geneva,sans-serif;\">#PRODUCTBLOC_END#</span></td>\r\n		</tr>\r\n		<tr>\r\n			<td colspan=\"5\" style=\"background:white\"></td>\r\n		</tr>\r\n		<tr>\r\n			<td colspan=\"4\" style=\"background:white; border-bottom:1px solid #BDB9B9\"><span style=\"font-family:verdana,geneva,sans-serif;\">%G_Subtotal%</span></td>\r\n			<td style=\"background:#BDB9B9;\"><span style=\"font-family:verdana,geneva,sans-serif;\">$TOTALWITHOUTVAT$ $CURRENCYSYMBOL$</span></td>\r\n		</tr>\r\n		<tr>\r\n			<td colspan=\"4\" style=\"background:white; border-bottom:1px solid #BDB9B9\"><span style=\"font-family:verdana,geneva,sans-serif;\">%G_LBL_DISCOUNT%</span></td>\r\n			<td style=\"background:#BDB9B9;\"><span style=\"font-family:verdana,geneva,sans-serif;\">$TOTALDISCOUNT$ $CURRENCYSYMBOL$</span></td>\r\n		</tr>\r\n		<tr>\r\n			<td colspan=\"4\" style=\"background:white; border-bottom:1px solid #BDB9B9\"><span style=\"font-family:verdana,geneva,sans-serif;\">%G_Total%</span></td>\r\n			<td style=\"background:#BDB9B9;\"><span style=\"font-family:verdana,geneva,sans-serif;\">$TOTALAFTERDISCOUNT$ $CURRENCYSYMBOL$</span></td>\r\n		</tr>\r\n		<tr>\r\n			<td colspan=\"4\" style=\"background:white; border-bottom:2px solid #BDB9B9\"><span style=\"font-family:verdana,geneva,sans-serif;\">%G_Tax% $VATPERCENT$%</span></td>\r\n			<td style=\"background:#BDB9B9;;border-bottom:2px solid #BDB9B9\"><span style=\"font-family:verdana,geneva,sans-serif;\">$VAT$ $CURRENCYSYMBOL$</span></td>\r\n		</tr>\r\n		<tr>\r\n			<td colspan=\"4\" style=\"background:white;\"><strong>&nbsp;&nbsp;&nbsp;&nbsp; %G_LBL_GRAND_TOTAL%</strong></td>\r\n			<td style=\"background:white\"><span style=\"font-family:verdana,geneva,sans-serif;\"><span style=\"font-size:12px;\"><strong>$TOTAL$ $CURRENCYSYMBOL$</strong></span></span></td>\r\n		</tr>\r\n	</tbody>\r\n</table>\r\n\r\n<div id=\"details\">\r\n<div id=\"client2\"><span style=\"font-family:verdana,geneva,sans-serif;\">$SALESORDER_TERMS_CONDITIONS$</span></div>\r\n\r\n<div id=\"invoice\"><br />\r\n<br />\r\n<br />\r\n<br />\r\n<span style=\"font-family:verdana,geneva,sans-serif;\">____________________________</span><br />\r\n$R_USERS_FIRST_NAME$ $R_USERS_LAST_NAME$</div>\r\n</div>\r\n</body>\r\n</html>\r\n','Template for SalesOrder',0),(3,'PurchaseOrder','PurchaseOrder',_binary '<html>\r\n<head>\r\n	<title></title>\r\n</head>\r\n<body>\r\n<style type=\"text/css\">@font-face {\r\n    font-family: SourceSansPro;\r\n    src: url(SourceSansPro-Regular.ttf);\r\n    font-family: Ubuntu;\r\n}\r\n\r\n.clearfix:after {\r\n  content: \"\";\r\n  display: table;\r\n clear: both;\r\n}\r\n\r\na {\r\n    color: #1B9BB8;\r\n    text-decoration: none;\r\n}\r\n\r\n{\r\n    color: #555555;\r\n    background: #FFFFFF;\r\n    font-size: 14px;\r\n    font-family: SourceSansPro;\r\n}\r\n\r\n#header {\r\n    padding: 10px 0;\r\n    margin-bottom: 0px;\r\n    border-bottom: 1px solid #AAAAAA;\r\n}\r\n\r\n#logo {\r\n    float:left;\r\n    margin: 0px;\r\n    width: 250px;\r\n}\r\n\r\n#logo img {\r\n    height: 70px;\r\n}\r\n\r\n#company {\r\n    float:left;\r\n    text-align: left;\r\n    width:350px;\r\n}\r\n\r\n#details {\r\n    margin-bottom: 15px;\r\n    padding-top: 30px;\r\n}\r\n\r\n#client {\r\n    padding-left: 6px;\r\n    border-left: 6px solid #1B9BB8;\r\n    float: left;\r\n    width: 420px;\r\n}\r\n#client2 {\r\n    padding-left: 6px;\r\n    border-left: 6px solid #BDB9B9;;\r\n    float: left;\r\n    width: 420px;\r\n\r\n}\r\n\r\n#client .to {\r\n    color: #939598;\r\n}\r\n#client2 .to {\r\n    color: black;\r\n}\r\n\r\nh2.name {\r\n    font-size: 1.4em;\r\n    font-weight: bold;\r\n    margin: 0;\r\n}\r\n\r\n#invoice {\r\n    float: right;\r\n    text-align: right;\r\n}\r\n#invoice2 {\r\n    float: right;\r\n    text-align: right;\r\n\r\n}\r\n\r\n#invoice h1, h1 {\r\n    float: right;\r\n    color: #1B9BB8;\r\n    font-size: 2em;\r\n    line-height: 2.2em;\r\n    font-weight: bold;\r\n    margin: 0px;\r\n    padding: 0px;\r\n}\r\n#invoice2 h1, h1 {\r\n    float: right;\r\n    color: #1B9BB8;\r\n    font-size: 2em;\r\n    line-height: 2.2em;\r\n    font-weight: bold;\r\n    margin: 0px;\r\n    padding: 0px;\r\n}\r\n\r\n#invoice .info {\r\n    font-size: 0.8em;\r\n}\r\n#invoice2 .info {\r\n    font-size: 0.8em;\r\n}\r\n\r\ntable {\r\n    width: 100%;\r\n    border-collapse: collapse;\r\n    border-spacing: 0;\r\n    margin-bottom: 20px;\r\n}\r\n\r\ntable th,\r\ntable td {\r\n    padding: 10px 10px;\r\n    background: #EEEEEE;\r\n    text-align: center;\r\n    border-bottom: 1px solid #FFFFFF;\r\n}\r\n\r\ntable th {\r\n    white-space: nowrap;\r\n    font-weight: normal;\r\n}\r\n\r\ntable td {\r\n    text-align: right;\r\n}\r\n\r\ntable td h3{\r\n    color: #1B9BB8;\r\n    font-size: 10px;\r\n    font-weight: normal;\r\n    margin: 0 0 0.2em 0;\r\n}\r\n\r\ntable .no {\r\n    color: #FFFFFF;\r\n    font-size: 1.2em;\r\n    background: #1B9BB8;\r\n}\r\n\r\ntable .desc {\r\n    text-align: left;\r\n}\r\n\r\ntable .unit {\r\n    background: #DDDDDD;\r\n}\r\n\r\ntable .qty {\r\n    text-align: center;\r\n}\r\n\r\ntable .total {\r\n    background: #1B9BB8;\r\n    color: #FFFFFF;\r\n}\r\n\r\ntable td.unit,\r\ntable td.qty,\r\ntable td.total {\r\n    font-size: 1 em;\r\n}\r\n\r\ntable tbody tr:last-child td {\r\n    border: none;\r\n}\r\n\r\ntable tfoot td {\r\n    padding: 10px;\r\n    font-size: 1.2em;\r\n    background: #FFFFFF;\r\n    border-bottom: none;\r\n    white-space: nowrap;\r\n    border-top: 1px solid #AAAAAA;\r\n}\r\n\r\ntable tfoot .border-none-top {\r\n    border-top: none;\r\n}\r\n\r\ntable tfoot .grand-total {\r\n    padding: 10px 7px;\r\n    color: #1B9BB8;\r\n    font-size: 1.3em;\r\n    border-top: 1px solid #1B9BB8;\r\n    font-weight:bold\r\n}\r\n\r\ntable tfoot .border-none {\r\n    border: none;\r\n}\r\n\r\n#pdf_tag{\r\n    font-size: 1.1em;\r\n    margin: 30px 0px 15px 0px;\r\n}\r\n\r\n#notices{\r\n    padding-left: 6px;\r\n    border-left: 6px solid #1B9BB8;\r\n}\r\n\r\n#notices .notice {\r\n    font-size: 1.2em;\r\n}\r\n\r\n.footer, .footer td {\r\n    background-color:#FFFFFF;\r\n    color: #939598;\r\n    border: none;\r\n    border-top: 1px solid #AAAAAA;\r\n    font-size: 0.9em;\r\n    padding: 10px 0;\r\n}\r\n\r\n.header, .header td {\r\n    background-color:#FFFFFF;\r\n    border: none;\r\n    border-bottom: 1px solid #AAAAAA;\r\n    margin:0px;\r\n    padding:0px;\r\n}\r\n</style>\r\n<div id=\"details\">\r\n<div id=\"client2\">\r\n<p style=\"color: rgb(0, 0, 0); font-family: Verdana; font-size: medium; font-style: normal; font-variant-ligatures: normal; font-variant-caps: normal; font-weight: normal; letter-spacing: normal; orphans: 2; text-align: start; text-indent: 0px; text-transform: none; white-space: normal; widows: 2; word-spacing: 0px; -webkit-text-stroke-width: 0px; text-decoration-style: initial; text-decoration-color: initial;\"><span style=\"font-weight: bold;\">$PURCHASEORDER_VENDOR_ID$</span></p>\r\n$PURCHASEORDER_BILL_STREET$<br />\r\n$PURCHASEORDER_BILL_CODE$ $PURCHASEORDER_BILL_CITY$<br />\r\n$PURCHASEORDER_BILL_STATE$<br />\r\n<br />\r\n<br />\r\n<br />\r\n&nbsp;</div>\r\n\r\n<div id=\"invoice2\">\r\n<div class=\"info\">\r\n<p style=\"color: rgb(0, 0, 0); font-family: Verdana; font-size: medium; font-style: normal; font-variant-ligatures: normal; font-variant-caps: normal; font-weight: normal; letter-spacing: normal; orphans: 2; text-align: start; text-indent: 0px; text-transform: none; white-space: normal; widows: 2; word-spacing: 0px; -webkit-text-stroke-width: 0px; text-decoration-style: initial; text-decoration-color: initial;\"><span style=\"font-weight: bold;\">$COMPANY_NAME$</span></p>\r\n\r\n<p style=\"color: rgb(0, 0, 0); font-family: Verdana; font-size: medium; font-style: normal; font-variant-ligatures: normal; font-variant-caps: normal; font-weight: normal; letter-spacing: normal; orphans: 2; text-align: start; text-indent: 0px; text-transform: none; white-space: normal; widows: 2; word-spacing: 0px; -webkit-text-stroke-width: 0px; text-decoration-style: initial; text-decoration-color: initial;\">$COMPANY_ADDRESS$<br />\r\n$COMPANY_ZIP$ $COMPANY_CITY$<br />\r\n$COMPANY_COUNTRY$</p>\r\n\r\n<p style=\"color: rgb(0, 0, 0); font-family: Verdana; font-size: medium; font-style: normal; font-variant-ligatures: normal; font-variant-caps: normal; font-weight: normal; letter-spacing: normal; orphans: 2; text-align: start; text-indent: 0px; text-transform: none; white-space: normal; widows: 2; word-spacing: 0px; -webkit-text-stroke-width: 0px; text-decoration-style: initial; text-decoration-color: initial;\">%COMPANY_PHONE% $COMPANY_PHONE$<br />\r\n%COMPANY_FAX% $COMPANY_FAX$<br />\r\n<br />\r\n$COMPANY_WEBSITE$<br />\r\n<br />\r\n%PURCHASEORDER_DUEDATE%: $PURCHASEORDER_DUEDATE$</p>\r\n<br />\r\n&nbsp;</div>\r\n</div>\r\n</div>\r\n\r\n<div id=\"pdf_tag\"></div>\r\n\r\n<table border=\"0\" color=\"black\" style=\"font-size:10px;\" width=\"100%\">\r\n	<thead>\r\n		<tr>\r\n			<th style=\"text-align: center;color: white;font-weight: 600;background:#BDB9B9; width:5%\"></th>\r\n			<th style=\"text-align: left;color: white;font-weight: 600;background:#BDB9B9;width:45%;border-right:2px solid white\"><span style=\"font-family:verdana,geneva,sans-serif;\"><span style=\"color:#000000;\"><strong>%G_Description%</strong></span></span></th>\r\n			<th style=\"text-align: center;color: white;font-weight: 600;background:#BDB9B9;width:15%;border-right:2px solid white\"><span style=\"font-family:verdana,geneva,sans-serif;\"><span style=\"color:#000000;\"><strong>%G_List Price%</strong></span></span></th>\r\n			<th style=\"text-align: center;color: white;font-weight: 600;background:#BDB9B9;width:15%;border-right:2px solid white\"><span style=\"font-family:verdana,geneva,sans-serif;\"><span style=\"color:#000000;\"><strong>%G_Quantity%</strong></span></span></th>\r\n			<th style=\"text-align: center;color: white;font-weight: 600;background:#BDB9B9;width:15%\"><span style=\"font-family:verdana,geneva,sans-serif;\"><span style=\"color:#000000;\"><strong>%G_Total%</strong></span></span></th>\r\n		</tr>\r\n	</thead>\r\n	<tbody>\r\n		<tr>\r\n			<td colspan=\"5\"><span style=\"font-family:verdana,geneva,sans-serif;\">#PRODUCTBLOC_START#</span></td>\r\n		</tr>\r\n		<tr>\r\n			<td style=\"background:#BDB9B9;border-bottom:2px solid white\"><span style=\"font-family:verdana,geneva,sans-serif;\">$PRODUCTPOSITION$</span></td>\r\n			<td style=\"text-align:left; border-bottom:2px solid white;border-right:2px solid white;\">\r\n			<h3><span style=\"font-family:verdana,geneva,sans-serif;\">$PRODUCTTITLE$</span></h3>\r\n			<span style=\"font-family:verdana,geneva,sans-serif;\">$PRODUCTEDITDESCRIPTION$</span></td>\r\n			<td style=\"border-right:2px solid white;border-bottom:2px solid white\"><span style=\"font-family:verdana,geneva,sans-serif;\">$PRODUCTLISTPRICE$ $CURRENCYSYMBOL$</span></td>\r\n			<td style=\"border-right:2px solid white;border-bottom:2px solid white\"><span style=\"font-family:verdana,geneva,sans-serif;\">$PRODUCTQUANTITY$</span></td>\r\n			<td style=\"border-bottom:2px solid white\"><span style=\"font-family:verdana,geneva,sans-serif;\"><strong>$PRODUCTSTOTALAFTERDISCOUNT$ $CURRENCYSYMBOL$</strong></span></td>\r\n		</tr>\r\n		<tr>\r\n			<td colspan=\"5\"><span style=\"font-family:verdana,geneva,sans-serif;\">#PRODUCTBLOC_END#</span></td>\r\n		</tr>\r\n		<tr>\r\n			<td colspan=\"5\" style=\"background:white\"></td>\r\n		</tr>\r\n		<tr>\r\n			<td colspan=\"4\" style=\"background:white; border-bottom:1px solid #BDB9B9\"><span style=\"font-family:verdana,geneva,sans-serif;\">%G_Subtotal%</span></td>\r\n			<td style=\"background:#BDB9B9;\"><span style=\"font-family:verdana,geneva,sans-serif;\">$TOTALWITHOUTVAT$ $CURRENCYSYMBOL$</span></td>\r\n		</tr>\r\n		<tr>\r\n			<td colspan=\"4\" style=\"background:white; border-bottom:1px solid #BDB9B9\"><span style=\"font-family:verdana,geneva,sans-serif;\">%G_LBL_DISCOUNT%</span></td>\r\n			<td style=\"background:#BDB9B9;\"><span style=\"font-family:verdana,geneva,sans-serif;\">$TOTALDISCOUNT$ $CURRENCYSYMBOL$</span></td>\r\n		</tr>\r\n		<tr>\r\n			<td colspan=\"4\" style=\"background:white; border-bottom:1px solid #BDB9B9\"><span style=\"font-family:verdana,geneva,sans-serif;\">%G_Total%</span></td>\r\n			<td style=\"background:#BDB9B9;\"><span style=\"font-family:verdana,geneva,sans-serif;\">$TOTALAFTERDISCOUNT$ $CURRENCYSYMBOL$</span></td>\r\n		</tr>\r\n		<tr>\r\n			<td colspan=\"4\" style=\"background:white; border-bottom:2px solid #BDB9B9\"><span style=\"font-family:verdana,geneva,sans-serif;\">%G_Tax% $VATPERCENT$%</span></td>\r\n			<td style=\"background:#BDB9B9;;border-bottom:2px solid #BDB9B9\"><span style=\"font-family:verdana,geneva,sans-serif;\">$VAT$ $CURRENCYSYMBOL$</span></td>\r\n		</tr>\r\n		<tr>\r\n			<td colspan=\"4\" style=\"background:white;\"><strong>&nbsp;&nbsp;&nbsp;&nbsp; %G_LBL_GRAND_TOTAL%</strong></td>\r\n			<td style=\"background:white\"><span style=\"font-family:verdana,geneva,sans-serif;\"><span style=\"font-size:12px;\"><strong>$TOTAL$ $CURRENCYSYMBOL$</strong></span></span></td>\r\n		</tr>\r\n	</tbody>\r\n</table>\r\n\r\n<div id=\"details\">\r\n<div id=\"client2\"><span style=\"font-family:verdana,geneva,sans-serif;\">$PURCHASEORDER_TERMS_CONDITIONS$</span></div>\r\n\r\n<div id=\"invoice\"><br />\r\n<br />\r\n<br />\r\n<br />\r\n<span style=\"font-family:verdana,geneva,sans-serif;\">____________________________</span><br />\r\n$R_USERS_FIRST_NAME$ $R_USERS_LAST_NAME$</div>\r\n</div>\r\n</body>\r\n</html>\r\n','Template for PurchaseOrder',0),(4,'Quotes','Quotes',_binary '<html>\r\n<head>\r\n	<title></title>\r\n</head>\r\n<body>\r\n<style type=\"text/css\">@font-face {\r\n    font-family: SourceSansPro;\r\n    src: url(SourceSansPro-Regular.ttf);\r\n    font-family: Ubuntu;\r\n}\r\n\r\n.clearfix:after {\r\n  content: \"\";\r\n  display: table;\r\n clear: both;\r\n}\r\n\r\na {\r\n    color: #1B9BB8;\r\n    text-decoration: none;\r\n}\r\n\r\n{\r\n    color: #555555;\r\n    background: #FFFFFF;\r\n    font-size: 14px;\r\n    font-family: SourceSansPro;\r\n}\r\n\r\n#header {\r\n    padding: 10px 0;\r\n    margin-bottom: 0px;\r\n    border-bottom: 1px solid #AAAAAA;\r\n}\r\n\r\n#logo {\r\n    float:left;\r\n    margin: 0px;\r\n    width: 250px;\r\n}\r\n\r\n#logo img {\r\n    height: 70px;\r\n}\r\n\r\n#company {\r\n    float:left;\r\n    text-align: left;\r\n    width:350px;\r\n}\r\n\r\n#details {\r\n    margin-bottom: 15px;\r\n    padding-top: 30px;\r\n}\r\n\r\n#client {\r\n    padding-left: 6px;\r\n    border-left: 6px solid #1B9BB8;\r\n    float: left;\r\n    width: 420px;\r\n}\r\n#client2 {\r\n    padding-left: 6px;\r\n    border-left: 6px solid #BDB9B9;;\r\n    float: left;\r\n    width: 420px;\r\n\r\n}\r\n\r\n#client .to {\r\n    color: #939598;\r\n}\r\n#client2 .to {\r\n    color: black;\r\n}\r\n\r\nh2.name {\r\n    font-size: 1.4em;\r\n    font-weight: bold;\r\n    margin: 0;\r\n}\r\n\r\n#invoice {\r\n    float: right;\r\n    text-align: right;\r\n}\r\n#invoice2 {\r\n    float: right;\r\n    text-align: right;\r\n\r\n}\r\n\r\n#invoice h1, h1 {\r\n    float: right;\r\n    color: #1B9BB8;\r\n    font-size: 2em;\r\n    line-height: 2.2em;\r\n    font-weight: bold;\r\n    margin: 0px;\r\n    padding: 0px;\r\n}\r\n#invoice2 h1, h1 {\r\n    float: right;\r\n    color: #1B9BB8;\r\n    font-size: 2em;\r\n    line-height: 2.2em;\r\n    font-weight: bold;\r\n    margin: 0px;\r\n    padding: 0px;\r\n}\r\n\r\n#invoice .info {\r\n    font-size: 0.8em;\r\n}\r\n#invoice2 .info {\r\n    font-size: 0.8em;\r\n}\r\n\r\ntable {\r\n    width: 100%;\r\n    border-collapse: collapse;\r\n    border-spacing: 0;\r\n    margin-bottom: 20px;\r\n}\r\n\r\ntable th,\r\ntable td {\r\n    padding: 10px 10px;\r\n    background: #EEEEEE;\r\n    text-align: center;\r\n    border-bottom: 1px solid #FFFFFF;\r\n}\r\n\r\ntable th {\r\n    white-space: nowrap;\r\n    font-weight: normal;\r\n}\r\n\r\ntable td {\r\n    text-align: right;\r\n}\r\n\r\ntable td h3{\r\n    color: #1B9BB8;\r\n    font-size: 10px;\r\n    font-weight: normal;\r\n    margin: 0 0 0.2em 0;\r\n}\r\n\r\ntable .no {\r\n    color: #FFFFFF;\r\n    font-size: 1.2em;\r\n    background: #1B9BB8;\r\n}\r\n\r\ntable .desc {\r\n    text-align: left;\r\n}\r\n\r\ntable .unit {\r\n    background: #DDDDDD;\r\n}\r\n\r\ntable .qty {\r\n    text-align: center;\r\n}\r\n\r\ntable .total {\r\n    background: #1B9BB8;\r\n    color: #FFFFFF;\r\n}\r\n\r\ntable td.unit,\r\ntable td.qty,\r\ntable td.total {\r\n    font-size: 1 em;\r\n}\r\n\r\ntable tbody tr:last-child td {\r\n    border: none;\r\n}\r\n\r\ntable tfoot td {\r\n    padding: 10px;\r\n    font-size: 1.2em;\r\n    background: #FFFFFF;\r\n    border-bottom: none;\r\n    white-space: nowrap;\r\n    border-top: 1px solid #AAAAAA;\r\n}\r\n\r\ntable tfoot .border-none-top {\r\n    border-top: none;\r\n}\r\n\r\ntable tfoot .grand-total {\r\n    padding: 10px 7px;\r\n    color: #1B9BB8;\r\n    font-size: 1.3em;\r\n    border-top: 1px solid #1B9BB8;\r\n    font-weight:bold\r\n}\r\n\r\ntable tfoot .border-none {\r\n    border: none;\r\n}\r\n\r\n#pdf_tag{\r\n    font-size: 1.1em;\r\n    margin: 30px 0px 15px 0px;\r\n}\r\n\r\n#notices{\r\n    padding-left: 6px;\r\n    border-left: 6px solid #1B9BB8;\r\n}\r\n\r\n#notices .notice {\r\n    font-size: 1.2em;\r\n}\r\n\r\n.footer, .footer td {\r\n    background-color:#FFFFFF;\r\n    color: #939598;\r\n    border: none;\r\n    border-top: 1px solid #AAAAAA;\r\n    font-size: 0.9em;\r\n    padding: 10px 0;\r\n}\r\n\r\n.header, .header td {\r\n    background-color:#FFFFFF;\r\n    border: none;\r\n    border-bottom: 1px solid #AAAAAA;\r\n    margin:0px;\r\n    padding:0px;\r\n}\r\n</style>\r\n<div id=\"details\">\r\n<div id=\"client2\">\r\n<p style=\"color: rgb(0, 0, 0); font-family: Verdana; font-size: medium; font-style: normal; font-variant-ligatures: normal; font-variant-caps: normal; font-weight: normal; letter-spacing: normal; orphans: 2; text-align: start; text-indent: 0px; text-transform: none; white-space: normal; widows: 2; word-spacing: 0px; -webkit-text-stroke-width: 0px; text-decoration-style: initial; text-decoration-color: initial;\"><span style=\"font-weight: bold;\">$QUOTES_ACCOUNT_ID$</span></p>\r\n$QUOTES_BILL_STREET$<br />\r\n$QUOTES_BILL_CODE$ $QUOTES_BILL_CITY$<br />\r\n$QUOTES_BILL_STATE$<br />\r\n<br />\r\n<br />\r\n<br />\r\n&nbsp;</div>\r\n\r\n<div id=\"invoice2\">\r\n<div class=\"info\">\r\n<p style=\"color: rgb(0, 0, 0); font-family: Verdana; font-size: medium; font-style: normal; font-variant-ligatures: normal; font-variant-caps: normal; font-weight: normal; letter-spacing: normal; orphans: 2; text-align: start; text-indent: 0px; text-transform: none; white-space: normal; widows: 2; word-spacing: 0px; -webkit-text-stroke-width: 0px; text-decoration-style: initial; text-decoration-color: initial;\"><span style=\"font-weight: bold;\">$COMPANY_NAME$</span></p>\r\n\r\n<p style=\"color: rgb(0, 0, 0); font-family: Verdana; font-size: medium; font-style: normal; font-variant-ligatures: normal; font-variant-caps: normal; font-weight: normal; letter-spacing: normal; orphans: 2; text-align: start; text-indent: 0px; text-transform: none; white-space: normal; widows: 2; word-spacing: 0px; -webkit-text-stroke-width: 0px; text-decoration-style: initial; text-decoration-color: initial;\">$COMPANY_ADDRESS$<br />\r\n$COMPANY_ZIP$ $COMPANY_CITY$<br />\r\n$COMPANY_COUNTRY$</p>\r\n\r\n<p style=\"color: rgb(0, 0, 0); font-family: Verdana; font-size: medium; font-style: normal; font-variant-ligatures: normal; font-variant-caps: normal; font-weight: normal; letter-spacing: normal; orphans: 2; text-align: start; text-indent: 0px; text-transform: none; white-space: normal; widows: 2; word-spacing: 0px; -webkit-text-stroke-width: 0px; text-decoration-style: initial; text-decoration-color: initial;\">%COMPANY_PHONE% $COMPANY_PHONE$<br />\r\n%COMPANY_FAX% $COMPANY_FAX$<br />\r\n<br />\r\n$COMPANY_WEBSITE$</p>\r\n<br />\r\n&nbsp;</div>\r\n</div>\r\n</div>\r\n\r\n<div id=\"pdf_tag\"></div>\r\n\r\n<table border=\"0\" color=\"black\" style=\"font-size:10px;\" width=\"100%\">\r\n	<thead>\r\n		<tr>\r\n			<th style=\"text-align: center;color: white;font-weight: 600;background:#BDB9B9; width:5%\"></th>\r\n			<th style=\"text-align: left;color: white;font-weight: 600;background:#BDB9B9;width:45%;border-right:2px solid white\"><span style=\"font-family:verdana,geneva,sans-serif;\"><span style=\"color:#000000;\"><strong>%G_Description%</strong></span></span></th>\r\n			<th style=\"text-align: center;color: white;font-weight: 600;background:#BDB9B9;width:15%;border-right:2px solid white\"><span style=\"font-family:verdana,geneva,sans-serif;\"><span style=\"color:#000000;\"><strong>%G_List Price%</strong></span></span></th>\r\n			<th style=\"text-align: center;color: white;font-weight: 600;background:#BDB9B9;width:15%;border-right:2px solid white\"><span style=\"font-family:verdana,geneva,sans-serif;\"><span style=\"color:#000000;\"><strong>%G_Quantity%</strong></span></span></th>\r\n			<th style=\"text-align: center;color: white;font-weight: 600;background:#BDB9B9;width:15%\"><span style=\"font-family:verdana,geneva,sans-serif;\"><span style=\"color:#000000;\"><strong>%G_Total%</strong></span></span></th>\r\n		</tr>\r\n	</thead>\r\n	<tbody>\r\n		<tr>\r\n			<td colspan=\"5\"><span style=\"font-family:verdana,geneva,sans-serif;\">#PRODUCTBLOC_START#</span></td>\r\n		</tr>\r\n		<tr>\r\n			<td style=\"background:#BDB9B9;border-bottom:2px solid white\"><span style=\"font-family:verdana,geneva,sans-serif;\">$PRODUCTPOSITION$</span></td>\r\n			<td style=\"text-align:left; border-bottom:2px solid white;border-right:2px solid white;\">\r\n			<h3><span style=\"font-family:verdana,geneva,sans-serif;\">$PRODUCTTITLE$</span></h3>\r\n			<span style=\"font-family:verdana,geneva,sans-serif;\">$PRODUCTEDITDESCRIPTION$</span></td>\r\n			<td style=\"border-right:2px solid white;border-bottom:2px solid white\"><span style=\"font-family:verdana,geneva,sans-serif;\">$PRODUCTLISTPRICE$ $CURRENCYSYMBOL$</span></td>\r\n			<td style=\"border-right:2px solid white;border-bottom:2px solid white\"><span style=\"font-family:verdana,geneva,sans-serif;\">$PRODUCTQUANTITY$</span></td>\r\n			<td style=\"border-bottom:2px solid white\"><span style=\"font-family:verdana,geneva,sans-serif;\"><strong>$PRODUCTSTOTALAFTERDISCOUNT$ $CURRENCYSYMBOL$</strong></span></td>\r\n		</tr>\r\n		<tr>\r\n			<td colspan=\"5\"><span style=\"font-family:verdana,geneva,sans-serif;\">#PRODUCTBLOC_END#</span></td>\r\n		</tr>\r\n		<tr>\r\n			<td colspan=\"5\" style=\"background:white\"></td>\r\n		</tr>\r\n		<tr>\r\n			<td colspan=\"4\" style=\"background:white; border-bottom:1px solid #BDB9B9\"><span style=\"font-family:verdana,geneva,sans-serif;\">%G_Subtotal%</span></td>\r\n			<td style=\"background:#BDB9B9;\"><span style=\"font-family:verdana,geneva,sans-serif;\">$TOTALWITHOUTVAT$ $CURRENCYSYMBOL$</span></td>\r\n		</tr>\r\n		<tr>\r\n			<td colspan=\"4\" style=\"background:white; border-bottom:1px solid #BDB9B9\"><span style=\"font-family:verdana,geneva,sans-serif;\">%G_LBL_DISCOUNT%</span></td>\r\n			<td style=\"background:#BDB9B9;\"><span style=\"font-family:verdana,geneva,sans-serif;\">$TOTALDISCOUNT$ $CURRENCYSYMBOL$</span></td>\r\n		</tr>\r\n		<tr>\r\n			<td colspan=\"4\" style=\"background:white; border-bottom:1px solid #BDB9B9\"><span style=\"font-family:verdana,geneva,sans-serif;\">%G_Total%</span></td>\r\n			<td style=\"background:#BDB9B9;\"><span style=\"font-family:verdana,geneva,sans-serif;\">$TOTALAFTERDISCOUNT$ $CURRENCYSYMBOL$</span></td>\r\n		</tr>\r\n		<tr>\r\n			<td colspan=\"4\" style=\"background:white; border-bottom:2px solid #BDB9B9\"><span style=\"font-family:verdana,geneva,sans-serif;\">%G_Tax% $VATPERCENT$%</span></td>\r\n			<td style=\"background:#BDB9B9;;border-bottom:2px solid #BDB9B9\"><span style=\"font-family:verdana,geneva,sans-serif;\">$VAT$ $CURRENCYSYMBOL$</span></td>\r\n		</tr>\r\n		<tr>\r\n			<td colspan=\"4\" style=\"background:white;\"><strong>&nbsp;&nbsp;&nbsp;&nbsp; %G_LBL_GRAND_TOTAL%</strong></td>\r\n			<td style=\"background:white\"><span style=\"font-family:verdana,geneva,sans-serif;\"><span style=\"font-size:12px;\"><strong>$TOTAL$ $CURRENCYSYMBOL$</strong></span></span></td>\r\n		</tr>\r\n	</tbody>\r\n</table>\r\n\r\n<div id=\"details\">\r\n<div id=\"client2\"><span style=\"font-family:verdana,geneva,sans-serif;\">$QUOTES_TERMS_CONDITIONS$</span></div>\r\n\r\n<div id=\"invoice\"><br />\r\n<br />\r\n<br />\r\n<br />\r\n<span style=\"font-family:verdana,geneva,sans-serif;\">____________________________</span><br />\r\n$R_USERS_FIRST_NAME$ $R_USERS_LAST_NAME$</div>\r\n</div>\r\n<br />\r\n<br />\r\n<br />\r\n<br />\r\n<br />\r\n<br />\r\n<br />\r\n&nbsp;</body>\r\n</html>\r\n','Templates for Quotes',0);
/*!40000 ALTER TABLE `vtiger_pdfmaker` ENABLE KEYS */;
UNLOCK TABLES;

--
-- Table structure for table `vtiger_pdfmaker_breakline`
--

DROP TABLE IF EXISTS `vtiger_pdfmaker_breakline`;
/*!40101 SET @saved_cs_client     = @@character_set_client */;
/*!40101 SET character_set_client = utf8 */;
CREATE TABLE `vtiger_pdfmaker_breakline` (
  `crmid` int(11) NOT NULL,
  `productid` int(11) NOT NULL,
  `sequence` int(11) NOT NULL,
  `show_header` tinyint(1) NOT NULL DEFAULT '0',
  `show_subtotal` tinyint(1) NOT NULL DEFAULT '0',
  PRIMARY KEY (`crmid`,`productid`,`sequence`)
) ENGINE=InnoDB DEFAULT CHARSET=utf8;
/*!40101 SET character_set_client = @saved_cs_client */;

--
-- Dumping data for table `vtiger_pdfmaker_breakline`
--

LOCK TABLES `vtiger_pdfmaker_breakline` WRITE;
/*!40000 ALTER TABLE `vtiger_pdfmaker_breakline` DISABLE KEYS */;
/*!40000 ALTER TABLE `vtiger_pdfmaker_breakline` ENABLE KEYS */;
UNLOCK TABLES;

--
-- Table structure for table `vtiger_pdfmaker_ignorepicklistvalues`
--

DROP TABLE IF EXISTS `vtiger_pdfmaker_ignorepicklistvalues`;
/*!40101 SET @saved_cs_client     = @@character_set_client */;
/*!40101 SET character_set_client = utf8 */;
CREATE TABLE `vtiger_pdfmaker_ignorepicklistvalues` (
  `value` varchar(100) NOT NULL,
  PRIMARY KEY (`value`)
) ENGINE=InnoDB DEFAULT CHARSET=utf8;
/*!40101 SET character_set_client = @saved_cs_client */;

--
-- Dumping data for table `vtiger_pdfmaker_ignorepicklistvalues`
--

LOCK TABLES `vtiger_pdfmaker_ignorepicklistvalues` WRITE;
/*!40000 ALTER TABLE `vtiger_pdfmaker_ignorepicklistvalues` DISABLE KEYS */;
/*!40000 ALTER TABLE `vtiger_pdfmaker_ignorepicklistvalues` ENABLE KEYS */;
UNLOCK TABLES;

--
-- Table structure for table `vtiger_pdfmaker_images`
--

DROP TABLE IF EXISTS `vtiger_pdfmaker_images`;
/*!40101 SET @saved_cs_client     = @@character_set_client */;
/*!40101 SET character_set_client = utf8 */;
CREATE TABLE `vtiger_pdfmaker_images` (
  `crmid` int(11) NOT NULL,
  `productid` int(11) NOT NULL,
  `sequence` int(11) NOT NULL,
  `attachmentid` int(11) NOT NULL,
  `width` int(11) DEFAULT NULL,
  `height` int(11) DEFAULT NULL,
  PRIMARY KEY (`crmid`,`productid`,`sequence`)
) ENGINE=InnoDB DEFAULT CHARSET=utf8;
/*!40101 SET character_set_client = @saved_cs_client */;

--
-- Dumping data for table `vtiger_pdfmaker_images`
--

LOCK TABLES `vtiger_pdfmaker_images` WRITE;
/*!40000 ALTER TABLE `vtiger_pdfmaker_images` DISABLE KEYS */;
/*!40000 ALTER TABLE `vtiger_pdfmaker_images` ENABLE KEYS */;
UNLOCK TABLES;

--
-- Table structure for table `vtiger_pdfmaker_productbloc_tpl`
--

DROP TABLE IF EXISTS `vtiger_pdfmaker_productbloc_tpl`;
/*!40101 SET @saved_cs_client     = @@character_set_client */;
/*!40101 SET character_set_client = utf8 */;
CREATE TABLE `vtiger_pdfmaker_productbloc_tpl` (
  `id` int(11) NOT NULL AUTO_INCREMENT,
  `name` varchar(255) NOT NULL,
  `body` longtext NOT NULL,
  PRIMARY KEY (`id`)
) ENGINE=InnoDB AUTO_INCREMENT=3 DEFAULT CHARSET=utf8;
/*!40101 SET character_set_client = @saved_cs_client */;

--
-- Dumping data for table `vtiger_pdfmaker_productbloc_tpl`
--

LOCK TABLES `vtiger_pdfmaker_productbloc_tpl` WRITE;
/*!40000 ALTER TABLE `vtiger_pdfmaker_productbloc_tpl` DISABLE KEYS */;
INSERT INTO `vtiger_pdfmaker_productbloc_tpl` VALUES (1,'Product block for group tax','<table border=\"1\" cellpadding=\"3\" cellspacing=\"0\" style=\"font-size:10px;\" width=\"100%\">\r\n	<thead>\r\n		<tr bgcolor=\"#c0c0c0\">\r\n			<td style=\"TEXT-ALIGN: center\">\r\n				<span><strong>Pos</strong></span></td>\r\n			<td colspan=\"2\" style=\"TEXT-ALIGN: center\">\r\n				<span><strong>%G_Qty%</strong></span></td>\r\n			<td style=\"TEXT-ALIGN: center\">\r\n				<span><span style=\"font-weight: bold;\">Text</span></span></td>\r\n			<td style=\"TEXT-ALIGN: center\">\r\n				<span><strong>%G_LBL_LIST_PRICE%<br />\r\n				</strong></span></td>\r\n			<td style=\"text-align: center;\">\r\n				<strong>%G_Subtotal%</strong></td>\r\n			<td style=\"TEXT-ALIGN: center\">\r\n				<span><strong>%G_Discount%</strong></span></td>\r\n			<td style=\"TEXT-ALIGN: center\">\r\n				<span><strong>%M_Total%</strong></span></td>\r\n		</tr>\r\n	</thead>\r\n	<tbody>\r\n		<tr>\r\n			<td colspan=\"8\">\r\n				#PRODUCTBLOC_START#</td>\r\n		</tr>\r\n		<tr>\r\n			<td style=\"text-align: center; vertical-align: top;\">\r\n				$PRODUCTPOSITION$</td>\r\n			<td align=\"right\" valign=\"top\">\r\n				$PRODUCTQUANTITY$</td>\r\n			<td align=\"left\" style=\"TEXT-ALIGN: center\" valign=\"top\">\r\n				$PRODUCTUSAGEUNIT$</td>\r\n			<td align=\"left\" valign=\"top\">\r\n				$PRODUCTNAME$</td>\r\n			<td align=\"right\" style=\"text-align: right;\" valign=\"top\">\r\n				$PRODUCTLISTPRICE$</td>\r\n			<td align=\"right\" style=\"TEXT-ALIGN: right\" valign=\"top\">\r\n				$PRODUCTTOTAL$</td>\r\n			<td align=\"right\" style=\"TEXT-ALIGN: right\" valign=\"top\">\r\n				$PRODUCTDISCOUNT$</td>\r\n			<td align=\"right\" style=\"text-align: right;\" valign=\"top\">\r\n				$PRODUCTSTOTALAFTERDISCOUNT$</td>\r\n		</tr>\r\n		<tr>\r\n			<td colspan=\"8\">\r\n				#PRODUCTBLOC_END#</td>\r\n		</tr>\r\n		<tr>\r\n			<td colspan=\"7\" style=\"TEXT-ALIGN: left\">\r\n				<span>%G_LBL_NET_PRICE% without TAX</span></td>\r\n			<td style=\"TEXT-ALIGN: right\">\r\n				$TOTALWITHOUTVAT$</td>\r\n		</tr>\r\n		<tr>\r\n			<td colspan=\"7\" style=\"TEXT-ALIGN: left\">\r\n				%G_Discount%</td>\r\n			<td style=\"TEXT-ALIGN: right\">\r\n				$TOTALDISCOUNT$</td>\r\n		</tr>\r\n		<tr>\r\n			<td colspan=\"7\" style=\"TEXT-ALIGN: left\">\r\n				Total without TAX</td>\r\n			<td style=\"TEXT-ALIGN: right\">\r\n				$TOTALAFTERDISCOUNT$</td>\r\n		</tr>\r\n		<tr>\r\n			<td colspan=\"7\" style=\"text-align: left;\">\r\n				%G_Tax% $VATPERCENT$ % %G_LBL_LIST_OF% $TOTALAFTERDISCOUNT$</td>\r\n			<td style=\"text-align: right;\">\r\n				$VAT$</td>\r\n		</tr>\r\n		<tr>\r\n			<td colspan=\"7\" style=\"text-align: left;\">\r\n				Total with TAX</td>\r\n			<td style=\"text-align: right;\">\r\n				$TOTALWITHVAT$</td>\r\n		</tr>\r\n		<tr>\r\n			<td colspan=\"7\" style=\"text-align: left;\">\r\n				%G_LBL_SHIPPING_AND_HANDLING_CHARGES%</td>\r\n			<td style=\"text-align: right;\">\r\n				$SHTAXAMOUNT$</td>\r\n		</tr>\r\n		<tr>\r\n			<td colspan=\"7\" style=\"TEXT-ALIGN: left\">\r\n				%G_LBL_TAX_FOR_SHIPPING_AND_HANDLING%</td>\r\n			<td style=\"TEXT-ALIGN: right\">\r\n				$SHTAXTOTAL$</td>\r\n		</tr>\r\n		<tr>\r\n			<td colspan=\"7\" style=\"TEXT-ALIGN: left\">\r\n				%G_Adjustment%</td>\r\n			<td style=\"TEXT-ALIGN: right\">\r\n				$ADJUSTMENT$</td>\r\n		</tr>\r\n		<tr>\r\n			<td colspan=\"7\" style=\"TEXT-ALIGN: left\">\r\n				<span style=\"font-weight: bold;\">%G_LBL_GRAND_TOTAL% </span><strong>($CURRENCYCODE$)</strong></td>\r\n			<td nowrap=\"nowrap\" style=\"TEXT-ALIGN: right\">\r\n				<strong>$TOTAL$</strong></td>\r\n		</tr>\r\n	</tbody>\r\n</table>\r\n'),(2,'Product block for individual tax','<table border=\"1\" cellpadding=\"3\" cellspacing=\"0\" style=\"font-size:10px;\" width=\"100%\">\r\n	<thead>\r\n		<tr bgcolor=\"#c0c0c0\">\r\n			<td style=\"TEXT-ALIGN: center\">\r\n				<span><strong>Pos</strong></span></td>\r\n			<td colspan=\"2\" style=\"TEXT-ALIGN: center\">\r\n				<span><strong>%G_Qty%</strong></span></td>\r\n			<td style=\"TEXT-ALIGN: center\">\r\n				<span><span style=\"font-weight: bold;\">Text</span></span></td>\r\n			<td style=\"TEXT-ALIGN: center\">\r\n				<span><strong>%G_LBL_LIST_PRICE%<br />\r\n				</strong></span></td>\r\n			<td style=\"text-align: center;\">\r\n				<strong>%G_Subtotal%</strong></td>\r\n			<td style=\"TEXT-ALIGN: center\">\r\n				<span><strong>%G_Discount%</strong></span></td>\r\n			<td style=\"TEXT-ALIGN: center\">\r\n				<span><strong>%G_LBL_NET_PRICE%<br />\r\n				without TAX<br />\r\n				</strong></span></td>\r\n			<td style=\"text-align: center;\">\r\n				<span><strong>%G_Tax% (%)</strong></span></td>\r\n			<td style=\"text-align: center;\">\r\n				<span><strong>%G_Tax%</strong> (<strong>$CURRENCYCODE$</strong>)</span></td>\r\n			<td style=\"text-align: center;\">\r\n				<span><strong>%M_Total%</strong></span></td>\r\n		</tr>\r\n	</thead>\r\n	<tbody>\r\n		<tr>\r\n			<td colspan=\"11\">\r\n				#PRODUCTBLOC_START#</td>\r\n		</tr>\r\n		<tr>\r\n			<td style=\"text-align: center; vertical-align: top;\">\r\n				$PRODUCTPOSITION$</td>\r\n			<td align=\"right\" valign=\"top\">\r\n				$PRODUCTQUANTITY$</td>\r\n			<td align=\"left\" style=\"TEXT-ALIGN: center\" valign=\"top\">\r\n				$PRODUCTUSAGEUNIT$</td>\r\n			<td align=\"left\" valign=\"top\">\r\n				$PRODUCTNAME$</td>\r\n			<td align=\"right\" style=\"text-align: right;\" valign=\"top\">\r\n				$PRODUCTLISTPRICE$</td>\r\n			<td align=\"right\" style=\"TEXT-ALIGN: right\" valign=\"top\">\r\n				$PRODUCTTOTAL$</td>\r\n			<td align=\"right\" style=\"TEXT-ALIGN: right\" valign=\"top\">\r\n				$PRODUCTDISCOUNT$</td>\r\n			<td align=\"right\" style=\"text-align: right;\" valign=\"top\">\r\n				$PRODUCTSTOTALAFTERDISCOUNT$</td>\r\n			<td align=\"right\" style=\"text-align: right;\" valign=\"top\">\r\n				$PRODUCTVATPERCENT$</td>\r\n			<td align=\"right\" style=\"text-align: right;\" valign=\"top\">\r\n				$PRODUCTVATSUM$</td>\r\n			<td align=\"right\" style=\"TEXT-ALIGN: right\" valign=\"top\">\r\n				$PRODUCTTOTALSUM$</td>\r\n		</tr>\r\n		<tr>\r\n			<td colspan=\"11\">\r\n				#PRODUCTBLOC_END#</td>\r\n		</tr>\r\n		<tr>\r\n			<td colspan=\"7\" style=\"TEXT-ALIGN: left\">\r\n				Subtotals</td>\r\n			<td style=\"TEXT-ALIGN: right\">\r\n				<span style=\"text-align: right; \">$TOTALWITHOUTVAT$</span></td>\r\n			<td style=\"TEXT-ALIGN: right\">\r\n				&nbsp;</td>\r\n			<td style=\"TEXT-ALIGN: right\">\r\n				<span style=\"text-align: right; \">$VAT$</span></td>\r\n			<td style=\"TEXT-ALIGN: right\">\r\n				$SUBTOTAL$</td>\r\n		</tr>\r\n		<tr>\r\n			<td colspan=\"10\" style=\"TEXT-ALIGN: left\">\r\n				%G_Discount%</td>\r\n			<td style=\"TEXT-ALIGN: right\">\r\n				$TOTALDISCOUNT$</td>\r\n		</tr>\r\n		<tr>\r\n			<td colspan=\"10\" style=\"TEXT-ALIGN: left\">\r\n				Total with TAX</td>\r\n			<td style=\"TEXT-ALIGN: right\">\r\n				$TOTALWITHVAT$</td>\r\n		</tr>\r\n		<tr>\r\n			<td colspan=\"10\" style=\"text-align: left;\">\r\n				%G_LBL_SHIPPING_AND_HANDLING_CHARGES%</td>\r\n			<td style=\"text-align: right;\">\r\n				$SHTAXAMOUNT$</td>\r\n		</tr>\r\n		<tr>\r\n			<td colspan=\"10\" style=\"TEXT-ALIGN: left\">\r\n				%G_LBL_TAX_FOR_SHIPPING_AND_HANDLING%</td>\r\n			<td style=\"TEXT-ALIGN: right\">\r\n				$SHTAXTOTAL$</td>\r\n		</tr>\r\n		<tr>\r\n			<td colspan=\"10\" style=\"TEXT-ALIGN: left\">\r\n				%G_Adjustment%</td>\r\n			<td style=\"TEXT-ALIGN: right\">\r\n				$ADJUSTMENT$</td>\r\n		</tr>\r\n		<tr>\r\n			<td colspan=\"10\" style=\"TEXT-ALIGN: left\">\r\n				<span style=\"font-weight: bold;\">%G_LBL_GRAND_TOTAL% </span><strong>($CURRENCYCODE$)</strong></td>\r\n			<td nowrap=\"nowrap\" style=\"TEXT-ALIGN: right\">\r\n				<strong>$TOTAL$</strong></td>\r\n		</tr>\r\n	</tbody>\r\n</table>\r\n');
/*!40000 ALTER TABLE `vtiger_pdfmaker_productbloc_tpl` ENABLE KEYS */;
UNLOCK TABLES;

--
-- Table structure for table `vtiger_pdfmaker_releases`
--

DROP TABLE IF EXISTS `vtiger_pdfmaker_releases`;
/*!40101 SET @saved_cs_client     = @@character_set_client */;
/*!40101 SET character_set_client = utf8 */;
CREATE TABLE `vtiger_pdfmaker_releases` (
  `id` int(11) NOT NULL AUTO_INCREMENT,
  `version` varchar(10) NOT NULL,
  `date` datetime NOT NULL,
  `updated` tinyint(1) NOT NULL,
  PRIMARY KEY (`id`)
) ENGINE=InnoDB AUTO_INCREMENT=2 DEFAULT CHARSET=utf8;
/*!40101 SET character_set_client = @saved_cs_client */;

--
-- Dumping data for table `vtiger_pdfmaker_releases`
--

LOCK TABLES `vtiger_pdfmaker_releases` WRITE;
/*!40000 ALTER TABLE `vtiger_pdfmaker_releases` DISABLE KEYS */;
INSERT INTO `vtiger_pdfmaker_releases` VALUES (1,'0.9','2022-01-23 16:07:15',1);
/*!40000 ALTER TABLE `vtiger_pdfmaker_releases` ENABLE KEYS */;
UNLOCK TABLES;

--
-- Table structure for table `vtiger_pdfmaker_seq`
--

DROP TABLE IF EXISTS `vtiger_pdfmaker_seq`;
/*!40101 SET @saved_cs_client     = @@character_set_client */;
/*!40101 SET character_set_client = utf8 */;
CREATE TABLE `vtiger_pdfmaker_seq` (
  `id` int(11) NOT NULL DEFAULT '1'
) ENGINE=InnoDB DEFAULT CHARSET=utf8;
/*!40101 SET character_set_client = @saved_cs_client */;

--
-- Dumping data for table `vtiger_pdfmaker_seq`
--

LOCK TABLES `vtiger_pdfmaker_seq` WRITE;
/*!40000 ALTER TABLE `vtiger_pdfmaker_seq` DISABLE KEYS */;
INSERT INTO `vtiger_pdfmaker_seq` VALUES (4);
/*!40000 ALTER TABLE `vtiger_pdfmaker_seq` ENABLE KEYS */;
UNLOCK TABLES;

--
-- Table structure for table `vtiger_pdfmaker_settings`
--

DROP TABLE IF EXISTS `vtiger_pdfmaker_settings`;
/*!40101 SET @saved_cs_client     = @@character_set_client */;
/*!40101 SET character_set_client = utf8 */;
CREATE TABLE `vtiger_pdfmaker_settings` (
  `templateid` int(11) NOT NULL,
  `margin_top` decimal(12,1) DEFAULT NULL,
  `margin_bottom` decimal(12,1) DEFAULT NULL,
  `margin_left` decimal(12,1) DEFAULT NULL,
  `margin_right` decimal(12,1) DEFAULT NULL,
  `format` varchar(255) NOT NULL DEFAULT 'A4',
  `orientation` varchar(255) NOT NULL DEFAULT 'portrait',
  `decimals` tinyint(2) NOT NULL,
  `decimal_point` char(2) NOT NULL,
  `thousands_separator` char(2) NOT NULL,
  `header` text NOT NULL,
  `footer` text NOT NULL,
  `encoding` varchar(20) NOT NULL DEFAULT 'auto',
  `file_name` varchar(255) DEFAULT NULL,
  `is_portal` tinyint(1) NOT NULL DEFAULT '0',
  `is_listview` tinyint(1) NOT NULL DEFAULT '0',
  `owner` int(11) NOT NULL DEFAULT '1',
  `sharingtype` char(7) NOT NULL DEFAULT 'public',
  `disp_header` tinyint(1) NOT NULL DEFAULT '3',
  `disp_footer` tinyint(1) NOT NULL DEFAULT '7',
  PRIMARY KEY (`templateid`)
) ENGINE=InnoDB DEFAULT CHARSET=utf8;
/*!40101 SET character_set_client = @saved_cs_client */;

--
-- Dumping data for table `vtiger_pdfmaker_settings`
--

LOCK TABLES `vtiger_pdfmaker_settings` WRITE;
/*!40000 ALTER TABLE `vtiger_pdfmaker_settings` DISABLE KEYS */;
INSERT INTO `vtiger_pdfmaker_settings` VALUES (1,2.0,2.0,2.0,2.0,'A4','portrait',2,',','.','<html><head>	<title></title></head><body><table border=\"0\" cellpadding=\"0\" cellspacing=\"0\" class=\"header\" width=\"100%\"><tbody>		<tr><td align=\"left\" valign=\"top\">$COMPANY_LOGO$</td><td align=\"right\" nowrap=\"nowrap\" valign=\"top\"><h1><span style=\"color: rgb(0, 0, 0); font-family: Verdana; font-size: x-large; font-style: normal; font-variant-ligatures: normal; font-variant-caps: normal; font-weight: bold; letter-spacing: normal; orphans: 2; text-align: start; text-indent: 0px; text-transform: none; white-space: normal; widows: 2; word-spacing: 0px; -webkit-text-stroke-width: 0px; text-decoration-style: initial; text-decoration-color: initial; display: inline !important; float: none;\">%M_Invoice No% $INVOICE_INVOICE_NO$</span></h1></td></tr></tbody></table></body></html>','<html><head><title></title></head><body><p style=\"text-align: center;\"><span style=\"font-size:10px;\">$COMPANY_NAME$ <small>&bull; </small>$COMPANY_ADDRESS$ <small>&bull; </small> $COMPANY_ZIP$<small> </small>$COMPANY_CITY$<small> &bull; </small>$COMPANY_STATE$</span></p></body></html>','auto',NULL,0,0,1,'public',3,7),(2,2.0,2.0,2.0,2.0,'A4','portrait',2,',','','<html><head><title></title></head><body><table border=\"0\" cellpadding=\"0\" cellspacing=\"0\" class=\"header\" width=\"100%\"><tbody><tr><td align=\"left\" valign=\"top\">$COMPANY_LOGO$</td><td align=\"right\" nowrap=\"nowrap\" valign=\"top\"><h1><span style=\"color: rgb(0, 0, 0); font-family: Verdana; font-size: x-large; font-style: normal; font-variant-ligatures: normal; font-variant-caps: normal; font-weight: bold; letter-spacing: normal; orphans: 2; text-align: start; text-indent: 0px; text-transform: none; white-space: normal; widows: 2; word-spacing: 0px; -webkit-text-stroke-width: 0px; text-decoration-style: initial; text-decoration-color: initial; display: inline !important; float: none;\">%SALESORDER_SALESORDER_NO% $SALESORDER_SALESORDER_NO$</span></h1></td></tr></tbody></table></body></html>','<html><head><title></title></head><body><p style=\"text-align: center;\"><span style=\"font-size:10px;\">$COMPANY_NAME$ <small>&bull; </small>$COMPANY_ADDRESS$ <small>&bull; </small> $COMPANY_ZIP$<small> </small>$COMPANY_CITY$<small> &bull; </small>$COMPANY_STATE$</span></p></body></html>','auto',NULL,0,0,1,'public',3,7),(3,2.0,2.0,2.0,2.0,'A4','portrait',2,',','','<html><head><title></title></head><body><table border=\"0\" cellpadding=\"0\" cellspacing=\"0\" class=\"header\" width=\"100%\"><tbody><tr><td align=\"left\" valign=\"top\">$COMPANY_LOGO$</td><td align=\"right\" nowrap=\"nowrap\" valign=\"top\">	<h1><span style=\"color: rgb(0, 0, 0); font-family: Verdana; font-size: x-large; font-style: normal; font-variant-ligatures: normal; font-variant-caps: normal; font-weight: bold; letter-spacing: normal; orphans: 2; text-align: start; text-indent: 0px; text-transform: none; white-space: normal; widows: 2; word-spacing: 0px; -webkit-text-stroke-width: 0px; text-decoration-style: initial; text-decoration-color: initial; display: inline !important; float: none;\">%PURCHASEORDER_PURCHASEORDER_NO% $PURCHASEORDER_PURCHASEORDER_NO$</span></h1></td></tr></tbody></table></body></html>','<html><head><title></title></head><body><p style=\"text-align: center;\"><span style=\"font-size:10px;\">$COMPANY_NAME$ <small>&bull; </small>$COMPANY_ADDRESS$ <small>&bull; </small> $COMPANY_ZIP$<small> </small>$COMPANY_CITY$<small> &bull; </small>$COMPANY_STATE$</span></p></body></html>','auto',NULL,0,0,1,'public',3,7),(4,2.0,2.0,2.0,2.0,'A4','portrait',2,',','','<html><head>	<title></title></head><body><table border=\"0\" cellpadding=\"0\" cellspacing=\"0\" class=\"header\" width=\"100%\"><tbody>		<tr><td align=\"left\" valign=\"top\">$COMPANY_LOGO$</td><td align=\"right\" nowrap=\"nowrap\" valign=\"top\"><h1><span style=\"color: rgb(0, 0, 0); font-family: Verdana; font-size: x-large; font-style: normal; font-variant-ligatures: normal; font-variant-caps: normal; font-weight: bold; letter-spacing: normal; orphans: 2; text-align: start; text-indent: 0px; text-transform: none; white-space: normal; widows: 2; word-spacing: 0px; -webkit-text-stroke-width: 0px; text-decoration-style: initial; text-decoration-color: initial; display: inline !important; float: none;\">%M_Quote No% $QUOTES_QUOTE_NO$</span></h1></td></tr></tbody></table></body></html>','<html><head>	<title></title></head><body><p style=\"text-align: center;\"><span style=\"font-size:10px;\">$COMPANY_NAME$ <small>&bull; </small>$COMPANY_ADDRESS$ <small>&bull; </small> $COMPANY_ZIP$<small> </small>$COMPANY_CITY$<small> &bull; </small>$COMPANY_STATE$</span></p></body></html>','auto',NULL,0,0,1,'public',3,7);
/*!40000 ALTER TABLE `vtiger_pdfmaker_settings` ENABLE KEYS */;
UNLOCK TABLES;

--
-- Table structure for table `vtiger_picklist`
--

DROP TABLE IF EXISTS `vtiger_picklist`;
/*!40101 SET @saved_cs_client     = @@character_set_client */;
/*!40101 SET character_set_client = utf8 */;
CREATE TABLE `vtiger_picklist` (
  `picklistid` int(11) NOT NULL AUTO_INCREMENT,
  `name` varchar(200) NOT NULL,
  PRIMARY KEY (`picklistid`),
  UNIQUE KEY `picklist_name_idx` (`name`)
) ENGINE=InnoDB AUTO_INCREMENT=50 DEFAULT CHARSET=utf8;
/*!40101 SET character_set_client = @saved_cs_client */;

--
-- Dumping data for table `vtiger_picklist`
--

LOCK TABLES `vtiger_picklist` WRITE;
/*!40000 ALTER TABLE `vtiger_picklist` DISABLE KEYS */;
INSERT INTO `vtiger_picklist` VALUES (1,'accounttype'),(2,'activitytype'),(45,'assetstatus'),(3,'campaignstatus'),(4,'campaigntype'),(5,'carrier'),(35,'contract_priority'),(34,'contract_status'),(36,'contract_type'),(48,'defaultactivitytype'),(47,'defaulteventstatus'),(49,'defaultlandingpage'),(6,'eventstatus'),(7,'expectedresponse'),(8,'faqcategories'),(9,'faqstatus'),(10,'glacct'),(11,'industry'),(12,'invoicestatus'),(13,'leadsource'),(14,'leadstatus'),(15,'manufacturer'),(16,'opportunity_type'),(17,'postatus'),(18,'productcategory'),(44,'progress'),(37,'projectmilestonetype'),(43,'projectpriority'),(41,'projectstatus'),(39,'projecttaskpriority'),(40,'projecttaskprogress'),(46,'projecttaskstatus'),(38,'projecttasktype'),(42,'projecttype'),(19,'quotestage'),(20,'rating'),(21,'sales_stage'),(22,'salutationtype'),(32,'servicecategory'),(31,'service_usageunit'),(23,'sostatus'),(24,'taskpriority'),(25,'taskstatus'),(26,'ticketcategories'),(27,'ticketpriorities'),(28,'ticketseverities'),(29,'ticketstatus'),(33,'tracking_unit'),(30,'usageunit');
/*!40000 ALTER TABLE `vtiger_picklist` ENABLE KEYS */;
UNLOCK TABLES;

--
-- Table structure for table `vtiger_picklist_dependency`
--

DROP TABLE IF EXISTS `vtiger_picklist_dependency`;
/*!40101 SET @saved_cs_client     = @@character_set_client */;
/*!40101 SET character_set_client = utf8 */;
CREATE TABLE `vtiger_picklist_dependency` (
  `id` int(11) NOT NULL,
  `tabid` int(19) NOT NULL,
  `sourcefield` varchar(255) DEFAULT NULL,
  `targetfield` varchar(255) DEFAULT NULL,
  `sourcevalue` varchar(100) DEFAULT NULL,
  `targetvalues` text,
  `criteria` text,
  PRIMARY KEY (`id`)
) ENGINE=InnoDB DEFAULT CHARSET=utf8;
/*!40101 SET character_set_client = @saved_cs_client */;

--
-- Dumping data for table `vtiger_picklist_dependency`
--

LOCK TABLES `vtiger_picklist_dependency` WRITE;
/*!40000 ALTER TABLE `vtiger_picklist_dependency` DISABLE KEYS */;
/*!40000 ALTER TABLE `vtiger_picklist_dependency` ENABLE KEYS */;
UNLOCK TABLES;

--
-- Table structure for table `vtiger_picklist_dependency_seq`
--

DROP TABLE IF EXISTS `vtiger_picklist_dependency_seq`;
/*!40101 SET @saved_cs_client     = @@character_set_client */;
/*!40101 SET character_set_client = utf8 */;
CREATE TABLE `vtiger_picklist_dependency_seq` (
  `id` int(11) NOT NULL
) ENGINE=InnoDB DEFAULT CHARSET=utf8;
/*!40101 SET character_set_client = @saved_cs_client */;

--
-- Dumping data for table `vtiger_picklist_dependency_seq`
--

LOCK TABLES `vtiger_picklist_dependency_seq` WRITE;
/*!40000 ALTER TABLE `vtiger_picklist_dependency_seq` DISABLE KEYS */;
INSERT INTO `vtiger_picklist_dependency_seq` VALUES (6);
/*!40000 ALTER TABLE `vtiger_picklist_dependency_seq` ENABLE KEYS */;
UNLOCK TABLES;

--
-- Table structure for table `vtiger_picklist_seq`
--

DROP TABLE IF EXISTS `vtiger_picklist_seq`;
/*!40101 SET @saved_cs_client     = @@character_set_client */;
/*!40101 SET character_set_client = utf8 */;
CREATE TABLE `vtiger_picklist_seq` (
  `id` int(11) NOT NULL
) ENGINE=InnoDB DEFAULT CHARSET=utf8;
/*!40101 SET character_set_client = @saved_cs_client */;

--
-- Dumping data for table `vtiger_picklist_seq`
--

LOCK TABLES `vtiger_picklist_seq` WRITE;
/*!40000 ALTER TABLE `vtiger_picklist_seq` DISABLE KEYS */;
INSERT INTO `vtiger_picklist_seq` VALUES (49);
/*!40000 ALTER TABLE `vtiger_picklist_seq` ENABLE KEYS */;
UNLOCK TABLES;

--
-- Table structure for table `vtiger_picklist_transitions`
--

DROP TABLE IF EXISTS `vtiger_picklist_transitions`;
/*!40101 SET @saved_cs_client     = @@character_set_client */;
/*!40101 SET character_set_client = utf8 */;
CREATE TABLE `vtiger_picklist_transitions` (
  `fieldname` varchar(255) NOT NULL,
  `module` varchar(100) NOT NULL,
  `transition_data` varchar(1000) NOT NULL,
  PRIMARY KEY (`fieldname`)
) ENGINE=InnoDB DEFAULT CHARSET=utf8;
/*!40101 SET character_set_client = @saved_cs_client */;

--
-- Dumping data for table `vtiger_picklist_transitions`
--

LOCK TABLES `vtiger_picklist_transitions` WRITE;
/*!40000 ALTER TABLE `vtiger_picklist_transitions` DISABLE KEYS */;
/*!40000 ALTER TABLE `vtiger_picklist_transitions` ENABLE KEYS */;
UNLOCK TABLES;

--
-- Table structure for table `vtiger_picklistvalues_seq`
--

DROP TABLE IF EXISTS `vtiger_picklistvalues_seq`;
/*!40101 SET @saved_cs_client     = @@character_set_client */;
/*!40101 SET character_set_client = utf8 */;
CREATE TABLE `vtiger_picklistvalues_seq` (
  `id` int(11) NOT NULL
) ENGINE=InnoDB DEFAULT CHARSET=utf8;
/*!40101 SET character_set_client = @saved_cs_client */;

--
-- Dumping data for table `vtiger_picklistvalues_seq`
--

LOCK TABLES `vtiger_picklistvalues_seq` WRITE;
/*!40000 ALTER TABLE `vtiger_picklistvalues_seq` DISABLE KEYS */;
INSERT INTO `vtiger_picklistvalues_seq` VALUES (309);
/*!40000 ALTER TABLE `vtiger_picklistvalues_seq` ENABLE KEYS */;
UNLOCK TABLES;

--
-- Table structure for table `vtiger_pobillads`
--

DROP TABLE IF EXISTS `vtiger_pobillads`;
/*!40101 SET @saved_cs_client     = @@character_set_client */;
/*!40101 SET character_set_client = utf8 */;
CREATE TABLE `vtiger_pobillads` (
  `pobilladdressid` int(19) NOT NULL DEFAULT '0',
  `bill_city` varchar(30) DEFAULT NULL,
  `bill_code` varchar(30) DEFAULT NULL,
  `bill_country` varchar(30) DEFAULT NULL,
  `bill_state` varchar(30) DEFAULT NULL,
  `bill_street` varchar(250) DEFAULT NULL,
  `bill_pobox` varchar(30) DEFAULT NULL,
  PRIMARY KEY (`pobilladdressid`),
  CONSTRAINT `fk_1_vtiger_pobillads` FOREIGN KEY (`pobilladdressid`) REFERENCES `vtiger_purchaseorder` (`purchaseorderid`) ON DELETE CASCADE
) ENGINE=InnoDB DEFAULT CHARSET=utf8;
/*!40101 SET character_set_client = @saved_cs_client */;

--
-- Dumping data for table `vtiger_pobillads`
--

LOCK TABLES `vtiger_pobillads` WRITE;
/*!40000 ALTER TABLE `vtiger_pobillads` DISABLE KEYS */;
/*!40000 ALTER TABLE `vtiger_pobillads` ENABLE KEYS */;
UNLOCK TABLES;

--
-- Table structure for table `vtiger_portal`
--

DROP TABLE IF EXISTS `vtiger_portal`;
/*!40101 SET @saved_cs_client     = @@character_set_client */;
/*!40101 SET character_set_client = utf8 */;
CREATE TABLE `vtiger_portal` (
  `portalid` int(19) NOT NULL,
  `portalname` varchar(200) NOT NULL,
  `portalurl` varchar(255) NOT NULL,
  `sequence` int(3) NOT NULL,
  `setdefault` int(3) NOT NULL DEFAULT '0',
  `createdtime` datetime DEFAULT NULL,
  PRIMARY KEY (`portalid`),
  KEY `portal_portalname_idx` (`portalname`)
) ENGINE=InnoDB DEFAULT CHARSET=utf8;
/*!40101 SET character_set_client = @saved_cs_client */;

--
-- Dumping data for table `vtiger_portal`
--

LOCK TABLES `vtiger_portal` WRITE;
/*!40000 ALTER TABLE `vtiger_portal` DISABLE KEYS */;
INSERT INTO `vtiger_portal` VALUES (1,'EME','https://mediosefectivos.co/',0,0,'2021-09-03 14:11:48'),(2,'DE TU PIEL','https://detupiel.co/',0,0,'2022-01-21 20:49:25');
/*!40000 ALTER TABLE `vtiger_portal` ENABLE KEYS */;
UNLOCK TABLES;

--
-- Table structure for table `vtiger_portal_seq`
--

DROP TABLE IF EXISTS `vtiger_portal_seq`;
/*!40101 SET @saved_cs_client     = @@character_set_client */;
/*!40101 SET character_set_client = utf8 */;
CREATE TABLE `vtiger_portal_seq` (
  `id` int(11) NOT NULL
) ENGINE=InnoDB DEFAULT CHARSET=utf8;
/*!40101 SET character_set_client = @saved_cs_client */;

--
-- Dumping data for table `vtiger_portal_seq`
--

LOCK TABLES `vtiger_portal_seq` WRITE;
/*!40000 ALTER TABLE `vtiger_portal_seq` DISABLE KEYS */;
INSERT INTO `vtiger_portal_seq` VALUES (2);
/*!40000 ALTER TABLE `vtiger_portal_seq` ENABLE KEYS */;
UNLOCK TABLES;

--
-- Table structure for table `vtiger_portalinfo`
--

DROP TABLE IF EXISTS `vtiger_portalinfo`;
/*!40101 SET @saved_cs_client     = @@character_set_client */;
/*!40101 SET character_set_client = utf8 */;
CREATE TABLE `vtiger_portalinfo` (
  `id` int(11) NOT NULL,
  `user_name` varchar(50) DEFAULT NULL,
  `user_password` varchar(255) DEFAULT NULL,
  `type` varchar(5) DEFAULT NULL,
  `cryptmode` varchar(20) DEFAULT NULL,
  `last_login_time` datetime DEFAULT NULL,
  `login_time` datetime DEFAULT NULL,
  `logout_time` datetime DEFAULT NULL,
  `isactive` int(1) DEFAULT NULL,
  PRIMARY KEY (`id`),
  CONSTRAINT `fk_1_vtiger_portalinfo` FOREIGN KEY (`id`) REFERENCES `vtiger_contactdetails` (`contactid`) ON DELETE CASCADE
) ENGINE=InnoDB DEFAULT CHARSET=utf8;
/*!40101 SET character_set_client = @saved_cs_client */;

--
-- Dumping data for table `vtiger_portalinfo`
--

LOCK TABLES `vtiger_portalinfo` WRITE;
/*!40000 ALTER TABLE `vtiger_portalinfo` DISABLE KEYS */;
/*!40000 ALTER TABLE `vtiger_portalinfo` ENABLE KEYS */;
UNLOCK TABLES;

--
-- Table structure for table `vtiger_poshipads`
--

DROP TABLE IF EXISTS `vtiger_poshipads`;
/*!40101 SET @saved_cs_client     = @@character_set_client */;
/*!40101 SET character_set_client = utf8 */;
CREATE TABLE `vtiger_poshipads` (
  `poshipaddressid` int(19) NOT NULL DEFAULT '0',
  `ship_city` varchar(30) DEFAULT NULL,
  `ship_code` varchar(30) DEFAULT NULL,
  `ship_country` varchar(30) DEFAULT NULL,
  `ship_state` varchar(30) DEFAULT NULL,
  `ship_street` varchar(250) DEFAULT NULL,
  `ship_pobox` varchar(30) DEFAULT NULL,
  PRIMARY KEY (`poshipaddressid`),
  CONSTRAINT `fk_1_vtiger_poshipads` FOREIGN KEY (`poshipaddressid`) REFERENCES `vtiger_purchaseorder` (`purchaseorderid`) ON DELETE CASCADE
) ENGINE=InnoDB DEFAULT CHARSET=utf8;
/*!40101 SET character_set_client = @saved_cs_client */;

--
-- Dumping data for table `vtiger_poshipads`
--

LOCK TABLES `vtiger_poshipads` WRITE;
/*!40000 ALTER TABLE `vtiger_poshipads` DISABLE KEYS */;
/*!40000 ALTER TABLE `vtiger_poshipads` ENABLE KEYS */;
UNLOCK TABLES;

--
-- Table structure for table `vtiger_postatus`
--

DROP TABLE IF EXISTS `vtiger_postatus`;
/*!40101 SET @saved_cs_client     = @@character_set_client */;
/*!40101 SET character_set_client = utf8 */;
CREATE TABLE `vtiger_postatus` (
  `postatusid` int(19) NOT NULL AUTO_INCREMENT,
  `postatus` varchar(200) NOT NULL,
  `presence` int(1) NOT NULL DEFAULT '1',
  `picklist_valueid` int(19) NOT NULL DEFAULT '0',
  `sortorderid` int(11) DEFAULT NULL,
  `color` varchar(10) DEFAULT NULL,
  PRIMARY KEY (`postatusid`),
  UNIQUE KEY `postatus_postatus_idx` (`postatus`)
) ENGINE=InnoDB AUTO_INCREMENT=6 DEFAULT CHARSET=utf8;
/*!40101 SET character_set_client = @saved_cs_client */;

--
-- Dumping data for table `vtiger_postatus`
--

LOCK TABLES `vtiger_postatus` WRITE;
/*!40000 ALTER TABLE `vtiger_postatus` DISABLE KEYS */;
INSERT INTO `vtiger_postatus` VALUES (1,'Created',0,130,0,NULL),(2,'Approved',0,131,1,NULL),(3,'Delivered',0,132,2,NULL),(4,'Cancelled',0,133,3,NULL),(5,'Received Shipment',0,134,4,NULL);
/*!40000 ALTER TABLE `vtiger_postatus` ENABLE KEYS */;
UNLOCK TABLES;

--
-- Table structure for table `vtiger_postatus_seq`
--

DROP TABLE IF EXISTS `vtiger_postatus_seq`;
/*!40101 SET @saved_cs_client     = @@character_set_client */;
/*!40101 SET character_set_client = utf8 */;
CREATE TABLE `vtiger_postatus_seq` (
  `id` int(11) NOT NULL
) ENGINE=InnoDB DEFAULT CHARSET=utf8;
/*!40101 SET character_set_client = @saved_cs_client */;

--
-- Dumping data for table `vtiger_postatus_seq`
--

LOCK TABLES `vtiger_postatus_seq` WRITE;
/*!40000 ALTER TABLE `vtiger_postatus_seq` DISABLE KEYS */;
INSERT INTO `vtiger_postatus_seq` VALUES (5);
/*!40000 ALTER TABLE `vtiger_postatus_seq` ENABLE KEYS */;
UNLOCK TABLES;

--
-- Table structure for table `vtiger_postatushistory`
--

DROP TABLE IF EXISTS `vtiger_postatushistory`;
/*!40101 SET @saved_cs_client     = @@character_set_client */;
/*!40101 SET character_set_client = utf8 */;
CREATE TABLE `vtiger_postatushistory` (
  `historyid` int(19) NOT NULL AUTO_INCREMENT,
  `purchaseorderid` int(19) NOT NULL,
  `vendorname` varchar(100) DEFAULT NULL,
  `total` decimal(10,0) DEFAULT NULL,
  `postatus` varchar(200) DEFAULT NULL,
  `lastmodified` datetime DEFAULT NULL,
  PRIMARY KEY (`historyid`),
  KEY `postatushistory_purchaseorderid_idx` (`purchaseorderid`),
  CONSTRAINT `fk_1_vtiger_postatushistory` FOREIGN KEY (`purchaseorderid`) REFERENCES `vtiger_purchaseorder` (`purchaseorderid`) ON DELETE CASCADE
) ENGINE=InnoDB DEFAULT CHARSET=utf8;
/*!40101 SET character_set_client = @saved_cs_client */;

--
-- Dumping data for table `vtiger_postatushistory`
--

LOCK TABLES `vtiger_postatushistory` WRITE;
/*!40000 ALTER TABLE `vtiger_postatushistory` DISABLE KEYS */;
/*!40000 ALTER TABLE `vtiger_postatushistory` ENABLE KEYS */;
UNLOCK TABLES;

--
-- Table structure for table `vtiger_potential`
--

DROP TABLE IF EXISTS `vtiger_potential`;
/*!40101 SET @saved_cs_client     = @@character_set_client */;
/*!40101 SET character_set_client = utf8 */;
CREATE TABLE `vtiger_potential` (
  `potentialid` int(19) NOT NULL DEFAULT '0',
  `potential_no` varchar(100) NOT NULL,
  `related_to` int(19) DEFAULT NULL,
  `potentialname` varchar(120) NOT NULL,
  `amount` decimal(25,8) DEFAULT NULL,
  `currency` varchar(20) DEFAULT NULL,
  `closingdate` date DEFAULT NULL,
  `typeofrevenue` varchar(50) DEFAULT NULL,
  `nextstep` varchar(100) DEFAULT NULL,
  `private` int(1) DEFAULT '0',
  `probability` decimal(7,3) DEFAULT '0.000',
  `campaignid` int(19) DEFAULT NULL,
  `sales_stage` varchar(200) DEFAULT NULL,
  `potentialtype` varchar(200) DEFAULT NULL,
  `leadsource` varchar(200) DEFAULT NULL,
  `productid` int(50) DEFAULT NULL,
  `productversion` varchar(50) DEFAULT NULL,
  `quotationref` varchar(50) DEFAULT NULL,
  `partnercontact` varchar(50) DEFAULT NULL,
  `remarks` varchar(50) DEFAULT NULL,
  `runtimefee` int(19) DEFAULT '0',
  `followupdate` date DEFAULT NULL,
  `evaluationstatus` varchar(50) DEFAULT NULL,
  `description` text,
  `forecastcategory` int(19) DEFAULT '0',
  `outcomeanalysis` int(19) DEFAULT '0',
  `forecast_amount` decimal(25,8) DEFAULT NULL,
  `isconvertedfromlead` varchar(3) DEFAULT '0',
  `contact_id` int(19) DEFAULT NULL,
  `tags` varchar(1) DEFAULT NULL,
  `converted` int(1) NOT NULL DEFAULT '0',
  PRIMARY KEY (`potentialid`),
  KEY `potential_relatedto_idx` (`related_to`),
  KEY `potentail_sales_stage_idx` (`sales_stage`),
  KEY `potentail_sales_stage_amount_idx` (`amount`,`sales_stage`),
  CONSTRAINT `fk_1_vtiger_potential` FOREIGN KEY (`potentialid`) REFERENCES `vtiger_crmentity` (`crmid`) ON DELETE CASCADE
) ENGINE=InnoDB DEFAULT CHARSET=utf8;
/*!40101 SET character_set_client = @saved_cs_client */;

--
-- Dumping data for table `vtiger_potential`
--

LOCK TABLES `vtiger_potential` WRITE;
/*!40000 ALTER TABLE `vtiger_potential` DISABLE KEYS */;
/*!40000 ALTER TABLE `vtiger_potential` ENABLE KEYS */;
UNLOCK TABLES;

--
-- Table structure for table `vtiger_potentialscf`
--

DROP TABLE IF EXISTS `vtiger_potentialscf`;
/*!40101 SET @saved_cs_client     = @@character_set_client */;
/*!40101 SET character_set_client = utf8 */;
CREATE TABLE `vtiger_potentialscf` (
  `potentialid` int(19) NOT NULL DEFAULT '0',
  PRIMARY KEY (`potentialid`),
  CONSTRAINT `fk_1_vtiger_potentialscf` FOREIGN KEY (`potentialid`) REFERENCES `vtiger_potential` (`potentialid`) ON DELETE CASCADE
) ENGINE=InnoDB DEFAULT CHARSET=utf8;
/*!40101 SET character_set_client = @saved_cs_client */;

--
-- Dumping data for table `vtiger_potentialscf`
--

LOCK TABLES `vtiger_potentialscf` WRITE;
/*!40000 ALTER TABLE `vtiger_potentialscf` DISABLE KEYS */;
/*!40000 ALTER TABLE `vtiger_potentialscf` ENABLE KEYS */;
UNLOCK TABLES;

--
-- Table structure for table `vtiger_potstagehistory`
--

DROP TABLE IF EXISTS `vtiger_potstagehistory`;
/*!40101 SET @saved_cs_client     = @@character_set_client */;
/*!40101 SET character_set_client = utf8 */;
CREATE TABLE `vtiger_potstagehistory` (
  `historyid` int(19) NOT NULL AUTO_INCREMENT,
  `potentialid` int(19) NOT NULL,
  `amount` decimal(10,0) DEFAULT NULL,
  `stage` varchar(100) DEFAULT NULL,
  `probability` decimal(7,3) DEFAULT NULL,
  `expectedrevenue` decimal(10,0) DEFAULT NULL,
  `closedate` date DEFAULT NULL,
  `lastmodified` datetime DEFAULT NULL,
  PRIMARY KEY (`historyid`),
  KEY `potstagehistory_potentialid_idx` (`potentialid`),
  CONSTRAINT `fk_1_vtiger_potstagehistory` FOREIGN KEY (`potentialid`) REFERENCES `vtiger_potential` (`potentialid`) ON DELETE CASCADE
) ENGINE=InnoDB DEFAULT CHARSET=utf8;
/*!40101 SET character_set_client = @saved_cs_client */;

--
-- Dumping data for table `vtiger_potstagehistory`
--

LOCK TABLES `vtiger_potstagehistory` WRITE;
/*!40000 ALTER TABLE `vtiger_potstagehistory` DISABLE KEYS */;
/*!40000 ALTER TABLE `vtiger_potstagehistory` ENABLE KEYS */;
UNLOCK TABLES;

--
-- Table structure for table `vtiger_pricebook`
--

DROP TABLE IF EXISTS `vtiger_pricebook`;
/*!40101 SET @saved_cs_client     = @@character_set_client */;
/*!40101 SET character_set_client = utf8 */;
CREATE TABLE `vtiger_pricebook` (
  `pricebookid` int(19) NOT NULL DEFAULT '0',
  `pricebook_no` varchar(100) NOT NULL,
  `bookname` varchar(100) DEFAULT NULL,
  `active` int(1) DEFAULT NULL,
  `currency_id` int(19) NOT NULL DEFAULT '1',
  `tags` varchar(1) DEFAULT NULL,
  PRIMARY KEY (`pricebookid`),
  CONSTRAINT `fk_1_vtiger_pricebook` FOREIGN KEY (`pricebookid`) REFERENCES `vtiger_crmentity` (`crmid`) ON DELETE CASCADE
) ENGINE=InnoDB DEFAULT CHARSET=utf8;
/*!40101 SET character_set_client = @saved_cs_client */;

--
-- Dumping data for table `vtiger_pricebook`
--

LOCK TABLES `vtiger_pricebook` WRITE;
/*!40000 ALTER TABLE `vtiger_pricebook` DISABLE KEYS */;
INSERT INTO `vtiger_pricebook` VALUES (1144,'PB1','General',1,1,''),(1145,'PB2','Promocin 1 2022',1,1,'');
/*!40000 ALTER TABLE `vtiger_pricebook` ENABLE KEYS */;
UNLOCK TABLES;

--
-- Table structure for table `vtiger_pricebookcf`
--

DROP TABLE IF EXISTS `vtiger_pricebookcf`;
/*!40101 SET @saved_cs_client     = @@character_set_client */;
/*!40101 SET character_set_client = utf8 */;
CREATE TABLE `vtiger_pricebookcf` (
  `pricebookid` int(19) NOT NULL DEFAULT '0',
  PRIMARY KEY (`pricebookid`),
  CONSTRAINT `fk_1_vtiger_pricebookcf` FOREIGN KEY (`pricebookid`) REFERENCES `vtiger_pricebook` (`pricebookid`) ON DELETE CASCADE
) ENGINE=InnoDB DEFAULT CHARSET=utf8;
/*!40101 SET character_set_client = @saved_cs_client */;

--
-- Dumping data for table `vtiger_pricebookcf`
--

LOCK TABLES `vtiger_pricebookcf` WRITE;
/*!40000 ALTER TABLE `vtiger_pricebookcf` DISABLE KEYS */;
INSERT INTO `vtiger_pricebookcf` VALUES (1144),(1145);
/*!40000 ALTER TABLE `vtiger_pricebookcf` ENABLE KEYS */;
UNLOCK TABLES;

--
-- Table structure for table `vtiger_pricebookproductrel`
--

DROP TABLE IF EXISTS `vtiger_pricebookproductrel`;
/*!40101 SET @saved_cs_client     = @@character_set_client */;
/*!40101 SET character_set_client = utf8 */;
CREATE TABLE `vtiger_pricebookproductrel` (
  `pricebookid` int(19) NOT NULL,
  `productid` int(19) NOT NULL,
  `listprice` decimal(27,8) DEFAULT NULL,
  `usedcurrency` int(11) NOT NULL DEFAULT '1',
  PRIMARY KEY (`pricebookid`,`productid`),
  KEY `pricebookproductrel_pricebookid_idx` (`pricebookid`),
  KEY `pricebookproductrel_productid_idx` (`productid`),
  CONSTRAINT `fk_1_vtiger_pricebookproductrel` FOREIGN KEY (`pricebookid`) REFERENCES `vtiger_pricebook` (`pricebookid`) ON DELETE CASCADE
) ENGINE=InnoDB DEFAULT CHARSET=utf8;
/*!40101 SET character_set_client = @saved_cs_client */;

--
-- Dumping data for table `vtiger_pricebookproductrel`
--

LOCK TABLES `vtiger_pricebookproductrel` WRITE;
/*!40000 ALTER TABLE `vtiger_pricebookproductrel` DISABLE KEYS */;
INSERT INTO `vtiger_pricebookproductrel` VALUES (1144,14,60000.00000000,1),(1144,15,55000.00000000,1),(1144,16,25000.00000000,1),(1144,17,60000.00000000,1),(1144,18,115000.00000000,1),(1144,19,200000.00000000,1),(1144,20,80000.00000000,1),(1144,21,85000.00000000,1),(1144,1142,20000.00000000,1),(1144,1143,45000.00000000,1),(1145,18,98000.00000000,1),(1145,19,176000.00000000,1),(1145,21,72500.00000000,1);
/*!40000 ALTER TABLE `vtiger_pricebookproductrel` ENABLE KEYS */;
UNLOCK TABLES;

--
-- Table structure for table `vtiger_priority`
--

DROP TABLE IF EXISTS `vtiger_priority`;
/*!40101 SET @saved_cs_client     = @@character_set_client */;
/*!40101 SET character_set_client = utf8 */;
CREATE TABLE `vtiger_priority` (
  `priorityid` int(19) NOT NULL AUTO_INCREMENT,
  `priority` varchar(200) NOT NULL,
  `sortorderid` int(19) NOT NULL DEFAULT '0',
  `presence` int(1) NOT NULL DEFAULT '1',
  PRIMARY KEY (`priorityid`),
  UNIQUE KEY `priority_priority_idx` (`priority`)
) ENGINE=InnoDB DEFAULT CHARSET=utf8;
/*!40101 SET character_set_client = @saved_cs_client */;

--
-- Dumping data for table `vtiger_priority`
--

LOCK TABLES `vtiger_priority` WRITE;
/*!40000 ALTER TABLE `vtiger_priority` DISABLE KEYS */;
/*!40000 ALTER TABLE `vtiger_priority` ENABLE KEYS */;
UNLOCK TABLES;

--
-- Table structure for table `vtiger_productcategory`
--

DROP TABLE IF EXISTS `vtiger_productcategory`;
/*!40101 SET @saved_cs_client     = @@character_set_client */;
/*!40101 SET character_set_client = utf8 */;
CREATE TABLE `vtiger_productcategory` (
  `productcategoryid` int(19) NOT NULL AUTO_INCREMENT,
  `productcategory` varchar(200) NOT NULL,
  `presence` int(1) NOT NULL DEFAULT '1',
  `picklist_valueid` int(19) NOT NULL DEFAULT '0',
  `sortorderid` int(11) DEFAULT NULL,
  `color` varchar(10) DEFAULT NULL,
  PRIMARY KEY (`productcategoryid`),
  UNIQUE KEY `productcategory_productcategory_idx` (`productcategory`)
) ENGINE=InnoDB AUTO_INCREMENT=4 DEFAULT CHARSET=utf8;
/*!40101 SET character_set_client = @saved_cs_client */;

--
-- Dumping data for table `vtiger_productcategory`
--

LOCK TABLES `vtiger_productcategory` WRITE;
/*!40000 ALTER TABLE `vtiger_productcategory` DISABLE KEYS */;
INSERT INTO `vtiger_productcategory` VALUES (2,'Kit',1,136,1,'#ffffff'),(3,'Producto',1,137,2,'#ffffff');
/*!40000 ALTER TABLE `vtiger_productcategory` ENABLE KEYS */;
UNLOCK TABLES;

--
-- Table structure for table `vtiger_productcategory_seq`
--

DROP TABLE IF EXISTS `vtiger_productcategory_seq`;
/*!40101 SET @saved_cs_client     = @@character_set_client */;
/*!40101 SET character_set_client = utf8 */;
CREATE TABLE `vtiger_productcategory_seq` (
  `id` int(11) NOT NULL
) ENGINE=InnoDB DEFAULT CHARSET=utf8;
/*!40101 SET character_set_client = @saved_cs_client */;

--
-- Dumping data for table `vtiger_productcategory_seq`
--

LOCK TABLES `vtiger_productcategory_seq` WRITE;
/*!40000 ALTER TABLE `vtiger_productcategory_seq` DISABLE KEYS */;
INSERT INTO `vtiger_productcategory_seq` VALUES (4);
/*!40000 ALTER TABLE `vtiger_productcategory_seq` ENABLE KEYS */;
UNLOCK TABLES;

--
-- Table structure for table `vtiger_productcf`
--

DROP TABLE IF EXISTS `vtiger_productcf`;
/*!40101 SET @saved_cs_client     = @@character_set_client */;
/*!40101 SET character_set_client = utf8 */;
CREATE TABLE `vtiger_productcf` (
  `productid` int(19) NOT NULL DEFAULT '0',
  PRIMARY KEY (`productid`),
  CONSTRAINT `fk_1_vtiger_productcf` FOREIGN KEY (`productid`) REFERENCES `vtiger_products` (`productid`) ON DELETE CASCADE
) ENGINE=InnoDB DEFAULT CHARSET=utf8;
/*!40101 SET character_set_client = @saved_cs_client */;

--
-- Dumping data for table `vtiger_productcf`
--

LOCK TABLES `vtiger_productcf` WRITE;
/*!40000 ALTER TABLE `vtiger_productcf` DISABLE KEYS */;
INSERT INTO `vtiger_productcf` VALUES (14),(15),(16),(17),(18),(19),(20),(21),(1142),(1143);
/*!40000 ALTER TABLE `vtiger_productcf` ENABLE KEYS */;
UNLOCK TABLES;

--
-- Table structure for table `vtiger_productcurrencyrel`
--

DROP TABLE IF EXISTS `vtiger_productcurrencyrel`;
/*!40101 SET @saved_cs_client     = @@character_set_client */;
/*!40101 SET character_set_client = utf8 */;
CREATE TABLE `vtiger_productcurrencyrel` (
  `productid` int(11) NOT NULL,
  `currencyid` int(11) NOT NULL,
  `converted_price` decimal(28,8) DEFAULT NULL,
  `actual_price` decimal(28,8) DEFAULT NULL
) ENGINE=InnoDB DEFAULT CHARSET=utf8;
/*!40101 SET character_set_client = @saved_cs_client */;

--
-- Dumping data for table `vtiger_productcurrencyrel`
--

LOCK TABLES `vtiger_productcurrencyrel` WRITE;
/*!40000 ALTER TABLE `vtiger_productcurrencyrel` DISABLE KEYS */;
INSERT INTO `vtiger_productcurrencyrel` VALUES (14,1,60000.00000000,60000.00000000),(15,1,55000.00000000,55000.00000000),(17,1,60000.00000000,60000.00000000),(20,1,80000.00000000,80000.00000000),(19,1,200000.00000000,200000.00000000),(1142,1,20000.00000000,20000.00000000),(16,1,25000.00000000,25000.00000000),(1143,1,45000.00000000,45000.00000000),(21,1,85000.00000000,85000.00000000),(18,1,120000.00000000,120000.00000000);
/*!40000 ALTER TABLE `vtiger_productcurrencyrel` ENABLE KEYS */;
UNLOCK TABLES;

--
-- Table structure for table `vtiger_products`
--

DROP TABLE IF EXISTS `vtiger_products`;
/*!40101 SET @saved_cs_client     = @@character_set_client */;
/*!40101 SET character_set_client = utf8 */;
CREATE TABLE `vtiger_products` (
  `productid` int(11) NOT NULL,
  `product_no` varchar(100) NOT NULL,
  `productname` varchar(100) DEFAULT NULL,
  `productcode` varchar(40) DEFAULT NULL,
  `productcategory` varchar(200) DEFAULT NULL,
  `manufacturer` varchar(200) DEFAULT NULL,
  `qty_per_unit` decimal(11,2) DEFAULT '0.00',
  `unit_price` decimal(25,8) DEFAULT NULL,
  `weight` decimal(11,3) DEFAULT NULL,
  `pack_size` int(11) DEFAULT NULL,
  `sales_start_date` date DEFAULT NULL,
  `sales_end_date` date DEFAULT NULL,
  `start_date` date DEFAULT NULL,
  `expiry_date` date DEFAULT NULL,
  `cost_factor` int(11) DEFAULT NULL,
  `commissionrate` decimal(7,3) DEFAULT NULL,
  `commissionmethod` varchar(50) DEFAULT NULL,
  `discontinued` int(1) NOT NULL DEFAULT '0',
  `usageunit` varchar(200) DEFAULT NULL,
  `reorderlevel` int(11) DEFAULT NULL,
  `website` varchar(100) DEFAULT NULL,
  `taxclass` varchar(200) DEFAULT NULL,
  `mfr_part_no` varchar(200) DEFAULT NULL,
  `vendor_part_no` varchar(200) DEFAULT NULL,
  `serialno` varchar(200) DEFAULT NULL,
  `qtyinstock` decimal(25,3) DEFAULT NULL,
  `productsheet` varchar(200) DEFAULT NULL,
  `qtyindemand` int(11) DEFAULT NULL,
  `glacct` varchar(200) DEFAULT NULL,
  `vendor_id` int(11) DEFAULT NULL,
  `imagename` text,
  `currency_id` int(19) NOT NULL DEFAULT '1',
  `is_subproducts_viewable` int(1) DEFAULT '1',
  `purchase_cost` decimal(27,8) DEFAULT NULL,
  `tags` varchar(1) DEFAULT NULL,
  PRIMARY KEY (`productid`),
  CONSTRAINT `fk_1_vtiger_products` FOREIGN KEY (`productid`) REFERENCES `vtiger_crmentity` (`crmid`) ON DELETE CASCADE
) ENGINE=InnoDB DEFAULT CHARSET=utf8;
/*!40101 SET character_set_client = @saved_cs_client */;

--
-- Dumping data for table `vtiger_products`
--

LOCK TABLES `vtiger_products` WRITE;
/*!40000 ALTER TABLE `vtiger_products` DISABLE KEYS */;
INSERT INTO `vtiger_products` VALUES (14,'PRO1','Srum Intensivo de la Noche','','Producto','',0.00,60000.00000000,NULL,NULL,NULL,NULL,NULL,NULL,NULL,0.000,NULL,1,'Each',0,'','','','','',10.000,'',0,'',0,'',1,1,0.00000000,''),(15,'PRO2','Srum de Vitamina C','','Producto','',0.00,55000.00000000,NULL,NULL,NULL,NULL,NULL,NULL,NULL,0.000,NULL,1,'Each',0,'','','','','',13.000,'',0,'',0,'',1,1,0.00000000,''),(16,'PRO3','Gel Limpiador','','Producto','',0.00,25000.00000000,NULL,NULL,NULL,NULL,NULL,NULL,NULL,0.000,NULL,1,'Each',0,'','','','','',0.000,'',0,'',0,'',1,1,0.00000000,''),(17,'PRO4','Contorno de Ojos (cido Hialurnico)','','Producto','',0.00,60000.00000000,NULL,NULL,NULL,NULL,NULL,NULL,NULL,0.000,NULL,1,'Each',0,'','','','','',0.000,'',0,'',0,'',1,1,0.00000000,''),(18,'PRO5','Duo Glow','','Kit','',0.00,120000.00000000,NULL,NULL,NULL,NULL,NULL,NULL,NULL,0.000,NULL,1,'Pack',0,'','','','','',11.000,'',0,'',0,'',1,1,0.00000000,''),(19,'PRO6','Blue Box','','Kit','',0.00,200000.00000000,NULL,NULL,NULL,NULL,NULL,NULL,NULL,0.000,NULL,1,'Pack',0,'','','','','',12.000,'',0,'',0,'',1,1,0.00000000,''),(20,'PRO7','Pantalla Solar en Gel','','Producto','',0.00,80000.00000000,NULL,NULL,NULL,NULL,NULL,NULL,NULL,0.000,NULL,0,'Each',0,'','','','','',0.000,'',0,'',0,'',1,1,0.00000000,''),(21,'PRO8','Kit Control Grasa y Acne','','Kit','',0.00,85000.00000000,NULL,NULL,NULL,NULL,NULL,NULL,NULL,0.000,NULL,1,'Pack',0,'','','','','',22.000,'',0,'',0,'',1,1,0.00000000,''),(1142,'PRO9','Espuma Micelar','','Producto','',0.00,20000.00000000,NULL,NULL,NULL,NULL,NULL,NULL,NULL,0.000,NULL,1,'Each',0,'','','','','',0.000,'',0,'',0,'',1,1,0.00000000,''),(1143,'PRO10','Kit Limpieza Facial','','Kit','',0.00,45000.00000000,NULL,NULL,NULL,NULL,NULL,NULL,NULL,0.000,NULL,1,'Pack',0,'','','','','',0.000,'',0,'',0,'',1,1,0.00000000,'');
/*!40000 ALTER TABLE `vtiger_products` ENABLE KEYS */;
UNLOCK TABLES;

--
-- Table structure for table `vtiger_producttaxrel`
--

DROP TABLE IF EXISTS `vtiger_producttaxrel`;
/*!40101 SET @saved_cs_client     = @@character_set_client */;
/*!40101 SET character_set_client = utf8 */;
CREATE TABLE `vtiger_producttaxrel` (
  `productid` int(11) NOT NULL,
  `taxid` int(3) NOT NULL,
  `taxpercentage` decimal(7,3) DEFAULT NULL,
  `regions` text,
  KEY `producttaxrel_productid_idx` (`productid`),
  KEY `producttaxrel_taxid_idx` (`taxid`),
  CONSTRAINT `fk_crmid_vtiger_producttaxrel` FOREIGN KEY (`productid`) REFERENCES `vtiger_crmentity` (`crmid`) ON DELETE CASCADE
) ENGINE=InnoDB DEFAULT CHARSET=utf8;
/*!40101 SET character_set_client = @saved_cs_client */;

--
-- Dumping data for table `vtiger_producttaxrel`
--

LOCK TABLES `vtiger_producttaxrel` WRITE;
/*!40000 ALTER TABLE `vtiger_producttaxrel` DISABLE KEYS */;
/*!40000 ALTER TABLE `vtiger_producttaxrel` ENABLE KEYS */;
UNLOCK TABLES;

--
-- Table structure for table `vtiger_profile`
--

DROP TABLE IF EXISTS `vtiger_profile`;
/*!40101 SET @saved_cs_client     = @@character_set_client */;
/*!40101 SET character_set_client = utf8 */;
CREATE TABLE `vtiger_profile` (
  `profileid` int(10) NOT NULL AUTO_INCREMENT,
  `profilename` varchar(50) NOT NULL,
  `description` text,
  `directly_related_to_role` int(1) DEFAULT '0',
  PRIMARY KEY (`profileid`)
) ENGINE=InnoDB AUTO_INCREMENT=5 DEFAULT CHARSET=utf8;
/*!40101 SET character_set_client = @saved_cs_client */;

--
-- Dumping data for table `vtiger_profile`
--

LOCK TABLES `vtiger_profile` WRITE;
/*!40000 ALTER TABLE `vtiger_profile` DISABLE KEYS */;
INSERT INTO `vtiger_profile` VALUES (1,'Administrator','Admin Profile',0),(2,'Sales Profile','Profile Related to Sales',0),(3,'Support Profile','Profile Related to Support',0),(4,'Guest Profile','Guest Profile for Test Users',0);
/*!40000 ALTER TABLE `vtiger_profile` ENABLE KEYS */;
UNLOCK TABLES;

--
-- Table structure for table `vtiger_profile2field`
--

DROP TABLE IF EXISTS `vtiger_profile2field`;
/*!40101 SET @saved_cs_client     = @@character_set_client */;
/*!40101 SET character_set_client = utf8 */;
CREATE TABLE `vtiger_profile2field` (
  `profileid` int(11) NOT NULL,
  `tabid` int(10) DEFAULT NULL,
  `fieldid` int(19) NOT NULL,
  `visible` int(19) DEFAULT NULL,
  `readonly` int(19) DEFAULT NULL,
  PRIMARY KEY (`profileid`,`fieldid`),
  KEY `profile2field_profileid_tabid_fieldname_idx` (`profileid`,`tabid`),
  KEY `profile2field_tabid_profileid_idx` (`tabid`,`profileid`),
  KEY `profile2field_visible_profileid_idx` (`visible`,`profileid`)
) ENGINE=InnoDB DEFAULT CHARSET=utf8;
/*!40101 SET character_set_client = @saved_cs_client */;

--
-- Dumping data for table `vtiger_profile2field`
--

LOCK TABLES `vtiger_profile2field` WRITE;
/*!40000 ALTER TABLE `vtiger_profile2field` DISABLE KEYS */;
INSERT INTO `vtiger_profile2field` VALUES (1,6,1,0,0),(1,6,2,0,0),(1,6,3,0,0),(1,6,4,0,0),(1,6,5,0,0),(1,6,6,0,0),(1,6,7,0,0),(1,6,8,0,0),(1,6,9,0,0),(1,6,10,0,0),(1,6,11,0,0),(1,6,12,0,0),(1,6,13,0,0),(1,6,14,0,0),(1,6,15,0,0),(1,6,16,0,0),(1,6,17,0,0),(1,6,18,0,0),(1,6,19,0,0),(1,6,20,0,0),(1,6,21,0,0),(1,6,22,0,0),(1,6,23,0,0),(1,6,24,0,0),(1,6,25,0,0),(1,6,26,0,0),(1,6,27,0,0),(1,6,28,0,0),(1,6,29,0,0),(1,6,30,0,0),(1,6,31,0,0),(1,6,32,0,0),(1,6,33,0,0),(1,6,34,0,0),(1,6,35,0,0),(1,6,36,0,0),(1,7,37,0,0),(1,7,38,0,0),(1,7,39,0,0),(1,7,40,0,0),(1,7,41,0,0),(1,7,42,0,0),(1,7,43,0,0),(1,7,44,0,0),(1,7,45,0,0),(1,7,46,0,0),(1,7,47,0,0),(1,7,48,0,0),(1,7,49,0,0),(1,7,50,0,0),(1,7,51,0,0),(1,7,52,0,0),(1,7,53,0,0),(1,7,54,0,0),(1,7,55,0,0),(1,7,56,0,0),(1,7,57,0,0),(1,7,58,0,0),(1,7,59,0,0),(1,7,60,0,0),(1,7,61,0,0),(1,7,62,0,0),(1,7,63,0,0),(1,7,64,0,0),(1,7,65,0,0),(1,4,66,0,0),(1,4,67,0,0),(1,4,68,0,0),(1,4,69,0,0),(1,4,70,0,0),(1,4,71,0,0),(1,4,72,0,0),(1,4,73,0,0),(1,4,74,0,0),(1,4,75,0,0),(1,4,76,0,0),(1,4,77,0,0),(1,4,78,0,0),(1,4,79,0,0),(1,4,80,0,0),(1,4,81,0,0),(1,4,82,0,0),(1,4,83,0,0),(1,4,84,0,0),(1,4,85,0,0),(1,4,86,0,0),(1,4,87,0,0),(1,4,88,0,0),(1,4,89,0,0),(1,4,90,0,0),(1,4,91,0,0),(1,4,92,0,0),(1,4,93,0,0),(1,4,94,0,0),(1,4,95,0,0),(1,4,96,0,0),(1,4,97,0,0),(1,4,98,0,0),(1,4,99,0,0),(1,4,100,0,0),(1,4,101,0,0),(1,4,102,0,0),(1,4,103,0,0),(1,4,104,0,0),(1,4,105,0,0),(1,4,106,0,0),(1,4,107,0,0),(1,4,108,0,0),(1,4,109,0,0),(1,2,110,0,0),(1,2,111,0,0),(1,2,112,0,0),(1,2,113,0,0),(1,2,114,0,0),(1,2,115,0,0),(1,2,116,0,0),(1,2,117,0,0),(1,2,118,0,0),(1,2,119,0,0),(1,2,120,0,0),(1,2,121,0,0),(1,2,122,0,0),(1,2,123,0,0),(1,2,124,0,0),(1,2,125,0,0),(1,26,126,0,0),(1,26,127,0,0),(1,26,128,0,0),(1,26,129,0,0),(1,26,130,0,0),(1,26,131,0,0),(1,26,132,0,0),(1,26,133,0,0),(1,26,134,0,0),(1,26,135,0,0),(1,26,136,0,0),(1,26,137,0,0),(1,26,138,0,0),(1,26,139,0,0),(1,26,140,0,0),(1,26,141,0,0),(1,26,142,0,0),(1,26,143,0,0),(1,26,144,0,0),(1,26,145,0,0),(1,26,146,0,0),(1,26,147,0,0),(1,26,148,0,0),(1,26,149,0,0),(1,26,150,0,0),(1,4,151,0,0),(1,6,152,0,0),(1,7,153,0,0),(1,26,154,0,0),(1,13,155,0,0),(1,13,156,0,0),(1,13,157,0,0),(1,13,158,0,0),(1,13,159,0,0),(1,13,160,0,0),(1,13,161,0,0),(1,13,162,0,0),(1,13,163,0,0),(1,13,164,0,0),(1,13,165,0,0),(1,13,166,0,0),(1,13,167,0,0),(1,13,168,0,0),(1,13,169,0,0),(1,13,170,0,0),(1,13,171,0,0),(1,13,172,0,0),(1,13,173,0,0),(1,14,174,0,0),(1,14,175,0,0),(1,14,176,0,0),(1,14,177,0,0),(1,14,178,0,0),(1,14,179,0,0),(1,14,180,0,0),(1,14,181,0,0),(1,14,182,0,0),(1,14,183,0,0),(1,14,184,0,0),(1,14,185,0,0),(1,14,186,0,0),(1,14,187,0,0),(1,14,188,0,0),(1,14,189,0,0),(1,14,190,0,0),(1,14,191,0,0),(1,14,192,0,0),(1,14,193,0,0),(1,14,194,0,0),(1,14,195,0,0),(1,14,196,0,0),(1,14,197,0,0),(1,14,198,0,0),(1,14,199,0,0),(1,14,200,0,0),(1,14,201,0,0),(1,14,202,0,0),(1,14,203,0,0),(1,14,204,0,0),(1,8,205,0,0),(1,8,206,0,0),(1,8,207,0,0),(1,8,208,0,0),(1,8,209,0,0),(1,8,210,0,0),(1,8,211,0,0),(1,8,212,0,0),(1,8,213,0,0),(1,8,214,0,0),(1,8,215,0,0),(1,8,216,0,0),(1,8,217,0,0),(1,8,218,0,0),(1,8,219,0,0),(1,10,220,0,0),(1,10,221,0,0),(1,10,222,0,0),(1,10,223,0,0),(1,10,224,0,0),(1,10,225,0,0),(1,10,226,0,0),(1,10,227,0,0),(1,10,228,0,0),(1,10,229,0,0),(1,10,230,0,0),(1,10,231,0,0),(1,9,232,0,0),(1,9,233,0,0),(1,9,234,0,0),(1,9,235,0,0),(1,9,236,0,0),(1,9,237,0,0),(1,9,238,0,0),(1,9,239,0,0),(1,9,240,0,0),(1,9,241,0,0),(1,9,242,0,0),(1,9,243,0,0),(1,9,244,0,0),(1,9,245,0,0),(1,9,246,0,0),(1,9,247,0,0),(1,9,248,0,0),(1,9,249,0,0),(1,9,250,0,0),(1,9,251,0,0),(1,9,252,0,0),(1,9,253,0,0),(1,9,254,0,0),(1,9,255,0,0),(1,16,256,0,0),(1,16,257,0,0),(1,16,258,0,0),(1,16,259,0,0),(1,16,260,0,0),(1,16,261,0,0),(1,16,262,0,0),(1,16,263,0,0),(1,16,264,0,0),(1,16,265,0,0),(1,16,266,0,0),(1,16,267,0,0),(1,16,268,0,0),(1,16,269,0,0),(1,16,270,0,0),(1,16,271,0,0),(1,16,272,0,0),(1,16,273,0,0),(1,16,274,0,0),(1,16,275,0,0),(1,16,276,0,0),(1,16,277,0,0),(1,16,278,0,0),(1,15,279,0,0),(1,15,280,0,0),(1,15,281,0,0),(1,15,282,0,0),(1,15,283,0,0),(1,15,284,0,0),(1,15,285,0,0),(1,15,286,0,0),(1,15,287,0,0),(1,15,288,0,0),(1,18,289,0,0),(1,18,290,0,0),(1,18,291,0,0),(1,18,292,0,0),(1,18,293,0,0),(1,18,294,0,0),(1,18,295,0,0),(1,18,296,0,0),(1,18,297,0,0),(1,18,298,0,0),(1,18,299,0,0),(1,18,300,0,0),(1,18,301,0,0),(1,18,302,0,0),(1,18,303,0,0),(1,18,304,0,0),(1,18,305,0,0),(1,19,306,0,0),(1,19,307,0,0),(1,19,308,0,0),(1,19,309,0,0),(1,19,310,0,0),(1,19,311,0,0),(1,19,312,0,0),(1,19,313,0,0),(1,20,314,0,0),(1,20,315,0,0),(1,20,316,0,0),(1,20,317,0,0),(1,20,318,0,0),(1,20,319,0,0),(1,20,320,0,0),(1,20,321,0,0),(1,20,322,0,0),(1,20,323,0,0),(1,20,324,0,0),(1,20,325,0,0),(1,20,326,0,0),(1,20,327,0,0),(1,20,328,0,0),(1,20,329,0,0),(1,20,330,0,0),(1,20,331,0,0),(1,20,332,0,0),(1,20,333,0,0),(1,20,334,0,0),(1,20,335,0,0),(1,20,336,0,0),(1,20,337,0,0),(1,20,338,0,0),(1,20,339,0,0),(1,20,340,0,0),(1,20,341,0,0),(1,20,342,0,0),(1,20,343,0,0),(1,20,344,0,0),(1,20,345,0,0),(1,20,346,0,0),(1,20,347,0,0),(1,20,348,0,0),(1,20,349,0,0),(1,20,350,0,0),(1,21,351,0,0),(1,21,352,0,0),(1,21,353,0,0),(1,21,354,0,0),(1,21,355,0,0),(1,21,356,0,0),(1,21,357,0,0),(1,21,358,0,0),(1,21,359,0,0),(1,21,360,0,0),(1,21,361,0,0),(1,21,362,0,0),(1,21,363,0,0),(1,21,364,0,0),(1,21,365,0,0),(1,21,366,0,0),(1,21,367,0,0),(1,21,368,0,0),(1,21,369,0,0),(1,21,370,0,0),(1,21,371,0,0),(1,21,372,0,0),(1,21,373,0,0),(1,21,374,0,0),(1,21,375,0,0),(1,21,376,0,0),(1,21,377,0,0),(1,21,378,0,0),(1,21,379,0,0),(1,21,380,0,0),(1,21,381,0,0),(1,21,382,0,0),(1,21,383,0,0),(1,21,384,0,0),(1,21,385,0,0),(1,21,386,0,0),(1,21,387,0,0),(1,21,388,0,0),(1,22,389,0,0),(1,22,390,0,0),(1,22,391,0,0),(1,22,392,0,0),(1,22,393,0,0),(1,22,394,0,0),(1,22,395,0,0),(1,22,396,0,0),(1,22,397,0,0),(1,22,398,0,0),(1,22,399,0,0),(1,22,400,0,0),(1,22,401,0,0),(1,22,402,0,0),(1,22,403,0,0),(1,22,404,0,0),(1,22,405,0,0),(1,22,406,0,0),(1,22,407,0,0),(1,22,408,0,0),(1,22,409,0,0),(1,22,410,0,0),(1,22,411,0,0),(1,22,412,0,0),(1,22,413,0,0),(1,22,414,0,0),(1,22,415,0,0),(1,22,416,0,0),(1,22,417,0,0),(1,22,418,0,0),(1,22,419,0,0),(1,22,420,0,0),(1,22,421,0,0),(1,22,422,0,0),(1,22,423,0,0),(1,22,424,0,0),(1,22,425,0,0),(1,22,426,0,0),(1,22,427,0,0),(1,22,428,0,0),(1,22,429,0,0),(1,22,430,0,0),(1,22,431,0,0),(1,22,432,0,0),(1,22,433,0,0),(1,22,434,0,0),(1,22,435,0,0),(1,23,436,0,0),(1,23,437,0,0),(1,23,438,0,0),(1,23,439,0,0),(1,23,440,0,0),(1,23,441,0,0),(1,23,442,0,0),(1,23,443,0,0),(1,23,444,0,0),(1,23,445,0,0),(1,23,446,0,0),(1,23,447,0,0),(1,23,448,0,0),(1,23,449,0,0),(1,23,450,0,0),(1,23,451,0,0),(1,23,452,0,0),(1,23,453,0,0),(1,23,454,0,0),(1,23,455,0,0),(1,23,456,0,0),(1,23,457,0,0),(1,23,458,0,0),(1,23,459,0,0),(1,23,460,0,0),(1,23,461,0,0),(1,23,462,0,0),(1,23,463,0,0),(1,23,464,0,0),(1,23,465,0,0),(1,23,466,0,0),(1,23,467,0,0),(1,23,468,0,0),(1,23,469,0,0),(1,23,470,0,0),(1,23,471,0,0),(1,23,472,0,0),(1,23,473,0,0),(1,23,474,0,0),(1,29,475,0,0),(1,29,479,0,0),(1,29,480,0,0),(1,29,482,0,0),(1,29,489,0,0),(1,29,490,0,0),(1,29,491,0,0),(1,29,492,0,0),(1,29,493,0,0),(1,29,495,0,0),(1,29,496,0,0),(1,29,497,0,0),(1,29,498,0,0),(1,29,499,0,0),(1,29,504,0,0),(1,29,505,0,0),(1,29,506,0,0),(1,29,507,0,0),(1,29,515,0,0),(1,10,520,0,0),(1,10,521,0,0),(1,10,522,0,0),(1,10,523,0,0),(1,10,524,0,0),(1,10,525,0,0),(1,32,526,0,0),(1,32,527,0,0),(1,32,528,0,0),(1,32,529,0,0),(1,32,530,0,0),(1,32,531,0,0),(1,32,532,0,0),(1,32,533,0,0),(1,32,534,0,0),(1,32,535,0,0),(1,32,536,0,0),(1,32,537,0,0),(1,32,538,0,0),(1,32,539,0,0),(1,32,540,0,0),(1,32,541,0,0),(1,32,542,0,0),(1,32,543,0,0),(1,32,544,0,0),(1,32,545,0,0),(1,32,546,0,0),(1,32,547,0,0),(1,34,548,0,0),(1,34,549,0,0),(1,34,550,0,0),(1,34,551,0,0),(1,34,552,0,0),(1,34,553,0,0),(1,34,554,0,0),(1,34,555,0,0),(1,34,556,0,0),(1,34,557,0,0),(1,34,558,0,0),(1,34,559,0,0),(1,34,560,0,0),(1,34,561,0,0),(1,34,562,0,0),(1,34,563,0,0),(1,34,564,0,0),(1,29,565,0,0),(1,35,566,0,0),(1,35,567,0,0),(1,35,568,0,0),(1,35,569,0,0),(1,35,570,0,0),(1,35,571,0,0),(1,35,572,0,0),(1,35,573,0,0),(1,35,574,0,0),(1,35,575,0,0),(1,35,576,0,0),(1,35,577,0,0),(1,35,578,0,0),(1,35,579,0,0),(1,35,580,0,0),(1,35,581,0,0),(1,35,582,0,0),(1,35,583,0,0),(1,35,584,0,0),(1,35,585,0,0),(1,35,586,0,0),(1,35,587,0,0),(1,38,588,0,0),(1,38,589,0,0),(1,38,590,0,0),(1,38,591,0,0),(1,38,592,0,0),(1,38,593,0,0),(1,38,594,0,0),(1,38,595,0,0),(1,38,596,0,0),(1,38,597,0,0),(1,38,598,0,0),(1,38,599,0,0),(1,38,600,0,0),(1,39,601,0,0),(1,39,602,0,0),(1,39,603,0,0),(1,39,604,0,0),(1,39,605,0,0),(1,39,606,0,0),(1,39,607,0,0),(1,39,608,0,0),(1,39,609,0,0),(1,39,610,0,0),(1,39,611,0,0),(1,39,612,0,0),(1,39,613,0,0),(1,39,614,0,0),(1,39,615,0,0),(1,39,616,0,0),(1,39,617,0,0),(1,39,618,0,0),(1,40,619,0,0),(1,40,620,0,0),(1,40,621,0,0),(1,40,622,0,0),(1,40,623,0,0),(1,40,624,0,0),(1,40,625,0,0),(1,40,626,0,0),(1,40,627,0,0),(1,40,628,0,0),(1,40,629,0,0),(1,40,630,0,0),(1,40,631,0,0),(1,40,632,0,0),(1,40,633,0,0),(1,40,634,0,0),(1,40,635,0,0),(1,40,636,0,0),(1,40,637,0,0),(1,40,638,0,0),(1,43,639,0,0),(1,43,640,0,0),(1,43,641,0,0),(1,43,642,0,0),(1,43,643,0,0),(1,43,644,0,0),(1,45,645,0,0),(1,45,646,0,0),(1,45,647,0,0),(1,45,648,0,0),(1,45,649,0,0),(1,45,650,0,0),(1,45,651,0,0),(1,45,652,0,0),(1,47,653,0,0),(1,47,654,0,0),(1,47,655,0,0),(1,47,656,0,0),(1,47,657,0,0),(1,47,658,0,0),(1,47,659,0,0),(1,47,660,0,0),(1,47,661,0,0),(1,47,662,0,0),(1,47,663,0,0),(1,47,664,0,0),(1,47,665,0,0),(1,47,666,0,0),(1,47,667,0,0),(1,47,668,0,0),(1,47,669,0,0),(1,47,670,0,0),(1,47,671,0,0),(1,47,672,0,0),(1,47,673,0,0),(1,2,674,0,0),(1,29,675,0,0),(1,23,676,0,0),(1,23,677,0,0),(1,23,678,0,0),(1,23,679,0,0),(1,23,680,0,0),(1,23,681,0,0),(1,23,682,0,0),(1,23,683,0,0),(1,23,684,0,0),(1,22,685,0,0),(1,22,686,0,0),(1,22,687,0,0),(1,22,688,0,0),(1,22,689,0,0),(1,22,690,0,0),(1,22,691,0,0),(1,22,692,0,0),(1,22,693,0,0),(1,21,694,0,0),(1,21,695,0,0),(1,21,696,0,0),(1,21,697,0,0),(1,21,698,0,0),(1,21,699,0,0),(1,21,700,0,0),(1,21,701,0,0),(1,21,702,0,0),(1,20,703,0,0),(1,20,704,0,0),(1,20,705,0,0),(1,20,706,0,0),(1,20,707,0,0),(1,20,708,0,0),(1,20,709,0,0),(1,20,710,0,0),(1,20,711,0,0),(1,29,712,0,0),(1,39,713,0,0),(1,45,714,0,0),(1,29,715,0,0),(1,29,716,0,0),(1,29,717,0,0),(1,23,718,0,0),(1,22,719,0,0),(1,21,720,0,0),(1,20,721,0,0),(1,29,722,0,0),(1,6,723,0,0),(1,4,724,0,0),(1,2,725,0,0),(1,29,726,0,0),(1,23,727,0,0),(1,23,728,0,0),(1,21,729,0,0),(1,21,730,0,0),(1,18,731,0,0),(1,7,732,0,0),(1,45,733,0,0),(1,45,734,0,0),(1,23,735,0,0),(1,20,736,0,0),(1,21,737,0,0),(1,22,738,0,0),(1,29,739,0,0),(1,2,740,0,0),(1,13,741,0,0),(1,29,742,0,0),(1,29,743,0,0),(1,29,744,0,0),(1,29,745,0,0),(1,14,772,0,0),(1,32,773,0,0),(1,23,774,0,0),(1,29,775,0,0),(1,23,776,0,0),(1,23,777,0,0),(1,23,778,0,0),(1,20,779,0,0),(1,20,780,0,0),(1,20,781,0,0),(1,21,782,0,0),(1,22,783,0,0),(1,22,784,0,0),(1,22,785,0,0),(1,45,786,0,0),(1,45,787,0,0),(1,45,788,0,0),(1,2,789,0,0),(1,4,790,0,0),(1,6,791,0,0),(1,7,792,0,0),(1,8,793,0,0),(1,9,794,0,0),(1,10,795,0,0),(1,13,796,0,0),(1,14,797,0,0),(1,15,798,0,0),(1,16,799,0,0),(1,18,800,0,0),(1,19,801,0,0),(1,20,802,0,0),(1,21,803,0,0),(1,22,804,0,0),(1,23,805,0,0),(1,26,806,0,0),(1,10,807,0,0),(1,2,808,0,0),(1,4,809,0,0),(1,6,810,0,0),(1,7,811,0,0),(1,8,812,0,0),(1,9,813,0,0),(1,10,814,0,0),(1,13,815,0,0),(1,14,816,0,0),(1,15,817,0,0),(1,16,818,0,0),(1,18,819,0,0),(1,19,820,0,0),(1,20,821,0,0),(1,21,822,0,0),(1,22,823,0,0),(1,23,824,0,0),(1,26,825,0,0),(1,2,826,0,0),(1,4,827,0,0),(1,6,828,0,0),(1,7,829,0,0),(1,8,830,0,0),(1,9,831,0,0),(1,10,832,0,0),(1,13,833,0,0),(1,14,834,0,0),(1,15,835,0,0),(1,16,836,0,0),(1,18,837,0,0),(1,19,838,0,0),(1,20,839,0,0),(1,21,840,0,0),(1,22,841,0,0),(1,23,842,0,0),(1,26,843,0,0),(1,20,844,0,0),(1,21,845,0,0),(1,22,846,0,0),(1,23,847,0,0),(1,40,848,0,0),(1,40,849,0,0),(1,29,850,0,0),(1,22,851,0,0),(1,7,859,0,0),(1,7,860,0,0),(1,6,861,0,0),(1,4,862,0,0),(1,4,864,0,0),(1,22,866,0,0),(2,6,1,0,0),(2,6,2,0,0),(2,6,3,0,0),(2,6,4,0,0),(2,6,5,0,0),(2,6,6,0,0),(2,6,7,0,0),(2,6,8,0,0),(2,6,9,0,0),(2,6,10,0,0),(2,6,11,0,0),(2,6,12,0,0),(2,6,13,0,0),(2,6,14,0,0),(2,6,15,0,0),(2,6,16,0,0),(2,6,17,0,0),(2,6,18,0,0),(2,6,19,0,0),(2,6,20,0,0),(2,6,21,0,0),(2,6,22,0,0),(2,6,23,0,0),(2,6,24,0,0),(2,6,25,0,0),(2,6,26,0,0),(2,6,27,0,0),(2,6,28,0,0),(2,6,29,0,0),(2,6,30,0,0),(2,6,31,0,0),(2,6,32,0,0),(2,6,33,0,0),(2,6,34,0,0),(2,6,35,0,0),(2,6,36,0,0),(2,7,37,0,0),(2,7,38,0,0),(2,7,39,0,0),(2,7,40,0,0),(2,7,41,0,0),(2,7,42,0,0),(2,7,43,0,0),(2,7,44,0,0),(2,7,45,0,0),(2,7,46,0,0),(2,7,47,0,0),(2,7,48,0,0),(2,7,49,0,0),(2,7,50,0,0),(2,7,51,0,0),(2,7,52,0,0),(2,7,53,0,0),(2,7,54,0,0),(2,7,55,0,0),(2,7,56,0,0),(2,7,57,0,0),(2,7,58,0,0),(2,7,59,0,0),(2,7,60,0,0),(2,7,61,0,0),(2,7,62,0,0),(2,7,63,0,0),(2,7,64,0,0),(2,7,65,0,0),(2,4,66,0,0),(2,4,67,0,0),(2,4,68,0,0),(2,4,69,0,0),(2,4,70,0,0),(2,4,71,0,0),(2,4,72,0,0),(2,4,73,0,0),(2,4,74,0,0),(2,4,75,0,0),(2,4,76,0,0),(2,4,77,0,0),(2,4,78,0,0),(2,4,79,0,0),(2,4,80,0,0),(2,4,81,0,0),(2,4,82,0,0),(2,4,83,0,0),(2,4,84,0,0),(2,4,85,0,0),(2,4,86,0,0),(2,4,87,0,0),(2,4,88,0,0),(2,4,89,0,0),(2,4,90,0,0),(2,4,91,0,0),(2,4,92,0,0),(2,4,93,0,0),(2,4,94,0,0),(2,4,95,0,0),(2,4,96,0,0),(2,4,97,0,0),(2,4,98,0,0),(2,4,99,0,0),(2,4,100,0,0),(2,4,101,0,0),(2,4,102,0,0),(2,4,103,0,0),(2,4,104,0,0),(2,4,105,0,0),(2,4,106,0,0),(2,4,107,0,0),(2,4,108,0,0),(2,4,109,0,0),(2,2,110,0,0),(2,2,111,0,0),(2,2,112,0,0),(2,2,113,0,0),(2,2,114,0,0),(2,2,115,0,0),(2,2,116,0,0),(2,2,117,0,0),(2,2,118,0,0),(2,2,119,0,0),(2,2,120,0,0),(2,2,121,0,0),(2,2,122,0,0),(2,2,123,0,0),(2,2,124,0,0),(2,2,125,0,0),(2,26,126,0,0),(2,26,127,0,0),(2,26,128,0,0),(2,26,129,0,0),(2,26,130,0,0),(2,26,131,0,0),(2,26,132,0,0),(2,26,133,0,0),(2,26,134,0,0),(2,26,135,0,0),(2,26,136,0,0),(2,26,137,0,0),(2,26,138,0,0),(2,26,139,0,0),(2,26,140,0,0),(2,26,141,0,0),(2,26,142,0,0),(2,26,143,0,0),(2,26,144,0,0),(2,26,145,0,0),(2,26,146,0,0),(2,26,147,0,0),(2,26,148,0,0),(2,26,149,0,0),(2,26,150,0,0),(2,4,151,0,0),(2,6,152,0,0),(2,7,153,0,0),(2,26,154,0,0),(2,13,155,0,0),(2,13,156,0,0),(2,13,157,0,0),(2,13,158,0,0),(2,13,159,0,0),(2,13,160,0,0),(2,13,161,0,0),(2,13,162,0,0),(2,13,163,0,0),(2,13,164,0,0),(2,13,165,0,0),(2,13,166,0,0),(2,13,167,0,0),(2,13,168,0,0),(2,13,169,0,0),(2,13,170,0,0),(2,13,171,0,0),(2,13,172,0,0),(2,13,173,0,0),(2,14,174,0,0),(2,14,175,0,0),(2,14,176,0,0),(2,14,177,0,0),(2,14,178,0,0),(2,14,179,0,0),(2,14,180,0,0),(2,14,181,0,0),(2,14,182,0,0),(2,14,183,0,0),(2,14,184,0,0),(2,14,185,0,0),(2,14,186,0,0),(2,14,187,0,0),(2,14,188,0,0),(2,14,189,0,0),(2,14,190,0,0),(2,14,191,0,0),(2,14,192,0,0),(2,14,193,0,0),(2,14,194,0,0),(2,14,195,0,0),(2,14,196,0,0),(2,14,197,0,0),(2,14,198,0,0),(2,14,199,0,0),(2,14,200,0,0),(2,14,201,0,0),(2,14,202,0,0),(2,14,203,0,0),(2,14,204,0,0),(2,8,205,0,0),(2,8,206,0,0),(2,8,207,0,0),(2,8,208,0,0),(2,8,209,0,0),(2,8,210,0,0),(2,8,211,0,0),(2,8,212,0,0),(2,8,213,0,0),(2,8,214,0,0),(2,8,215,0,0),(2,8,216,0,0),(2,8,217,0,0),(2,8,218,0,0),(2,8,219,0,0),(2,10,220,0,0),(2,10,221,0,0),(2,10,222,0,0),(2,10,223,0,0),(2,10,224,0,0),(2,10,225,0,0),(2,10,226,0,0),(2,10,227,0,0),(2,10,228,0,0),(2,10,229,0,0),(2,10,230,0,0),(2,10,231,0,0),(2,9,232,0,0),(2,9,233,0,0),(2,9,234,0,0),(2,9,235,0,0),(2,9,236,0,0),(2,9,237,0,0),(2,9,238,0,0),(2,9,239,0,0),(2,9,240,0,0),(2,9,241,0,0),(2,9,242,0,0),(2,9,243,0,0),(2,9,244,0,0),(2,9,245,0,0),(2,9,246,0,0),(2,9,247,0,0),(2,9,248,0,0),(2,9,249,0,0),(2,9,250,0,0),(2,9,251,0,0),(2,9,252,0,0),(2,9,253,0,0),(2,9,254,0,0),(2,9,255,0,0),(2,16,256,0,0),(2,16,257,0,0),(2,16,258,0,0),(2,16,259,0,0),(2,16,260,0,0),(2,16,261,0,0),(2,16,262,0,0),(2,16,263,0,0),(2,16,264,0,0),(2,16,265,0,0),(2,16,266,0,0),(2,16,267,0,0),(2,16,268,0,0),(2,16,269,0,0),(2,16,270,0,0),(2,16,271,0,0),(2,16,272,0,0),(2,16,273,0,0),(2,16,274,0,0),(2,16,275,0,0),(2,16,276,0,0),(2,16,277,0,0),(2,16,278,0,0),(2,15,279,0,0),(2,15,280,0,0),(2,15,281,0,0),(2,15,282,0,0),(2,15,283,0,0),(2,15,284,0,0),(2,15,285,0,0),(2,15,286,0,0),(2,15,287,0,0),(2,15,288,0,0),(2,18,289,0,0),(2,18,290,0,0),(2,18,291,0,0),(2,18,292,0,0),(2,18,293,0,0),(2,18,294,0,0),(2,18,295,0,0),(2,18,296,0,0),(2,18,297,0,0),(2,18,298,0,0),(2,18,299,0,0),(2,18,300,0,0),(2,18,301,0,0),(2,18,302,0,0),(2,18,303,0,0),(2,18,304,0,0),(2,18,305,0,0),(2,19,306,0,0),(2,19,307,0,0),(2,19,308,0,0),(2,19,309,0,0),(2,19,310,0,0),(2,19,311,0,0),(2,19,312,0,0),(2,19,313,0,0),(2,20,314,0,0),(2,20,315,0,0),(2,20,316,0,0),(2,20,317,0,0),(2,20,318,0,0),(2,20,319,0,0),(2,20,320,0,0),(2,20,321,0,0),(2,20,322,0,0),(2,20,323,0,0),(2,20,324,0,0),(2,20,325,0,0),(2,20,326,0,0),(2,20,327,0,0),(2,20,328,0,0),(2,20,329,0,0),(2,20,330,0,0),(2,20,331,0,0),(2,20,332,0,0),(2,20,333,0,0),(2,20,334,0,0),(2,20,335,0,0),(2,20,336,0,0),(2,20,337,0,0),(2,20,338,0,0),(2,20,339,0,0),(2,20,340,0,0),(2,20,341,0,0),(2,20,342,0,0),(2,20,343,0,0),(2,20,344,0,0),(2,20,345,0,0),(2,20,346,0,0),(2,20,347,0,0),(2,20,348,0,0),(2,20,349,0,0),(2,20,350,0,0),(2,21,351,0,0),(2,21,352,0,0),(2,21,353,0,0),(2,21,354,0,0),(2,21,355,0,0),(2,21,356,0,0),(2,21,357,0,0),(2,21,358,0,0),(2,21,359,0,0),(2,21,360,0,0),(2,21,361,0,0),(2,21,362,0,0),(2,21,363,0,0),(2,21,364,0,0),(2,21,365,0,0),(2,21,366,0,0),(2,21,367,0,0),(2,21,368,0,0),(2,21,369,0,0),(2,21,370,0,0),(2,21,371,0,0),(2,21,372,0,0),(2,21,373,0,0),(2,21,374,0,0),(2,21,375,0,0),(2,21,376,0,0),(2,21,377,0,0),(2,21,378,0,0),(2,21,379,0,0),(2,21,380,0,0),(2,21,381,0,0),(2,21,382,0,0),(2,21,383,0,0),(2,21,384,0,0),(2,21,385,0,0),(2,21,386,0,0),(2,21,387,0,0),(2,21,388,0,0),(2,22,389,0,0),(2,22,390,0,0),(2,22,391,0,0),(2,22,392,0,0),(2,22,393,0,0),(2,22,394,0,0),(2,22,395,0,0),(2,22,396,0,0),(2,22,397,0,0),(2,22,398,0,0),(2,22,399,0,0),(2,22,400,0,0),(2,22,401,0,0),(2,22,402,0,0),(2,22,403,0,0),(2,22,404,0,0),(2,22,405,0,0),(2,22,406,0,0),(2,22,407,0,0),(2,22,408,0,0),(2,22,409,0,0),(2,22,410,0,0),(2,22,411,0,0),(2,22,412,0,0),(2,22,413,0,0),(2,22,414,0,0),(2,22,415,0,0),(2,22,416,0,0),(2,22,417,0,0),(2,22,418,0,0),(2,22,419,0,0),(2,22,420,0,0),(2,22,421,0,0),(2,22,422,0,0),(2,22,423,0,0),(2,22,424,0,0),(2,22,425,0,0),(2,22,426,0,0),(2,22,427,0,0),(2,22,428,0,0),(2,22,429,0,0),(2,22,430,0,0),(2,22,431,0,0),(2,22,432,0,0),(2,22,433,0,0),(2,22,434,0,0),(2,22,435,0,0),(2,23,436,0,0),(2,23,437,0,0),(2,23,438,0,0),(2,23,439,0,0),(2,23,440,0,0),(2,23,441,0,0),(2,23,442,0,0),(2,23,443,0,0),(2,23,444,0,0),(2,23,445,0,0),(2,23,446,0,0),(2,23,447,0,0),(2,23,448,0,0),(2,23,449,0,0),(2,23,450,0,0),(2,23,451,0,0),(2,23,452,0,0),(2,23,453,0,0),(2,23,454,0,0),(2,23,455,0,0),(2,23,456,0,0),(2,23,457,0,0),(2,23,458,0,0),(2,23,459,0,0),(2,23,460,0,0),(2,23,461,0,0),(2,23,462,0,0),(2,23,463,0,0),(2,23,464,0,0),(2,23,465,0,0),(2,23,466,0,0),(2,23,467,0,0),(2,23,468,0,0),(2,23,469,0,0),(2,23,470,0,0),(2,23,471,0,0),(2,23,472,0,0),(2,23,473,0,0),(2,23,474,0,0),(2,29,475,0,0),(2,29,479,0,0),(2,29,480,0,0),(2,29,482,0,0),(2,29,489,0,0),(2,29,490,0,0),(2,29,491,0,0),(2,29,492,0,0),(2,29,493,0,0),(2,29,495,0,0),(2,29,496,0,0),(2,29,497,0,0),(2,29,498,0,0),(2,29,499,0,0),(2,29,504,0,0),(2,29,505,0,0),(2,29,506,0,0),(2,29,507,0,0),(2,29,515,0,0),(2,10,520,0,0),(2,10,521,0,0),(2,10,522,0,0),(2,10,523,0,0),(2,10,524,0,0),(2,10,525,0,0),(2,32,526,0,0),(2,32,527,0,0),(2,32,528,0,0),(2,32,529,0,0),(2,32,530,0,0),(2,32,531,0,0),(2,32,532,0,0),(2,32,533,0,0),(2,32,534,0,0),(2,32,535,0,0),(2,32,536,0,0),(2,32,537,0,0),(2,32,538,0,0),(2,32,539,0,0),(2,32,540,0,0),(2,32,541,0,0),(2,32,542,0,0),(2,32,543,0,0),(2,32,544,0,0),(2,32,545,0,0),(2,32,546,0,0),(2,32,547,0,0),(2,34,548,0,0),(2,34,549,0,0),(2,34,550,0,0),(2,34,551,0,0),(2,34,552,0,0),(2,34,553,0,0),(2,34,554,0,0),(2,34,555,0,0),(2,34,556,0,0),(2,34,557,0,0),(2,34,558,0,0),(2,34,559,0,0),(2,34,560,0,0),(2,34,561,0,0),(2,34,562,0,0),(2,34,563,0,0),(2,34,564,0,0),(2,29,565,0,0),(2,35,566,0,0),(2,35,567,0,0),(2,35,568,0,0),(2,35,569,0,0),(2,35,570,0,0),(2,35,571,0,0),(2,35,572,0,0),(2,35,573,0,0),(2,35,574,0,0),(2,35,575,0,0),(2,35,576,0,0),(2,35,577,0,0),(2,35,578,0,0),(2,35,579,0,0),(2,35,580,0,0),(2,35,581,0,0),(2,35,582,0,0),(2,35,583,0,0),(2,35,584,0,0),(2,35,585,0,0),(2,35,586,0,0),(2,35,587,0,0),(2,38,588,0,0),(2,38,589,0,0),(2,38,590,0,0),(2,38,591,0,0),(2,38,592,0,0),(2,38,593,0,0),(2,38,594,0,0),(2,38,595,0,0),(2,38,596,0,0),(2,38,597,0,0),(2,38,598,0,0),(2,38,599,0,0),(2,38,600,0,0),(2,39,601,0,0),(2,39,602,0,0),(2,39,603,0,0),(2,39,604,0,0),(2,39,605,0,0),(2,39,606,0,0),(2,39,607,0,0),(2,39,608,0,0),(2,39,609,0,0),(2,39,610,0,0),(2,39,611,0,0),(2,39,612,0,0),(2,39,613,0,0),(2,39,614,0,0),(2,39,615,0,0),(2,39,616,0,0),(2,39,617,0,0),(2,39,618,0,0),(2,40,619,0,0),(2,40,620,0,0),(2,40,621,0,0),(2,40,622,0,0),(2,40,623,0,0),(2,40,624,0,0),(2,40,625,0,0),(2,40,626,0,0),(2,40,627,0,0),(2,40,628,0,0),(2,40,629,0,0),(2,40,630,0,0),(2,40,631,0,0),(2,40,632,0,0),(2,40,633,0,0),(2,40,634,0,0),(2,40,635,0,0),(2,40,636,0,0),(2,40,637,0,0),(2,40,638,0,0),(2,43,639,0,0),(2,43,640,0,0),(2,43,641,0,0),(2,43,642,0,0),(2,43,643,0,0),(2,43,644,0,0),(2,45,645,0,0),(2,45,646,0,0),(2,45,647,0,0),(2,45,648,0,0),(2,45,649,0,0),(2,45,650,0,0),(2,45,651,0,0),(2,45,652,0,0),(2,47,653,0,0),(2,47,654,0,0),(2,47,655,0,0),(2,47,656,0,0),(2,47,657,0,0),(2,47,658,0,0),(2,47,659,0,0),(2,47,660,0,0),(2,47,661,0,0),(2,47,662,0,0),(2,47,663,0,0),(2,47,664,0,0),(2,47,665,0,0),(2,47,666,0,0),(2,47,667,0,0),(2,47,668,0,0),(2,47,669,0,0),(2,47,670,0,0),(2,47,671,0,0),(2,47,672,0,0),(2,47,673,0,0),(2,2,674,0,0),(2,29,675,0,0),(2,23,676,0,0),(2,23,677,0,0),(2,23,678,0,0),(2,23,679,0,0),(2,23,680,0,0),(2,23,681,0,0),(2,23,682,0,0),(2,23,683,0,0),(2,23,684,0,0),(2,22,685,0,0),(2,22,686,0,0),(2,22,687,0,0),(2,22,688,0,0),(2,22,689,0,0),(2,22,690,0,0),(2,22,691,0,0),(2,22,692,0,0),(2,22,693,0,0),(2,21,694,0,0),(2,21,695,0,0),(2,21,696,0,0),(2,21,697,0,0),(2,21,698,0,0),(2,21,699,0,0),(2,21,700,0,0),(2,21,701,0,0),(2,21,702,0,0),(2,20,703,0,0),(2,20,704,0,0),(2,20,705,0,0),(2,20,706,0,0),(2,20,707,0,0),(2,20,708,0,0),(2,20,709,0,0),(2,20,710,0,0),(2,20,711,0,0),(2,29,712,0,0),(2,39,713,0,0),(2,45,714,0,0),(2,29,715,0,0),(2,29,716,0,0),(2,29,717,0,0),(2,23,718,0,0),(2,22,719,0,0),(2,21,720,0,0),(2,20,721,0,0),(2,29,722,0,0),(2,6,723,0,0),(2,4,724,0,0),(2,2,725,0,0),(2,29,726,0,0),(2,23,727,0,0),(2,23,728,0,0),(2,21,729,0,0),(2,21,730,0,0),(2,18,731,0,0),(2,7,732,0,0),(2,45,733,0,0),(2,45,734,0,0),(2,23,735,0,0),(2,20,736,0,0),(2,21,737,0,0),(2,22,738,0,0),(2,29,739,0,0),(2,2,740,0,0),(2,13,741,0,0),(2,29,742,0,0),(2,29,743,0,0),(2,29,744,0,0),(2,29,745,0,0),(2,14,772,0,0),(2,32,773,0,0),(2,23,774,0,0),(2,29,775,0,0),(2,23,776,0,0),(2,23,777,0,0),(2,23,778,0,0),(2,20,779,0,0),(2,20,780,0,0),(2,20,781,0,0),(2,21,782,0,0),(2,22,783,0,0),(2,22,784,0,0),(2,22,785,0,0),(2,45,786,0,0),(2,45,787,0,0),(2,45,788,0,0),(2,2,789,0,0),(2,4,790,0,0),(2,6,791,0,0),(2,7,792,0,0),(2,8,793,0,0),(2,9,794,0,0),(2,10,795,0,0),(2,13,796,0,0),(2,14,797,0,0),(2,15,798,0,0),(2,16,799,0,0),(2,18,800,0,0),(2,19,801,0,0),(2,20,802,0,0),(2,21,803,0,0),(2,22,804,0,0),(2,23,805,0,0),(2,26,806,0,0),(2,10,807,0,0),(2,2,808,0,0),(2,4,809,0,0),(2,6,810,0,0),(2,7,811,0,0),(2,8,812,0,0),(2,9,813,0,0),(2,10,814,0,0),(2,13,815,0,0),(2,14,816,0,0),(2,15,817,0,0),(2,16,818,0,0),(2,18,819,0,0),(2,19,820,0,0),(2,20,821,0,0),(2,21,822,0,0),(2,22,823,0,0),(2,23,824,0,0),(2,26,825,0,0),(2,2,826,0,0),(2,4,827,0,0),(2,6,828,0,0),(2,7,829,0,0),(2,8,830,0,0),(2,9,831,0,0),(2,10,832,0,0),(2,13,833,0,0),(2,14,834,0,0),(2,15,835,0,0),(2,16,836,0,0),(2,18,837,0,0),(2,19,838,0,0),(2,20,839,0,0),(2,21,840,0,0),(2,22,841,0,0),(2,23,842,0,0),(2,26,843,0,0),(2,20,844,0,0),(2,21,845,0,0),(2,22,846,0,0),(2,23,847,0,0),(2,40,848,0,0),(2,40,849,0,0),(2,29,850,0,0),(2,22,851,0,0),(2,7,859,0,0),(2,7,860,0,0),(2,6,861,0,0),(2,4,862,0,0),(2,4,864,0,0),(2,22,866,0,0),(3,6,1,0,0),(3,6,2,0,0),(3,6,3,0,0),(3,6,4,0,0),(3,6,5,0,0),(3,6,6,0,0),(3,6,7,0,0),(3,6,8,0,0),(3,6,9,0,0),(3,6,10,0,0),(3,6,11,0,0),(3,6,12,0,0),(3,6,13,0,0),(3,6,14,0,0),(3,6,15,0,0),(3,6,16,0,0),(3,6,17,0,0),(3,6,18,0,0),(3,6,19,0,0),(3,6,20,0,0),(3,6,21,0,0),(3,6,22,0,0),(3,6,23,0,0),(3,6,24,0,0),(3,6,25,0,0),(3,6,26,0,0),(3,6,27,0,0),(3,6,28,0,0),(3,6,29,0,0),(3,6,30,0,0),(3,6,31,0,0),(3,6,32,0,0),(3,6,33,0,0),(3,6,34,0,0),(3,6,35,0,0),(3,6,36,0,0),(3,7,37,0,0),(3,7,38,0,0),(3,7,39,0,0),(3,7,40,0,0),(3,7,41,0,0),(3,7,42,0,0),(3,7,43,0,0),(3,7,44,0,0),(3,7,45,0,0),(3,7,46,0,0),(3,7,47,0,0),(3,7,48,0,0),(3,7,49,0,0),(3,7,50,0,0),(3,7,51,0,0),(3,7,52,0,0),(3,7,53,0,0),(3,7,54,0,0),(3,7,55,0,0),(3,7,56,0,0),(3,7,57,0,0),(3,7,58,0,0),(3,7,59,0,0),(3,7,60,0,0),(3,7,61,0,0),(3,7,62,0,0),(3,7,63,0,0),(3,7,64,0,0),(3,7,65,0,0),(3,4,66,0,0),(3,4,67,0,0),(3,4,68,0,0),(3,4,69,0,0),(3,4,70,0,0),(3,4,71,0,0),(3,4,72,0,0),(3,4,73,0,0),(3,4,74,0,0),(3,4,75,0,0),(3,4,76,0,0),(3,4,77,0,0),(3,4,78,0,0),(3,4,79,0,0),(3,4,80,0,0),(3,4,81,0,0),(3,4,82,0,0),(3,4,83,0,0),(3,4,84,0,0),(3,4,85,0,0),(3,4,86,0,0),(3,4,87,0,0),(3,4,88,0,0),(3,4,89,0,0),(3,4,90,0,0),(3,4,91,0,0),(3,4,92,0,0),(3,4,93,0,0),(3,4,94,0,0),(3,4,95,0,0),(3,4,96,0,0),(3,4,97,0,0),(3,4,98,0,0),(3,4,99,0,0),(3,4,100,0,0),(3,4,101,0,0),(3,4,102,0,0),(3,4,103,0,0),(3,4,104,0,0),(3,4,105,0,0),(3,4,106,0,0),(3,4,107,0,0),(3,4,108,0,0),(3,4,109,0,0),(3,2,110,0,0),(3,2,111,0,0),(3,2,112,0,0),(3,2,113,0,0),(3,2,114,0,0),(3,2,115,0,0),(3,2,116,0,0),(3,2,117,0,0),(3,2,118,0,0),(3,2,119,0,0),(3,2,120,0,0),(3,2,121,0,0),(3,2,122,0,0),(3,2,123,0,0),(3,2,124,0,0),(3,2,125,0,0),(3,26,126,0,0),(3,26,127,0,0),(3,26,128,0,0),(3,26,129,0,0),(3,26,130,0,0),(3,26,131,0,0),(3,26,132,0,0),(3,26,133,0,0),(3,26,134,0,0),(3,26,135,0,0),(3,26,136,0,0),(3,26,137,0,0),(3,26,138,0,0),(3,26,139,0,0),(3,26,140,0,0),(3,26,141,0,0),(3,26,142,0,0),(3,26,143,0,0),(3,26,144,0,0),(3,26,145,0,0),(3,26,146,0,0),(3,26,147,0,0),(3,26,148,0,0),(3,26,149,0,0),(3,26,150,0,0),(3,4,151,0,0),(3,6,152,0,0),(3,7,153,0,0),(3,26,154,0,0),(3,13,155,0,0),(3,13,156,0,0),(3,13,157,0,0),(3,13,158,0,0),(3,13,159,0,0),(3,13,160,0,0),(3,13,161,0,0),(3,13,162,0,0),(3,13,163,0,0),(3,13,164,0,0),(3,13,165,0,0),(3,13,166,0,0),(3,13,167,0,0),(3,13,168,0,0),(3,13,169,0,0),(3,13,170,0,0),(3,13,171,0,0),(3,13,172,0,0),(3,13,173,0,0),(3,14,174,0,0),(3,14,175,0,0),(3,14,176,0,0),(3,14,177,0,0),(3,14,178,0,0),(3,14,179,0,0),(3,14,180,0,0),(3,14,181,0,0),(3,14,182,0,0),(3,14,183,0,0),(3,14,184,0,0),(3,14,185,0,0),(3,14,186,0,0),(3,14,187,0,0),(3,14,188,0,0),(3,14,189,0,0),(3,14,190,0,0),(3,14,191,0,0),(3,14,192,0,0),(3,14,193,0,0),(3,14,194,0,0),(3,14,195,0,0),(3,14,196,0,0),(3,14,197,0,0),(3,14,198,0,0),(3,14,199,0,0),(3,14,200,0,0),(3,14,201,0,0),(3,14,202,0,0),(3,14,203,0,0),(3,14,204,0,0),(3,8,205,0,0),(3,8,206,0,0),(3,8,207,0,0),(3,8,208,0,0),(3,8,209,0,0),(3,8,210,0,0),(3,8,211,0,0),(3,8,212,0,0),(3,8,213,0,0),(3,8,214,0,0),(3,8,215,0,0),(3,8,216,0,0),(3,8,217,0,0),(3,8,218,0,0),(3,8,219,0,0),(3,10,220,0,0),(3,10,221,0,0),(3,10,222,0,0),(3,10,223,0,0),(3,10,224,0,0),(3,10,225,0,0),(3,10,226,0,0),(3,10,227,0,0),(3,10,228,0,0),(3,10,229,0,0),(3,10,230,0,0),(3,10,231,0,0),(3,9,232,0,0),(3,9,233,0,0),(3,9,234,0,0),(3,9,235,0,0),(3,9,236,0,0),(3,9,237,0,0),(3,9,238,0,0),(3,9,239,0,0),(3,9,240,0,0),(3,9,241,0,0),(3,9,242,0,0),(3,9,243,0,0),(3,9,244,0,0),(3,9,245,0,0),(3,9,246,0,0),(3,9,247,0,0),(3,9,248,0,0),(3,9,249,0,0),(3,9,250,0,0),(3,9,251,0,0),(3,9,252,0,0),(3,9,253,0,0),(3,9,254,0,0),(3,9,255,0,0),(3,16,256,0,0),(3,16,257,0,0),(3,16,258,0,0),(3,16,259,0,0),(3,16,260,0,0),(3,16,261,0,0),(3,16,262,0,0),(3,16,263,0,0),(3,16,264,0,0),(3,16,265,0,0),(3,16,266,0,0),(3,16,267,0,0),(3,16,268,0,0),(3,16,269,0,0),(3,16,270,0,0),(3,16,271,0,0),(3,16,272,0,0),(3,16,273,0,0),(3,16,274,0,0),(3,16,275,0,0),(3,16,276,0,0),(3,16,277,0,0),(3,16,278,0,0),(3,15,279,0,0),(3,15,280,0,0),(3,15,281,0,0),(3,15,282,0,0),(3,15,283,0,0),(3,15,284,0,0),(3,15,285,0,0),(3,15,286,0,0),(3,15,287,0,0),(3,15,288,0,0),(3,18,289,0,0),(3,18,290,0,0),(3,18,291,0,0),(3,18,292,0,0),(3,18,293,0,0),(3,18,294,0,0),(3,18,295,0,0),(3,18,296,0,0),(3,18,297,0,0),(3,18,298,0,0),(3,18,299,0,0),(3,18,300,0,0),(3,18,301,0,0),(3,18,302,0,0),(3,18,303,0,0),(3,18,304,0,0),(3,18,305,0,0),(3,19,306,0,0),(3,19,307,0,0),(3,19,308,0,0),(3,19,309,0,0),(3,19,310,0,0),(3,19,311,0,0),(3,19,312,0,0),(3,19,313,0,0),(3,20,314,0,0),(3,20,315,0,0),(3,20,316,0,0),(3,20,317,0,0),(3,20,318,0,0),(3,20,319,0,0),(3,20,320,0,0),(3,20,321,0,0),(3,20,322,0,0),(3,20,323,0,0),(3,20,324,0,0),(3,20,325,0,0),(3,20,326,0,0),(3,20,327,0,0),(3,20,328,0,0),(3,20,329,0,0),(3,20,330,0,0),(3,20,331,0,0),(3,20,332,0,0),(3,20,333,0,0),(3,20,334,0,0),(3,20,335,0,0),(3,20,336,0,0),(3,20,337,0,0),(3,20,338,0,0),(3,20,339,0,0),(3,20,340,0,0),(3,20,341,0,0),(3,20,342,0,0),(3,20,343,0,0),(3,20,344,0,0),(3,20,345,0,0),(3,20,346,0,0),(3,20,347,0,0),(3,20,348,0,0),(3,20,349,0,0),(3,20,350,0,0),(3,21,351,0,0),(3,21,352,0,0),(3,21,353,0,0),(3,21,354,0,0),(3,21,355,0,0),(3,21,356,0,0),(3,21,357,0,0),(3,21,358,0,0),(3,21,359,0,0),(3,21,360,0,0),(3,21,361,0,0),(3,21,362,0,0),(3,21,363,0,0),(3,21,364,0,0),(3,21,365,0,0),(3,21,366,0,0),(3,21,367,0,0),(3,21,368,0,0),(3,21,369,0,0),(3,21,370,0,0),(3,21,371,0,0),(3,21,372,0,0),(3,21,373,0,0),(3,21,374,0,0),(3,21,375,0,0),(3,21,376,0,0),(3,21,377,0,0),(3,21,378,0,0),(3,21,379,0,0),(3,21,380,0,0),(3,21,381,0,0),(3,21,382,0,0),(3,21,383,0,0),(3,21,384,0,0),(3,21,385,0,0),(3,21,386,0,0),(3,21,387,0,0),(3,21,388,0,0),(3,22,389,0,0),(3,22,390,0,0),(3,22,391,0,0),(3,22,392,0,0),(3,22,393,0,0),(3,22,394,0,0),(3,22,395,0,0),(3,22,396,0,0),(3,22,397,0,0),(3,22,398,0,0),(3,22,399,0,0),(3,22,400,0,0),(3,22,401,0,0),(3,22,402,0,0),(3,22,403,0,0),(3,22,404,0,0),(3,22,405,0,0),(3,22,406,0,0),(3,22,407,0,0),(3,22,408,0,0),(3,22,409,0,0),(3,22,410,0,0),(3,22,411,0,0),(3,22,412,0,0),(3,22,413,0,0),(3,22,414,0,0),(3,22,415,0,0),(3,22,416,0,0),(3,22,417,0,0),(3,22,418,0,0),(3,22,419,0,0),(3,22,420,0,0),(3,22,421,0,0),(3,22,422,0,0),(3,22,423,0,0),(3,22,424,0,0),(3,22,425,0,0),(3,22,426,0,0),(3,22,427,0,0),(3,22,428,0,0),(3,22,429,0,0),(3,22,430,0,0),(3,22,431,0,0),(3,22,432,0,0),(3,22,433,0,0),(3,22,434,0,0),(3,22,435,0,0),(3,23,436,0,0),(3,23,437,0,0),(3,23,438,0,0),(3,23,439,0,0),(3,23,440,0,0),(3,23,441,0,0),(3,23,442,0,0),(3,23,443,0,0),(3,23,444,0,0),(3,23,445,0,0),(3,23,446,0,0),(3,23,447,0,0),(3,23,448,0,0),(3,23,449,0,0),(3,23,450,0,0),(3,23,451,0,0),(3,23,452,0,0),(3,23,453,0,0),(3,23,454,0,0),(3,23,455,0,0),(3,23,456,0,0),(3,23,457,0,0),(3,23,458,0,0),(3,23,459,0,0),(3,23,460,0,0),(3,23,461,0,0),(3,23,462,0,0),(3,23,463,0,0),(3,23,464,0,0),(3,23,465,0,0),(3,23,466,0,0),(3,23,467,0,0),(3,23,468,0,0),(3,23,469,0,0),(3,23,470,0,0),(3,23,471,0,0),(3,23,472,0,0),(3,23,473,0,0),(3,23,474,0,0),(3,29,475,0,0),(3,29,479,0,0),(3,29,480,0,0),(3,29,482,0,0),(3,29,489,0,0),(3,29,490,0,0),(3,29,491,0,0),(3,29,492,0,0),(3,29,493,0,0),(3,29,495,0,0),(3,29,496,0,0),(3,29,497,0,0),(3,29,498,0,0),(3,29,499,0,0),(3,29,504,0,0),(3,29,505,0,0),(3,29,506,0,0),(3,29,507,0,0),(3,29,515,0,0),(3,10,520,0,0),(3,10,521,0,0),(3,10,522,0,0),(3,10,523,0,0),(3,10,524,0,0),(3,10,525,0,0),(3,32,526,0,0),(3,32,527,0,0),(3,32,528,0,0),(3,32,529,0,0),(3,32,530,0,0),(3,32,531,0,0),(3,32,532,0,0),(3,32,533,0,0),(3,32,534,0,0),(3,32,535,0,0),(3,32,536,0,0),(3,32,537,0,0),(3,32,538,0,0),(3,32,539,0,0),(3,32,540,0,0),(3,32,541,0,0),(3,32,542,0,0),(3,32,543,0,0),(3,32,544,0,0),(3,32,545,0,0),(3,32,546,0,0),(3,32,547,0,0),(3,34,548,0,0),(3,34,549,0,0),(3,34,550,0,0),(3,34,551,0,0),(3,34,552,0,0),(3,34,553,0,0),(3,34,554,0,0),(3,34,555,0,0),(3,34,556,0,0),(3,34,557,0,0),(3,34,558,0,0),(3,34,559,0,0),(3,34,560,0,0),(3,34,561,0,0),(3,34,562,0,0),(3,34,563,0,0),(3,34,564,0,0),(3,29,565,0,0),(3,35,566,0,0),(3,35,567,0,0),(3,35,568,0,0),(3,35,569,0,0),(3,35,570,0,0),(3,35,571,0,0),(3,35,572,0,0),(3,35,573,0,0),(3,35,574,0,0),(3,35,575,0,0),(3,35,576,0,0),(3,35,577,0,0),(3,35,578,0,0),(3,35,579,0,0),(3,35,580,0,0),(3,35,581,0,0),(3,35,582,0,0),(3,35,583,0,0),(3,35,584,0,0),(3,35,585,0,0),(3,35,586,0,0),(3,35,587,0,0),(3,38,588,0,0),(3,38,589,0,0),(3,38,590,0,0),(3,38,591,0,0),(3,38,592,0,0),(3,38,593,0,0),(3,38,594,0,0),(3,38,595,0,0),(3,38,596,0,0),(3,38,597,0,0),(3,38,598,0,0),(3,38,599,0,0),(3,38,600,0,0),(3,39,601,0,0),(3,39,602,0,0),(3,39,603,0,0),(3,39,604,0,0),(3,39,605,0,0),(3,39,606,0,0),(3,39,607,0,0),(3,39,608,0,0),(3,39,609,0,0),(3,39,610,0,0),(3,39,611,0,0),(3,39,612,0,0),(3,39,613,0,0),(3,39,614,0,0),(3,39,615,0,0),(3,39,616,0,0),(3,39,617,0,0),(3,39,618,0,0),(3,40,619,0,0),(3,40,620,0,0),(3,40,621,0,0),(3,40,622,0,0),(3,40,623,0,0),(3,40,624,0,0),(3,40,625,0,0),(3,40,626,0,0),(3,40,627,0,0),(3,40,628,0,0),(3,40,629,0,0),(3,40,630,0,0),(3,40,631,0,0),(3,40,632,0,0),(3,40,633,0,0),(3,40,634,0,0),(3,40,635,0,0),(3,40,636,0,0),(3,40,637,0,0),(3,40,638,0,0),(3,43,639,0,0),(3,43,640,0,0),(3,43,641,0,0),(3,43,642,0,0),(3,43,643,0,0),(3,43,644,0,0),(3,45,645,0,0),(3,45,646,0,0),(3,45,647,0,0),(3,45,648,0,0),(3,45,649,0,0),(3,45,650,0,0),(3,45,651,0,0),(3,45,652,0,0),(3,47,653,0,0),(3,47,654,0,0),(3,47,655,0,0),(3,47,656,0,0),(3,47,657,0,0),(3,47,658,0,0),(3,47,659,0,0),(3,47,660,0,0),(3,47,661,0,0),(3,47,662,0,0),(3,47,663,0,0),(3,47,664,0,0),(3,47,665,0,0),(3,47,666,0,0),(3,47,667,0,0),(3,47,668,0,0),(3,47,669,0,0),(3,47,670,0,0),(3,47,671,0,0),(3,47,672,0,0),(3,47,673,0,0),(3,2,674,0,0),(3,29,675,0,0),(3,23,676,0,0),(3,23,677,0,0),(3,23,678,0,0),(3,23,679,0,0),(3,23,680,0,0),(3,23,681,0,0),(3,23,682,0,0),(3,23,683,0,0),(3,23,684,0,0),(3,22,685,0,0),(3,22,686,0,0),(3,22,687,0,0),(3,22,688,0,0),(3,22,689,0,0),(3,22,690,0,0),(3,22,691,0,0),(3,22,692,0,0),(3,22,693,0,0),(3,21,694,0,0),(3,21,695,0,0),(3,21,696,0,0),(3,21,697,0,0),(3,21,698,0,0),(3,21,699,0,0),(3,21,700,0,0),(3,21,701,0,0),(3,21,702,0,0),(3,20,703,0,0),(3,20,704,0,0),(3,20,705,0,0),(3,20,706,0,0),(3,20,707,0,0),(3,20,708,0,0),(3,20,709,0,0),(3,20,710,0,0),(3,20,711,0,0),(3,29,712,0,0),(3,39,713,0,0),(3,45,714,0,0),(3,29,715,0,0),(3,29,716,0,0),(3,29,717,0,0),(3,23,718,0,0),(3,22,719,0,0),(3,21,720,0,0),(3,20,721,0,0),(3,29,722,0,0),(3,6,723,0,0),(3,4,724,0,0),(3,2,725,0,0),(3,29,726,0,0),(3,23,727,0,0),(3,23,728,0,0),(3,21,729,0,0),(3,21,730,0,0),(3,18,731,0,0),(3,7,732,0,0),(3,45,733,0,0),(3,45,734,0,0),(3,23,735,0,0),(3,20,736,0,0),(3,21,737,0,0),(3,22,738,0,0),(3,29,739,0,0),(3,2,740,0,0),(3,13,741,0,0),(3,29,742,0,0),(3,29,743,0,0),(3,29,744,0,0),(3,29,745,0,0),(3,14,772,0,0),(3,32,773,0,0),(3,23,774,0,0),(3,29,775,0,0),(3,23,776,0,0),(3,23,777,0,0),(3,23,778,0,0),(3,20,779,0,0),(3,20,780,0,0),(3,20,781,0,0),(3,21,782,0,0),(3,22,783,0,0),(3,22,784,0,0),(3,22,785,0,0),(3,45,786,0,0),(3,45,787,0,0),(3,45,788,0,0),(3,2,789,0,0),(3,4,790,0,0),(3,6,791,0,0),(3,7,792,0,0),(3,8,793,0,0),(3,9,794,0,0),(3,10,795,0,0),(3,13,796,0,0),(3,14,797,0,0),(3,15,798,0,0),(3,16,799,0,0),(3,18,800,0,0),(3,19,801,0,0),(3,20,802,0,0),(3,21,803,0,0),(3,22,804,0,0),(3,23,805,0,0),(3,26,806,0,0),(3,10,807,0,0),(3,2,808,0,0),(3,4,809,0,0),(3,6,810,0,0),(3,7,811,0,0),(3,8,812,0,0),(3,9,813,0,0),(3,10,814,0,0),(3,13,815,0,0),(3,14,816,0,0),(3,15,817,0,0),(3,16,818,0,0),(3,18,819,0,0),(3,19,820,0,0),(3,20,821,0,0),(3,21,822,0,0),(3,22,823,0,0),(3,23,824,0,0),(3,26,825,0,0),(3,2,826,0,0),(3,4,827,0,0),(3,6,828,0,0),(3,7,829,0,0),(3,8,830,0,0),(3,9,831,0,0),(3,10,832,0,0),(3,13,833,0,0),(3,14,834,0,0),(3,15,835,0,0),(3,16,836,0,0),(3,18,837,0,0),(3,19,838,0,0),(3,20,839,0,0),(3,21,840,0,0),(3,22,841,0,0),(3,23,842,0,0),(3,26,843,0,0),(3,20,844,0,0),(3,21,845,0,0),(3,22,846,0,0),(3,23,847,0,0),(3,40,848,0,0),(3,40,849,0,0),(3,29,850,0,0),(3,22,851,0,0),(3,7,859,0,0),(3,7,860,0,0),(3,6,861,0,0),(3,4,862,0,0),(3,4,864,0,0),(3,22,866,0,0),(4,6,1,0,0),(4,6,2,0,0),(4,6,3,0,0),(4,6,4,0,0),(4,6,5,0,0),(4,6,6,0,0),(4,6,7,0,0),(4,6,8,0,0),(4,6,9,0,0),(4,6,10,0,0),(4,6,11,0,0),(4,6,12,0,0),(4,6,13,0,0),(4,6,14,0,0),(4,6,15,0,0),(4,6,16,0,0),(4,6,17,0,0),(4,6,18,0,0),(4,6,19,0,0),(4,6,20,0,0),(4,6,21,0,0),(4,6,22,0,0),(4,6,23,0,0),(4,6,24,0,0),(4,6,25,0,0),(4,6,26,0,0),(4,6,27,0,0),(4,6,28,0,0),(4,6,29,0,0),(4,6,30,0,0),(4,6,31,0,0),(4,6,32,0,0),(4,6,33,0,0),(4,6,34,0,0),(4,6,35,0,0),(4,6,36,0,0),(4,7,37,0,0),(4,7,38,0,0),(4,7,39,0,0),(4,7,40,0,0),(4,7,41,0,0),(4,7,42,0,0),(4,7,43,0,0),(4,7,44,0,0),(4,7,45,0,0),(4,7,46,0,0),(4,7,47,0,0),(4,7,48,0,0),(4,7,49,0,0),(4,7,50,0,0),(4,7,51,0,0),(4,7,52,0,0),(4,7,53,0,0),(4,7,54,0,0),(4,7,55,0,0),(4,7,56,0,0),(4,7,57,0,0),(4,7,58,0,0),(4,7,59,0,0),(4,7,60,0,0),(4,7,61,0,0),(4,7,62,0,0),(4,7,63,0,0),(4,7,64,0,0),(4,7,65,0,0),(4,4,66,0,0),(4,4,67,0,0),(4,4,68,0,0),(4,4,69,0,0),(4,4,70,0,0),(4,4,71,0,0),(4,4,72,0,0),(4,4,73,0,0),(4,4,74,0,0),(4,4,75,0,0),(4,4,76,0,0),(4,4,77,0,0),(4,4,78,0,0),(4,4,79,0,0),(4,4,80,0,0),(4,4,81,0,0),(4,4,82,0,0),(4,4,83,0,0),(4,4,84,0,0),(4,4,85,0,0),(4,4,86,0,0),(4,4,87,0,0),(4,4,88,0,0),(4,4,89,0,0),(4,4,90,0,0),(4,4,91,0,0),(4,4,92,0,0),(4,4,93,0,0),(4,4,94,0,0),(4,4,95,0,0),(4,4,96,0,0),(4,4,97,0,0),(4,4,98,0,0),(4,4,99,0,0),(4,4,100,0,0),(4,4,101,0,0),(4,4,102,0,0),(4,4,103,0,0),(4,4,104,0,0),(4,4,105,0,0),(4,4,106,0,0),(4,4,107,0,0),(4,4,108,0,0),(4,4,109,0,0),(4,2,110,0,0),(4,2,111,0,0),(4,2,112,0,0),(4,2,113,0,0),(4,2,114,0,0),(4,2,115,0,0),(4,2,116,0,0),(4,2,117,0,0),(4,2,118,0,0),(4,2,119,0,0),(4,2,120,0,0),(4,2,121,0,0),(4,2,122,0,0),(4,2,123,0,0),(4,2,124,0,0),(4,2,125,0,0),(4,26,126,0,0),(4,26,127,0,0),(4,26,128,0,0),(4,26,129,0,0),(4,26,130,0,0),(4,26,131,0,0),(4,26,132,0,0),(4,26,133,0,0),(4,26,134,0,0),(4,26,135,0,0),(4,26,136,0,0),(4,26,137,0,0),(4,26,138,0,0),(4,26,139,0,0),(4,26,140,0,0),(4,26,141,0,0),(4,26,142,0,0),(4,26,143,0,0),(4,26,144,0,0),(4,26,145,0,0),(4,26,146,0,0),(4,26,147,0,0),(4,26,148,0,0),(4,26,149,0,0),(4,26,150,0,0),(4,4,151,0,0),(4,6,152,0,0),(4,7,153,0,0),(4,26,154,0,0),(4,13,155,0,0),(4,13,156,0,0),(4,13,157,0,0),(4,13,158,0,0),(4,13,159,0,0),(4,13,160,0,0),(4,13,161,0,0),(4,13,162,0,0),(4,13,163,0,0),(4,13,164,0,0),(4,13,165,0,0),(4,13,166,0,0),(4,13,167,0,0),(4,13,168,0,0),(4,13,169,0,0),(4,13,170,0,0),(4,13,171,0,0),(4,13,172,0,0),(4,13,173,0,0),(4,14,174,0,0),(4,14,175,0,0),(4,14,176,0,0),(4,14,177,0,0),(4,14,178,0,0),(4,14,179,0,0),(4,14,180,0,0),(4,14,181,0,0),(4,14,182,0,0),(4,14,183,0,0),(4,14,184,0,0),(4,14,185,0,0),(4,14,186,0,0),(4,14,187,0,0),(4,14,188,0,0),(4,14,189,0,0),(4,14,190,0,0),(4,14,191,0,0),(4,14,192,0,0),(4,14,193,0,0),(4,14,194,0,0),(4,14,195,0,0),(4,14,196,0,0),(4,14,197,0,0),(4,14,198,0,0),(4,14,199,0,0),(4,14,200,0,0),(4,14,201,0,0),(4,14,202,0,0),(4,14,203,0,0),(4,14,204,0,0),(4,8,205,0,0),(4,8,206,0,0),(4,8,207,0,0),(4,8,208,0,0),(4,8,209,0,0),(4,8,210,0,0),(4,8,211,0,0),(4,8,212,0,0),(4,8,213,0,0),(4,8,214,0,0),(4,8,215,0,0),(4,8,216,0,0),(4,8,217,0,0),(4,8,218,0,0),(4,8,219,0,0),(4,10,220,0,0),(4,10,221,0,0),(4,10,222,0,0),(4,10,223,0,0),(4,10,224,0,0),(4,10,225,0,0),(4,10,226,0,0),(4,10,227,0,0),(4,10,228,0,0),(4,10,229,0,0),(4,10,230,0,0),(4,10,231,0,0),(4,9,232,0,0),(4,9,233,0,0),(4,9,234,0,0),(4,9,235,0,0),(4,9,236,0,0),(4,9,237,0,0),(4,9,238,0,0),(4,9,239,0,0),(4,9,240,0,0),(4,9,241,0,0),(4,9,242,0,0),(4,9,243,0,0),(4,9,244,0,0),(4,9,245,0,0),(4,9,246,0,0),(4,9,247,0,0),(4,9,248,0,0),(4,9,249,0,0),(4,9,250,0,0),(4,9,251,0,0),(4,9,252,0,0),(4,9,253,0,0),(4,9,254,0,0),(4,9,255,0,0),(4,16,256,0,0),(4,16,257,0,0),(4,16,258,0,0),(4,16,259,0,0),(4,16,260,0,0),(4,16,261,0,0),(4,16,262,0,0),(4,16,263,0,0),(4,16,264,0,0),(4,16,265,0,0),(4,16,266,0,0),(4,16,267,0,0),(4,16,268,0,0),(4,16,269,0,0),(4,16,270,0,0),(4,16,271,0,0),(4,16,272,0,0),(4,16,273,0,0),(4,16,274,0,0),(4,16,275,0,0),(4,16,276,0,0),(4,16,277,0,0),(4,16,278,0,0),(4,15,279,0,0),(4,15,280,0,0),(4,15,281,0,0),(4,15,282,0,0),(4,15,283,0,0),(4,15,284,0,0),(4,15,285,0,0),(4,15,286,0,0),(4,15,287,0,0),(4,15,288,0,0),(4,18,289,0,0),(4,18,290,0,0),(4,18,291,0,0),(4,18,292,0,0),(4,18,293,0,0),(4,18,294,0,0),(4,18,295,0,0),(4,18,296,0,0),(4,18,297,0,0),(4,18,298,0,0),(4,18,299,0,0),(4,18,300,0,0),(4,18,301,0,0),(4,18,302,0,0),(4,18,303,0,0),(4,18,304,0,0),(4,18,305,0,0),(4,19,306,0,0),(4,19,307,0,0),(4,19,308,0,0),(4,19,309,0,0),(4,19,310,0,0),(4,19,311,0,0),(4,19,312,0,0),(4,19,313,0,0),(4,20,314,0,0),(4,20,315,0,0),(4,20,316,0,0),(4,20,317,0,0),(4,20,318,0,0),(4,20,319,0,0),(4,20,320,0,0),(4,20,321,0,0),(4,20,322,0,0),(4,20,323,0,0),(4,20,324,0,0),(4,20,325,0,0),(4,20,326,0,0),(4,20,327,0,0),(4,20,328,0,0),(4,20,329,0,0),(4,20,330,0,0),(4,20,331,0,0),(4,20,332,0,0),(4,20,333,0,0),(4,20,334,0,0),(4,20,335,0,0),(4,20,336,0,0),(4,20,337,0,0),(4,20,338,0,0),(4,20,339,0,0),(4,20,340,0,0),(4,20,341,0,0),(4,20,342,0,0),(4,20,343,0,0),(4,20,344,0,0),(4,20,345,0,0),(4,20,346,0,0),(4,20,347,0,0),(4,20,348,0,0),(4,20,349,0,0),(4,20,350,0,0),(4,21,351,0,0),(4,21,352,0,0),(4,21,353,0,0),(4,21,354,0,0),(4,21,355,0,0),(4,21,356,0,0),(4,21,357,0,0),(4,21,358,0,0),(4,21,359,0,0),(4,21,360,0,0),(4,21,361,0,0),(4,21,362,0,0),(4,21,363,0,0),(4,21,364,0,0),(4,21,365,0,0),(4,21,366,0,0),(4,21,367,0,0),(4,21,368,0,0),(4,21,369,0,0),(4,21,370,0,0),(4,21,371,0,0),(4,21,372,0,0),(4,21,373,0,0),(4,21,374,0,0),(4,21,375,0,0),(4,21,376,0,0),(4,21,377,0,0),(4,21,378,0,0),(4,21,379,0,0),(4,21,380,0,0),(4,21,381,0,0),(4,21,382,0,0),(4,21,383,0,0),(4,21,384,0,0),(4,21,385,0,0),(4,21,386,0,0),(4,21,387,0,0),(4,21,388,0,0),(4,22,389,0,0),(4,22,390,0,0),(4,22,391,0,0),(4,22,392,0,0),(4,22,393,0,0),(4,22,394,0,0),(4,22,395,0,0),(4,22,396,0,0),(4,22,397,0,0),(4,22,398,0,0),(4,22,399,0,0),(4,22,400,0,0),(4,22,401,0,0),(4,22,402,0,0),(4,22,403,0,0),(4,22,404,0,0),(4,22,405,0,0),(4,22,406,0,0),(4,22,407,0,0),(4,22,408,0,0),(4,22,409,0,0),(4,22,410,0,0),(4,22,411,0,0),(4,22,412,0,0),(4,22,413,0,0),(4,22,414,0,0),(4,22,415,0,0),(4,22,416,0,0),(4,22,417,0,0),(4,22,418,0,0),(4,22,419,0,0),(4,22,420,0,0),(4,22,421,0,0),(4,22,422,0,0),(4,22,423,0,0),(4,22,424,0,0),(4,22,425,0,0),(4,22,426,0,0),(4,22,427,0,0),(4,22,428,0,0),(4,22,429,0,0),(4,22,430,0,0),(4,22,431,0,0),(4,22,432,0,0),(4,22,433,0,0),(4,22,434,0,0),(4,22,435,0,0),(4,23,436,0,0),(4,23,437,0,0),(4,23,438,0,0),(4,23,439,0,0),(4,23,440,0,0),(4,23,441,0,0),(4,23,442,0,0),(4,23,443,0,0),(4,23,444,0,0),(4,23,445,0,0),(4,23,446,0,0),(4,23,447,0,0),(4,23,448,0,0),(4,23,449,0,0),(4,23,450,0,0),(4,23,451,0,0),(4,23,452,0,0),(4,23,453,0,0),(4,23,454,0,0),(4,23,455,0,0),(4,23,456,0,0),(4,23,457,0,0),(4,23,458,0,0),(4,23,459,0,0),(4,23,460,0,0),(4,23,461,0,0),(4,23,462,0,0),(4,23,463,0,0),(4,23,464,0,0),(4,23,465,0,0),(4,23,466,0,0),(4,23,467,0,0),(4,23,468,0,0),(4,23,469,0,0),(4,23,470,0,0),(4,23,471,0,0),(4,23,472,0,0),(4,23,473,0,0),(4,23,474,0,0),(4,29,475,0,0),(4,29,479,0,0),(4,29,480,0,0),(4,29,482,0,0),(4,29,489,0,0),(4,29,490,0,0),(4,29,491,0,0),(4,29,492,0,0),(4,29,493,0,0),(4,29,495,0,0),(4,29,496,0,0),(4,29,497,0,0),(4,29,498,0,0),(4,29,499,0,0),(4,29,504,0,0),(4,29,505,0,0),(4,29,506,0,0),(4,29,507,0,0),(4,29,515,0,0),(4,10,520,0,0),(4,10,521,0,0),(4,10,522,0,0),(4,10,523,0,0),(4,10,524,0,0),(4,10,525,0,0),(4,32,526,0,0),(4,32,527,0,0),(4,32,528,0,0),(4,32,529,0,0),(4,32,530,0,0),(4,32,531,0,0),(4,32,532,0,0),(4,32,533,0,0),(4,32,534,0,0),(4,32,535,0,0),(4,32,536,0,0),(4,32,537,0,0),(4,32,538,0,0),(4,32,539,0,0),(4,32,540,0,0),(4,32,541,0,0),(4,32,542,0,0),(4,32,543,0,0),(4,32,544,0,0),(4,32,545,0,0),(4,32,546,0,0),(4,32,547,0,0),(4,34,548,0,0),(4,34,549,0,0),(4,34,550,0,0),(4,34,551,0,0),(4,34,552,0,0),(4,34,553,0,0),(4,34,554,0,0),(4,34,555,0,0),(4,34,556,0,0),(4,34,557,0,0),(4,34,558,0,0),(4,34,559,0,0),(4,34,560,0,0),(4,34,561,0,0),(4,34,562,0,0),(4,34,563,0,0),(4,34,564,0,0),(4,29,565,0,0),(4,35,566,0,0),(4,35,567,0,0),(4,35,568,0,0),(4,35,569,0,0),(4,35,570,0,0),(4,35,571,0,0),(4,35,572,0,0),(4,35,573,0,0),(4,35,574,0,0),(4,35,575,0,0),(4,35,576,0,0),(4,35,577,0,0),(4,35,578,0,0),(4,35,579,0,0),(4,35,580,0,0),(4,35,581,0,0),(4,35,582,0,0),(4,35,583,0,0),(4,35,584,0,0),(4,35,585,0,0),(4,35,586,0,0),(4,35,587,0,0),(4,38,588,0,0),(4,38,589,0,0),(4,38,590,0,0),(4,38,591,0,0),(4,38,592,0,0),(4,38,593,0,0),(4,38,594,0,0),(4,38,595,0,0),(4,38,596,0,0),(4,38,597,0,0),(4,38,598,0,0),(4,38,599,0,0),(4,38,600,0,0),(4,39,601,0,0),(4,39,602,0,0),(4,39,603,0,0),(4,39,604,0,0),(4,39,605,0,0),(4,39,606,0,0),(4,39,607,0,0),(4,39,608,0,0),(4,39,609,0,0),(4,39,610,0,0),(4,39,611,0,0),(4,39,612,0,0),(4,39,613,0,0),(4,39,614,0,0),(4,39,615,0,0),(4,39,616,0,0),(4,39,617,0,0),(4,39,618,0,0),(4,40,619,0,0),(4,40,620,0,0),(4,40,621,0,0),(4,40,622,0,0),(4,40,623,0,0),(4,40,624,0,0),(4,40,625,0,0),(4,40,626,0,0),(4,40,627,0,0),(4,40,628,0,0),(4,40,629,0,0),(4,40,630,0,0),(4,40,631,0,0),(4,40,632,0,0),(4,40,633,0,0),(4,40,634,0,0),(4,40,635,0,0),(4,40,636,0,0),(4,40,637,0,0),(4,40,638,0,0),(4,43,639,0,0),(4,43,640,0,0),(4,43,641,0,0),(4,43,642,0,0),(4,43,643,0,0),(4,43,644,0,0),(4,45,645,0,0),(4,45,646,0,0),(4,45,647,0,0),(4,45,648,0,0),(4,45,649,0,0),(4,45,650,0,0),(4,45,651,0,0),(4,45,652,0,0),(4,47,653,0,0),(4,47,654,0,0),(4,47,655,0,0),(4,47,656,0,0),(4,47,657,0,0),(4,47,658,0,0),(4,47,659,0,0),(4,47,660,0,0),(4,47,661,0,0),(4,47,662,0,0),(4,47,663,0,0),(4,47,664,0,0),(4,47,665,0,0),(4,47,666,0,0),(4,47,667,0,0),(4,47,668,0,0),(4,47,669,0,0),(4,47,670,0,0),(4,47,671,0,0),(4,47,672,0,0),(4,47,673,0,0),(4,2,674,0,0),(4,29,675,0,0),(4,23,676,0,0),(4,23,677,0,0),(4,23,678,0,0),(4,23,679,0,0),(4,23,680,0,0),(4,23,681,0,0),(4,23,682,0,0),(4,23,683,0,0),(4,23,684,0,0),(4,22,685,0,0),(4,22,686,0,0),(4,22,687,0,0),(4,22,688,0,0),(4,22,689,0,0),(4,22,690,0,0),(4,22,691,0,0),(4,22,692,0,0),(4,22,693,0,0),(4,21,694,0,0),(4,21,695,0,0),(4,21,696,0,0),(4,21,697,0,0),(4,21,698,0,0),(4,21,699,0,0),(4,21,700,0,0),(4,21,701,0,0),(4,21,702,0,0),(4,20,703,0,0),(4,20,704,0,0),(4,20,705,0,0),(4,20,706,0,0),(4,20,707,0,0),(4,20,708,0,0),(4,20,709,0,0),(4,20,710,0,0),(4,20,711,0,0),(4,29,712,0,0),(4,39,713,0,0),(4,45,714,0,0),(4,29,715,0,0),(4,29,716,0,0),(4,29,717,0,0),(4,23,718,0,0),(4,22,719,0,0),(4,21,720,0,0),(4,20,721,0,0),(4,29,722,0,0),(4,6,723,0,0),(4,4,724,0,0),(4,2,725,0,0),(4,29,726,0,0),(4,23,727,0,0),(4,23,728,0,0),(4,21,729,0,0),(4,21,730,0,0),(4,18,731,0,0),(4,7,732,0,0),(4,45,733,0,0),(4,45,734,0,0),(4,23,735,0,0),(4,20,736,0,0),(4,21,737,0,0),(4,22,738,0,0),(4,29,739,0,0),(4,2,740,0,0),(4,13,741,0,0),(4,29,742,0,0),(4,29,743,0,0),(4,29,744,0,0),(4,29,745,0,0),(4,14,772,0,0),(4,32,773,0,0),(4,23,774,0,0),(4,29,775,0,0),(4,23,776,0,0),(4,23,777,0,0),(4,23,778,0,0),(4,20,779,0,0),(4,20,780,0,0),(4,20,781,0,0),(4,21,782,0,0),(4,22,783,0,0),(4,22,784,0,0),(4,22,785,0,0),(4,45,786,0,0),(4,45,787,0,0),(4,45,788,0,0),(4,2,789,0,0),(4,4,790,0,0),(4,6,791,0,0),(4,7,792,0,0),(4,8,793,0,0),(4,9,794,0,0),(4,10,795,0,0),(4,13,796,0,0),(4,14,797,0,0),(4,15,798,0,0),(4,16,799,0,0),(4,18,800,0,0),(4,19,801,0,0),(4,20,802,0,0),(4,21,803,0,0),(4,22,804,0,0),(4,23,805,0,0),(4,26,806,0,0),(4,10,807,0,0),(4,2,808,0,0),(4,4,809,0,0),(4,6,810,0,0),(4,7,811,0,0),(4,8,812,0,0),(4,9,813,0,0),(4,10,814,0,0),(4,13,815,0,0),(4,14,816,0,0),(4,15,817,0,0),(4,16,818,0,0),(4,18,819,0,0),(4,19,820,0,0),(4,20,821,0,0),(4,21,822,0,0),(4,22,823,0,0),(4,23,824,0,0),(4,26,825,0,0),(4,2,826,0,0),(4,4,827,0,0),(4,6,828,0,0),(4,7,829,0,0),(4,8,830,0,0),(4,9,831,0,0),(4,10,832,0,0),(4,13,833,0,0),(4,14,834,0,0),(4,15,835,0,0),(4,16,836,0,0),(4,18,837,0,0),(4,19,838,0,0),(4,20,839,0,0),(4,21,840,0,0),(4,22,841,0,0),(4,23,842,0,0),(4,26,843,0,0),(4,20,844,0,0),(4,21,845,0,0),(4,22,846,0,0),(4,23,847,0,0),(4,40,848,0,0),(4,40,849,0,0),(4,29,850,0,0),(4,22,851,0,0),(4,7,859,0,0),(4,7,860,0,0),(4,6,861,0,0),(4,4,862,0,0),(4,4,864,0,0),(4,22,866,0,0);
/*!40000 ALTER TABLE `vtiger_profile2field` ENABLE KEYS */;
UNLOCK TABLES;

--
-- Table structure for table `vtiger_profile2globalpermissions`
--

DROP TABLE IF EXISTS `vtiger_profile2globalpermissions`;
/*!40101 SET @saved_cs_client     = @@character_set_client */;
/*!40101 SET character_set_client = utf8 */;
CREATE TABLE `vtiger_profile2globalpermissions` (
  `profileid` int(19) NOT NULL,
  `globalactionid` int(19) NOT NULL,
  `globalactionpermission` int(19) DEFAULT NULL,
  PRIMARY KEY (`profileid`,`globalactionid`),
  KEY `idx_profile2globalpermissions` (`profileid`,`globalactionid`),
  CONSTRAINT `fk_1_vtiger_profile2globalpermissions` FOREIGN KEY (`profileid`) REFERENCES `vtiger_profile` (`profileid`) ON DELETE CASCADE
) ENGINE=InnoDB DEFAULT CHARSET=utf8;
/*!40101 SET character_set_client = @saved_cs_client */;

--
-- Dumping data for table `vtiger_profile2globalpermissions`
--

LOCK TABLES `vtiger_profile2globalpermissions` WRITE;
/*!40000 ALTER TABLE `vtiger_profile2globalpermissions` DISABLE KEYS */;
INSERT INTO `vtiger_profile2globalpermissions` VALUES (1,1,0),(1,2,0),(2,1,1),(2,2,1),(3,1,1),(3,2,1),(4,1,1),(4,2,1);
/*!40000 ALTER TABLE `vtiger_profile2globalpermissions` ENABLE KEYS */;
UNLOCK TABLES;

--
-- Table structure for table `vtiger_profile2standardpermissions`
--

DROP TABLE IF EXISTS `vtiger_profile2standardpermissions`;
/*!40101 SET @saved_cs_client     = @@character_set_client */;
/*!40101 SET character_set_client = utf8 */;
CREATE TABLE `vtiger_profile2standardpermissions` (
  `profileid` int(11) NOT NULL,
  `tabid` int(10) NOT NULL,
  `operation` int(10) NOT NULL,
  `permissions` int(1) DEFAULT NULL,
  PRIMARY KEY (`profileid`,`tabid`,`operation`),
  KEY `profile2standardpermissions_profileid_tabid_operation_idx` (`profileid`,`tabid`,`operation`)
) ENGINE=InnoDB DEFAULT CHARSET=utf8;
/*!40101 SET character_set_client = @saved_cs_client */;

--
-- Dumping data for table `vtiger_profile2standardpermissions`
--

LOCK TABLES `vtiger_profile2standardpermissions` WRITE;
/*!40000 ALTER TABLE `vtiger_profile2standardpermissions` DISABLE KEYS */;
INSERT INTO `vtiger_profile2standardpermissions` VALUES (1,2,0,0),(1,2,1,0),(1,2,2,0),(1,2,3,0),(1,2,4,0),(1,2,7,0),(1,4,0,0),(1,4,1,0),(1,4,2,0),(1,4,3,0),(1,4,4,0),(1,4,7,0),(1,6,0,0),(1,6,1,0),(1,6,2,0),(1,6,3,0),(1,6,4,0),(1,6,7,0),(1,7,0,0),(1,7,1,0),(1,7,2,0),(1,7,3,0),(1,7,4,0),(1,7,7,0),(1,8,0,0),(1,8,1,0),(1,8,2,0),(1,8,3,0),(1,8,4,0),(1,8,7,0),(1,9,0,0),(1,9,1,0),(1,9,2,0),(1,9,3,0),(1,9,4,0),(1,9,7,0),(1,10,0,0),(1,10,1,0),(1,10,2,0),(1,10,4,0),(1,13,0,0),(1,13,1,0),(1,13,2,0),(1,13,3,0),(1,13,4,0),(1,13,7,0),(1,14,0,0),(1,14,1,0),(1,14,2,0),(1,14,3,0),(1,14,4,0),(1,14,7,0),(1,15,0,0),(1,15,1,0),(1,15,2,0),(1,15,3,0),(1,15,4,0),(1,15,7,0),(1,16,0,0),(1,16,1,0),(1,16,2,0),(1,16,3,0),(1,16,4,0),(1,16,7,0),(1,18,0,0),(1,18,1,0),(1,18,2,0),(1,18,3,0),(1,18,4,0),(1,18,7,0),(1,19,0,0),(1,19,1,0),(1,19,2,0),(1,19,3,0),(1,19,4,0),(1,19,7,0),(1,20,0,0),(1,20,1,0),(1,20,2,0),(1,20,3,0),(1,20,4,0),(1,20,7,0),(1,21,0,0),(1,21,1,0),(1,21,2,0),(1,21,3,0),(1,21,4,0),(1,21,7,0),(1,22,0,0),(1,22,1,0),(1,22,2,0),(1,22,3,0),(1,22,4,0),(1,22,7,0),(1,23,0,0),(1,23,1,0),(1,23,2,0),(1,23,3,0),(1,23,4,0),(1,23,7,0),(1,25,0,1),(1,25,1,1),(1,25,2,1),(1,25,3,0),(1,25,4,0),(1,25,7,1),(1,26,0,0),(1,26,1,0),(1,26,2,0),(1,26,3,0),(1,26,4,0),(1,26,7,0),(1,32,0,0),(1,32,1,0),(1,32,2,0),(1,32,3,0),(1,32,4,0),(1,32,7,0),(1,34,0,0),(1,34,1,0),(1,34,2,0),(1,34,3,0),(1,34,4,0),(1,34,7,0),(1,35,0,0),(1,35,1,0),(1,35,2,0),(1,35,3,0),(1,35,4,0),(1,35,7,0),(1,38,0,0),(1,38,1,0),(1,38,2,0),(1,38,3,0),(1,38,4,0),(1,38,7,0),(1,39,0,0),(1,39,1,0),(1,39,2,0),(1,39,3,0),(1,39,4,0),(1,39,7,0),(1,40,0,0),(1,40,1,0),(1,40,2,0),(1,40,3,0),(1,40,4,0),(1,40,7,0),(1,43,0,0),(1,43,1,0),(1,43,2,0),(1,43,3,0),(1,43,4,0),(1,43,7,0),(1,45,0,0),(1,45,1,0),(1,45,2,0),(1,45,3,0),(1,45,4,0),(1,45,7,0),(1,47,0,0),(1,47,1,0),(1,47,2,0),(1,47,3,0),(1,47,4,0),(1,47,7,0),(2,2,0,0),(2,2,1,0),(2,2,2,0),(2,2,3,0),(2,2,4,0),(2,2,7,0),(2,4,0,0),(2,4,1,0),(2,4,2,0),(2,4,3,0),(2,4,4,0),(2,4,7,0),(2,6,0,0),(2,6,1,0),(2,6,2,0),(2,6,3,0),(2,6,4,0),(2,6,7,0),(2,7,0,0),(2,7,1,0),(2,7,2,0),(2,7,3,0),(2,7,4,0),(2,7,7,0),(2,8,0,0),(2,8,1,0),(2,8,2,0),(2,8,3,0),(2,8,4,0),(2,8,7,0),(2,9,0,0),(2,9,1,0),(2,9,2,0),(2,9,3,0),(2,9,4,0),(2,9,7,0),(2,10,0,0),(2,10,1,0),(2,10,2,0),(2,10,4,0),(2,13,0,1),(2,13,1,1),(2,13,2,1),(2,13,3,0),(2,13,4,0),(2,13,7,1),(2,14,0,0),(2,14,1,0),(2,14,2,0),(2,14,3,0),(2,14,4,0),(2,14,7,0),(2,15,0,0),(2,15,1,0),(2,15,2,0),(2,15,3,0),(2,15,4,0),(2,15,7,0),(2,16,0,0),(2,16,1,0),(2,16,2,0),(2,16,3,0),(2,16,4,0),(2,16,7,0),(2,18,0,0),(2,18,1,0),(2,18,2,0),(2,18,3,0),(2,18,4,0),(2,18,7,0),(2,19,0,0),(2,19,1,0),(2,19,2,0),(2,19,3,0),(2,19,4,0),(2,19,7,0),(2,20,0,0),(2,20,1,0),(2,20,2,0),(2,20,3,0),(2,20,4,0),(2,20,7,0),(2,21,0,0),(2,21,1,0),(2,21,2,0),(2,21,3,0),(2,21,4,0),(2,21,7,0),(2,22,0,0),(2,22,1,0),(2,22,2,0),(2,22,3,0),(2,22,4,0),(2,22,7,0),(2,23,0,0),(2,23,1,0),(2,23,2,0),(2,23,3,0),(2,23,4,0),(2,23,7,0),(2,25,0,1),(2,25,1,1),(2,25,2,1),(2,25,3,0),(2,25,4,0),(2,25,7,1),(2,26,0,0),(2,26,1,0),(2,26,2,0),(2,26,3,0),(2,26,4,0),(2,26,7,0),(2,32,0,0),(2,32,1,0),(2,32,2,0),(2,32,3,0),(2,32,4,0),(2,32,7,0),(2,34,0,0),(2,34,1,0),(2,34,2,0),(2,34,3,0),(2,34,4,0),(2,34,7,0),(2,35,0,0),(2,35,1,0),(2,35,2,0),(2,35,3,0),(2,35,4,0),(2,35,7,0),(2,38,0,0),(2,38,1,0),(2,38,2,0),(2,38,3,0),(2,38,4,0),(2,38,7,0),(2,39,0,0),(2,39,1,0),(2,39,2,0),(2,39,3,0),(2,39,4,0),(2,39,7,0),(2,40,0,0),(2,40,1,0),(2,40,2,0),(2,40,3,0),(2,40,4,0),(2,40,7,0),(2,43,0,0),(2,43,1,0),(2,43,2,0),(2,43,3,0),(2,43,4,0),(2,43,7,0),(2,45,0,0),(2,45,1,0),(2,45,2,0),(2,45,3,0),(2,45,4,0),(2,45,7,0),(2,47,0,0),(2,47,1,0),(2,47,2,0),(2,47,3,0),(2,47,4,0),(2,47,7,0),(3,2,0,1),(3,2,1,1),(3,2,2,1),(3,2,3,0),(3,2,4,0),(3,2,7,1),(3,4,0,0),(3,4,1,0),(3,4,2,0),(3,4,3,0),(3,4,4,0),(3,4,7,0),(3,6,0,0),(3,6,1,0),(3,6,2,0),(3,6,3,0),(3,6,4,0),(3,6,7,0),(3,7,0,0),(3,7,1,0),(3,7,2,0),(3,7,3,0),(3,7,4,0),(3,7,7,0),(3,8,0,0),(3,8,1,0),(3,8,2,0),(3,8,3,0),(3,8,4,0),(3,8,7,0),(3,9,0,0),(3,9,1,0),(3,9,2,0),(3,9,3,0),(3,9,4,0),(3,9,7,0),(3,10,0,0),(3,10,1,0),(3,10,2,0),(3,10,4,0),(3,13,0,0),(3,13,1,0),(3,13,2,0),(3,13,3,0),(3,13,4,0),(3,13,7,0),(3,14,0,0),(3,14,1,0),(3,14,2,0),(3,14,3,0),(3,14,4,0),(3,14,7,0),(3,15,0,0),(3,15,1,0),(3,15,2,0),(3,15,3,0),(3,15,4,0),(3,15,7,0),(3,16,0,0),(3,16,1,0),(3,16,2,0),(3,16,3,0),(3,16,4,0),(3,16,7,0),(3,18,0,0),(3,18,1,0),(3,18,2,0),(3,18,3,0),(3,18,4,0),(3,18,7,0),(3,19,0,0),(3,19,1,0),(3,19,2,0),(3,19,3,0),(3,19,4,0),(3,19,7,0),(3,20,0,0),(3,20,1,0),(3,20,2,0),(3,20,3,0),(3,20,4,0),(3,20,7,0),(3,21,0,0),(3,21,1,0),(3,21,2,0),(3,21,3,0),(3,21,4,0),(3,21,7,0),(3,22,0,0),(3,22,1,0),(3,22,2,0),(3,22,3,0),(3,22,4,0),(3,22,7,0),(3,23,0,0),(3,23,1,0),(3,23,2,0),(3,23,3,0),(3,23,4,0),(3,23,7,0),(3,25,0,1),(3,25,1,1),(3,25,2,1),(3,25,3,0),(3,25,4,0),(3,25,7,1),(3,26,0,0),(3,26,1,0),(3,26,2,0),(3,26,3,0),(3,26,4,0),(3,26,7,0),(3,32,0,0),(3,32,1,0),(3,32,2,0),(3,32,3,0),(3,32,4,0),(3,32,7,0),(3,34,0,0),(3,34,1,0),(3,34,2,0),(3,34,3,0),(3,34,4,0),(3,34,7,0),(3,35,0,0),(3,35,1,0),(3,35,2,0),(3,35,3,0),(3,35,4,0),(3,35,7,0),(3,38,0,0),(3,38,1,0),(3,38,2,0),(3,38,3,0),(3,38,4,0),(3,38,7,0),(3,39,0,0),(3,39,1,0),(3,39,2,0),(3,39,3,0),(3,39,4,0),(3,39,7,0),(3,40,0,0),(3,40,1,0),(3,40,2,0),(3,40,3,0),(3,40,4,0),(3,40,7,0),(3,43,0,0),(3,43,1,0),(3,43,2,0),(3,43,3,0),(3,43,4,0),(3,43,7,0),(3,45,0,0),(3,45,1,0),(3,45,2,0),(3,45,3,0),(3,45,4,0),(3,45,7,0),(3,47,0,0),(3,47,1,0),(3,47,2,0),(3,47,3,0),(3,47,4,0),(3,47,7,0),(4,2,0,1),(4,2,1,1),(4,2,2,1),(4,2,3,0),(4,2,4,0),(4,2,7,1),(4,4,0,1),(4,4,1,1),(4,4,2,1),(4,4,3,0),(4,4,4,0),(4,4,7,1),(4,6,0,1),(4,6,1,1),(4,6,2,1),(4,6,3,0),(4,6,4,0),(4,6,7,1),(4,7,0,1),(4,7,1,1),(4,7,2,1),(4,7,3,0),(4,7,4,0),(4,7,7,1),(4,8,0,1),(4,8,1,1),(4,8,2,1),(4,8,3,0),(4,8,4,0),(4,8,7,1),(4,9,0,1),(4,9,1,1),(4,9,2,1),(4,9,3,0),(4,9,4,0),(4,9,7,1),(4,10,0,0),(4,10,1,0),(4,10,2,0),(4,10,4,0),(4,13,0,1),(4,13,1,1),(4,13,2,1),(4,13,3,0),(4,13,4,0),(4,13,7,1),(4,14,0,1),(4,14,1,1),(4,14,2,1),(4,14,3,0),(4,14,4,0),(4,14,7,1),(4,15,0,1),(4,15,1,1),(4,15,2,1),(4,15,3,0),(4,15,4,0),(4,15,7,1),(4,16,0,1),(4,16,1,1),(4,16,2,1),(4,16,3,0),(4,16,4,0),(4,16,7,1),(4,18,0,1),(4,18,1,1),(4,18,2,1),(4,18,3,0),(4,18,4,0),(4,18,7,1),(4,19,0,1),(4,19,1,1),(4,19,2,1),(4,19,3,0),(4,19,4,0),(4,19,7,1),(4,20,0,1),(4,20,1,1),(4,20,2,1),(4,20,3,0),(4,20,4,0),(4,20,7,1),(4,21,0,1),(4,21,1,1),(4,21,2,1),(4,21,3,0),(4,21,4,0),(4,21,7,1),(4,22,0,1),(4,22,1,1),(4,22,2,1),(4,22,3,0),(4,22,4,0),(4,22,7,1),(4,23,0,1),(4,23,1,1),(4,23,2,1),(4,23,3,0),(4,23,4,0),(4,23,7,1),(4,25,0,1),(4,25,1,1),(4,25,2,1),(4,25,3,0),(4,25,4,0),(4,25,7,1),(4,26,0,1),(4,26,1,1),(4,26,2,1),(4,26,3,0),(4,26,4,0),(4,26,7,1),(4,32,0,0),(4,32,1,0),(4,32,2,0),(4,32,3,0),(4,32,4,0),(4,32,7,0),(4,34,0,0),(4,34,1,0),(4,34,2,0),(4,34,3,0),(4,34,4,0),(4,34,7,0),(4,35,0,0),(4,35,1,0),(4,35,2,0),(4,35,3,0),(4,35,4,0),(4,35,7,0),(4,38,0,0),(4,38,1,0),(4,38,2,0),(4,38,3,0),(4,38,4,0),(4,38,7,0),(4,39,0,0),(4,39,1,0),(4,39,2,0),(4,39,3,0),(4,39,4,0),(4,39,7,0),(4,40,0,0),(4,40,1,0),(4,40,2,0),(4,40,3,0),(4,40,4,0),(4,40,7,0),(4,43,0,0),(4,43,1,0),(4,43,2,0),(4,43,3,0),(4,43,4,0),(4,43,7,0),(4,45,0,0),(4,45,1,0),(4,45,2,0),(4,45,3,0),(4,45,4,0),(4,45,7,0),(4,47,0,0),(4,47,1,0),(4,47,2,0),(4,47,3,0),(4,47,4,0),(4,47,7,0);
/*!40000 ALTER TABLE `vtiger_profile2standardpermissions` ENABLE KEYS */;
UNLOCK TABLES;

--
-- Table structure for table `vtiger_profile2tab`
--

DROP TABLE IF EXISTS `vtiger_profile2tab`;
/*!40101 SET @saved_cs_client     = @@character_set_client */;
/*!40101 SET character_set_client = utf8 */;
CREATE TABLE `vtiger_profile2tab` (
  `profileid` int(11) DEFAULT NULL,
  `tabid` int(10) DEFAULT NULL,
  `permissions` int(10) NOT NULL DEFAULT '0',
  KEY `profile2tab_profileid_tabid_idx` (`profileid`,`tabid`)
) ENGINE=InnoDB DEFAULT CHARSET=utf8;
/*!40101 SET character_set_client = @saved_cs_client */;

--
-- Dumping data for table `vtiger_profile2tab`
--

LOCK TABLES `vtiger_profile2tab` WRITE;
/*!40000 ALTER TABLE `vtiger_profile2tab` DISABLE KEYS */;
INSERT INTO `vtiger_profile2tab` VALUES (1,1,0),(1,2,0),(1,3,0),(1,4,0),(1,6,0),(1,7,0),(1,8,0),(1,9,0),(1,10,0),(1,13,0),(1,14,0),(1,15,0),(1,16,0),(1,18,0),(1,19,0),(1,20,0),(1,21,0),(1,22,0),(1,23,0),(1,24,0),(1,25,0),(1,26,0),(1,27,0),(2,1,0),(2,2,0),(2,3,0),(2,4,0),(2,6,0),(2,7,0),(2,8,0),(2,9,0),(2,10,0),(2,13,0),(2,14,0),(2,15,0),(2,16,0),(2,18,0),(2,19,0),(2,20,0),(2,21,0),(2,22,0),(2,23,0),(2,24,0),(2,25,0),(2,26,0),(2,27,0),(3,1,0),(3,2,0),(3,3,0),(3,4,0),(3,6,0),(3,7,0),(3,8,0),(3,9,0),(3,10,0),(3,13,0),(3,14,0),(3,15,0),(3,16,0),(3,18,0),(3,19,0),(3,20,0),(3,21,0),(3,22,0),(3,23,0),(3,24,0),(3,25,0),(3,26,0),(3,27,0),(4,1,0),(4,2,0),(4,3,0),(4,4,0),(4,6,0),(4,7,0),(4,8,0),(4,9,0),(4,10,0),(4,13,0),(4,14,0),(4,15,0),(4,16,0),(4,18,0),(4,19,0),(4,20,0),(4,21,0),(4,22,0),(4,23,0),(4,24,0),(4,25,0),(4,26,0),(4,27,0),(1,30,0),(2,30,0),(3,30,0),(4,30,0),(1,31,0),(2,31,0),(3,31,0),(4,31,0),(1,32,0),(2,32,0),(3,32,0),(4,32,0),(1,33,0),(2,33,0),(3,33,0),(4,33,0),(1,34,0),(2,34,0),(3,34,0),(4,34,0),(1,35,0),(2,35,0),(3,35,0),(4,35,0),(1,36,0),(2,36,0),(3,36,0),(4,36,0),(1,37,0),(2,37,0),(3,37,0),(4,37,0),(1,38,0),(2,38,0),(3,38,0),(4,38,0),(1,39,0),(2,39,0),(3,39,0),(4,39,0),(1,40,0),(2,40,0),(3,40,0),(4,40,0),(1,41,0),(2,41,0),(3,41,0),(4,41,0),(1,42,0),(2,42,0),(3,42,0),(4,42,0),(1,43,0),(2,43,0),(3,43,0),(4,43,0),(1,44,0),(2,44,0),(3,44,0),(4,44,0),(1,45,0),(2,45,0),(3,45,0),(4,45,0),(1,46,0),(2,46,0),(3,46,0),(4,46,0),(1,47,0),(2,47,0),(3,47,0),(4,47,0),(1,48,0),(2,48,0),(3,48,0),(4,48,0),(1,49,0),(2,49,0),(3,49,0),(4,49,0),(1,50,0),(2,50,0),(3,50,0),(4,50,0),(1,51,0),(2,51,0),(3,51,0),(4,51,0),(1,52,0),(2,52,0),(3,52,0),(4,52,0),(1,53,0),(2,53,0),(3,53,0),(4,53,0),(1,54,0),(2,54,0),(3,54,0),(4,54,0),(1,55,0),(2,55,0),(3,55,0),(4,55,0);
/*!40000 ALTER TABLE `vtiger_profile2tab` ENABLE KEYS */;
UNLOCK TABLES;

--
-- Table structure for table `vtiger_profile2utility`
--

DROP TABLE IF EXISTS `vtiger_profile2utility`;
/*!40101 SET @saved_cs_client     = @@character_set_client */;
/*!40101 SET character_set_client = utf8 */;
CREATE TABLE `vtiger_profile2utility` (
  `profileid` int(11) NOT NULL,
  `tabid` int(11) NOT NULL,
  `activityid` int(11) NOT NULL,
  `permission` int(1) DEFAULT NULL,
  PRIMARY KEY (`profileid`,`tabid`,`activityid`),
  KEY `profile2utility_profileid_tabid_activityid_idx` (`profileid`,`tabid`,`activityid`)
) ENGINE=InnoDB DEFAULT CHARSET=utf8;
/*!40101 SET character_set_client = @saved_cs_client */;

--
-- Dumping data for table `vtiger_profile2utility`
--

LOCK TABLES `vtiger_profile2utility` WRITE;
/*!40000 ALTER TABLE `vtiger_profile2utility` DISABLE KEYS */;
INSERT INTO `vtiger_profile2utility` VALUES (1,2,5,0),(1,2,6,0),(1,2,10,0),(1,4,5,0),(1,4,6,0),(1,4,8,0),(1,4,10,0),(1,6,5,0),(1,6,6,0),(1,6,8,0),(1,6,10,0),(1,7,5,0),(1,7,6,0),(1,7,8,0),(1,7,9,0),(1,7,10,0),(1,8,6,0),(1,9,5,0),(1,9,6,0),(1,13,5,0),(1,13,6,0),(1,13,8,0),(1,13,10,0),(1,14,5,0),(1,14,6,0),(1,14,10,0),(1,18,5,0),(1,18,6,0),(1,18,10,0),(1,19,5,1),(1,19,6,1),(1,19,10,1),(1,20,5,0),(1,20,6,0),(1,21,5,0),(1,21,6,0),(1,22,5,0),(1,22,6,0),(1,23,5,0),(1,23,6,0),(1,25,6,0),(1,25,13,0),(1,32,5,0),(1,32,6,0),(1,32,10,0),(1,34,11,1),(1,34,12,1),(1,35,5,0),(1,35,6,0),(1,35,10,0),(1,38,5,1),(1,38,6,1),(1,38,10,1),(1,39,5,0),(1,39,6,0),(1,39,10,0),(1,40,5,0),(1,40,6,0),(1,40,10,0),(2,2,5,1),(2,2,6,1),(2,2,10,0),(2,4,5,1),(2,4,6,1),(2,4,8,0),(2,4,10,0),(2,6,5,1),(2,6,6,1),(2,6,8,0),(2,6,10,0),(2,7,5,1),(2,7,6,1),(2,7,8,0),(2,7,9,0),(2,7,10,0),(2,8,6,1),(2,9,5,0),(2,9,6,0),(2,13,5,1),(2,13,6,1),(2,13,8,0),(2,13,10,0),(2,14,5,1),(2,14,6,1),(2,14,10,0),(2,18,5,1),(2,18,6,1),(2,18,10,0),(2,19,5,1),(2,19,6,1),(2,19,10,1),(2,20,5,0),(2,20,6,0),(2,21,5,0),(2,21,6,0),(2,22,5,0),(2,22,6,0),(2,23,5,0),(2,23,6,0),(2,25,6,0),(2,25,13,0),(2,32,5,0),(2,32,6,0),(2,32,10,0),(2,34,11,1),(2,34,12,1),(2,35,5,0),(2,35,6,0),(2,35,10,0),(2,38,5,1),(2,38,6,1),(2,38,10,1),(2,39,5,0),(2,39,6,0),(2,39,10,0),(2,40,5,0),(2,40,6,0),(2,40,10,0),(3,2,5,1),(3,2,6,1),(3,2,10,0),(3,4,5,1),(3,4,6,1),(3,4,8,0),(3,4,10,0),(3,6,5,1),(3,6,6,1),(3,6,8,0),(3,6,10,0),(3,7,5,1),(3,7,6,1),(3,7,8,0),(3,7,9,0),(3,7,10,0),(3,8,6,1),(3,9,5,0),(3,9,6,0),(3,13,5,1),(3,13,6,1),(3,13,8,0),(3,13,10,0),(3,14,5,1),(3,14,6,1),(3,14,10,0),(3,18,5,1),(3,18,6,1),(3,18,10,0),(3,19,5,1),(3,19,6,1),(3,19,10,1),(3,20,5,0),(3,20,6,0),(3,21,5,0),(3,21,6,0),(3,22,5,0),(3,22,6,0),(3,23,5,0),(3,23,6,0),(3,25,6,0),(3,25,13,0),(3,32,5,0),(3,32,6,0),(3,32,10,0),(3,34,11,1),(3,34,12,1),(3,35,5,0),(3,35,6,0),(3,35,10,0),(3,38,5,1),(3,38,6,1),(3,38,10,1),(3,39,5,0),(3,39,6,0),(3,39,10,0),(3,40,5,0),(3,40,6,0),(3,40,10,0),(4,2,5,1),(4,2,6,1),(4,2,10,0),(4,4,5,1),(4,4,6,1),(4,4,8,1),(4,4,10,0),(4,6,5,1),(4,6,6,1),(4,6,8,1),(4,6,10,0),(4,7,5,1),(4,7,6,1),(4,7,8,1),(4,7,9,0),(4,7,10,0),(4,8,6,1),(4,9,5,0),(4,9,6,0),(4,13,5,1),(4,13,6,1),(4,13,8,1),(4,13,10,0),(4,14,5,1),(4,14,6,1),(4,14,10,0),(4,18,5,1),(4,18,6,1),(4,18,10,0),(4,19,5,1),(4,19,6,1),(4,19,10,1),(4,20,5,0),(4,20,6,0),(4,21,5,0),(4,21,6,0),(4,22,5,0),(4,22,6,0),(4,23,5,0),(4,23,6,0),(4,25,6,0),(4,25,13,0),(4,32,5,0),(4,32,6,0),(4,32,10,0),(4,34,11,1),(4,34,12,1),(4,35,5,0),(4,35,6,0),(4,35,10,0),(4,38,5,1),(4,38,6,1),(4,38,10,1),(4,39,5,0),(4,39,6,0),(4,39,10,0),(4,40,5,0),(4,40,6,0),(4,40,10,0);
/*!40000 ALTER TABLE `vtiger_profile2utility` ENABLE KEYS */;
UNLOCK TABLES;

--
-- Table structure for table `vtiger_profile_seq`
--

DROP TABLE IF EXISTS `vtiger_profile_seq`;
/*!40101 SET @saved_cs_client     = @@character_set_client */;
/*!40101 SET character_set_client = utf8 */;
CREATE TABLE `vtiger_profile_seq` (
  `id` int(11) NOT NULL
) ENGINE=InnoDB DEFAULT CHARSET=utf8;
/*!40101 SET character_set_client = @saved_cs_client */;

--
-- Dumping data for table `vtiger_profile_seq`
--

LOCK TABLES `vtiger_profile_seq` WRITE;
/*!40000 ALTER TABLE `vtiger_profile_seq` DISABLE KEYS */;
INSERT INTO `vtiger_profile_seq` VALUES (4);
/*!40000 ALTER TABLE `vtiger_profile_seq` ENABLE KEYS */;
UNLOCK TABLES;

--
-- Table structure for table `vtiger_progress`
--

DROP TABLE IF EXISTS `vtiger_progress`;
/*!40101 SET @saved_cs_client     = @@character_set_client */;
/*!40101 SET character_set_client = utf8 */;
CREATE TABLE `vtiger_progress` (
  `progressid` int(11) NOT NULL AUTO_INCREMENT,
  `progress` varchar(200) NOT NULL,
  `presence` int(1) NOT NULL DEFAULT '1',
  `picklist_valueid` int(11) NOT NULL DEFAULT '0',
  `sortorderid` int(11) DEFAULT '0',
  `color` varchar(10) DEFAULT NULL,
  PRIMARY KEY (`progressid`)
) ENGINE=InnoDB AUTO_INCREMENT=12 DEFAULT CHARSET=utf8;
/*!40101 SET character_set_client = @saved_cs_client */;

--
-- Dumping data for table `vtiger_progress`
--

LOCK TABLES `vtiger_progress` WRITE;
/*!40000 ALTER TABLE `vtiger_progress` DISABLE KEYS */;
INSERT INTO `vtiger_progress` VALUES (2,'10%',1,276,2,NULL),(3,'20%',1,277,3,NULL),(4,'30%',1,278,4,NULL),(5,'40%',1,279,5,NULL),(6,'50%',1,280,6,NULL),(7,'60%',1,281,7,NULL),(8,'70%',1,282,8,NULL),(9,'80%',1,283,9,NULL),(10,'90%',1,284,10,NULL),(11,'100%',1,285,11,NULL);
/*!40000 ALTER TABLE `vtiger_progress` ENABLE KEYS */;
UNLOCK TABLES;

--
-- Table structure for table `vtiger_progress_seq`
--

DROP TABLE IF EXISTS `vtiger_progress_seq`;
/*!40101 SET @saved_cs_client     = @@character_set_client */;
/*!40101 SET character_set_client = utf8 */;
CREATE TABLE `vtiger_progress_seq` (
  `id` int(11) NOT NULL
) ENGINE=InnoDB DEFAULT CHARSET=utf8;
/*!40101 SET character_set_client = @saved_cs_client */;

--
-- Dumping data for table `vtiger_progress_seq`
--

LOCK TABLES `vtiger_progress_seq` WRITE;
/*!40000 ALTER TABLE `vtiger_progress_seq` DISABLE KEYS */;
INSERT INTO `vtiger_progress_seq` VALUES (11);
/*!40000 ALTER TABLE `vtiger_progress_seq` ENABLE KEYS */;
UNLOCK TABLES;

--
-- Table structure for table `vtiger_project`
--

DROP TABLE IF EXISTS `vtiger_project`;
/*!40101 SET @saved_cs_client     = @@character_set_client */;
/*!40101 SET character_set_client = utf8 */;
CREATE TABLE `vtiger_project` (
  `projectid` int(19) NOT NULL,
  `projectname` varchar(255) DEFAULT NULL,
  `project_no` varchar(100) DEFAULT NULL,
  `startdate` date DEFAULT NULL,
  `targetenddate` date DEFAULT NULL,
  `actualenddate` date DEFAULT NULL,
  `targetbudget` varchar(255) DEFAULT NULL,
  `projecturl` varchar(255) DEFAULT NULL,
  `projectstatus` varchar(100) DEFAULT NULL,
  `projectpriority` varchar(100) DEFAULT NULL,
  `projecttype` varchar(100) DEFAULT NULL,
  `progress` varchar(100) DEFAULT NULL,
  `linktoaccountscontacts` varchar(100) DEFAULT NULL,
  `tags` varchar(1) DEFAULT NULL,
  `isconvertedfrompotential` int(1) NOT NULL DEFAULT '0',
  `potentialid` varchar(100) DEFAULT NULL,
  PRIMARY KEY (`projectid`),
  CONSTRAINT `fk_crmid_vtiger_project` FOREIGN KEY (`projectid`) REFERENCES `vtiger_crmentity` (`crmid`) ON DELETE CASCADE
) ENGINE=InnoDB DEFAULT CHARSET=utf8;
/*!40101 SET character_set_client = @saved_cs_client */;

--
-- Dumping data for table `vtiger_project`
--

LOCK TABLES `vtiger_project` WRITE;
/*!40000 ALTER TABLE `vtiger_project` DISABLE KEYS */;
/*!40000 ALTER TABLE `vtiger_project` ENABLE KEYS */;
UNLOCK TABLES;

--
-- Table structure for table `vtiger_projectcf`
--

DROP TABLE IF EXISTS `vtiger_projectcf`;
/*!40101 SET @saved_cs_client     = @@character_set_client */;
/*!40101 SET character_set_client = utf8 */;
CREATE TABLE `vtiger_projectcf` (
  `projectid` int(11) NOT NULL,
  PRIMARY KEY (`projectid`),
  CONSTRAINT `fk_projectid_vtiger_projectcf` FOREIGN KEY (`projectid`) REFERENCES `vtiger_project` (`projectid`) ON DELETE CASCADE
) ENGINE=InnoDB DEFAULT CHARSET=utf8;
/*!40101 SET character_set_client = @saved_cs_client */;

--
-- Dumping data for table `vtiger_projectcf`
--

LOCK TABLES `vtiger_projectcf` WRITE;
/*!40000 ALTER TABLE `vtiger_projectcf` DISABLE KEYS */;
/*!40000 ALTER TABLE `vtiger_projectcf` ENABLE KEYS */;
UNLOCK TABLES;

--
-- Table structure for table `vtiger_projectmilestone`
--

DROP TABLE IF EXISTS `vtiger_projectmilestone`;
/*!40101 SET @saved_cs_client     = @@character_set_client */;
/*!40101 SET character_set_client = utf8 */;
CREATE TABLE `vtiger_projectmilestone` (
  `projectmilestoneid` int(11) NOT NULL,
  `projectmilestonename` varchar(255) DEFAULT NULL,
  `projectmilestone_no` varchar(100) DEFAULT NULL,
  `projectmilestonedate` varchar(255) DEFAULT NULL,
  `projectid` varchar(100) DEFAULT NULL,
  `projectmilestonetype` varchar(100) DEFAULT NULL,
  `tags` varchar(1) DEFAULT NULL,
  PRIMARY KEY (`projectmilestoneid`),
  CONSTRAINT `fk_crmid_vtiger_projectmilestone` FOREIGN KEY (`projectmilestoneid`) REFERENCES `vtiger_crmentity` (`crmid`) ON DELETE CASCADE
) ENGINE=InnoDB DEFAULT CHARSET=utf8;
/*!40101 SET character_set_client = @saved_cs_client */;

--
-- Dumping data for table `vtiger_projectmilestone`
--

LOCK TABLES `vtiger_projectmilestone` WRITE;
/*!40000 ALTER TABLE `vtiger_projectmilestone` DISABLE KEYS */;
/*!40000 ALTER TABLE `vtiger_projectmilestone` ENABLE KEYS */;
UNLOCK TABLES;

--
-- Table structure for table `vtiger_projectmilestonecf`
--

DROP TABLE IF EXISTS `vtiger_projectmilestonecf`;
/*!40101 SET @saved_cs_client     = @@character_set_client */;
/*!40101 SET character_set_client = utf8 */;
CREATE TABLE `vtiger_projectmilestonecf` (
  `projectmilestoneid` int(11) NOT NULL DEFAULT '0',
  PRIMARY KEY (`projectmilestoneid`),
  CONSTRAINT `fk_projectmilestoneid_vtiger_projectmilestonecf` FOREIGN KEY (`projectmilestoneid`) REFERENCES `vtiger_projectmilestone` (`projectmilestoneid`) ON DELETE CASCADE
) ENGINE=InnoDB DEFAULT CHARSET=utf8;
/*!40101 SET character_set_client = @saved_cs_client */;

--
-- Dumping data for table `vtiger_projectmilestonecf`
--

LOCK TABLES `vtiger_projectmilestonecf` WRITE;
/*!40000 ALTER TABLE `vtiger_projectmilestonecf` DISABLE KEYS */;
/*!40000 ALTER TABLE `vtiger_projectmilestonecf` ENABLE KEYS */;
UNLOCK TABLES;

--
-- Table structure for table `vtiger_projectmilestonetype`
--

DROP TABLE IF EXISTS `vtiger_projectmilestonetype`;
/*!40101 SET @saved_cs_client     = @@character_set_client */;
/*!40101 SET character_set_client = utf8 */;
CREATE TABLE `vtiger_projectmilestonetype` (
  `projectmilestonetypeid` int(11) NOT NULL AUTO_INCREMENT,
  `projectmilestonetype` varchar(200) NOT NULL,
  `presence` int(1) NOT NULL DEFAULT '1',
  `picklist_valueid` int(11) NOT NULL DEFAULT '0',
  `sortorderid` int(11) DEFAULT '0',
  `color` varchar(10) DEFAULT NULL,
  PRIMARY KEY (`projectmilestonetypeid`)
) ENGINE=InnoDB AUTO_INCREMENT=5 DEFAULT CHARSET=utf8;
/*!40101 SET character_set_client = @saved_cs_client */;

--
-- Dumping data for table `vtiger_projectmilestonetype`
--

LOCK TABLES `vtiger_projectmilestonetype` WRITE;
/*!40000 ALTER TABLE `vtiger_projectmilestonetype` DISABLE KEYS */;
INSERT INTO `vtiger_projectmilestonetype` VALUES (2,'administrative',1,236,2,NULL),(3,'operative',1,237,3,NULL),(4,'other',1,238,4,NULL);
/*!40000 ALTER TABLE `vtiger_projectmilestonetype` ENABLE KEYS */;
UNLOCK TABLES;

--
-- Table structure for table `vtiger_projectmilestonetype_seq`
--

DROP TABLE IF EXISTS `vtiger_projectmilestonetype_seq`;
/*!40101 SET @saved_cs_client     = @@character_set_client */;
/*!40101 SET character_set_client = utf8 */;
CREATE TABLE `vtiger_projectmilestonetype_seq` (
  `id` int(11) NOT NULL
) ENGINE=InnoDB DEFAULT CHARSET=utf8;
/*!40101 SET character_set_client = @saved_cs_client */;

--
-- Dumping data for table `vtiger_projectmilestonetype_seq`
--

LOCK TABLES `vtiger_projectmilestonetype_seq` WRITE;
/*!40000 ALTER TABLE `vtiger_projectmilestonetype_seq` DISABLE KEYS */;
INSERT INTO `vtiger_projectmilestonetype_seq` VALUES (4);
/*!40000 ALTER TABLE `vtiger_projectmilestonetype_seq` ENABLE KEYS */;
UNLOCK TABLES;

--
-- Table structure for table `vtiger_projectpriority`
--

DROP TABLE IF EXISTS `vtiger_projectpriority`;
/*!40101 SET @saved_cs_client     = @@character_set_client */;
/*!40101 SET character_set_client = utf8 */;
CREATE TABLE `vtiger_projectpriority` (
  `projectpriorityid` int(11) NOT NULL AUTO_INCREMENT,
  `projectpriority` varchar(200) NOT NULL,
  `presence` int(1) NOT NULL DEFAULT '1',
  `picklist_valueid` int(11) NOT NULL DEFAULT '0',
  `sortorderid` int(11) DEFAULT '0',
  `color` varchar(10) DEFAULT NULL,
  PRIMARY KEY (`projectpriorityid`)
) ENGINE=InnoDB AUTO_INCREMENT=5 DEFAULT CHARSET=utf8;
/*!40101 SET character_set_client = @saved_cs_client */;

--
-- Dumping data for table `vtiger_projectpriority`
--

LOCK TABLES `vtiger_projectpriority` WRITE;
/*!40000 ALTER TABLE `vtiger_projectpriority` DISABLE KEYS */;
INSERT INTO `vtiger_projectpriority` VALUES (2,'low',1,272,2,NULL),(3,'normal',1,273,3,NULL),(4,'high',1,274,4,NULL);
/*!40000 ALTER TABLE `vtiger_projectpriority` ENABLE KEYS */;
UNLOCK TABLES;

--
-- Table structure for table `vtiger_projectpriority_seq`
--

DROP TABLE IF EXISTS `vtiger_projectpriority_seq`;
/*!40101 SET @saved_cs_client     = @@character_set_client */;
/*!40101 SET character_set_client = utf8 */;
CREATE TABLE `vtiger_projectpriority_seq` (
  `id` int(11) NOT NULL
) ENGINE=InnoDB DEFAULT CHARSET=utf8;
/*!40101 SET character_set_client = @saved_cs_client */;

--
-- Dumping data for table `vtiger_projectpriority_seq`
--

LOCK TABLES `vtiger_projectpriority_seq` WRITE;
/*!40000 ALTER TABLE `vtiger_projectpriority_seq` DISABLE KEYS */;
INSERT INTO `vtiger_projectpriority_seq` VALUES (4);
/*!40000 ALTER TABLE `vtiger_projectpriority_seq` ENABLE KEYS */;
UNLOCK TABLES;

--
-- Table structure for table `vtiger_projectstatus`
--

DROP TABLE IF EXISTS `vtiger_projectstatus`;
/*!40101 SET @saved_cs_client     = @@character_set_client */;
/*!40101 SET character_set_client = utf8 */;
CREATE TABLE `vtiger_projectstatus` (
  `projectstatusid` int(11) NOT NULL AUTO_INCREMENT,
  `projectstatus` varchar(200) NOT NULL,
  `presence` int(1) NOT NULL DEFAULT '1',
  `picklist_valueid` int(11) NOT NULL DEFAULT '0',
  `sortorderid` int(11) DEFAULT '0',
  `color` varchar(10) DEFAULT NULL,
  PRIMARY KEY (`projectstatusid`)
) ENGINE=InnoDB AUTO_INCREMENT=10 DEFAULT CHARSET=utf8;
/*!40101 SET character_set_client = @saved_cs_client */;

--
-- Dumping data for table `vtiger_projectstatus`
--

LOCK TABLES `vtiger_projectstatus` WRITE;
/*!40000 ALTER TABLE `vtiger_projectstatus` DISABLE KEYS */;
INSERT INTO `vtiger_projectstatus` VALUES (2,'prospecting',1,259,2,NULL),(3,'initiated',1,260,3,NULL),(4,'in progress',1,261,4,NULL),(5,'waiting for feedback',1,262,5,NULL),(6,'on hold',1,263,6,NULL),(7,'completed',1,264,7,NULL),(8,'delivered',1,265,8,NULL),(9,'archived',1,266,9,NULL);
/*!40000 ALTER TABLE `vtiger_projectstatus` ENABLE KEYS */;
UNLOCK TABLES;

--
-- Table structure for table `vtiger_projectstatus_seq`
--

DROP TABLE IF EXISTS `vtiger_projectstatus_seq`;
/*!40101 SET @saved_cs_client     = @@character_set_client */;
/*!40101 SET character_set_client = utf8 */;
CREATE TABLE `vtiger_projectstatus_seq` (
  `id` int(11) NOT NULL
) ENGINE=InnoDB DEFAULT CHARSET=utf8;
/*!40101 SET character_set_client = @saved_cs_client */;

--
-- Dumping data for table `vtiger_projectstatus_seq`
--

LOCK TABLES `vtiger_projectstatus_seq` WRITE;
/*!40000 ALTER TABLE `vtiger_projectstatus_seq` DISABLE KEYS */;
INSERT INTO `vtiger_projectstatus_seq` VALUES (9);
/*!40000 ALTER TABLE `vtiger_projectstatus_seq` ENABLE KEYS */;
UNLOCK TABLES;

--
-- Table structure for table `vtiger_projecttask`
--

DROP TABLE IF EXISTS `vtiger_projecttask`;
/*!40101 SET @saved_cs_client     = @@character_set_client */;
/*!40101 SET character_set_client = utf8 */;
CREATE TABLE `vtiger_projecttask` (
  `projecttaskid` int(11) NOT NULL,
  `projecttaskname` varchar(255) DEFAULT NULL,
  `projecttask_no` varchar(100) DEFAULT NULL,
  `projecttasktype` varchar(100) DEFAULT NULL,
  `projecttaskpriority` varchar(100) DEFAULT NULL,
  `projecttaskprogress` varchar(100) DEFAULT NULL,
  `projecttaskhours` varchar(255) DEFAULT NULL,
  `startdate` date DEFAULT NULL,
  `enddate` date DEFAULT NULL,
  `projectid` varchar(100) DEFAULT NULL,
  `projecttasknumber` int(11) DEFAULT NULL,
  `tags` varchar(1) DEFAULT NULL,
  `projecttaskstatus` varchar(100) DEFAULT NULL,
  PRIMARY KEY (`projecttaskid`),
  CONSTRAINT `fk_crmid_vtiger_projecttask` FOREIGN KEY (`projecttaskid`) REFERENCES `vtiger_crmentity` (`crmid`) ON DELETE CASCADE
) ENGINE=InnoDB DEFAULT CHARSET=utf8;
/*!40101 SET character_set_client = @saved_cs_client */;

--
-- Dumping data for table `vtiger_projecttask`
--

LOCK TABLES `vtiger_projecttask` WRITE;
/*!40000 ALTER TABLE `vtiger_projecttask` DISABLE KEYS */;
/*!40000 ALTER TABLE `vtiger_projecttask` ENABLE KEYS */;
UNLOCK TABLES;

--
-- Table structure for table `vtiger_projecttask_status_color`
--

DROP TABLE IF EXISTS `vtiger_projecttask_status_color`;
/*!40101 SET @saved_cs_client     = @@character_set_client */;
/*!40101 SET character_set_client = utf8 */;
CREATE TABLE `vtiger_projecttask_status_color` (
  `status` varchar(255) DEFAULT NULL,
  `defaultcolor` varchar(50) DEFAULT NULL,
  `color` varchar(50) DEFAULT NULL,
  UNIQUE KEY `status` (`status`)
) ENGINE=InnoDB DEFAULT CHARSET=utf8;
/*!40101 SET character_set_client = @saved_cs_client */;

--
-- Dumping data for table `vtiger_projecttask_status_color`
--

LOCK TABLES `vtiger_projecttask_status_color` WRITE;
/*!40000 ALTER TABLE `vtiger_projecttask_status_color` DISABLE KEYS */;
INSERT INTO `vtiger_projecttask_status_color` VALUES ('Open','#0099ff',NULL),('In Progress','#fdff00',NULL),('Completed','#3BBF67',NULL),('Deferred','#fbb11e',NULL),('Canceled','#660066',NULL);
/*!40000 ALTER TABLE `vtiger_projecttask_status_color` ENABLE KEYS */;
UNLOCK TABLES;

--
-- Table structure for table `vtiger_projecttaskcf`
--

DROP TABLE IF EXISTS `vtiger_projecttaskcf`;
/*!40101 SET @saved_cs_client     = @@character_set_client */;
/*!40101 SET character_set_client = utf8 */;
CREATE TABLE `vtiger_projecttaskcf` (
  `projecttaskid` int(11) NOT NULL DEFAULT '0',
  PRIMARY KEY (`projecttaskid`),
  CONSTRAINT `fk_projecttaskid_vtiger_projecttaskcf` FOREIGN KEY (`projecttaskid`) REFERENCES `vtiger_projecttask` (`projecttaskid`) ON DELETE CASCADE
) ENGINE=InnoDB DEFAULT CHARSET=utf8;
/*!40101 SET character_set_client = @saved_cs_client */;

--
-- Dumping data for table `vtiger_projecttaskcf`
--

LOCK TABLES `vtiger_projecttaskcf` WRITE;
/*!40000 ALTER TABLE `vtiger_projecttaskcf` DISABLE KEYS */;
/*!40000 ALTER TABLE `vtiger_projecttaskcf` ENABLE KEYS */;
UNLOCK TABLES;

--
-- Table structure for table `vtiger_projecttaskpriority`
--

DROP TABLE IF EXISTS `vtiger_projecttaskpriority`;
/*!40101 SET @saved_cs_client     = @@character_set_client */;
/*!40101 SET character_set_client = utf8 */;
CREATE TABLE `vtiger_projecttaskpriority` (
  `projecttaskpriorityid` int(11) NOT NULL AUTO_INCREMENT,
  `projecttaskpriority` varchar(200) NOT NULL,
  `presence` int(1) NOT NULL DEFAULT '1',
  `picklist_valueid` int(11) NOT NULL DEFAULT '0',
  `sortorderid` int(11) DEFAULT '0',
  `color` varchar(10) DEFAULT NULL,
  PRIMARY KEY (`projecttaskpriorityid`)
) ENGINE=InnoDB AUTO_INCREMENT=5 DEFAULT CHARSET=utf8;
/*!40101 SET character_set_client = @saved_cs_client */;

--
-- Dumping data for table `vtiger_projecttaskpriority`
--

LOCK TABLES `vtiger_projecttaskpriority` WRITE;
/*!40000 ALTER TABLE `vtiger_projecttaskpriority` DISABLE KEYS */;
INSERT INTO `vtiger_projecttaskpriority` VALUES (2,'low',1,244,2,NULL),(3,'normal',1,245,3,NULL),(4,'high',1,246,4,NULL);
/*!40000 ALTER TABLE `vtiger_projecttaskpriority` ENABLE KEYS */;
UNLOCK TABLES;

--
-- Table structure for table `vtiger_projecttaskpriority_seq`
--

DROP TABLE IF EXISTS `vtiger_projecttaskpriority_seq`;
/*!40101 SET @saved_cs_client     = @@character_set_client */;
/*!40101 SET character_set_client = utf8 */;
CREATE TABLE `vtiger_projecttaskpriority_seq` (
  `id` int(11) NOT NULL
) ENGINE=InnoDB DEFAULT CHARSET=utf8;
/*!40101 SET character_set_client = @saved_cs_client */;

--
-- Dumping data for table `vtiger_projecttaskpriority_seq`
--

LOCK TABLES `vtiger_projecttaskpriority_seq` WRITE;
/*!40000 ALTER TABLE `vtiger_projecttaskpriority_seq` DISABLE KEYS */;
INSERT INTO `vtiger_projecttaskpriority_seq` VALUES (4);
/*!40000 ALTER TABLE `vtiger_projecttaskpriority_seq` ENABLE KEYS */;
UNLOCK TABLES;

--
-- Table structure for table `vtiger_projecttaskprogress`
--

DROP TABLE IF EXISTS `vtiger_projecttaskprogress`;
/*!40101 SET @saved_cs_client     = @@character_set_client */;
/*!40101 SET character_set_client = utf8 */;
CREATE TABLE `vtiger_projecttaskprogress` (
  `projecttaskprogressid` int(11) NOT NULL AUTO_INCREMENT,
  `projecttaskprogress` varchar(200) NOT NULL,
  `presence` int(1) NOT NULL DEFAULT '1',
  `picklist_valueid` int(11) NOT NULL DEFAULT '0',
  `sortorderid` int(11) DEFAULT '0',
  `color` varchar(10) DEFAULT NULL,
  PRIMARY KEY (`projecttaskprogressid`)
) ENGINE=InnoDB AUTO_INCREMENT=12 DEFAULT CHARSET=utf8;
/*!40101 SET character_set_client = @saved_cs_client */;

--
-- Dumping data for table `vtiger_projecttaskprogress`
--

LOCK TABLES `vtiger_projecttaskprogress` WRITE;
/*!40000 ALTER TABLE `vtiger_projecttaskprogress` DISABLE KEYS */;
INSERT INTO `vtiger_projecttaskprogress` VALUES (2,'10%',1,248,2,NULL),(3,'20%',1,249,3,NULL),(4,'30%',1,250,4,NULL),(5,'40%',1,251,5,NULL),(6,'50%',1,252,6,NULL),(7,'60%',1,253,7,NULL),(8,'70%',1,254,8,NULL),(9,'80%',1,255,9,NULL),(10,'90%',1,256,10,NULL),(11,'100%',1,257,11,NULL);
/*!40000 ALTER TABLE `vtiger_projecttaskprogress` ENABLE KEYS */;
UNLOCK TABLES;

--
-- Table structure for table `vtiger_projecttaskprogress_seq`
--

DROP TABLE IF EXISTS `vtiger_projecttaskprogress_seq`;
/*!40101 SET @saved_cs_client     = @@character_set_client */;
/*!40101 SET character_set_client = utf8 */;
CREATE TABLE `vtiger_projecttaskprogress_seq` (
  `id` int(11) NOT NULL
) ENGINE=InnoDB DEFAULT CHARSET=utf8;
/*!40101 SET character_set_client = @saved_cs_client */;

--
-- Dumping data for table `vtiger_projecttaskprogress_seq`
--

LOCK TABLES `vtiger_projecttaskprogress_seq` WRITE;
/*!40000 ALTER TABLE `vtiger_projecttaskprogress_seq` DISABLE KEYS */;
INSERT INTO `vtiger_projecttaskprogress_seq` VALUES (11);
/*!40000 ALTER TABLE `vtiger_projecttaskprogress_seq` ENABLE KEYS */;
UNLOCK TABLES;

--
-- Table structure for table `vtiger_projecttaskstatus`
--

DROP TABLE IF EXISTS `vtiger_projecttaskstatus`;
/*!40101 SET @saved_cs_client     = @@character_set_client */;
/*!40101 SET character_set_client = utf8 */;
CREATE TABLE `vtiger_projecttaskstatus` (
  `projecttaskstatusid` int(11) NOT NULL AUTO_INCREMENT,
  `projecttaskstatus` varchar(200) NOT NULL,
  `presence` int(1) NOT NULL DEFAULT '1',
  `picklist_valueid` int(11) NOT NULL DEFAULT '0',
  `sortorderid` int(11) DEFAULT '0',
  `color` varchar(10) DEFAULT NULL,
  PRIMARY KEY (`projecttaskstatusid`)
) ENGINE=InnoDB AUTO_INCREMENT=7 DEFAULT CHARSET=utf8;
/*!40101 SET character_set_client = @saved_cs_client */;

--
-- Dumping data for table `vtiger_projecttaskstatus`
--

LOCK TABLES `vtiger_projecttaskstatus` WRITE;
/*!40000 ALTER TABLE `vtiger_projecttaskstatus` DISABLE KEYS */;
INSERT INTO `vtiger_projecttaskstatus` VALUES (2,'Open',0,290,2,NULL),(3,'In Progress',0,291,3,NULL),(4,'Completed',0,292,4,NULL),(5,'Deferred',0,293,5,NULL),(6,'Canceled ',0,294,6,NULL);
/*!40000 ALTER TABLE `vtiger_projecttaskstatus` ENABLE KEYS */;
UNLOCK TABLES;

--
-- Table structure for table `vtiger_projecttaskstatus_seq`
--

DROP TABLE IF EXISTS `vtiger_projecttaskstatus_seq`;
/*!40101 SET @saved_cs_client     = @@character_set_client */;
/*!40101 SET character_set_client = utf8 */;
CREATE TABLE `vtiger_projecttaskstatus_seq` (
  `id` int(11) NOT NULL
) ENGINE=InnoDB DEFAULT CHARSET=utf8;
/*!40101 SET character_set_client = @saved_cs_client */;

--
-- Dumping data for table `vtiger_projecttaskstatus_seq`
--

LOCK TABLES `vtiger_projecttaskstatus_seq` WRITE;
/*!40000 ALTER TABLE `vtiger_projecttaskstatus_seq` DISABLE KEYS */;
INSERT INTO `vtiger_projecttaskstatus_seq` VALUES (6);
/*!40000 ALTER TABLE `vtiger_projecttaskstatus_seq` ENABLE KEYS */;
UNLOCK TABLES;

--
-- Table structure for table `vtiger_projecttasktype`
--

DROP TABLE IF EXISTS `vtiger_projecttasktype`;
/*!40101 SET @saved_cs_client     = @@character_set_client */;
/*!40101 SET character_set_client = utf8 */;
CREATE TABLE `vtiger_projecttasktype` (
  `projecttasktypeid` int(11) NOT NULL AUTO_INCREMENT,
  `projecttasktype` varchar(200) NOT NULL,
  `presence` int(1) NOT NULL DEFAULT '1',
  `picklist_valueid` int(11) NOT NULL DEFAULT '0',
  `sortorderid` int(11) DEFAULT '0',
  `color` varchar(10) DEFAULT NULL,
  PRIMARY KEY (`projecttasktypeid`)
) ENGINE=InnoDB AUTO_INCREMENT=5 DEFAULT CHARSET=utf8;
/*!40101 SET character_set_client = @saved_cs_client */;

--
-- Dumping data for table `vtiger_projecttasktype`
--

LOCK TABLES `vtiger_projecttasktype` WRITE;
/*!40000 ALTER TABLE `vtiger_projecttasktype` DISABLE KEYS */;
INSERT INTO `vtiger_projecttasktype` VALUES (2,'administrative',1,240,2,NULL),(3,'operative',1,241,3,NULL),(4,'other',1,242,4,NULL);
/*!40000 ALTER TABLE `vtiger_projecttasktype` ENABLE KEYS */;
UNLOCK TABLES;

--
-- Table structure for table `vtiger_projecttasktype_seq`
--

DROP TABLE IF EXISTS `vtiger_projecttasktype_seq`;
/*!40101 SET @saved_cs_client     = @@character_set_client */;
/*!40101 SET character_set_client = utf8 */;
CREATE TABLE `vtiger_projecttasktype_seq` (
  `id` int(11) NOT NULL
) ENGINE=InnoDB DEFAULT CHARSET=utf8;
/*!40101 SET character_set_client = @saved_cs_client */;

--
-- Dumping data for table `vtiger_projecttasktype_seq`
--

LOCK TABLES `vtiger_projecttasktype_seq` WRITE;
/*!40000 ALTER TABLE `vtiger_projecttasktype_seq` DISABLE KEYS */;
INSERT INTO `vtiger_projecttasktype_seq` VALUES (4);
/*!40000 ALTER TABLE `vtiger_projecttasktype_seq` ENABLE KEYS */;
UNLOCK TABLES;

--
-- Table structure for table `vtiger_projecttype`
--

DROP TABLE IF EXISTS `vtiger_projecttype`;
/*!40101 SET @saved_cs_client     = @@character_set_client */;
/*!40101 SET character_set_client = utf8 */;
CREATE TABLE `vtiger_projecttype` (
  `projecttypeid` int(11) NOT NULL AUTO_INCREMENT,
  `projecttype` varchar(200) NOT NULL,
  `presence` int(1) NOT NULL DEFAULT '1',
  `picklist_valueid` int(11) NOT NULL DEFAULT '0',
  `sortorderid` int(11) DEFAULT '0',
  `color` varchar(10) DEFAULT NULL,
  PRIMARY KEY (`projecttypeid`)
) ENGINE=InnoDB AUTO_INCREMENT=5 DEFAULT CHARSET=utf8;
/*!40101 SET character_set_client = @saved_cs_client */;

--
-- Dumping data for table `vtiger_projecttype`
--

LOCK TABLES `vtiger_projecttype` WRITE;
/*!40000 ALTER TABLE `vtiger_projecttype` DISABLE KEYS */;
INSERT INTO `vtiger_projecttype` VALUES (2,'administrative',1,268,2,NULL),(3,'operative',1,269,3,NULL),(4,'other',1,270,4,NULL);
/*!40000 ALTER TABLE `vtiger_projecttype` ENABLE KEYS */;
UNLOCK TABLES;

--
-- Table structure for table `vtiger_projecttype_seq`
--

DROP TABLE IF EXISTS `vtiger_projecttype_seq`;
/*!40101 SET @saved_cs_client     = @@character_set_client */;
/*!40101 SET character_set_client = utf8 */;
CREATE TABLE `vtiger_projecttype_seq` (
  `id` int(11) NOT NULL
) ENGINE=InnoDB DEFAULT CHARSET=utf8;
/*!40101 SET character_set_client = @saved_cs_client */;

--
-- Dumping data for table `vtiger_projecttype_seq`
--

LOCK TABLES `vtiger_projecttype_seq` WRITE;
/*!40000 ALTER TABLE `vtiger_projecttype_seq` DISABLE KEYS */;
INSERT INTO `vtiger_projecttype_seq` VALUES (4);
/*!40000 ALTER TABLE `vtiger_projecttype_seq` ENABLE KEYS */;
UNLOCK TABLES;

--
-- Table structure for table `vtiger_purchaseorder`
--

DROP TABLE IF EXISTS `vtiger_purchaseorder`;
/*!40101 SET @saved_cs_client     = @@character_set_client */;
/*!40101 SET character_set_client = utf8 */;
CREATE TABLE `vtiger_purchaseorder` (
  `purchaseorderid` int(19) NOT NULL DEFAULT '0',
  `subject` varchar(100) DEFAULT NULL,
  `quoteid` int(19) DEFAULT NULL,
  `vendorid` int(19) DEFAULT NULL,
  `requisition_no` varchar(100) DEFAULT NULL,
  `purchaseorder_no` varchar(100) DEFAULT NULL,
  `tracking_no` varchar(100) DEFAULT NULL,
  `contactid` int(19) DEFAULT NULL,
  `duedate` date DEFAULT NULL,
  `carrier` varchar(200) DEFAULT NULL,
  `type` varchar(100) DEFAULT NULL,
  `adjustment` decimal(25,8) DEFAULT NULL,
  `salescommission` decimal(25,3) DEFAULT NULL,
  `exciseduty` decimal(25,3) DEFAULT NULL,
  `total` decimal(25,8) DEFAULT NULL,
  `subtotal` decimal(25,8) DEFAULT NULL,
  `taxtype` varchar(25) DEFAULT NULL,
  `discount_percent` decimal(25,3) DEFAULT NULL,
  `discount_amount` decimal(25,8) DEFAULT NULL,
  `s_h_amount` decimal(25,8) DEFAULT NULL,
  `terms_conditions` text,
  `postatus` varchar(200) DEFAULT NULL,
  `currency_id` int(19) NOT NULL DEFAULT '1',
  `conversion_rate` decimal(10,3) NOT NULL DEFAULT '1.000',
  `compound_taxes_info` text,
  `pre_tax_total` decimal(25,8) DEFAULT NULL,
  `paid` decimal(25,8) DEFAULT NULL,
  `balance` decimal(25,8) DEFAULT NULL,
  `s_h_percent` int(11) DEFAULT NULL,
  `tags` varchar(1) DEFAULT NULL,
  `region_id` int(19) DEFAULT NULL,
  PRIMARY KEY (`purchaseorderid`),
  KEY `purchaseorder_vendorid_idx` (`vendorid`),
  KEY `purchaseorder_quoteid_idx` (`quoteid`),
  KEY `purchaseorder_contactid_idx` (`contactid`),
  CONSTRAINT `fk_4_vtiger_purchaseorder` FOREIGN KEY (`vendorid`) REFERENCES `vtiger_vendor` (`vendorid`) ON DELETE CASCADE,
  CONSTRAINT `fk_crmid_vtiger_purchaseorder` FOREIGN KEY (`purchaseorderid`) REFERENCES `vtiger_crmentity` (`crmid`) ON DELETE CASCADE
) ENGINE=InnoDB DEFAULT CHARSET=utf8;
/*!40101 SET character_set_client = @saved_cs_client */;

--
-- Dumping data for table `vtiger_purchaseorder`
--

LOCK TABLES `vtiger_purchaseorder` WRITE;
/*!40000 ALTER TABLE `vtiger_purchaseorder` DISABLE KEYS */;
/*!40000 ALTER TABLE `vtiger_purchaseorder` ENABLE KEYS */;
UNLOCK TABLES;

--
-- Table structure for table `vtiger_purchaseordercf`
--

DROP TABLE IF EXISTS `vtiger_purchaseordercf`;
/*!40101 SET @saved_cs_client     = @@character_set_client */;
/*!40101 SET character_set_client = utf8 */;
CREATE TABLE `vtiger_purchaseordercf` (
  `purchaseorderid` int(19) NOT NULL DEFAULT '0',
  PRIMARY KEY (`purchaseorderid`),
  CONSTRAINT `fk_1_vtiger_purchaseordercf` FOREIGN KEY (`purchaseorderid`) REFERENCES `vtiger_purchaseorder` (`purchaseorderid`) ON DELETE CASCADE
) ENGINE=InnoDB DEFAULT CHARSET=utf8;
/*!40101 SET character_set_client = @saved_cs_client */;

--
-- Dumping data for table `vtiger_purchaseordercf`
--

LOCK TABLES `vtiger_purchaseordercf` WRITE;
/*!40000 ALTER TABLE `vtiger_purchaseordercf` DISABLE KEYS */;
/*!40000 ALTER TABLE `vtiger_purchaseordercf` ENABLE KEYS */;
UNLOCK TABLES;

--
-- Table structure for table `vtiger_quotes`
--

DROP TABLE IF EXISTS `vtiger_quotes`;
/*!40101 SET @saved_cs_client     = @@character_set_client */;
/*!40101 SET character_set_client = utf8 */;
CREATE TABLE `vtiger_quotes` (
  `quoteid` int(19) NOT NULL DEFAULT '0',
  `subject` varchar(100) DEFAULT NULL,
  `potentialid` int(19) DEFAULT NULL,
  `quotestage` varchar(200) DEFAULT NULL,
  `validtill` date DEFAULT NULL,
  `contactid` int(19) DEFAULT NULL,
  `quote_no` varchar(100) DEFAULT NULL,
  `subtotal` decimal(25,8) DEFAULT NULL,
  `carrier` varchar(200) DEFAULT NULL,
  `shipping` varchar(100) DEFAULT NULL,
  `inventorymanager` int(19) DEFAULT NULL,
  `type` varchar(100) DEFAULT NULL,
  `adjustment` decimal(25,8) DEFAULT NULL,
  `total` decimal(25,8) DEFAULT NULL,
  `taxtype` varchar(25) DEFAULT NULL,
  `discount_percent` decimal(25,3) DEFAULT NULL,
  `discount_amount` decimal(25,8) DEFAULT NULL,
  `s_h_amount` decimal(25,8) DEFAULT NULL,
  `accountid` int(19) DEFAULT NULL,
  `terms_conditions` text,
  `currency_id` int(19) NOT NULL DEFAULT '1',
  `conversion_rate` decimal(10,3) NOT NULL DEFAULT '1.000',
  `compound_taxes_info` text,
  `pre_tax_total` decimal(25,8) DEFAULT NULL,
  `s_h_percent` int(11) DEFAULT NULL,
  `tags` varchar(1) DEFAULT NULL,
  `region_id` int(19) DEFAULT NULL,
  PRIMARY KEY (`quoteid`),
  KEY `quote_quotestage_idx` (`quotestage`),
  KEY `quotes_potentialid_idx` (`potentialid`),
  KEY `quotes_contactid_idx` (`contactid`),
  CONSTRAINT `fk_3_vtiger_quotes` FOREIGN KEY (`potentialid`) REFERENCES `vtiger_potential` (`potentialid`) ON DELETE CASCADE,
  CONSTRAINT `fk_crmid_vtiger_quotes` FOREIGN KEY (`quoteid`) REFERENCES `vtiger_crmentity` (`crmid`) ON DELETE CASCADE
) ENGINE=InnoDB DEFAULT CHARSET=utf8;
/*!40101 SET character_set_client = @saved_cs_client */;

--
-- Dumping data for table `vtiger_quotes`
--

LOCK TABLES `vtiger_quotes` WRITE;
/*!40000 ALTER TABLE `vtiger_quotes` DISABLE KEYS */;
/*!40000 ALTER TABLE `vtiger_quotes` ENABLE KEYS */;
UNLOCK TABLES;

--
-- Table structure for table `vtiger_quotesbillads`
--

DROP TABLE IF EXISTS `vtiger_quotesbillads`;
/*!40101 SET @saved_cs_client     = @@character_set_client */;
/*!40101 SET character_set_client = utf8 */;
CREATE TABLE `vtiger_quotesbillads` (
  `quotebilladdressid` int(19) NOT NULL DEFAULT '0',
  `bill_city` varchar(30) DEFAULT NULL,
  `bill_code` varchar(30) DEFAULT NULL,
  `bill_country` varchar(30) DEFAULT NULL,
  `bill_state` varchar(30) DEFAULT NULL,
  `bill_street` varchar(250) DEFAULT NULL,
  `bill_pobox` varchar(30) DEFAULT NULL,
  PRIMARY KEY (`quotebilladdressid`),
  CONSTRAINT `fk_1_vtiger_quotesbillads` FOREIGN KEY (`quotebilladdressid`) REFERENCES `vtiger_quotes` (`quoteid`) ON DELETE CASCADE
) ENGINE=InnoDB DEFAULT CHARSET=utf8;
/*!40101 SET character_set_client = @saved_cs_client */;

--
-- Dumping data for table `vtiger_quotesbillads`
--

LOCK TABLES `vtiger_quotesbillads` WRITE;
/*!40000 ALTER TABLE `vtiger_quotesbillads` DISABLE KEYS */;
/*!40000 ALTER TABLE `vtiger_quotesbillads` ENABLE KEYS */;
UNLOCK TABLES;

--
-- Table structure for table `vtiger_quotescf`
--

DROP TABLE IF EXISTS `vtiger_quotescf`;
/*!40101 SET @saved_cs_client     = @@character_set_client */;
/*!40101 SET character_set_client = utf8 */;
CREATE TABLE `vtiger_quotescf` (
  `quoteid` int(19) NOT NULL DEFAULT '0',
  PRIMARY KEY (`quoteid`),
  CONSTRAINT `fk_1_vtiger_quotescf` FOREIGN KEY (`quoteid`) REFERENCES `vtiger_quotes` (`quoteid`) ON DELETE CASCADE
) ENGINE=InnoDB DEFAULT CHARSET=utf8;
/*!40101 SET character_set_client = @saved_cs_client */;

--
-- Dumping data for table `vtiger_quotescf`
--

LOCK TABLES `vtiger_quotescf` WRITE;
/*!40000 ALTER TABLE `vtiger_quotescf` DISABLE KEYS */;
/*!40000 ALTER TABLE `vtiger_quotescf` ENABLE KEYS */;
UNLOCK TABLES;

--
-- Table structure for table `vtiger_quotesshipads`
--

DROP TABLE IF EXISTS `vtiger_quotesshipads`;
/*!40101 SET @saved_cs_client     = @@character_set_client */;
/*!40101 SET character_set_client = utf8 */;
CREATE TABLE `vtiger_quotesshipads` (
  `quoteshipaddressid` int(19) NOT NULL DEFAULT '0',
  `ship_city` varchar(30) DEFAULT NULL,
  `ship_code` varchar(30) DEFAULT NULL,
  `ship_country` varchar(30) DEFAULT NULL,
  `ship_state` varchar(30) DEFAULT NULL,
  `ship_street` varchar(250) DEFAULT NULL,
  `ship_pobox` varchar(30) DEFAULT NULL,
  PRIMARY KEY (`quoteshipaddressid`),
  CONSTRAINT `fk_1_vtiger_quotesshipads` FOREIGN KEY (`quoteshipaddressid`) REFERENCES `vtiger_quotes` (`quoteid`) ON DELETE CASCADE
) ENGINE=InnoDB DEFAULT CHARSET=utf8;
/*!40101 SET character_set_client = @saved_cs_client */;

--
-- Dumping data for table `vtiger_quotesshipads`
--

LOCK TABLES `vtiger_quotesshipads` WRITE;
/*!40000 ALTER TABLE `vtiger_quotesshipads` DISABLE KEYS */;
/*!40000 ALTER TABLE `vtiger_quotesshipads` ENABLE KEYS */;
UNLOCK TABLES;

--
-- Table structure for table `vtiger_quotestage`
--

DROP TABLE IF EXISTS `vtiger_quotestage`;
/*!40101 SET @saved_cs_client     = @@character_set_client */;
/*!40101 SET character_set_client = utf8 */;
CREATE TABLE `vtiger_quotestage` (
  `quotestageid` int(19) NOT NULL AUTO_INCREMENT,
  `quotestage` varchar(200) NOT NULL,
  `presence` int(1) NOT NULL DEFAULT '1',
  `picklist_valueid` int(19) NOT NULL DEFAULT '0',
  `sortorderid` int(11) DEFAULT NULL,
  `color` varchar(10) DEFAULT NULL,
  PRIMARY KEY (`quotestageid`),
  UNIQUE KEY `quotestage_quotestage_idx` (`quotestage`)
) ENGINE=InnoDB AUTO_INCREMENT=6 DEFAULT CHARSET=utf8;
/*!40101 SET character_set_client = @saved_cs_client */;

--
-- Dumping data for table `vtiger_quotestage`
--

LOCK TABLES `vtiger_quotestage` WRITE;
/*!40000 ALTER TABLE `vtiger_quotestage` DISABLE KEYS */;
INSERT INTO `vtiger_quotestage` VALUES (1,'Created',0,139,0,NULL),(2,'Delivered',0,140,1,NULL),(3,'Reviewed',0,141,2,NULL),(4,'Accepted',0,142,3,NULL),(5,'Rejected',0,143,4,NULL);
/*!40000 ALTER TABLE `vtiger_quotestage` ENABLE KEYS */;
UNLOCK TABLES;

--
-- Table structure for table `vtiger_quotestage_seq`
--

DROP TABLE IF EXISTS `vtiger_quotestage_seq`;
/*!40101 SET @saved_cs_client     = @@character_set_client */;
/*!40101 SET character_set_client = utf8 */;
CREATE TABLE `vtiger_quotestage_seq` (
  `id` int(11) NOT NULL
) ENGINE=InnoDB DEFAULT CHARSET=utf8;
/*!40101 SET character_set_client = @saved_cs_client */;

--
-- Dumping data for table `vtiger_quotestage_seq`
--

LOCK TABLES `vtiger_quotestage_seq` WRITE;
/*!40000 ALTER TABLE `vtiger_quotestage_seq` DISABLE KEYS */;
INSERT INTO `vtiger_quotestage_seq` VALUES (5);
/*!40000 ALTER TABLE `vtiger_quotestage_seq` ENABLE KEYS */;
UNLOCK TABLES;

--
-- Table structure for table `vtiger_quotestagehistory`
--

DROP TABLE IF EXISTS `vtiger_quotestagehistory`;
/*!40101 SET @saved_cs_client     = @@character_set_client */;
/*!40101 SET character_set_client = utf8 */;
CREATE TABLE `vtiger_quotestagehistory` (
  `historyid` int(19) NOT NULL AUTO_INCREMENT,
  `quoteid` int(19) NOT NULL,
  `accountname` varchar(100) DEFAULT NULL,
  `total` decimal(10,0) DEFAULT NULL,
  `quotestage` varchar(200) DEFAULT NULL,
  `lastmodified` datetime DEFAULT NULL,
  PRIMARY KEY (`historyid`),
  KEY `quotestagehistory_quoteid_idx` (`quoteid`),
  CONSTRAINT `fk_1_vtiger_quotestagehistory` FOREIGN KEY (`quoteid`) REFERENCES `vtiger_quotes` (`quoteid`) ON DELETE CASCADE
) ENGINE=InnoDB DEFAULT CHARSET=utf8;
/*!40101 SET character_set_client = @saved_cs_client */;

--
-- Dumping data for table `vtiger_quotestagehistory`
--

LOCK TABLES `vtiger_quotestagehistory` WRITE;
/*!40000 ALTER TABLE `vtiger_quotestagehistory` DISABLE KEYS */;
/*!40000 ALTER TABLE `vtiger_quotestagehistory` ENABLE KEYS */;
UNLOCK TABLES;

--
-- Table structure for table `vtiger_rating`
--

DROP TABLE IF EXISTS `vtiger_rating`;
/*!40101 SET @saved_cs_client     = @@character_set_client */;
/*!40101 SET character_set_client = utf8 */;
CREATE TABLE `vtiger_rating` (
  `rating_id` int(19) NOT NULL AUTO_INCREMENT,
  `rating` varchar(200) DEFAULT NULL,
  `presence` int(1) NOT NULL DEFAULT '1',
  `picklist_valueid` int(19) NOT NULL DEFAULT '0',
  `sortorderid` int(11) DEFAULT NULL,
  `color` varchar(10) DEFAULT NULL,
  PRIMARY KEY (`rating_id`)
) ENGINE=InnoDB AUTO_INCREMENT=9 DEFAULT CHARSET=utf8;
/*!40101 SET character_set_client = @saved_cs_client */;

--
-- Dumping data for table `vtiger_rating`
--

LOCK TABLES `vtiger_rating` WRITE;
/*!40000 ALTER TABLE `vtiger_rating` DISABLE KEYS */;
INSERT INTO `vtiger_rating` VALUES (7,'Persona Juridica',1,305,6,'#ffffff'),(8,'Persona Natural',1,306,7,'#ffffff');
/*!40000 ALTER TABLE `vtiger_rating` ENABLE KEYS */;
UNLOCK TABLES;

--
-- Table structure for table `vtiger_rating_seq`
--

DROP TABLE IF EXISTS `vtiger_rating_seq`;
/*!40101 SET @saved_cs_client     = @@character_set_client */;
/*!40101 SET character_set_client = utf8 */;
CREATE TABLE `vtiger_rating_seq` (
  `id` int(11) NOT NULL
) ENGINE=InnoDB DEFAULT CHARSET=utf8;
/*!40101 SET character_set_client = @saved_cs_client */;

--
-- Dumping data for table `vtiger_rating_seq`
--

LOCK TABLES `vtiger_rating_seq` WRITE;
/*!40000 ALTER TABLE `vtiger_rating_seq` DISABLE KEYS */;
INSERT INTO `vtiger_rating_seq` VALUES (8);
/*!40000 ALTER TABLE `vtiger_rating_seq` ENABLE KEYS */;
UNLOCK TABLES;

--
-- Table structure for table `vtiger_recurring_frequency`
--

DROP TABLE IF EXISTS `vtiger_recurring_frequency`;
/*!40101 SET @saved_cs_client     = @@character_set_client */;
/*!40101 SET character_set_client = utf8 */;
CREATE TABLE `vtiger_recurring_frequency` (
  `recurring_frequency_id` int(11) DEFAULT NULL,
  `recurring_frequency` varchar(200) DEFAULT NULL,
  `sortorderid` int(11) DEFAULT NULL,
  `presence` int(11) DEFAULT NULL,
  `color` varchar(10) DEFAULT NULL
) ENGINE=InnoDB DEFAULT CHARSET=utf8;
/*!40101 SET character_set_client = @saved_cs_client */;

--
-- Dumping data for table `vtiger_recurring_frequency`
--

LOCK TABLES `vtiger_recurring_frequency` WRITE;
/*!40000 ALTER TABLE `vtiger_recurring_frequency` DISABLE KEYS */;
INSERT INTO `vtiger_recurring_frequency` VALUES (2,'Daily',1,1,NULL),(3,'Weekly',2,1,NULL),(4,'Monthly',3,1,NULL),(5,'Quarterly',4,1,NULL),(6,'Yearly',5,1,NULL);
/*!40000 ALTER TABLE `vtiger_recurring_frequency` ENABLE KEYS */;
UNLOCK TABLES;

--
-- Table structure for table `vtiger_recurring_frequency_seq`
--

DROP TABLE IF EXISTS `vtiger_recurring_frequency_seq`;
/*!40101 SET @saved_cs_client     = @@character_set_client */;
/*!40101 SET character_set_client = utf8 */;
CREATE TABLE `vtiger_recurring_frequency_seq` (
  `id` int(11) NOT NULL
) ENGINE=InnoDB DEFAULT CHARSET=utf8;
/*!40101 SET character_set_client = @saved_cs_client */;

--
-- Dumping data for table `vtiger_recurring_frequency_seq`
--

LOCK TABLES `vtiger_recurring_frequency_seq` WRITE;
/*!40000 ALTER TABLE `vtiger_recurring_frequency_seq` DISABLE KEYS */;
INSERT INTO `vtiger_recurring_frequency_seq` VALUES (6);
/*!40000 ALTER TABLE `vtiger_recurring_frequency_seq` ENABLE KEYS */;
UNLOCK TABLES;

--
-- Table structure for table `vtiger_recurringevents`
--

DROP TABLE IF EXISTS `vtiger_recurringevents`;
/*!40101 SET @saved_cs_client     = @@character_set_client */;
/*!40101 SET character_set_client = utf8 */;
CREATE TABLE `vtiger_recurringevents` (
  `recurringid` int(19) NOT NULL AUTO_INCREMENT,
  `activityid` int(19) NOT NULL,
  `recurringdate` date DEFAULT NULL,
  `recurringtype` varchar(30) DEFAULT NULL,
  `recurringfreq` int(19) DEFAULT NULL,
  `recurringinfo` varchar(50) DEFAULT NULL,
  `recurringenddate` date DEFAULT NULL,
  PRIMARY KEY (`recurringid`),
  KEY `fk_1_vtiger_recurringevents` (`activityid`),
  CONSTRAINT `fk_1_vtiger_recurringevents` FOREIGN KEY (`activityid`) REFERENCES `vtiger_activity` (`activityid`) ON DELETE CASCADE
) ENGINE=InnoDB DEFAULT CHARSET=utf8;
/*!40101 SET character_set_client = @saved_cs_client */;

--
-- Dumping data for table `vtiger_recurringevents`
--

LOCK TABLES `vtiger_recurringevents` WRITE;
/*!40000 ALTER TABLE `vtiger_recurringevents` DISABLE KEYS */;
/*!40000 ALTER TABLE `vtiger_recurringevents` ENABLE KEYS */;
UNLOCK TABLES;

--
-- Table structure for table `vtiger_recurringtype`
--

DROP TABLE IF EXISTS `vtiger_recurringtype`;
/*!40101 SET @saved_cs_client     = @@character_set_client */;
/*!40101 SET character_set_client = utf8 */;
CREATE TABLE `vtiger_recurringtype` (
  `recurringeventid` int(19) NOT NULL AUTO_INCREMENT,
  `recurringtype` varchar(200) NOT NULL,
  `sortorderid` int(19) NOT NULL DEFAULT '0',
  `presence` int(1) NOT NULL DEFAULT '1',
  `color` varchar(10) DEFAULT NULL,
  PRIMARY KEY (`recurringeventid`),
  UNIQUE KEY `recurringtype_status_idx` (`recurringtype`)
) ENGINE=InnoDB AUTO_INCREMENT=6 DEFAULT CHARSET=utf8;
/*!40101 SET character_set_client = @saved_cs_client */;

--
-- Dumping data for table `vtiger_recurringtype`
--

LOCK TABLES `vtiger_recurringtype` WRITE;
/*!40000 ALTER TABLE `vtiger_recurringtype` DISABLE KEYS */;
INSERT INTO `vtiger_recurringtype` VALUES (2,'Daily',1,1,NULL),(3,'Weekly',2,1,NULL),(4,'Monthly',3,1,NULL),(5,'Yearly',4,1,NULL);
/*!40000 ALTER TABLE `vtiger_recurringtype` ENABLE KEYS */;
UNLOCK TABLES;

--
-- Table structure for table `vtiger_recurringtype_seq`
--

DROP TABLE IF EXISTS `vtiger_recurringtype_seq`;
/*!40101 SET @saved_cs_client     = @@character_set_client */;
/*!40101 SET character_set_client = utf8 */;
CREATE TABLE `vtiger_recurringtype_seq` (
  `id` int(11) NOT NULL
) ENGINE=InnoDB DEFAULT CHARSET=utf8;
/*!40101 SET character_set_client = @saved_cs_client */;

--
-- Dumping data for table `vtiger_recurringtype_seq`
--

LOCK TABLES `vtiger_recurringtype_seq` WRITE;
/*!40000 ALTER TABLE `vtiger_recurringtype_seq` DISABLE KEYS */;
INSERT INTO `vtiger_recurringtype_seq` VALUES (5);
/*!40000 ALTER TABLE `vtiger_recurringtype_seq` ENABLE KEYS */;
UNLOCK TABLES;

--
-- Table structure for table `vtiger_relatedlists`
--

DROP TABLE IF EXISTS `vtiger_relatedlists`;
/*!40101 SET @saved_cs_client     = @@character_set_client */;
/*!40101 SET character_set_client = utf8 */;
CREATE TABLE `vtiger_relatedlists` (
  `relation_id` int(19) NOT NULL,
  `tabid` int(10) DEFAULT NULL,
  `related_tabid` int(10) DEFAULT NULL,
  `name` varchar(100) DEFAULT NULL,
  `sequence` int(10) DEFAULT NULL,
  `label` varchar(100) DEFAULT NULL,
  `presence` int(10) NOT NULL DEFAULT '0',
  `actions` varchar(50) NOT NULL DEFAULT '',
  `relationfieldid` int(19) DEFAULT NULL,
  `source` varchar(25) DEFAULT NULL,
  `relationtype` varchar(10) DEFAULT NULL,
  PRIMARY KEY (`relation_id`),
  KEY `relatedlists_relation_id_idx` (`relation_id`)
) ENGINE=InnoDB DEFAULT CHARSET=utf8;
/*!40101 SET character_set_client = @saved_cs_client */;

--
-- Dumping data for table `vtiger_relatedlists`
--

LOCK TABLES `vtiger_relatedlists` WRITE;
/*!40000 ALTER TABLE `vtiger_relatedlists` DISABLE KEYS */;
INSERT INTO `vtiger_relatedlists` VALUES (1,6,4,'get_contacts',2,'Contacts',0,'add',72,'','1:N'),(2,6,2,'get_opportunities',3,'Potentials',0,'add',113,'','1:N'),(3,6,20,'get_quotes',4,'Quotes',0,'add',330,'','1:N'),(4,6,22,'get_salesorder',5,'Sales Order',0,'add',409,'','1:N'),(5,6,23,'get_invoices',6,'Invoice',0,'add',452,'','1:N'),(6,6,9,'get_activities',7,'Activities',0,'add',238,'','1:N'),(7,6,10,'get_emails',8,'Emails',0,'add',NULL,'','N:N'),(8,6,9,'get_history',9,'Activity History',0,'add',238,'','1:N'),(9,6,8,'get_attachments',10,'Documents',0,'add,select',NULL,'','N:N'),(10,6,13,'get_tickets',11,'HelpDesk',0,'add',157,'','1:N'),(11,6,14,'get_products',12,'Products',0,'select',NULL,'','N:N'),(12,7,9,'get_activities',2,'Activities',0,'add',238,'','1:N'),(13,7,10,'get_emails',3,'Emails',0,'add',NULL,'','N:N'),(14,7,9,'get_history',4,'Activity History',0,'add',238,'','1:N'),(15,7,8,'get_attachments',5,'Documents',0,'add,select',NULL,'','N:N'),(16,7,14,'get_products',6,'Products',0,'select',NULL,'','N:N'),(17,7,26,'get_campaigns',7,'Campaigns',0,'select',NULL,'','N:N'),(18,4,2,'get_opportunities',2,'Potentials',0,'add',740,'','1:N'),(19,4,9,'get_activities',3,'Activities',0,'add',239,'','1:N'),(20,4,10,'get_emails',4,'Emails',0,'add',NULL,'','N:N'),(21,4,13,'get_tickets',5,'HelpDesk',0,'add',741,'','1:N'),(22,4,20,'get_quotes',6,'Quotes',0,'add',319,'','1:N'),(23,4,21,'get_purchase_orders',7,'Purchase Order',0,'add',356,'','1:N'),(24,4,22,'get_salesorder',8,'Sales Order',0,'add',395,'','1:N'),(25,4,14,'get_products',9,'Products',0,'select',NULL,'','N:N'),(26,4,9,'get_history',10,'Activity History',0,'add',239,'','1:N'),(27,4,8,'get_attachments',11,'Documents',0,'add,select',NULL,'','N:N'),(28,4,26,'get_campaigns',12,'Campaigns',0,'select',NULL,'','N:N'),(29,4,23,'get_invoices',13,'Invoice',0,'add',439,'','1:N'),(30,2,9,'get_activities',2,'Activities',0,'add',238,'','1:N'),(31,2,4,'get_contacts',3,'Contacts',0,'select',NULL,'','N:N'),(32,2,14,'get_products',4,'Products',0,'select',NULL,'','N:N'),(33,2,0,'get_stage_history',5,'Sales Stage History',0,'',NULL,'','N:N'),(34,2,8,'get_attachments',6,'Documents',0,'add,select',NULL,'','N:N'),(35,2,20,'get_Quotes',7,'Quotes',0,'add',316,'','1:N'),(36,2,22,'get_salesorder',8,'Sales Order',0,'add',391,'','1:N'),(37,2,9,'get_history',9,'Activity History',0,'',238,'','1:N'),(38,14,13,'get_tickets',1,'HelpDesk',0,'add',159,'','1:N'),(39,14,8,'get_attachments',3,'Documents',0,'add,select',NULL,'','N:N'),(40,14,20,'get_quotes',4,'Quotes',0,'add',703,'','1:N'),(41,14,21,'get_purchase_orders',5,'Purchase Order',0,'add',694,'','1:N'),(42,14,22,'get_salesorder',6,'Sales Order',0,'add',685,'','1:N'),(43,14,23,'get_invoices',7,'Invoice',0,'add',676,'','1:N'),(44,14,19,'get_product_pricebooks',8,'PriceBooks',0,'ADD,SELECT',NULL,'','N:N'),(45,14,7,'get_leads',9,'Leads',0,'select',NULL,'','N:N'),(46,14,6,'get_accounts',10,'Accounts',0,'select',NULL,'','N:N'),(47,14,4,'get_contacts',11,'Contacts',0,'select',NULL,'','N:N'),(48,14,2,'get_opportunities',12,'Potentials',0,'select',NULL,'','N:N'),(49,14,14,'get_products',13,'Product Bundles',0,'add,select',NULL,'','N:N'),(50,14,14,'get_parent_products',14,'Parent Product',0,'',NULL,'','N:N'),(51,10,4,'get_contacts',1,'Contacts',0,'select,bulkmail',NULL,'','N:N'),(52,10,0,'get_users',2,'Users',0,'',NULL,'','N:N'),(53,10,8,'get_attachments',3,'Documents',0,'add,select',NULL,'','N:N'),(54,13,9,'get_activities',2,'Activities',0,'add',238,'','1:N'),(55,13,8,'get_attachments',3,'Documents',0,'add,select',NULL,'','N:N'),(56,13,0,'get_ticket_history',4,'Ticket History',0,'',NULL,'','N:N'),(57,13,9,'get_history',5,'Activity History',0,'add',238,'','1:N'),(58,19,14,'get_pricebook_products',2,'Products',0,'select',NULL,'','N:N'),(59,18,14,'get_products',1,'Products',0,'add,select',185,'','1:N'),(60,18,21,'get_purchase_orders',2,'Purchase Order',0,'add',353,'','1:N'),(61,18,4,'get_contacts',3,'Contacts',0,'select',NULL,'','N:N'),(62,18,10,'get_emails',4,'Emails',0,'add',NULL,'','N:N'),(63,20,22,'get_salesorder',1,'Sales Order',0,'',393,'','1:N'),(64,20,9,'get_activities',2,'Activities',0,'add',NULL,'','N:N'),(65,20,8,'get_attachments',3,'Documents',0,'add,select',NULL,'','N:N'),(66,20,9,'get_history',4,'Activity History',0,'',NULL,'','N:N'),(67,20,0,'get_quotestagehistory',5,'Quote Stage History',0,'',NULL,'','N:N'),(68,21,9,'get_activities',1,'Activities',0,'add',NULL,'','N:N'),(69,21,8,'get_attachments',2,'Documents',0,'add,select',NULL,'','N:N'),(70,21,9,'get_history',3,'Activity History',0,'',NULL,'','N:N'),(71,21,0,'get_postatushistory',4,'PurchaseOrder Status History',0,'',NULL,'','N:N'),(72,22,9,'get_activities',1,'Activities',0,'add',NULL,'','N:N'),(73,22,8,'get_attachments',2,'Documents',0,'add,select',NULL,'','N:N'),(74,22,23,'get_invoices',3,'Invoice',0,'',437,'','1:N'),(75,22,9,'get_history',4,'Activity History',0,'',NULL,'','N:N'),(76,22,0,'get_sostatushistory',5,'SalesOrder Status History',0,'',NULL,'','N:N'),(77,23,9,'get_activities',1,'Activities',0,'add',NULL,'','N:N'),(78,23,8,'get_attachments',2,'Documents',0,'add,select',NULL,'','N:N'),(79,23,9,'get_history',3,'Activity History',0,'',NULL,'','N:N'),(80,23,0,'get_invoicestatushistory',4,'Invoice Status History',0,'',NULL,'','N:N'),(81,9,0,'get_users',1,'Users',0,'',NULL,'','N:N'),(82,9,4,'get_contacts',2,'Contacts',0,'',NULL,'','N:N'),(83,26,4,'get_contacts',1,'Contacts',0,'add,select',NULL,'','N:N'),(84,26,7,'get_leads',2,'Leads',0,'add,select',NULL,'','N:N'),(85,26,2,'get_opportunities',3,'Potentials',0,'add',121,'','1:N'),(86,26,9,'get_activities',4,'Activities',0,'add',238,'','1:N'),(87,6,26,'get_campaigns',14,'Campaigns',0,'select',NULL,'','N:N'),(88,26,6,'get_accounts',5,'Accounts',0,'add,select',NULL,'','N:N'),(89,15,8,'get_attachments',2,'Documents',0,'add,select',NULL,'','N:N'),(90,32,13,'get_related_list',1,'HelpDesk',0,'ADD,SELECT',NULL,NULL,'N:N'),(91,32,20,'get_quotes',2,'Quotes',0,'ADD',703,NULL,'1:N'),(92,32,21,'get_purchase_orders',3,'Purchase Order',0,'ADD',694,NULL,'1:N'),(93,32,22,'get_salesorder',4,'Sales Order',0,'ADD',685,NULL,'1:N'),(94,32,23,'get_invoices',5,'Invoice',0,'ADD',676,NULL,'1:N'),(95,32,19,'get_service_pricebooks',6,'PriceBooks',0,'ADD',NULL,NULL,'N:N'),(96,32,7,'get_related_list',7,'Leads',0,'SELECT',NULL,NULL,'N:N'),(97,32,6,'get_related_list',8,'Accounts',0,'SELECT',NULL,NULL,'N:N'),(98,32,4,'get_related_list',9,'Contacts',0,'SELECT',NULL,NULL,'N:N'),(99,32,2,'get_related_list',10,'Potentials',0,'SELECT',NULL,NULL,'N:N'),(100,32,8,'get_attachments',11,'Documents',0,'ADD,SELECT',NULL,NULL,'N:N'),(101,13,32,'get_related_list',6,'Services',0,'SELECT',NULL,NULL,'N:N'),(102,7,32,'get_related_list',8,'Services',0,'SELECT',NULL,NULL,'N:N'),(103,6,32,'get_related_list',15,'Services',0,'SELECT',NULL,NULL,'N:N'),(104,4,32,'get_related_list',14,'Services',0,'SELECT',NULL,NULL,'N:N'),(105,2,32,'get_related_list',10,'Services',0,'SELECT',NULL,NULL,'N:N'),(106,19,32,'get_pricebook_services',3,'Services',0,'SELECT',NULL,NULL,'N:N'),(109,6,34,'get_merged_list',16,'PBXManager',0,'',557,NULL,'1:N'),(110,35,13,'get_related_list',1,'Service Requests',0,'ADD,SELECT',NULL,NULL,'N:N'),(111,35,8,'get_attachments',2,'Documents',0,'ADD,SELECT',NULL,NULL,'N:N'),(112,6,35,'get_merged_list',17,'Service Contracts',0,'ADD',571,NULL,'1:N'),(113,4,35,'get_dependents_list',16,'Service Contracts',0,'ADD',571,NULL,'1:N'),(114,13,35,'get_related_list',7,'Service Contracts',0,'ADD,SELECT',NULL,NULL,'N:N'),(121,6,40,'get_merged_list',18,'Projects',0,'add',625,NULL,'1:N'),(122,4,40,'get_dependents_list',17,'Projects',0,'add',625,NULL,'1:N'),(123,13,40,'get_related_list',8,'Projects',0,'SELECT',NULL,NULL,'N:N'),(124,43,6,'get_related_list',1,'Accounts',0,' ',NULL,NULL,'N:N'),(125,43,4,'get_related_list',2,'Contacts',0,' ',NULL,NULL,'N:N'),(126,43,7,'get_related_list',3,'Leads',0,' ',NULL,NULL,'N:N'),(127,7,45,'get_comments',10,'ModComments',0,'',649,NULL,'1:N'),(128,4,45,'get_comments',18,'ModComments',0,'',649,NULL,'1:N'),(129,6,45,'get_comments',19,'ModComments',0,'',649,NULL,'1:N'),(130,2,45,'get_comments',11,'ModComments',0,'',649,NULL,'1:N'),(133,47,13,'get_related_list',1,'HelpDesk',0,'ADD,SELECT',NULL,NULL,'N:N'),(134,47,8,'get_attachments',2,'Documents',0,'ADD,SELECT',NULL,NULL,'N:N'),(135,6,47,'get_merged_list',20,'Assets',0,'ADD',665,NULL,'1:N'),(136,14,47,'get_dependents_list',15,'Assets',0,'ADD',654,NULL,'1:N'),(137,23,47,'get_dependents_list',5,'Assets',0,'ADD',660,NULL,'1:N'),(138,39,8,'get_attachments',2,'Documents',0,'ADD,SELECT',NULL,NULL,'N:N'),(139,39,45,'get_comments',3,'ModComments',0,'',649,NULL,'1:N'),(140,40,39,'get_dependents_list',2,'Project Tasks',0,'ADD',604,NULL,'1:N'),(141,40,38,'get_dependents_list',3,'Project Milestones',0,'ADD',590,NULL,'1:N'),(142,40,8,'get_attachments',4,'Documents',0,'ADD,SELECT',NULL,NULL,'N:N'),(143,40,13,'get_related_list',5,'HelpDesk',0,'ADD,SELECT',NULL,NULL,'N:N'),(144,40,0,'get_gantt_chart',6,'Charts',0,'',NULL,NULL,'N:N'),(145,40,45,'get_comments',7,'ModComments',0,'',649,NULL,'1:N'),(146,13,45,'get_comments',9,'ModComments',0,'',649,NULL,'1:N'),(147,15,45,'get_comments',3,'ModComments',0,'',649,NULL,'1:N'),(148,4,47,'get_dependents_list',19,'Assets',0,'ADD',666,NULL,'1:N'),(149,4,18,'get_vendors',20,'Vendors',0,'SELECT',NULL,'','N:N'),(150,2,23,'get_dependents_list',12,'Invoice',0,'ADD',774,NULL,'1:N'),(151,8,4,'get_related_list',1,'Contacts',0,'1',NULL,NULL,'N:N'),(152,8,6,'get_related_list',2,'Accounts',0,'1',NULL,NULL,'N:N'),(153,8,2,'get_related_list',3,'Potentials',0,'1',NULL,NULL,'N:N'),(154,8,7,'get_related_list',4,'Leads',0,'1',NULL,NULL,'N:N'),(155,8,14,'get_related_list',5,'Products',0,'1',NULL,NULL,'N:N'),(156,8,32,'get_related_list',6,'Services',0,'1',NULL,NULL,'N:N'),(157,8,40,'get_related_list',7,'Project',0,'1',NULL,NULL,'N:N'),(158,8,47,'get_related_list',8,'Assets',0,'1',NULL,NULL,'N:N'),(159,8,35,'get_related_list',9,'ServiceContracts',0,'1',NULL,NULL,'N:N'),(160,8,20,'get_related_list',10,'Quotes',0,'1',NULL,NULL,'N:N'),(161,8,23,'get_related_list',11,'Invoice',0,'1',NULL,NULL,'N:N'),(162,8,22,'get_related_list',12,'SalesOrder',0,'1',NULL,NULL,'N:N'),(163,8,21,'get_related_list',13,'PurchaseOrder',0,'1',NULL,NULL,'N:N'),(164,8,13,'get_related_list',14,'HelpDesk',0,'1',NULL,NULL,'N:N'),(165,8,15,'get_related_list',15,'Faq',0,'1',NULL,NULL,'N:N'),(166,40,10,'get_emails',8,'Emails',0,'ADD',NULL,NULL,'N:N'),(167,39,10,'get_emails',4,'Emails',0,'ADD',NULL,NULL,'N:N'),(168,40,9,'get_related_list',9,'Activities',0,'ADD',NULL,NULL,'N:N'),(169,40,20,'get_related_list',10,'Quotes',0,'SELECT',NULL,NULL,'N:N'),(170,14,21,'get_purchase_orders',16,'PurchaseOrder',0,'ADD',NULL,NULL,'N:N'),(171,2,10,'get_emails',13,'Emails',0,'ADD',NULL,NULL,'N:N'),(172,13,10,'get_emails',10,'Emails',0,'ADD',NULL,NULL,'N:N');
/*!40000 ALTER TABLE `vtiger_relatedlists` ENABLE KEYS */;
UNLOCK TABLES;

--
-- Table structure for table `vtiger_relatedlists_rb`
--

DROP TABLE IF EXISTS `vtiger_relatedlists_rb`;
/*!40101 SET @saved_cs_client     = @@character_set_client */;
/*!40101 SET character_set_client = utf8 */;
CREATE TABLE `vtiger_relatedlists_rb` (
  `entityid` int(19) DEFAULT NULL,
  `action` varchar(50) DEFAULT NULL,
  `rel_table` varchar(200) DEFAULT NULL,
  `rel_column` varchar(200) DEFAULT NULL,
  `ref_column` varchar(200) DEFAULT NULL,
  `related_crm_ids` text
) ENGINE=InnoDB DEFAULT CHARSET=utf8;
/*!40101 SET character_set_client = @saved_cs_client */;

--
-- Dumping data for table `vtiger_relatedlists_rb`
--

LOCK TABLES `vtiger_relatedlists_rb` WRITE;
/*!40000 ALTER TABLE `vtiger_relatedlists_rb` DISABLE KEYS */;
INSERT INTO `vtiger_relatedlists_rb` VALUES (10,'update','vtiger_crmentity','deleted','crmid',''),(12,'update','vtiger_crmentity','deleted','crmid',''),(5,'update','vtiger_crmentity','deleted','crmid',''),(6,'update','vtiger_crmentity','deleted','crmid',''),(1146,'update','vtiger_crmentity','deleted','crmid',''),(1147,'update','vtiger_crmentity','deleted','crmid',''),(1148,'update','vtiger_crmentity','deleted','crmid',''),(1150,'update','vtiger_crmentity','deleted','crmid',''),(1151,'update','vtiger_crmentity','deleted','crmid',''),(1149,'update','vtiger_crmentity','deleted','crmid',''),(1152,'update','vtiger_crmentity','deleted','crmid',''),(1153,'update','vtiger_crmentity','deleted','crmid',''),(1155,'update','vtiger_crmentity','deleted','crmid',''),(1154,'update','vtiger_crmentity','deleted','crmid',''),(1156,'update','vtiger_crmentity','deleted','crmid',''),(1157,'update','vtiger_crmentity','deleted','crmid',''),(1158,'update','vtiger_crmentity','deleted','crmid','');
/*!40000 ALTER TABLE `vtiger_relatedlists_rb` ENABLE KEYS */;
UNLOCK TABLES;

--
-- Table structure for table `vtiger_relatedlists_seq`
--

DROP TABLE IF EXISTS `vtiger_relatedlists_seq`;
/*!40101 SET @saved_cs_client     = @@character_set_client */;
/*!40101 SET character_set_client = utf8 */;
CREATE TABLE `vtiger_relatedlists_seq` (
  `id` int(11) NOT NULL
) ENGINE=InnoDB DEFAULT CHARSET=utf8;
/*!40101 SET character_set_client = @saved_cs_client */;

--
-- Dumping data for table `vtiger_relatedlists_seq`
--

LOCK TABLES `vtiger_relatedlists_seq` WRITE;
/*!40000 ALTER TABLE `vtiger_relatedlists_seq` DISABLE KEYS */;
INSERT INTO `vtiger_relatedlists_seq` VALUES (172);
/*!40000 ALTER TABLE `vtiger_relatedlists_seq` ENABLE KEYS */;
UNLOCK TABLES;

--
-- Table structure for table `vtiger_relcriteria`
--

DROP TABLE IF EXISTS `vtiger_relcriteria`;
/*!40101 SET @saved_cs_client     = @@character_set_client */;
/*!40101 SET character_set_client = utf8 */;
CREATE TABLE `vtiger_relcriteria` (
  `queryid` int(19) NOT NULL,
  `columnindex` int(11) NOT NULL,
  `columnname` varchar(250) DEFAULT '',
  `comparator` varchar(20) DEFAULT NULL,
  `value` varchar(512) DEFAULT NULL,
  `groupid` int(11) DEFAULT '1',
  `column_condition` varchar(256) DEFAULT 'and',
  PRIMARY KEY (`queryid`,`columnindex`),
  KEY `relcriteria_queryid_idx` (`queryid`),
  CONSTRAINT `fk_1_vtiger_relcriteria` FOREIGN KEY (`queryid`) REFERENCES `vtiger_selectquery` (`queryid`) ON DELETE CASCADE
) ENGINE=InnoDB DEFAULT CHARSET=utf8;
/*!40101 SET character_set_client = @saved_cs_client */;

--
-- Dumping data for table `vtiger_relcriteria`
--

LOCK TABLES `vtiger_relcriteria` WRITE;
/*!40000 ALTER TABLE `vtiger_relcriteria` DISABLE KEYS */;
/*!40000 ALTER TABLE `vtiger_relcriteria` ENABLE KEYS */;
UNLOCK TABLES;

--
-- Table structure for table `vtiger_relcriteria_grouping`
--

DROP TABLE IF EXISTS `vtiger_relcriteria_grouping`;
/*!40101 SET @saved_cs_client     = @@character_set_client */;
/*!40101 SET character_set_client = utf8 */;
CREATE TABLE `vtiger_relcriteria_grouping` (
  `groupid` int(11) NOT NULL,
  `queryid` int(19) NOT NULL,
  `group_condition` varchar(256) DEFAULT NULL,
  `condition_expression` text,
  PRIMARY KEY (`groupid`,`queryid`)
) ENGINE=InnoDB DEFAULT CHARSET=utf8;
/*!40101 SET character_set_client = @saved_cs_client */;

--
-- Dumping data for table `vtiger_relcriteria_grouping`
--

LOCK TABLES `vtiger_relcriteria_grouping` WRITE;
/*!40000 ALTER TABLE `vtiger_relcriteria_grouping` DISABLE KEYS */;
INSERT INTO `vtiger_relcriteria_grouping` VALUES (1,1,'','0'),(1,2,'','0'),(1,3,'','0'),(1,7,'','0'),(1,12,'','0'),(1,15,'','0 and 1'),(1,22,'','0'),(1,23,'','0'),(1,24,'','0'),(1,25,'','0');
/*!40000 ALTER TABLE `vtiger_relcriteria_grouping` ENABLE KEYS */;
UNLOCK TABLES;

--
-- Table structure for table `vtiger_reminder_interval`
--

DROP TABLE IF EXISTS `vtiger_reminder_interval`;
/*!40101 SET @saved_cs_client     = @@character_set_client */;
/*!40101 SET character_set_client = utf8 */;
CREATE TABLE `vtiger_reminder_interval` (
  `reminder_intervalid` int(19) NOT NULL AUTO_INCREMENT,
  `reminder_interval` varchar(200) NOT NULL,
  `sortorderid` int(19) NOT NULL,
  `presence` int(1) NOT NULL,
  PRIMARY KEY (`reminder_intervalid`)
) ENGINE=InnoDB AUTO_INCREMENT=9 DEFAULT CHARSET=utf8;
/*!40101 SET character_set_client = @saved_cs_client */;

--
-- Dumping data for table `vtiger_reminder_interval`
--

LOCK TABLES `vtiger_reminder_interval` WRITE;
/*!40000 ALTER TABLE `vtiger_reminder_interval` DISABLE KEYS */;
INSERT INTO `vtiger_reminder_interval` VALUES (2,'1 Minute',1,1),(3,'5 Minutes',2,1),(4,'15 Minutes',3,1),(5,'30 Minutes',4,1),(6,'45 Minutes',5,1),(7,'1 Hour',6,1),(8,'1 Day',7,1);
/*!40000 ALTER TABLE `vtiger_reminder_interval` ENABLE KEYS */;
UNLOCK TABLES;

--
-- Table structure for table `vtiger_reminder_interval_seq`
--

DROP TABLE IF EXISTS `vtiger_reminder_interval_seq`;
/*!40101 SET @saved_cs_client     = @@character_set_client */;
/*!40101 SET character_set_client = utf8 */;
CREATE TABLE `vtiger_reminder_interval_seq` (
  `id` int(11) NOT NULL
) ENGINE=InnoDB DEFAULT CHARSET=utf8;
/*!40101 SET character_set_client = @saved_cs_client */;

--
-- Dumping data for table `vtiger_reminder_interval_seq`
--

LOCK TABLES `vtiger_reminder_interval_seq` WRITE;
/*!40000 ALTER TABLE `vtiger_reminder_interval_seq` DISABLE KEYS */;
INSERT INTO `vtiger_reminder_interval_seq` VALUES (8);
/*!40000 ALTER TABLE `vtiger_reminder_interval_seq` ENABLE KEYS */;
UNLOCK TABLES;

--
-- Table structure for table `vtiger_report`
--

DROP TABLE IF EXISTS `vtiger_report`;
/*!40101 SET @saved_cs_client     = @@character_set_client */;
/*!40101 SET character_set_client = utf8 */;
CREATE TABLE `vtiger_report` (
  `reportid` int(19) NOT NULL,
  `folderid` int(19) NOT NULL,
  `reportname` varchar(100) DEFAULT '',
  `description` varchar(250) DEFAULT '',
  `reporttype` varchar(50) DEFAULT '',
  `queryid` int(19) NOT NULL DEFAULT '0',
  `state` varchar(50) DEFAULT 'SAVED',
  `customizable` int(1) DEFAULT '1',
  `category` int(11) DEFAULT '1',
  `owner` int(11) DEFAULT '1',
  `sharingtype` varchar(200) DEFAULT 'Private',
  PRIMARY KEY (`reportid`),
  KEY `report_queryid_idx` (`queryid`),
  KEY `report_folderid_idx` (`folderid`),
  CONSTRAINT `fk_2_vtiger_report` FOREIGN KEY (`queryid`) REFERENCES `vtiger_selectquery` (`queryid`) ON DELETE CASCADE
) ENGINE=InnoDB DEFAULT CHARSET=utf8;
/*!40101 SET character_set_client = @saved_cs_client */;

--
-- Dumping data for table `vtiger_report`
--

LOCK TABLES `vtiger_report` WRITE;
/*!40000 ALTER TABLE `vtiger_report` DISABLE KEYS */;
INSERT INTO `vtiger_report` VALUES (26,1,'Cantidad de Contactos por Ciudad','','chart',26,'CUSTOM',1,1,1,'Private'),(27,4,'Ordenes de Venta por Mes','','chart',27,'CUSTOM',1,1,1,'Private'),(28,4,'Valor Ordenes de Venta por Mes','','chart',28,'CUSTOM',1,1,1,'Private');
/*!40000 ALTER TABLE `vtiger_report` ENABLE KEYS */;
UNLOCK TABLES;

--
-- Table structure for table `vtiger_report_sharegroups`
--

DROP TABLE IF EXISTS `vtiger_report_sharegroups`;
/*!40101 SET @saved_cs_client     = @@character_set_client */;
/*!40101 SET character_set_client = utf8 */;
CREATE TABLE `vtiger_report_sharegroups` (
  `reportid` int(25) NOT NULL,
  `groupid` int(25) NOT NULL,
  KEY `vtiger_report_sharegroups_ibfk_1` (`reportid`),
  KEY `vtiger_groups_groupid_ibfk_1` (`groupid`),
  CONSTRAINT `vtiger_groups_groupid_ibfk_1` FOREIGN KEY (`groupid`) REFERENCES `vtiger_groups` (`groupid`) ON DELETE CASCADE,
  CONSTRAINT `vtiger_report_reportid_ibfk_2` FOREIGN KEY (`reportid`) REFERENCES `vtiger_report` (`reportid`) ON DELETE CASCADE
) ENGINE=InnoDB DEFAULT CHARSET=utf8;
/*!40101 SET character_set_client = @saved_cs_client */;

--
-- Dumping data for table `vtiger_report_sharegroups`
--

LOCK TABLES `vtiger_report_sharegroups` WRITE;
/*!40000 ALTER TABLE `vtiger_report_sharegroups` DISABLE KEYS */;
/*!40000 ALTER TABLE `vtiger_report_sharegroups` ENABLE KEYS */;
UNLOCK TABLES;

--
-- Table structure for table `vtiger_report_sharerole`
--

DROP TABLE IF EXISTS `vtiger_report_sharerole`;
/*!40101 SET @saved_cs_client     = @@character_set_client */;
/*!40101 SET character_set_client = utf8 */;
CREATE TABLE `vtiger_report_sharerole` (
  `reportid` int(25) NOT NULL,
  `roleid` varchar(255) NOT NULL,
  KEY `vtiger_report_sharerole_ibfk_1` (`reportid`),
  KEY `vtiger_role_roleid_ibfk_1` (`roleid`),
  CONSTRAINT `vtiger_report_reportid_ibfk_3` FOREIGN KEY (`reportid`) REFERENCES `vtiger_report` (`reportid`) ON DELETE CASCADE,
  CONSTRAINT `vtiger_role_roleid_ibfk_1` FOREIGN KEY (`roleid`) REFERENCES `vtiger_role` (`roleid`) ON DELETE CASCADE
) ENGINE=InnoDB DEFAULT CHARSET=utf8;
/*!40101 SET character_set_client = @saved_cs_client */;

--
-- Dumping data for table `vtiger_report_sharerole`
--

LOCK TABLES `vtiger_report_sharerole` WRITE;
/*!40000 ALTER TABLE `vtiger_report_sharerole` DISABLE KEYS */;
/*!40000 ALTER TABLE `vtiger_report_sharerole` ENABLE KEYS */;
UNLOCK TABLES;

--
-- Table structure for table `vtiger_report_sharers`
--

DROP TABLE IF EXISTS `vtiger_report_sharers`;
/*!40101 SET @saved_cs_client     = @@character_set_client */;
/*!40101 SET character_set_client = utf8 */;
CREATE TABLE `vtiger_report_sharers` (
  `reportid` int(25) NOT NULL,
  `rsid` varchar(255) NOT NULL,
  KEY `vtiger_report_sharers_ibfk_1` (`reportid`),
  KEY `vtiger_rolesd_rsid_ibfk_1` (`rsid`),
  CONSTRAINT `vtiger_report_reportid_ibfk_4` FOREIGN KEY (`reportid`) REFERENCES `vtiger_report` (`reportid`) ON DELETE CASCADE,
  CONSTRAINT `vtiger_rolesd_rsid_ibfk_1` FOREIGN KEY (`rsid`) REFERENCES `vtiger_role` (`roleid`) ON DELETE CASCADE
) ENGINE=InnoDB DEFAULT CHARSET=utf8;
/*!40101 SET character_set_client = @saved_cs_client */;

--
-- Dumping data for table `vtiger_report_sharers`
--

LOCK TABLES `vtiger_report_sharers` WRITE;
/*!40000 ALTER TABLE `vtiger_report_sharers` DISABLE KEYS */;
/*!40000 ALTER TABLE `vtiger_report_sharers` ENABLE KEYS */;
UNLOCK TABLES;

--
-- Table structure for table `vtiger_report_shareusers`
--

DROP TABLE IF EXISTS `vtiger_report_shareusers`;
/*!40101 SET @saved_cs_client     = @@character_set_client */;
/*!40101 SET character_set_client = utf8 */;
CREATE TABLE `vtiger_report_shareusers` (
  `reportid` int(25) NOT NULL,
  `userid` int(25) NOT NULL,
  KEY `vtiger_report_shareusers_ibfk_1` (`reportid`),
  KEY `vtiger_users_userid_ibfk_1` (`userid`),
  CONSTRAINT `vtiger_reports_reportid_ibfk_1` FOREIGN KEY (`reportid`) REFERENCES `vtiger_report` (`reportid`) ON DELETE CASCADE,
  CONSTRAINT `vtiger_users_userid_ibfk_1` FOREIGN KEY (`userid`) REFERENCES `vtiger_users` (`id`) ON DELETE CASCADE
) ENGINE=InnoDB DEFAULT CHARSET=utf8;
/*!40101 SET character_set_client = @saved_cs_client */;

--
-- Dumping data for table `vtiger_report_shareusers`
--

LOCK TABLES `vtiger_report_shareusers` WRITE;
/*!40000 ALTER TABLE `vtiger_report_shareusers` DISABLE KEYS */;
INSERT INTO `vtiger_report_shareusers` VALUES (27,5),(28,5);
/*!40000 ALTER TABLE `vtiger_report_shareusers` ENABLE KEYS */;
UNLOCK TABLES;

--
-- Table structure for table `vtiger_reportdatefilter`
--

DROP TABLE IF EXISTS `vtiger_reportdatefilter`;
/*!40101 SET @saved_cs_client     = @@character_set_client */;
/*!40101 SET character_set_client = utf8 */;
CREATE TABLE `vtiger_reportdatefilter` (
  `datefilterid` int(19) NOT NULL,
  `datecolumnname` varchar(250) DEFAULT '',
  `datefilter` varchar(250) DEFAULT '',
  `startdate` date DEFAULT NULL,
  `enddate` date DEFAULT NULL,
  PRIMARY KEY (`datefilterid`),
  KEY `reportdatefilter_datefilterid_idx` (`datefilterid`),
  CONSTRAINT `fk_1_vtiger_reportdatefilter` FOREIGN KEY (`datefilterid`) REFERENCES `vtiger_report` (`reportid`) ON DELETE CASCADE
) ENGINE=InnoDB DEFAULT CHARSET=utf8;
/*!40101 SET character_set_client = @saved_cs_client */;

--
-- Dumping data for table `vtiger_reportdatefilter`
--

LOCK TABLES `vtiger_reportdatefilter` WRITE;
/*!40000 ALTER TABLE `vtiger_reportdatefilter` DISABLE KEYS */;
/*!40000 ALTER TABLE `vtiger_reportdatefilter` ENABLE KEYS */;
UNLOCK TABLES;

--
-- Table structure for table `vtiger_reportfilters`
--

DROP TABLE IF EXISTS `vtiger_reportfilters`;
/*!40101 SET @saved_cs_client     = @@character_set_client */;
/*!40101 SET character_set_client = utf8 */;
CREATE TABLE `vtiger_reportfilters` (
  `filterid` int(19) NOT NULL,
  `name` varchar(200) NOT NULL
) ENGINE=InnoDB DEFAULT CHARSET=utf8;
/*!40101 SET character_set_client = @saved_cs_client */;

--
-- Dumping data for table `vtiger_reportfilters`
--

LOCK TABLES `vtiger_reportfilters` WRITE;
/*!40000 ALTER TABLE `vtiger_reportfilters` DISABLE KEYS */;
INSERT INTO `vtiger_reportfilters` VALUES (1,'Private'),(2,'Public'),(3,'Shared');
/*!40000 ALTER TABLE `vtiger_reportfilters` ENABLE KEYS */;
UNLOCK TABLES;

--
-- Table structure for table `vtiger_reportfolder`
--

DROP TABLE IF EXISTS `vtiger_reportfolder`;
/*!40101 SET @saved_cs_client     = @@character_set_client */;
/*!40101 SET character_set_client = utf8 */;
CREATE TABLE `vtiger_reportfolder` (
  `folderid` int(19) NOT NULL AUTO_INCREMENT,
  `foldername` varchar(100) NOT NULL DEFAULT '',
  `description` varchar(250) DEFAULT '',
  `state` varchar(50) DEFAULT 'SAVED',
  PRIMARY KEY (`folderid`)
) ENGINE=InnoDB AUTO_INCREMENT=13 DEFAULT CHARSET=utf8;
/*!40101 SET character_set_client = @saved_cs_client */;

--
-- Dumping data for table `vtiger_reportfolder`
--

LOCK TABLES `vtiger_reportfolder` WRITE;
/*!40000 ALTER TABLE `vtiger_reportfolder` DISABLE KEYS */;
INSERT INTO `vtiger_reportfolder` VALUES (1,'Organization and Contact Reports','Account and Contact Reports','SAVED'),(2,'Lead Reports','Lead Reports','SAVED'),(3,'Opportunity Reports','Potential Reports','SAVED'),(4,'Activity Reports','Activity Reports','SAVED'),(5,'Tickets Reports','HelpDesk Reports','SAVED'),(6,'Product Reports','Product Reports','SAVED'),(7,'Quote Reports','Quote Reports','SAVED'),(8,'Purchase Order Reports','PurchaseOrder Reports','SAVED'),(9,'Invoice Reports','Invoice Reports','SAVED'),(10,'Sales Order Reports','SalesOrder Reports','SAVED'),(11,'Campaign Reports','Campaign Reports','SAVED'),(12,'Email Reports','Email Reports','SAVED');
/*!40000 ALTER TABLE `vtiger_reportfolder` ENABLE KEYS */;
UNLOCK TABLES;

--
-- Table structure for table `vtiger_reportgroupbycolumn`
--

DROP TABLE IF EXISTS `vtiger_reportgroupbycolumn`;
/*!40101 SET @saved_cs_client     = @@character_set_client */;
/*!40101 SET character_set_client = utf8 */;
CREATE TABLE `vtiger_reportgroupbycolumn` (
  `reportid` int(19) DEFAULT NULL,
  `sortid` int(19) DEFAULT NULL,
  `sortcolname` varchar(250) DEFAULT NULL,
  `dategroupbycriteria` varchar(250) DEFAULT NULL,
  KEY `fk_1_vtiger_reportgroupbycolumn` (`reportid`),
  CONSTRAINT `fk_1_vtiger_reportgroupbycolumn` FOREIGN KEY (`reportid`) REFERENCES `vtiger_report` (`reportid`) ON DELETE CASCADE
) ENGINE=InnoDB DEFAULT CHARSET=utf8;
/*!40101 SET character_set_client = @saved_cs_client */;

--
-- Dumping data for table `vtiger_reportgroupbycolumn`
--

LOCK TABLES `vtiger_reportgroupbycolumn` WRITE;
/*!40000 ALTER TABLE `vtiger_reportgroupbycolumn` DISABLE KEYS */;
/*!40000 ALTER TABLE `vtiger_reportgroupbycolumn` ENABLE KEYS */;
UNLOCK TABLES;

--
-- Table structure for table `vtiger_reportmodules`
--

DROP TABLE IF EXISTS `vtiger_reportmodules`;
/*!40101 SET @saved_cs_client     = @@character_set_client */;
/*!40101 SET character_set_client = utf8 */;
CREATE TABLE `vtiger_reportmodules` (
  `reportmodulesid` int(19) NOT NULL,
  `primarymodule` varchar(100) DEFAULT NULL,
  `secondarymodules` varchar(250) DEFAULT '',
  PRIMARY KEY (`reportmodulesid`),
  CONSTRAINT `fk_1_vtiger_reportmodules` FOREIGN KEY (`reportmodulesid`) REFERENCES `vtiger_report` (`reportid`) ON DELETE CASCADE
) ENGINE=InnoDB DEFAULT CHARSET=utf8;
/*!40101 SET character_set_client = @saved_cs_client */;

--
-- Dumping data for table `vtiger_reportmodules`
--

LOCK TABLES `vtiger_reportmodules` WRITE;
/*!40000 ALTER TABLE `vtiger_reportmodules` DISABLE KEYS */;
INSERT INTO `vtiger_reportmodules` VALUES (26,'Contacts',''),(27,'SalesOrder',''),(28,'SalesOrder','');
/*!40000 ALTER TABLE `vtiger_reportmodules` ENABLE KEYS */;
UNLOCK TABLES;

--
-- Table structure for table `vtiger_reportsharing`
--

DROP TABLE IF EXISTS `vtiger_reportsharing`;
/*!40101 SET @saved_cs_client     = @@character_set_client */;
/*!40101 SET character_set_client = utf8 */;
CREATE TABLE `vtiger_reportsharing` (
  `reportid` int(19) NOT NULL,
  `shareid` int(19) NOT NULL,
  `setype` varchar(200) NOT NULL
) ENGINE=InnoDB DEFAULT CHARSET=utf8;
/*!40101 SET character_set_client = @saved_cs_client */;

--
-- Dumping data for table `vtiger_reportsharing`
--

LOCK TABLES `vtiger_reportsharing` WRITE;
/*!40000 ALTER TABLE `vtiger_reportsharing` DISABLE KEYS */;
/*!40000 ALTER TABLE `vtiger_reportsharing` ENABLE KEYS */;
UNLOCK TABLES;

--
-- Table structure for table `vtiger_reportsortcol`
--

DROP TABLE IF EXISTS `vtiger_reportsortcol`;
/*!40101 SET @saved_cs_client     = @@character_set_client */;
/*!40101 SET character_set_client = utf8 */;
CREATE TABLE `vtiger_reportsortcol` (
  `sortcolid` int(19) NOT NULL,
  `reportid` int(19) NOT NULL,
  `columnname` varchar(250) DEFAULT '',
  `sortorder` varchar(250) DEFAULT 'Asc',
  PRIMARY KEY (`sortcolid`,`reportid`),
  KEY `fk_1_vtiger_reportsortcol` (`reportid`),
  CONSTRAINT `fk_1_vtiger_reportsortcol` FOREIGN KEY (`reportid`) REFERENCES `vtiger_report` (`reportid`) ON DELETE CASCADE
) ENGINE=InnoDB DEFAULT CHARSET=utf8;
/*!40101 SET character_set_client = @saved_cs_client */;

--
-- Dumping data for table `vtiger_reportsortcol`
--

LOCK TABLES `vtiger_reportsortcol` WRITE;
/*!40000 ALTER TABLE `vtiger_reportsortcol` DISABLE KEYS */;
/*!40000 ALTER TABLE `vtiger_reportsortcol` ENABLE KEYS */;
UNLOCK TABLES;

--
-- Table structure for table `vtiger_reportsummary`
--

DROP TABLE IF EXISTS `vtiger_reportsummary`;
/*!40101 SET @saved_cs_client     = @@character_set_client */;
/*!40101 SET character_set_client = utf8 */;
CREATE TABLE `vtiger_reportsummary` (
  `reportsummaryid` int(19) NOT NULL,
  `summarytype` int(19) NOT NULL,
  `columnname` varchar(250) NOT NULL DEFAULT '',
  PRIMARY KEY (`reportsummaryid`,`summarytype`,`columnname`),
  KEY `reportsummary_reportsummaryid_idx` (`reportsummaryid`),
  CONSTRAINT `fk_1_vtiger_reportsummary` FOREIGN KEY (`reportsummaryid`) REFERENCES `vtiger_report` (`reportid`) ON DELETE CASCADE
) ENGINE=InnoDB DEFAULT CHARSET=utf8;
/*!40101 SET character_set_client = @saved_cs_client */;

--
-- Dumping data for table `vtiger_reportsummary`
--

LOCK TABLES `vtiger_reportsummary` WRITE;
/*!40000 ALTER TABLE `vtiger_reportsummary` DISABLE KEYS */;
/*!40000 ALTER TABLE `vtiger_reportsummary` ENABLE KEYS */;
UNLOCK TABLES;

--
-- Table structure for table `vtiger_reporttype`
--

DROP TABLE IF EXISTS `vtiger_reporttype`;
/*!40101 SET @saved_cs_client     = @@character_set_client */;
/*!40101 SET character_set_client = utf8 */;
CREATE TABLE `vtiger_reporttype` (
  `reportid` int(10) NOT NULL,
  `data` text,
  PRIMARY KEY (`reportid`),
  CONSTRAINT `fk_1_vtiger_reporttype` FOREIGN KEY (`reportid`) REFERENCES `vtiger_report` (`reportid`) ON DELETE CASCADE
) ENGINE=InnoDB DEFAULT CHARSET=utf8;
/*!40101 SET character_set_client = @saved_cs_client */;

--
-- Dumping data for table `vtiger_reporttype`
--

LOCK TABLES `vtiger_reporttype` WRITE;
/*!40000 ALTER TABLE `vtiger_reporttype` DISABLE KEYS */;
INSERT INTO `vtiger_reporttype` VALUES (26,'{\"type\":\"pieChart\",\"groupbyfield\":\"vtiger_contactaddress:mailingcity:Contacts_Mailing_City:mailingcity:V\",\"datafields\":[\"count(*)\"]}'),(27,'{\"type\":\"verticalbarChart\",\"groupbyfield\":\"vtiger_salesordercf:cf_865:SalesOrder_Fecha_de_Venta:cf_865:D:MY\",\"datafields\":[\"count(*)\"]}'),(28,'{\"type\":\"verticalbarChart\",\"groupbyfield\":\"vtiger_salesordercf:cf_865:SalesOrder_Fecha_de_Venta:cf_865:D:MY\",\"datafields\":[\"vtiger_salesorder:total:SalesOrder_Total:hdnGrandTotal:N:SUM\"]}');
/*!40000 ALTER TABLE `vtiger_reporttype` ENABLE KEYS */;
UNLOCK TABLES;

--
-- Table structure for table `vtiger_role`
--

DROP TABLE IF EXISTS `vtiger_role`;
/*!40101 SET @saved_cs_client     = @@character_set_client */;
/*!40101 SET character_set_client = utf8 */;
CREATE TABLE `vtiger_role` (
  `roleid` varchar(255) NOT NULL,
  `rolename` varchar(200) DEFAULT NULL,
  `parentrole` varchar(255) DEFAULT NULL,
  `depth` int(19) DEFAULT NULL,
  `allowassignedrecordsto` int(2) NOT NULL DEFAULT '1',
  PRIMARY KEY (`roleid`)
) ENGINE=InnoDB DEFAULT CHARSET=utf8;
/*!40101 SET character_set_client = @saved_cs_client */;

--
-- Dumping data for table `vtiger_role`
--

LOCK TABLES `vtiger_role` WRITE;
/*!40000 ALTER TABLE `vtiger_role` DISABLE KEYS */;
INSERT INTO `vtiger_role` VALUES ('H1','Organization','H1',0,1),('H2','CEO','H1::H2',1,1),('H3','Vice President','H1::H2::H3',2,1),('H4','Sales Manager','H1::H2::H3::H4',3,1),('H5','Sales Person','H1::H2::H3::H4::H5',4,1);
/*!40000 ALTER TABLE `vtiger_role` ENABLE KEYS */;
UNLOCK TABLES;

--
-- Table structure for table `vtiger_role2picklist`
--

DROP TABLE IF EXISTS `vtiger_role2picklist`;
/*!40101 SET @saved_cs_client     = @@character_set_client */;
/*!40101 SET character_set_client = utf8 */;
CREATE TABLE `vtiger_role2picklist` (
  `roleid` varchar(255) NOT NULL,
  `picklistvalueid` int(11) NOT NULL,
  `picklistid` int(11) NOT NULL,
  `sortid` int(11) DEFAULT NULL,
  PRIMARY KEY (`roleid`,`picklistvalueid`,`picklistid`),
  KEY `role2picklist_roleid_picklistid_idx` (`roleid`,`picklistid`,`picklistvalueid`),
  KEY `fk_2_vtiger_role2picklist` (`picklistid`),
  CONSTRAINT `fk_1_vtiger_role2picklist` FOREIGN KEY (`roleid`) REFERENCES `vtiger_role` (`roleid`) ON DELETE CASCADE,
  CONSTRAINT `fk_2_vtiger_role2picklist` FOREIGN KEY (`picklistid`) REFERENCES `vtiger_picklist` (`picklistid`) ON DELETE CASCADE
) ENGINE=InnoDB DEFAULT CHARSET=utf8;
/*!40101 SET character_set_client = @saved_cs_client */;

--
-- Dumping data for table `vtiger_role2picklist`
--

LOCK TABLES `vtiger_role2picklist` WRITE;
/*!40000 ALTER TABLE `vtiger_role2picklist` DISABLE KEYS */;
INSERT INTO `vtiger_role2picklist` VALUES ('H1',1,1,0),('H1',2,1,1),('H1',3,1,2),('H1',4,1,3),('H1',5,1,4),('H1',6,1,5),('H1',7,1,6),('H1',8,1,7),('H1',9,1,8),('H1',10,1,9),('H1',11,1,10),('H1',12,2,0),('H1',13,2,1),('H1',14,3,0),('H1',15,3,1),('H1',16,3,2),('H1',17,3,3),('H1',18,3,4),('H1',19,3,5),('H1',20,4,0),('H1',21,4,1),('H1',22,4,2),('H1',23,4,3),('H1',24,4,4),('H1',25,4,5),('H1',26,4,6),('H1',27,4,7),('H1',28,4,8),('H1',29,4,9),('H1',30,4,10),('H1',31,4,11),('H1',32,4,12),('H1',33,5,0),('H1',34,5,1),('H1',35,5,2),('H1',36,5,3),('H1',37,5,4),('H1',38,6,0),('H1',39,6,1),('H1',40,6,2),('H1',41,7,0),('H1',42,7,1),('H1',43,7,2),('H1',44,7,3),('H1',45,7,4),('H1',46,8,0),('H1',47,9,0),('H1',48,9,1),('H1',49,9,2),('H1',50,9,3),('H1',51,10,0),('H1',52,10,1),('H1',53,10,2),('H1',54,10,3),('H1',55,10,4),('H1',56,10,5),('H1',57,10,6),('H1',58,10,7),('H1',59,10,8),('H1',60,11,0),('H1',61,11,1),('H1',62,11,2),('H1',63,11,3),('H1',64,11,4),('H1',65,11,5),('H1',66,11,6),('H1',67,11,7),('H1',68,11,8),('H1',69,11,9),('H1',70,11,10),('H1',71,11,11),('H1',72,11,12),('H1',73,11,13),('H1',74,11,14),('H1',75,11,15),('H1',76,11,16),('H1',77,11,17),('H1',78,11,18),('H1',79,11,19),('H1',80,11,20),('H1',81,11,21),('H1',82,11,22),('H1',83,11,23),('H1',84,11,24),('H1',85,11,25),('H1',86,11,26),('H1',87,11,27),('H1',88,11,28),('H1',89,11,29),('H1',90,11,30),('H1',91,11,31),('H1',92,12,0),('H1',93,12,1),('H1',94,12,2),('H1',95,12,3),('H1',96,12,4),('H1',97,12,5),('H1',98,13,0),('H1',99,13,1),('H1',100,13,2),('H1',101,13,3),('H1',102,13,4),('H1',103,13,5),('H1',104,13,6),('H1',105,13,7),('H1',106,13,8),('H1',107,13,9),('H1',108,13,10),('H1',109,13,11),('H1',110,13,12),('H1',111,14,0),('H1',112,14,1),('H1',114,14,3),('H1',115,14,4),('H1',119,14,8),('H1',123,15,0),('H1',124,15,1),('H1',125,15,2),('H1',126,15,3),('H1',127,16,0),('H1',128,16,1),('H1',129,16,2),('H1',130,17,0),('H1',131,17,1),('H1',132,17,2),('H1',133,17,3),('H1',134,17,4),('H1',135,18,0),('H1',136,18,1),('H1',137,18,2),('H1',139,19,0),('H1',140,19,1),('H1',141,19,2),('H1',142,19,3),('H1',143,19,4),('H1',144,20,0),('H1',150,21,0),('H1',151,21,1),('H1',152,21,2),('H1',153,21,3),('H1',154,21,4),('H1',155,21,5),('H1',156,21,6),('H1',157,21,7),('H1',158,21,8),('H1',159,21,9),('H1',160,22,0),('H1',161,22,1),('H1',162,22,2),('H1',163,22,3),('H1',164,22,4),('H1',165,22,5),('H1',166,23,0),('H1',167,23,1),('H1',168,23,2),('H1',169,23,3),('H1',170,24,0),('H1',171,24,1),('H1',172,24,2),('H1',173,25,0),('H1',174,25,1),('H1',175,25,2),('H1',176,25,3),('H1',177,25,4),('H1',178,25,5),('H1',179,26,0),('H1',180,26,1),('H1',181,26,2),('H1',182,27,0),('H1',183,27,1),('H1',184,27,2),('H1',185,27,3),('H1',186,28,0),('H1',187,28,1),('H1',188,28,2),('H1',189,28,3),('H1',190,29,0),('H1',191,29,1),('H1',192,29,2),('H1',193,29,3),('H1',194,30,0),('H1',195,30,1),('H1',196,30,2),('H1',197,30,3),('H1',198,30,4),('H1',199,30,5),('H1',200,30,6),('H1',201,30,7),('H1',202,30,8),('H1',203,30,9),('H1',204,30,10),('H1',205,30,11),('H1',206,30,12),('H1',207,30,13),('H1',208,30,14),('H1',209,30,15),('H1',210,31,1),('H1',211,31,2),('H1',212,31,3),('H1',213,32,1),('H1',214,32,2),('H1',215,32,3),('H1',216,32,4),('H1',217,32,5),('H1',218,32,6),('H1',219,33,1),('H1',220,33,2),('H1',221,33,3),('H1',222,33,4),('H1',223,34,1),('H1',224,34,2),('H1',225,34,3),('H1',226,34,4),('H1',227,34,5),('H1',228,34,6),('H1',229,35,1),('H1',230,35,2),('H1',231,35,3),('H1',232,36,1),('H1',233,36,2),('H1',234,36,3),('H1',235,37,1),('H1',236,37,2),('H1',237,37,3),('H1',238,37,4),('H1',239,38,1),('H1',240,38,2),('H1',241,38,3),('H1',242,38,4),('H1',243,39,1),('H1',244,39,2),('H1',245,39,3),('H1',246,39,4),('H1',247,40,1),('H1',248,40,2),('H1',249,40,3),('H1',250,40,4),('H1',251,40,5),('H1',252,40,6),('H1',253,40,7),('H1',254,40,8),('H1',255,40,9),('H1',256,40,10),('H1',257,40,11),('H1',258,41,1),('H1',259,41,2),('H1',260,41,3),('H1',261,41,4),('H1',262,41,5),('H1',263,41,6),('H1',264,41,7),('H1',265,41,8),('H1',266,41,9),('H1',267,42,1),('H1',268,42,2),('H1',269,42,3),('H1',270,42,4),('H1',271,43,1),('H1',272,43,2),('H1',273,43,3),('H1',274,43,4),('H1',275,44,1),('H1',276,44,2),('H1',277,44,3),('H1',278,44,4),('H1',279,44,5),('H1',280,44,6),('H1',281,44,7),('H1',282,44,8),('H1',283,44,9),('H1',284,44,10),('H1',285,44,11),('H1',286,45,1),('H1',287,45,2),('H1',288,12,1),('H1',289,46,1),('H1',290,46,2),('H1',291,46,3),('H1',292,46,4),('H1',293,46,5),('H1',294,46,6),('H1',295,2,1),('H1',296,47,1),('H1',297,47,2),('H1',298,47,3),('H1',299,48,1),('H1',300,48,2),('H1',303,49,1),('H1',304,49,2),('H2',1,1,0),('H2',2,1,1),('H2',3,1,2),('H2',4,1,3),('H2',5,1,4),('H2',6,1,5),('H2',7,1,6),('H2',8,1,7),('H2',9,1,8),('H2',10,1,9),('H2',11,1,10),('H2',12,2,0),('H2',13,2,1),('H2',14,3,0),('H2',15,3,1),('H2',16,3,2),('H2',17,3,3),('H2',18,3,4),('H2',19,3,5),('H2',20,4,0),('H2',21,4,1),('H2',22,4,2),('H2',23,4,3),('H2',24,4,4),('H2',25,4,5),('H2',26,4,6),('H2',27,4,7),('H2',28,4,8),('H2',29,4,9),('H2',30,4,10),('H2',31,4,11),('H2',32,4,12),('H2',33,5,0),('H2',34,5,1),('H2',35,5,2),('H2',36,5,3),('H2',37,5,4),('H2',38,6,0),('H2',39,6,1),('H2',40,6,2),('H2',41,7,0),('H2',42,7,1),('H2',43,7,2),('H2',44,7,3),('H2',45,7,4),('H2',46,8,0),('H2',47,9,0),('H2',48,9,1),('H2',49,9,2),('H2',50,9,3),('H2',51,10,0),('H2',52,10,1),('H2',53,10,2),('H2',54,10,3),('H2',55,10,4),('H2',56,10,5),('H2',57,10,6),('H2',58,10,7),('H2',59,10,8),('H2',60,11,0),('H2',61,11,1),('H2',62,11,2),('H2',63,11,3),('H2',64,11,4),('H2',65,11,5),('H2',66,11,6),('H2',67,11,7),('H2',68,11,8),('H2',69,11,9),('H2',70,11,10),('H2',71,11,11),('H2',72,11,12),('H2',73,11,13),('H2',74,11,14),('H2',75,11,15),('H2',76,11,16),('H2',77,11,17),('H2',78,11,18),('H2',79,11,19),('H2',80,11,20),('H2',81,11,21),('H2',82,11,22),('H2',83,11,23),('H2',84,11,24),('H2',85,11,25),('H2',86,11,26),('H2',87,11,27),('H2',88,11,28),('H2',89,11,29),('H2',90,11,30),('H2',91,11,31),('H2',92,12,0),('H2',93,12,1),('H2',94,12,2),('H2',95,12,3),('H2',96,12,4),('H2',97,12,5),('H2',98,13,0),('H2',99,13,1),('H2',100,13,2),('H2',101,13,3),('H2',102,13,4),('H2',103,13,5),('H2',104,13,6),('H2',105,13,7),('H2',106,13,8),('H2',107,13,9),('H2',108,13,10),('H2',109,13,11),('H2',110,13,12),('H2',111,14,0),('H2',112,14,1),('H2',114,14,3),('H2',115,14,4),('H2',119,14,8),('H2',123,15,0),('H2',124,15,1),('H2',125,15,2),('H2',126,15,3),('H2',127,16,0),('H2',128,16,1),('H2',129,16,2),('H2',130,17,0),('H2',131,17,1),('H2',132,17,2),('H2',133,17,3),('H2',134,17,4),('H2',135,18,0),('H2',136,18,1),('H2',137,18,2),('H2',139,19,0),('H2',140,19,1),('H2',141,19,2),('H2',142,19,3),('H2',143,19,4),('H2',144,20,0),('H2',150,21,0),('H2',151,21,1),('H2',152,21,2),('H2',153,21,3),('H2',154,21,4),('H2',155,21,5),('H2',156,21,6),('H2',157,21,7),('H2',158,21,8),('H2',159,21,9),('H2',160,22,0),('H2',161,22,1),('H2',162,22,2),('H2',163,22,3),('H2',164,22,4),('H2',165,22,5),('H2',166,23,0),('H2',167,23,1),('H2',168,23,2),('H2',169,23,3),('H2',170,24,0),('H2',171,24,1),('H2',172,24,2),('H2',173,25,0),('H2',174,25,1),('H2',175,25,2),('H2',176,25,3),('H2',177,25,4),('H2',178,25,5),('H2',179,26,0),('H2',180,26,1),('H2',181,26,2),('H2',182,27,0),('H2',183,27,1),('H2',184,27,2),('H2',185,27,3),('H2',186,28,0),('H2',187,28,1),('H2',188,28,2),('H2',189,28,3),('H2',190,29,0),('H2',191,29,1),('H2',192,29,2),('H2',193,29,3),('H2',194,30,0),('H2',195,30,1),('H2',196,30,2),('H2',197,30,3),('H2',198,30,4),('H2',199,30,5),('H2',200,30,6),('H2',201,30,7),('H2',202,30,8),('H2',203,30,9),('H2',204,30,10),('H2',205,30,11),('H2',206,30,12),('H2',207,30,13),('H2',208,30,14),('H2',209,30,15),('H2',210,31,1),('H2',211,31,2),('H2',212,31,3),('H2',213,32,1),('H2',214,32,2),('H2',215,32,3),('H2',216,32,4),('H2',217,32,5),('H2',218,32,6),('H2',219,33,1),('H2',220,33,2),('H2',221,33,3),('H2',222,33,4),('H2',223,34,1),('H2',224,34,2),('H2',225,34,3),('H2',226,34,4),('H2',227,34,5),('H2',228,34,6),('H2',229,35,1),('H2',230,35,2),('H2',231,35,3),('H2',232,36,1),('H2',233,36,2),('H2',234,36,3),('H2',235,37,1),('H2',236,37,2),('H2',237,37,3),('H2',238,37,4),('H2',239,38,1),('H2',240,38,2),('H2',241,38,3),('H2',242,38,4),('H2',243,39,1),('H2',244,39,2),('H2',245,39,3),('H2',246,39,4),('H2',247,40,1),('H2',248,40,2),('H2',249,40,3),('H2',250,40,4),('H2',251,40,5),('H2',252,40,6),('H2',253,40,7),('H2',254,40,8),('H2',255,40,9),('H2',256,40,10),('H2',257,40,11),('H2',258,41,1),('H2',259,41,2),('H2',260,41,3),('H2',261,41,4),('H2',262,41,5),('H2',263,41,6),('H2',264,41,7),('H2',265,41,8),('H2',266,41,9),('H2',267,42,1),('H2',268,42,2),('H2',269,42,3),('H2',270,42,4),('H2',271,43,1),('H2',272,43,2),('H2',273,43,3),('H2',274,43,4),('H2',275,44,1),('H2',276,44,2),('H2',277,44,3),('H2',278,44,4),('H2',279,44,5),('H2',280,44,6),('H2',281,44,7),('H2',282,44,8),('H2',283,44,9),('H2',284,44,10),('H2',285,44,11),('H2',286,45,1),('H2',287,45,2),('H2',288,12,1),('H2',289,46,1),('H2',290,46,2),('H2',291,46,3),('H2',292,46,4),('H2',293,46,5),('H2',294,46,6),('H2',295,2,1),('H2',296,47,1),('H2',297,47,2),('H2',298,47,3),('H2',299,48,1),('H2',300,48,2),('H2',303,49,1),('H2',304,49,2),('H2',305,20,6),('H2',306,20,7),('H2',307,14,9),('H2',308,13,13),('H2',309,13,14),('H3',1,1,0),('H3',2,1,1),('H3',3,1,2),('H3',4,1,3),('H3',5,1,4),('H3',6,1,5),('H3',7,1,6),('H3',8,1,7),('H3',9,1,8),('H3',10,1,9),('H3',11,1,10),('H3',12,2,0),('H3',13,2,1),('H3',14,3,0),('H3',15,3,1),('H3',16,3,2),('H3',17,3,3),('H3',18,3,4),('H3',19,3,5),('H3',20,4,0),('H3',21,4,1),('H3',22,4,2),('H3',23,4,3),('H3',24,4,4),('H3',25,4,5),('H3',26,4,6),('H3',27,4,7),('H3',28,4,8),('H3',29,4,9),('H3',30,4,10),('H3',31,4,11),('H3',32,4,12),('H3',33,5,0),('H3',34,5,1),('H3',35,5,2),('H3',36,5,3),('H3',37,5,4),('H3',38,6,0),('H3',39,6,1),('H3',40,6,2),('H3',41,7,0),('H3',42,7,1),('H3',43,7,2),('H3',44,7,3),('H3',45,7,4),('H3',46,8,0),('H3',47,9,0),('H3',48,9,1),('H3',49,9,2),('H3',50,9,3),('H3',51,10,0),('H3',52,10,1),('H3',53,10,2),('H3',54,10,3),('H3',55,10,4),('H3',56,10,5),('H3',57,10,6),('H3',58,10,7),('H3',59,10,8),('H3',60,11,0),('H3',61,11,1),('H3',62,11,2),('H3',63,11,3),('H3',64,11,4),('H3',65,11,5),('H3',66,11,6),('H3',67,11,7),('H3',68,11,8),('H3',69,11,9),('H3',70,11,10),('H3',71,11,11),('H3',72,11,12),('H3',73,11,13),('H3',74,11,14),('H3',75,11,15),('H3',76,11,16),('H3',77,11,17),('H3',78,11,18),('H3',79,11,19),('H3',80,11,20),('H3',81,11,21),('H3',82,11,22),('H3',83,11,23),('H3',84,11,24),('H3',85,11,25),('H3',86,11,26),('H3',87,11,27),('H3',88,11,28),('H3',89,11,29),('H3',90,11,30),('H3',91,11,31),('H3',92,12,0),('H3',93,12,1),('H3',94,12,2),('H3',95,12,3),('H3',96,12,4),('H3',97,12,5),('H3',98,13,0),('H3',99,13,1),('H3',100,13,2),('H3',101,13,3),('H3',102,13,4),('H3',103,13,5),('H3',104,13,6),('H3',105,13,7),('H3',106,13,8),('H3',107,13,9),('H3',108,13,10),('H3',109,13,11),('H3',110,13,12),('H3',111,14,0),('H3',112,14,1),('H3',114,14,3),('H3',115,14,4),('H3',119,14,8),('H3',123,15,0),('H3',124,15,1),('H3',125,15,2),('H3',126,15,3),('H3',127,16,0),('H3',128,16,1),('H3',129,16,2),('H3',130,17,0),('H3',131,17,1),('H3',132,17,2),('H3',133,17,3),('H3',134,17,4),('H3',135,18,0),('H3',136,18,1),('H3',137,18,2),('H3',139,19,0),('H3',140,19,1),('H3',141,19,2),('H3',142,19,3),('H3',143,19,4),('H3',144,20,0),('H3',150,21,0),('H3',151,21,1),('H3',152,21,2),('H3',153,21,3),('H3',154,21,4),('H3',155,21,5),('H3',156,21,6),('H3',157,21,7),('H3',158,21,8),('H3',159,21,9),('H3',160,22,0),('H3',161,22,1),('H3',162,22,2),('H3',163,22,3),('H3',164,22,4),('H3',165,22,5),('H3',166,23,0),('H3',167,23,1),('H3',168,23,2),('H3',169,23,3),('H3',170,24,0),('H3',171,24,1),('H3',172,24,2),('H3',173,25,0),('H3',174,25,1),('H3',175,25,2),('H3',176,25,3),('H3',177,25,4),('H3',178,25,5),('H3',179,26,0),('H3',180,26,1),('H3',181,26,2),('H3',182,27,0),('H3',183,27,1),('H3',184,27,2),('H3',185,27,3),('H3',186,28,0),('H3',187,28,1),('H3',188,28,2),('H3',189,28,3),('H3',190,29,0),('H3',191,29,1),('H3',192,29,2),('H3',193,29,3),('H3',194,30,0),('H3',195,30,1),('H3',196,30,2),('H3',197,30,3),('H3',198,30,4),('H3',199,30,5),('H3',200,30,6),('H3',201,30,7),('H3',202,30,8),('H3',203,30,9),('H3',204,30,10),('H3',205,30,11),('H3',206,30,12),('H3',207,30,13),('H3',208,30,14),('H3',209,30,15),('H3',210,31,1),('H3',211,31,2),('H3',212,31,3),('H3',213,32,1),('H3',214,32,2),('H3',215,32,3),('H3',216,32,4),('H3',217,32,5),('H3',218,32,6),('H3',219,33,1),('H3',220,33,2),('H3',221,33,3),('H3',222,33,4),('H3',223,34,1),('H3',224,34,2),('H3',225,34,3),('H3',226,34,4),('H3',227,34,5),('H3',228,34,6),('H3',229,35,1),('H3',230,35,2),('H3',231,35,3),('H3',232,36,1),('H3',233,36,2),('H3',234,36,3),('H3',235,37,1),('H3',236,37,2),('H3',237,37,3),('H3',238,37,4),('H3',239,38,1),('H3',240,38,2),('H3',241,38,3),('H3',242,38,4),('H3',243,39,1),('H3',244,39,2),('H3',245,39,3),('H3',246,39,4),('H3',247,40,1),('H3',248,40,2),('H3',249,40,3),('H3',250,40,4),('H3',251,40,5),('H3',252,40,6),('H3',253,40,7),('H3',254,40,8),('H3',255,40,9),('H3',256,40,10),('H3',257,40,11),('H3',258,41,1),('H3',259,41,2),('H3',260,41,3),('H3',261,41,4),('H3',262,41,5),('H3',263,41,6),('H3',264,41,7),('H3',265,41,8),('H3',266,41,9),('H3',267,42,1),('H3',268,42,2),('H3',269,42,3),('H3',270,42,4),('H3',271,43,1),('H3',272,43,2),('H3',273,43,3),('H3',274,43,4),('H3',275,44,1),('H3',276,44,2),('H3',277,44,3),('H3',278,44,4),('H3',279,44,5),('H3',280,44,6),('H3',281,44,7),('H3',282,44,8),('H3',283,44,9),('H3',284,44,10),('H3',285,44,11),('H3',286,45,1),('H3',287,45,2),('H3',288,12,1),('H3',289,46,1),('H3',290,46,2),('H3',291,46,3),('H3',292,46,4),('H3',293,46,5),('H3',294,46,6),('H3',295,2,1),('H3',296,47,1),('H3',297,47,2),('H3',298,47,3),('H3',299,48,1),('H3',300,48,2),('H3',303,49,1),('H3',304,49,2),('H3',305,20,6),('H3',306,20,7),('H3',307,14,9),('H3',308,13,13),('H3',309,13,14),('H4',1,1,0),('H4',2,1,1),('H4',3,1,2),('H4',4,1,3),('H4',5,1,4),('H4',6,1,5),('H4',7,1,6),('H4',8,1,7),('H4',9,1,8),('H4',10,1,9),('H4',11,1,10),('H4',12,2,0),('H4',13,2,1),('H4',14,3,0),('H4',15,3,1),('H4',16,3,2),('H4',17,3,3),('H4',18,3,4),('H4',19,3,5),('H4',20,4,0),('H4',21,4,1),('H4',22,4,2),('H4',23,4,3),('H4',24,4,4),('H4',25,4,5),('H4',26,4,6),('H4',27,4,7),('H4',28,4,8),('H4',29,4,9),('H4',30,4,10),('H4',31,4,11),('H4',32,4,12),('H4',33,5,0),('H4',34,5,1),('H4',35,5,2),('H4',36,5,3),('H4',37,5,4),('H4',38,6,0),('H4',39,6,1),('H4',40,6,2),('H4',41,7,0),('H4',42,7,1),('H4',43,7,2),('H4',44,7,3),('H4',45,7,4),('H4',46,8,0),('H4',47,9,0),('H4',48,9,1),('H4',49,9,2),('H4',50,9,3),('H4',51,10,0),('H4',52,10,1),('H4',53,10,2),('H4',54,10,3),('H4',55,10,4),('H4',56,10,5),('H4',57,10,6),('H4',58,10,7),('H4',59,10,8),('H4',60,11,0),('H4',61,11,1),('H4',62,11,2),('H4',63,11,3),('H4',64,11,4),('H4',65,11,5),('H4',66,11,6),('H4',67,11,7),('H4',68,11,8),('H4',69,11,9),('H4',70,11,10),('H4',71,11,11),('H4',72,11,12),('H4',73,11,13),('H4',74,11,14),('H4',75,11,15),('H4',76,11,16),('H4',77,11,17),('H4',78,11,18),('H4',79,11,19),('H4',80,11,20),('H4',81,11,21),('H4',82,11,22),('H4',83,11,23),('H4',84,11,24),('H4',85,11,25),('H4',86,11,26),('H4',87,11,27),('H4',88,11,28),('H4',89,11,29),('H4',90,11,30),('H4',91,11,31),('H4',92,12,0),('H4',93,12,1),('H4',94,12,2),('H4',95,12,3),('H4',96,12,4),('H4',97,12,5),('H4',98,13,0),('H4',99,13,1),('H4',100,13,2),('H4',101,13,3),('H4',102,13,4),('H4',103,13,5),('H4',104,13,6),('H4',105,13,7),('H4',106,13,8),('H4',107,13,9),('H4',108,13,10),('H4',109,13,11),('H4',110,13,12),('H4',111,14,0),('H4',112,14,1),('H4',114,14,3),('H4',115,14,4),('H4',119,14,8),('H4',123,15,0),('H4',124,15,1),('H4',125,15,2),('H4',126,15,3),('H4',127,16,0),('H4',128,16,1),('H4',129,16,2),('H4',130,17,0),('H4',131,17,1),('H4',132,17,2),('H4',133,17,3),('H4',134,17,4),('H4',135,18,0),('H4',136,18,1),('H4',137,18,2),('H4',139,19,0),('H4',140,19,1),('H4',141,19,2),('H4',142,19,3),('H4',143,19,4),('H4',144,20,0),('H4',150,21,0),('H4',151,21,1),('H4',152,21,2),('H4',153,21,3),('H4',154,21,4),('H4',155,21,5),('H4',156,21,6),('H4',157,21,7),('H4',158,21,8),('H4',159,21,9),('H4',160,22,0),('H4',161,22,1),('H4',162,22,2),('H4',163,22,3),('H4',164,22,4),('H4',165,22,5),('H4',166,23,0),('H4',167,23,1),('H4',168,23,2),('H4',169,23,3),('H4',170,24,0),('H4',171,24,1),('H4',172,24,2),('H4',173,25,0),('H4',174,25,1),('H4',175,25,2),('H4',176,25,3),('H4',177,25,4),('H4',178,25,5),('H4',179,26,0),('H4',180,26,1),('H4',181,26,2),('H4',182,27,0),('H4',183,27,1),('H4',184,27,2),('H4',185,27,3),('H4',186,28,0),('H4',187,28,1),('H4',188,28,2),('H4',189,28,3),('H4',190,29,0),('H4',191,29,1),('H4',192,29,2),('H4',193,29,3),('H4',194,30,0),('H4',195,30,1),('H4',196,30,2),('H4',197,30,3),('H4',198,30,4),('H4',199,30,5),('H4',200,30,6),('H4',201,30,7),('H4',202,30,8),('H4',203,30,9),('H4',204,30,10),('H4',205,30,11),('H4',206,30,12),('H4',207,30,13),('H4',208,30,14),('H4',209,30,15),('H4',210,31,1),('H4',211,31,2),('H4',212,31,3),('H4',213,32,1),('H4',214,32,2),('H4',215,32,3),('H4',216,32,4),('H4',217,32,5),('H4',218,32,6),('H4',219,33,1),('H4',220,33,2),('H4',221,33,3),('H4',222,33,4),('H4',223,34,1),('H4',224,34,2),('H4',225,34,3),('H4',226,34,4),('H4',227,34,5),('H4',228,34,6),('H4',229,35,1),('H4',230,35,2),('H4',231,35,3),('H4',232,36,1),('H4',233,36,2),('H4',234,36,3),('H4',235,37,1),('H4',236,37,2),('H4',237,37,3),('H4',238,37,4),('H4',239,38,1),('H4',240,38,2),('H4',241,38,3),('H4',242,38,4),('H4',243,39,1),('H4',244,39,2),('H4',245,39,3),('H4',246,39,4),('H4',247,40,1),('H4',248,40,2),('H4',249,40,3),('H4',250,40,4),('H4',251,40,5),('H4',252,40,6),('H4',253,40,7),('H4',254,40,8),('H4',255,40,9),('H4',256,40,10),('H4',257,40,11),('H4',258,41,1),('H4',259,41,2),('H4',260,41,3),('H4',261,41,4),('H4',262,41,5),('H4',263,41,6),('H4',264,41,7),('H4',265,41,8),('H4',266,41,9),('H4',267,42,1),('H4',268,42,2),('H4',269,42,3),('H4',270,42,4),('H4',271,43,1),('H4',272,43,2),('H4',273,43,3),('H4',274,43,4),('H4',275,44,1),('H4',276,44,2),('H4',277,44,3),('H4',278,44,4),('H4',279,44,5),('H4',280,44,6),('H4',281,44,7),('H4',282,44,8),('H4',283,44,9),('H4',284,44,10),('H4',285,44,11),('H4',286,45,1),('H4',287,45,2),('H4',288,12,1),('H4',289,46,1),('H4',290,46,2),('H4',291,46,3),('H4',292,46,4),('H4',293,46,5),('H4',294,46,6),('H4',295,2,1),('H4',296,47,1),('H4',297,47,2),('H4',298,47,3),('H4',299,48,1),('H4',300,48,2),('H4',303,49,1),('H4',304,49,2),('H4',305,20,6),('H4',306,20,7),('H4',307,14,9),('H4',308,13,13),('H4',309,13,14),('H5',1,1,0),('H5',2,1,1),('H5',3,1,2),('H5',4,1,3),('H5',5,1,4),('H5',6,1,5),('H5',7,1,6),('H5',8,1,7),('H5',9,1,8),('H5',10,1,9),('H5',11,1,10),('H5',12,2,0),('H5',13,2,1),('H5',14,3,0),('H5',15,3,1),('H5',16,3,2),('H5',17,3,3),('H5',18,3,4),('H5',19,3,5),('H5',20,4,0),('H5',21,4,1),('H5',22,4,2),('H5',23,4,3),('H5',24,4,4),('H5',25,4,5),('H5',26,4,6),('H5',27,4,7),('H5',28,4,8),('H5',29,4,9),('H5',30,4,10),('H5',31,4,11),('H5',32,4,12),('H5',33,5,0),('H5',34,5,1),('H5',35,5,2),('H5',36,5,3),('H5',37,5,4),('H5',38,6,0),('H5',39,6,1),('H5',40,6,2),('H5',41,7,0),('H5',42,7,1),('H5',43,7,2),('H5',44,7,3),('H5',45,7,4),('H5',46,8,0),('H5',47,9,0),('H5',48,9,1),('H5',49,9,2),('H5',50,9,3),('H5',51,10,0),('H5',52,10,1),('H5',53,10,2),('H5',54,10,3),('H5',55,10,4),('H5',56,10,5),('H5',57,10,6),('H5',58,10,7),('H5',59,10,8),('H5',60,11,0),('H5',61,11,1),('H5',62,11,2),('H5',63,11,3),('H5',64,11,4),('H5',65,11,5),('H5',66,11,6),('H5',67,11,7),('H5',68,11,8),('H5',69,11,9),('H5',70,11,10),('H5',71,11,11),('H5',72,11,12),('H5',73,11,13),('H5',74,11,14),('H5',75,11,15),('H5',76,11,16),('H5',77,11,17),('H5',78,11,18),('H5',79,11,19),('H5',80,11,20),('H5',81,11,21),('H5',82,11,22),('H5',83,11,23),('H5',84,11,24),('H5',85,11,25),('H5',86,11,26),('H5',87,11,27),('H5',88,11,28),('H5',89,11,29),('H5',90,11,30),('H5',91,11,31),('H5',92,12,0),('H5',93,12,1),('H5',94,12,2),('H5',95,12,3),('H5',96,12,4),('H5',97,12,5),('H5',98,13,0),('H5',99,13,1),('H5',100,13,2),('H5',101,13,3),('H5',102,13,4),('H5',103,13,5),('H5',104,13,6),('H5',105,13,7),('H5',106,13,8),('H5',107,13,9),('H5',108,13,10),('H5',109,13,11),('H5',110,13,12),('H5',111,14,0),('H5',112,14,1),('H5',114,14,3),('H5',115,14,4),('H5',119,14,8),('H5',123,15,0),('H5',124,15,1),('H5',125,15,2),('H5',126,15,3),('H5',127,16,0),('H5',128,16,1),('H5',129,16,2),('H5',130,17,0),('H5',131,17,1),('H5',132,17,2),('H5',133,17,3),('H5',134,17,4),('H5',135,18,0),('H5',136,18,1),('H5',137,18,2),('H5',139,19,0),('H5',140,19,1),('H5',141,19,2),('H5',142,19,3),('H5',143,19,4),('H5',144,20,0),('H5',150,21,0),('H5',151,21,1),('H5',152,21,2),('H5',153,21,3),('H5',154,21,4),('H5',155,21,5),('H5',156,21,6),('H5',157,21,7),('H5',158,21,8),('H5',159,21,9),('H5',160,22,0),('H5',161,22,1),('H5',162,22,2),('H5',163,22,3),('H5',164,22,4),('H5',165,22,5),('H5',166,23,0),('H5',167,23,1),('H5',168,23,2),('H5',169,23,3),('H5',170,24,0),('H5',171,24,1),('H5',172,24,2),('H5',173,25,0),('H5',174,25,1),('H5',175,25,2),('H5',176,25,3),('H5',177,25,4),('H5',178,25,5),('H5',179,26,0),('H5',180,26,1),('H5',181,26,2),('H5',182,27,0),('H5',183,27,1),('H5',184,27,2),('H5',185,27,3),('H5',186,28,0),('H5',187,28,1),('H5',188,28,2),('H5',189,28,3),('H5',190,29,0),('H5',191,29,1),('H5',192,29,2),('H5',193,29,3),('H5',194,30,0),('H5',195,30,1),('H5',196,30,2),('H5',197,30,3),('H5',198,30,4),('H5',199,30,5),('H5',200,30,6),('H5',201,30,7),('H5',202,30,8),('H5',203,30,9),('H5',204,30,10),('H5',205,30,11),('H5',206,30,12),('H5',207,30,13),('H5',208,30,14),('H5',209,30,15),('H5',210,31,1),('H5',211,31,2),('H5',212,31,3),('H5',213,32,1),('H5',214,32,2),('H5',215,32,3),('H5',216,32,4),('H5',217,32,5),('H5',218,32,6),('H5',219,33,1),('H5',220,33,2),('H5',221,33,3),('H5',222,33,4),('H5',223,34,1),('H5',224,34,2),('H5',225,34,3),('H5',226,34,4),('H5',227,34,5),('H5',228,34,6),('H5',229,35,1),('H5',230,35,2),('H5',231,35,3),('H5',232,36,1),('H5',233,36,2),('H5',234,36,3),('H5',235,37,1),('H5',236,37,2),('H5',237,37,3),('H5',238,37,4),('H5',239,38,1),('H5',240,38,2),('H5',241,38,3),('H5',242,38,4),('H5',243,39,1),('H5',244,39,2),('H5',245,39,3),('H5',246,39,4),('H5',247,40,1),('H5',248,40,2),('H5',249,40,3),('H5',250,40,4),('H5',251,40,5),('H5',252,40,6),('H5',253,40,7),('H5',254,40,8),('H5',255,40,9),('H5',256,40,10),('H5',257,40,11),('H5',258,41,1),('H5',259,41,2),('H5',260,41,3),('H5',261,41,4),('H5',262,41,5),('H5',263,41,6),('H5',264,41,7),('H5',265,41,8),('H5',266,41,9),('H5',267,42,1),('H5',268,42,2),('H5',269,42,3),('H5',270,42,4),('H5',271,43,1),('H5',272,43,2),('H5',273,43,3),('H5',274,43,4),('H5',275,44,1),('H5',276,44,2),('H5',277,44,3),('H5',278,44,4),('H5',279,44,5),('H5',280,44,6),('H5',281,44,7),('H5',282,44,8),('H5',283,44,9),('H5',284,44,10),('H5',285,44,11),('H5',286,45,1),('H5',287,45,2),('H5',288,12,1),('H5',289,46,1),('H5',290,46,2),('H5',291,46,3),('H5',292,46,4),('H5',293,46,5),('H5',294,46,6),('H5',295,2,1),('H5',296,47,1),('H5',297,47,2),('H5',298,47,3),('H5',299,48,1),('H5',300,48,2),('H5',303,49,1),('H5',304,49,2),('H5',305,20,6),('H5',306,20,7),('H5',307,14,9),('H5',308,13,13),('H5',309,13,14);
/*!40000 ALTER TABLE `vtiger_role2picklist` ENABLE KEYS */;
UNLOCK TABLES;

--
-- Table structure for table `vtiger_role2profile`
--

DROP TABLE IF EXISTS `vtiger_role2profile`;
/*!40101 SET @saved_cs_client     = @@character_set_client */;
/*!40101 SET character_set_client = utf8 */;
CREATE TABLE `vtiger_role2profile` (
  `roleid` varchar(255) NOT NULL,
  `profileid` int(11) NOT NULL,
  PRIMARY KEY (`roleid`,`profileid`),
  KEY `role2profile_roleid_profileid_idx` (`roleid`,`profileid`)
) ENGINE=InnoDB DEFAULT CHARSET=utf8;
/*!40101 SET character_set_client = @saved_cs_client */;

--
-- Dumping data for table `vtiger_role2profile`
--

LOCK TABLES `vtiger_role2profile` WRITE;
/*!40000 ALTER TABLE `vtiger_role2profile` DISABLE KEYS */;
INSERT INTO `vtiger_role2profile` VALUES ('H2',1),('H3',2),('H4',2),('H5',2);
/*!40000 ALTER TABLE `vtiger_role2profile` ENABLE KEYS */;
UNLOCK TABLES;

--
-- Table structure for table `vtiger_role_seq`
--

DROP TABLE IF EXISTS `vtiger_role_seq`;
/*!40101 SET @saved_cs_client     = @@character_set_client */;
/*!40101 SET character_set_client = utf8 */;
CREATE TABLE `vtiger_role_seq` (
  `id` int(11) NOT NULL
) ENGINE=InnoDB DEFAULT CHARSET=utf8;
/*!40101 SET character_set_client = @saved_cs_client */;

--
-- Dumping data for table `vtiger_role_seq`
--

LOCK TABLES `vtiger_role_seq` WRITE;
/*!40000 ALTER TABLE `vtiger_role_seq` DISABLE KEYS */;
INSERT INTO `vtiger_role_seq` VALUES (5);
/*!40000 ALTER TABLE `vtiger_role_seq` ENABLE KEYS */;
UNLOCK TABLES;

--
-- Table structure for table `vtiger_rollupcomments_settings`
--

DROP TABLE IF EXISTS `vtiger_rollupcomments_settings`;
/*!40101 SET @saved_cs_client     = @@character_set_client */;
/*!40101 SET character_set_client = utf8 */;
CREATE TABLE `vtiger_rollupcomments_settings` (
  `rollupid` int(19) NOT NULL AUTO_INCREMENT,
  `userid` int(19) NOT NULL,
  `tabid` int(19) NOT NULL,
  `rollup_status` int(2) NOT NULL DEFAULT '0',
  PRIMARY KEY (`rollupid`)
) ENGINE=InnoDB DEFAULT CHARSET=utf8;
/*!40101 SET character_set_client = @saved_cs_client */;

--
-- Dumping data for table `vtiger_rollupcomments_settings`
--

LOCK TABLES `vtiger_rollupcomments_settings` WRITE;
/*!40000 ALTER TABLE `vtiger_rollupcomments_settings` DISABLE KEYS */;
/*!40000 ALTER TABLE `vtiger_rollupcomments_settings` ENABLE KEYS */;
UNLOCK TABLES;

--
-- Table structure for table `vtiger_rowheight`
--

DROP TABLE IF EXISTS `vtiger_rowheight`;
/*!40101 SET @saved_cs_client     = @@character_set_client */;
/*!40101 SET character_set_client = utf8 */;
CREATE TABLE `vtiger_rowheight` (
  `rowheightid` int(11) NOT NULL AUTO_INCREMENT,
  `rowheight` varchar(200) NOT NULL,
  `sortorderid` int(11) DEFAULT NULL,
  `presence` int(11) NOT NULL DEFAULT '1',
  PRIMARY KEY (`rowheightid`)
) ENGINE=InnoDB AUTO_INCREMENT=4 DEFAULT CHARSET=utf8;
/*!40101 SET character_set_client = @saved_cs_client */;

--
-- Dumping data for table `vtiger_rowheight`
--

LOCK TABLES `vtiger_rowheight` WRITE;
/*!40000 ALTER TABLE `vtiger_rowheight` DISABLE KEYS */;
INSERT INTO `vtiger_rowheight` VALUES (1,'wide',0,1),(2,'medium',1,1),(3,'narrow',2,1);
/*!40000 ALTER TABLE `vtiger_rowheight` ENABLE KEYS */;
UNLOCK TABLES;

--
-- Table structure for table `vtiger_rowheight_seq`
--

DROP TABLE IF EXISTS `vtiger_rowheight_seq`;
/*!40101 SET @saved_cs_client     = @@character_set_client */;
/*!40101 SET character_set_client = utf8 */;
CREATE TABLE `vtiger_rowheight_seq` (
  `id` int(11) NOT NULL
) ENGINE=InnoDB DEFAULT CHARSET=utf8;
/*!40101 SET character_set_client = @saved_cs_client */;

--
-- Dumping data for table `vtiger_rowheight_seq`
--

LOCK TABLES `vtiger_rowheight_seq` WRITE;
/*!40000 ALTER TABLE `vtiger_rowheight_seq` DISABLE KEYS */;
INSERT INTO `vtiger_rowheight_seq` VALUES (3);
/*!40000 ALTER TABLE `vtiger_rowheight_seq` ENABLE KEYS */;
UNLOCK TABLES;

--
-- Table structure for table `vtiger_rss`
--

DROP TABLE IF EXISTS `vtiger_rss`;
/*!40101 SET @saved_cs_client     = @@character_set_client */;
/*!40101 SET character_set_client = utf8 */;
CREATE TABLE `vtiger_rss` (
  `rssid` int(19) NOT NULL,
  `rssurl` varchar(200) NOT NULL DEFAULT '',
  `rsstitle` varchar(200) DEFAULT NULL,
  `rsstype` int(10) DEFAULT '0',
  `starred` int(1) DEFAULT '0',
  PRIMARY KEY (`rssid`)
) ENGINE=InnoDB DEFAULT CHARSET=utf8;
/*!40101 SET character_set_client = @saved_cs_client */;

--
-- Dumping data for table `vtiger_rss`
--

LOCK TABLES `vtiger_rss` WRITE;
/*!40000 ALTER TABLE `vtiger_rss` DISABLE KEYS */;
/*!40000 ALTER TABLE `vtiger_rss` ENABLE KEYS */;
UNLOCK TABLES;

--
-- Table structure for table `vtiger_sales_stage`
--

DROP TABLE IF EXISTS `vtiger_sales_stage`;
/*!40101 SET @saved_cs_client     = @@character_set_client */;
/*!40101 SET character_set_client = utf8 */;
CREATE TABLE `vtiger_sales_stage` (
  `sales_stage_id` int(19) NOT NULL AUTO_INCREMENT,
  `sales_stage` varchar(200) DEFAULT NULL,
  `presence` int(1) NOT NULL DEFAULT '1',
  `picklist_valueid` int(19) NOT NULL DEFAULT '0',
  `sortorderid` int(11) DEFAULT NULL,
  `color` varchar(10) DEFAULT NULL,
  PRIMARY KEY (`sales_stage_id`)
) ENGINE=InnoDB AUTO_INCREMENT=11 DEFAULT CHARSET=utf8;
/*!40101 SET character_set_client = @saved_cs_client */;

--
-- Dumping data for table `vtiger_sales_stage`
--

LOCK TABLES `vtiger_sales_stage` WRITE;
/*!40000 ALTER TABLE `vtiger_sales_stage` DISABLE KEYS */;
INSERT INTO `vtiger_sales_stage` VALUES (1,'Prospecting',1,150,0,NULL),(2,'Qualification',1,151,1,NULL),(3,'Needs Analysis',1,152,2,NULL),(4,'Value Proposition',1,153,3,NULL),(5,'Id. Decision Makers',1,154,4,NULL),(6,'Perception Analysis',1,155,5,NULL),(7,'Proposal or Price Quote',1,156,6,NULL),(8,'Negotiation or Review',1,157,7,NULL),(9,'Closed Won',0,158,8,NULL),(10,'Closed Lost',0,159,9,NULL);
/*!40000 ALTER TABLE `vtiger_sales_stage` ENABLE KEYS */;
UNLOCK TABLES;

--
-- Table structure for table `vtiger_sales_stage_seq`
--

DROP TABLE IF EXISTS `vtiger_sales_stage_seq`;
/*!40101 SET @saved_cs_client     = @@character_set_client */;
/*!40101 SET character_set_client = utf8 */;
CREATE TABLE `vtiger_sales_stage_seq` (
  `id` int(11) NOT NULL
) ENGINE=InnoDB DEFAULT CHARSET=utf8;
/*!40101 SET character_set_client = @saved_cs_client */;

--
-- Dumping data for table `vtiger_sales_stage_seq`
--

LOCK TABLES `vtiger_sales_stage_seq` WRITE;
/*!40000 ALTER TABLE `vtiger_sales_stage_seq` DISABLE KEYS */;
INSERT INTO `vtiger_sales_stage_seq` VALUES (10);
/*!40000 ALTER TABLE `vtiger_sales_stage_seq` ENABLE KEYS */;
UNLOCK TABLES;

--
-- Table structure for table `vtiger_salesmanactivityrel`
--

DROP TABLE IF EXISTS `vtiger_salesmanactivityrel`;
/*!40101 SET @saved_cs_client     = @@character_set_client */;
/*!40101 SET character_set_client = utf8 */;
CREATE TABLE `vtiger_salesmanactivityrel` (
  `smid` int(19) NOT NULL DEFAULT '0',
  `activityid` int(19) NOT NULL DEFAULT '0',
  PRIMARY KEY (`smid`,`activityid`),
  KEY `salesmanactivityrel_activityid_idx` (`activityid`),
  KEY `salesmanactivityrel_smid_idx` (`smid`),
  CONSTRAINT `fk_2_vtiger_salesmanactivityrel` FOREIGN KEY (`smid`) REFERENCES `vtiger_users` (`id`) ON DELETE CASCADE
) ENGINE=InnoDB DEFAULT CHARSET=utf8;
/*!40101 SET character_set_client = @saved_cs_client */;

--
-- Dumping data for table `vtiger_salesmanactivityrel`
--

LOCK TABLES `vtiger_salesmanactivityrel` WRITE;
/*!40000 ALTER TABLE `vtiger_salesmanactivityrel` DISABLE KEYS */;
INSERT INTO `vtiger_salesmanactivityrel` VALUES (5,1070);
/*!40000 ALTER TABLE `vtiger_salesmanactivityrel` ENABLE KEYS */;
UNLOCK TABLES;

--
-- Table structure for table `vtiger_salesmanattachmentsrel`
--

DROP TABLE IF EXISTS `vtiger_salesmanattachmentsrel`;
/*!40101 SET @saved_cs_client     = @@character_set_client */;
/*!40101 SET character_set_client = utf8 */;
CREATE TABLE `vtiger_salesmanattachmentsrel` (
  `smid` int(19) NOT NULL DEFAULT '0',
  `attachmentsid` int(19) NOT NULL DEFAULT '0',
  PRIMARY KEY (`smid`,`attachmentsid`),
  KEY `salesmanattachmentsrel_smid_idx` (`smid`),
  KEY `salesmanattachmentsrel_attachmentsid_idx` (`attachmentsid`),
  CONSTRAINT `fk_2_vtiger_salesmanattachmentsrel` FOREIGN KEY (`attachmentsid`) REFERENCES `vtiger_attachments` (`attachmentsid`) ON DELETE CASCADE
) ENGINE=InnoDB DEFAULT CHARSET=utf8;
/*!40101 SET character_set_client = @saved_cs_client */;

--
-- Dumping data for table `vtiger_salesmanattachmentsrel`
--

LOCK TABLES `vtiger_salesmanattachmentsrel` WRITE;
/*!40000 ALTER TABLE `vtiger_salesmanattachmentsrel` DISABLE KEYS */;
INSERT INTO `vtiger_salesmanattachmentsrel` VALUES (1,13);
/*!40000 ALTER TABLE `vtiger_salesmanattachmentsrel` ENABLE KEYS */;
UNLOCK TABLES;

--
-- Table structure for table `vtiger_salesmanticketrel`
--

DROP TABLE IF EXISTS `vtiger_salesmanticketrel`;
/*!40101 SET @saved_cs_client     = @@character_set_client */;
/*!40101 SET character_set_client = utf8 */;
CREATE TABLE `vtiger_salesmanticketrel` (
  `smid` int(19) NOT NULL DEFAULT '0',
  `id` int(19) NOT NULL DEFAULT '0',
  PRIMARY KEY (`smid`,`id`),
  KEY `salesmanticketrel_smid_idx` (`smid`),
  KEY `salesmanticketrel_id_idx` (`id`),
  CONSTRAINT `fk_2_vtiger_salesmanticketrel` FOREIGN KEY (`smid`) REFERENCES `vtiger_users` (`id`) ON DELETE CASCADE
) ENGINE=InnoDB DEFAULT CHARSET=utf8;
/*!40101 SET character_set_client = @saved_cs_client */;

--
-- Dumping data for table `vtiger_salesmanticketrel`
--

LOCK TABLES `vtiger_salesmanticketrel` WRITE;
/*!40000 ALTER TABLE `vtiger_salesmanticketrel` DISABLE KEYS */;
/*!40000 ALTER TABLE `vtiger_salesmanticketrel` ENABLE KEYS */;
UNLOCK TABLES;

--
-- Table structure for table `vtiger_salesorder`
--

DROP TABLE IF EXISTS `vtiger_salesorder`;
/*!40101 SET @saved_cs_client     = @@character_set_client */;
/*!40101 SET character_set_client = utf8 */;
CREATE TABLE `vtiger_salesorder` (
  `salesorderid` int(19) NOT NULL DEFAULT '0',
  `subject` varchar(100) DEFAULT NULL,
  `potentialid` int(19) DEFAULT NULL,
  `customerno` varchar(100) DEFAULT NULL,
  `salesorder_no` varchar(100) DEFAULT NULL,
  `quoteid` int(19) DEFAULT NULL,
  `vendorterms` varchar(100) DEFAULT NULL,
  `contactid` int(19) DEFAULT NULL,
  `vendorid` int(19) DEFAULT NULL,
  `duedate` date DEFAULT NULL,
  `carrier` varchar(200) DEFAULT NULL,
  `pending` varchar(200) DEFAULT NULL,
  `type` varchar(100) DEFAULT NULL,
  `adjustment` decimal(25,8) DEFAULT NULL,
  `salescommission` decimal(25,3) DEFAULT NULL,
  `exciseduty` decimal(25,3) DEFAULT NULL,
  `total` decimal(25,8) DEFAULT NULL,
  `subtotal` decimal(25,8) DEFAULT NULL,
  `taxtype` varchar(25) DEFAULT NULL,
  `discount_percent` decimal(25,3) DEFAULT NULL,
  `discount_amount` decimal(25,8) DEFAULT NULL,
  `s_h_amount` decimal(25,8) DEFAULT NULL,
  `accountid` int(19) DEFAULT NULL,
  `terms_conditions` text,
  `purchaseorder` varchar(200) DEFAULT NULL,
  `sostatus` varchar(200) DEFAULT NULL,
  `currency_id` int(19) NOT NULL DEFAULT '1',
  `conversion_rate` decimal(10,3) NOT NULL DEFAULT '1.000',
  `enable_recurring` int(11) DEFAULT '0',
  `compound_taxes_info` text,
  `pre_tax_total` decimal(25,8) DEFAULT NULL,
  `s_h_percent` int(11) DEFAULT NULL,
  `tags` varchar(1) DEFAULT NULL,
  `region_id` int(19) DEFAULT NULL,
  PRIMARY KEY (`salesorderid`),
  KEY `salesorder_vendorid_idx` (`vendorid`),
  KEY `salesorder_contactid_idx` (`contactid`),
  CONSTRAINT `fk_3_vtiger_salesorder` FOREIGN KEY (`vendorid`) REFERENCES `vtiger_vendor` (`vendorid`) ON DELETE CASCADE,
  CONSTRAINT `fk_crmid_vtiger_salesorder` FOREIGN KEY (`salesorderid`) REFERENCES `vtiger_crmentity` (`crmid`) ON DELETE CASCADE
) ENGINE=InnoDB DEFAULT CHARSET=utf8;
/*!40101 SET character_set_client = @saved_cs_client */;

--
-- Dumping data for table `vtiger_salesorder`
--

LOCK TABLES `vtiger_salesorder` WRITE;
/*!40000 ALTER TABLE `vtiger_salesorder` DISABLE KEYS */;
INSERT INTO `vtiger_salesorder` VALUES (1084,'VENTA KIT',0,'','SO1',0,NULL,1076,NULL,NULL,'','',NULL,0.00000000,0.000,0.000,280000.00000000,280000.00000000,'group',NULL,NULL,0.00000000,NULL,'- A menos que el proveedor acuerde lo contrario por escrito, todas las facturas sern pagaderas en un plazo de treinta (30) das a partir de la fecha de la factura, en la moneda de la factura, girada en un banco con sede en la India o por cualquier otro mtodo acordado previamente por el proveedor.\n\n - Todos los precios no incluyen el IVA, que deber ser abonado adicionalmente por el Cliente al tipo aplicable.','','Delivered',1,1.000,0,'[]',280000.00000000,0,'',0),(1086,'VENTA KIT',0,'','SO2',0,NULL,1079,NULL,NULL,'','',NULL,0.00000000,0.000,0.000,185000.00000000,185000.00000000,'group',0.000,NULL,0.00000000,NULL,'- A menos que el proveedor acuerde lo contrario por escrito, todas las facturas sern pagaderas en un plazo de treinta (30) das a partir de la fecha de la factura, en la moneda de la factura, girada en un banco con sede en la India o por cualquier otro mtodo acordado previamente por el proveedor.\n\n - Todos los precios no incluyen el IVA, que deber ser abonado adicionalmente por el Cliente al tipo aplicable.','','Delivered',1,1.000,0,'[]',185000.00000000,0,'',0),(1087,'VENTA KIT',0,'','SO3',0,NULL,1082,NULL,NULL,'','',NULL,0.00000000,0.000,0.000,160000.00000000,160000.00000000,'group',NULL,NULL,0.00000000,NULL,'- A menos que el proveedor acuerde lo contrario por escrito, todas las facturas sern pagaderas en un plazo de treinta (30) das a partir de la fecha de la factura, en la moneda de la factura, girada en un banco con sede en la India o por cualquier otro mtodo acordado previamente por el proveedor.\n\n - Todos los precios no incluyen el IVA, que deber ser abonado adicionalmente por el Cliente al tipo aplicable.','','Delivered',1,1.000,0,'[]',160000.00000000,0,'',0),(1088,'VENTA VITAMINA C Y PANTALLA SOLAR',0,'','SO4',0,NULL,1078,NULL,NULL,'','',NULL,0.00000000,0.000,0.000,135000.00000000,135000.00000000,'group',NULL,NULL,0.00000000,NULL,'- A menos que el proveedor acuerde lo contrario por escrito, todas las facturas sern pagaderas en un plazo de treinta (30) das a partir de la fecha de la factura, en la moneda de la factura, girada en un banco con sede en la India o por cualquier otro mtodo acordado previamente por el proveedor.\n\n - Todos los precios no incluyen el IVA, que deber ser abonado adicionalmente por el Cliente al tipo aplicable.','','Delivered',1,1.000,0,'[]',135000.00000000,0,'',0),(1093,'VENTA KIT',NULL,NULL,'SO5',0,NULL,1091,NULL,NULL,'',NULL,NULL,0.00000000,NULL,NULL,160000.00000000,160000.00000000,'group',NULL,NULL,0.00000000,NULL,'- A menos que el proveedor acuerde lo contrario por escrito, todas las facturas sern pagaderas en un plazo de treinta (30) das a partir de la fecha de la factura, en la moneda de la factura, girada en un banco con sede en la India o por cualquier otro mtodo acordado previamente por el proveedor.\n\n - Todos los precios no incluyen el IVA, que deber ser abonado adicionalmente por el Cliente al tipo aplicable.',NULL,'Delivered',1,1.000,0,'[]',160000.00000000,0,'',0),(1096,'VENTA VITAMINA C',NULL,NULL,'SO6',0,NULL,1094,NULL,NULL,'',NULL,NULL,0.00000000,NULL,NULL,55000.00000000,55000.00000000,'group',NULL,NULL,0.00000000,NULL,'- A menos que el proveedor acuerde lo contrario por escrito, todas las facturas sern pagaderas en un plazo de treinta (30) das a partir de la fecha de la factura, en la moneda de la factura, girada en un banco con sede en la India o por cualquier otro mtodo acordado previamente por el proveedor.\n\n - Todos los precios no incluyen el IVA, que deber ser abonado adicionalmente por el Cliente al tipo aplicable.',NULL,'Delivered',1,1.000,0,'[]',55000.00000000,0,'',0),(1097,'VENTA GEL',NULL,NULL,'SO7',0,NULL,1095,NULL,NULL,'',NULL,NULL,0.00000000,NULL,NULL,50000.00000000,50000.00000000,'group',NULL,NULL,0.00000000,NULL,'- A menos que el proveedor acuerde lo contrario por escrito, todas las facturas sern pagaderas en un plazo de treinta (30) das a partir de la fecha de la factura, en la moneda de la factura, girada en un banco con sede en la India o por cualquier otro mtodo acordado previamente por el proveedor.\n\n - Todos los precios no incluyen el IVA, que deber ser abonado adicionalmente por el Cliente al tipo aplicable.',NULL,'Delivered',1,1.000,0,'[]',50000.00000000,0,'',0),(1104,'VENTA SERUM NOCHE',NULL,NULL,'SO8',0,NULL,1098,NULL,NULL,'',NULL,NULL,0.00000000,NULL,NULL,60000.00000000,60000.00000000,'group',NULL,NULL,0.00000000,NULL,'- A menos que el proveedor acuerde lo contrario por escrito, todas las facturas sern pagaderas en un plazo de treinta (30) das a partir de la fecha de la factura, en la moneda de la factura, girada en un banco con sede en la India o por cualquier otro mtodo acordado previamente por el proveedor.\n\n - Todos los precios no incluyen el IVA, que deber ser abonado adicionalmente por el Cliente al tipo aplicable.',NULL,'Delivered',1,1.000,0,'[]',60000.00000000,0,'',0),(1106,'VENTA KIT',NULL,NULL,'SO9',0,NULL,1105,NULL,NULL,'',NULL,NULL,0.00000000,NULL,NULL,160000.00000000,160000.00000000,'group',NULL,NULL,0.00000000,NULL,'- A menos que el proveedor acuerde lo contrario por escrito, todas las facturas sern pagaderas en un plazo de treinta (30) das a partir de la fecha de la factura, en la moneda de la factura, girada en un banco con sede en la India o por cualquier otro mtodo acordado previamente por el proveedor.\n\n - Todos los precios no incluyen el IVA, que deber ser abonado adicionalmente por el Cliente al tipo aplicable.',NULL,'Delivered',1,1.000,0,'[]',160000.00000000,0,'',0),(1108,'VENTA KIT',NULL,NULL,'SO10',0,NULL,1107,NULL,NULL,'',NULL,NULL,0.00000000,NULL,NULL,160000.00000000,160000.00000000,'group',NULL,NULL,0.00000000,NULL,'- A menos que el proveedor acuerde lo contrario por escrito, todas las facturas sern pagaderas en un plazo de treinta (30) das a partir de la fecha de la factura, en la moneda de la factura, girada en un banco con sede en la India o por cualquier otro mtodo acordado previamente por el proveedor.\n\n - Todos los precios no incluyen el IVA, que deber ser abonado adicionalmente por el Cliente al tipo aplicable.',NULL,'Delivered',1,1.000,0,'[]',160000.00000000,0,'',0),(1110,'VENTA GEL',NULL,NULL,'SO11',0,NULL,1109,NULL,NULL,'',NULL,NULL,0.00000000,NULL,NULL,131750.00000000,155000.00000000,'group',15.000,NULL,0.00000000,NULL,'- A menos que el proveedor acuerde lo contrario por escrito, todas las facturas sern pagaderas en un plazo de treinta (30) das a partir de la fecha de la factura, en la moneda de la factura, girada en un banco con sede en la India o por cualquier otro mtodo acordado previamente por el proveedor.\n\n - Todos los precios no incluyen el IVA, que deber ser abonado adicionalmente por el Cliente al tipo aplicable.',NULL,'Delivered',1,1.000,0,'[]',131750.00000000,0,'',0),(1116,'VENTA KIT',NULL,NULL,'SO12',0,NULL,1111,NULL,NULL,'',NULL,NULL,0.00000000,NULL,NULL,160000.00000000,160000.00000000,'group',NULL,NULL,0.00000000,NULL,'- A menos que el proveedor acuerde lo contrario por escrito, todas las facturas sern pagaderas en un plazo de treinta (30) das a partir de la fecha de la factura, en la moneda de la factura, girada en un banco con sede en la India o por cualquier otro mtodo acordado previamente por el proveedor.\n\n - Todos los precios no incluyen el IVA, que deber ser abonado adicionalmente por el Cliente al tipo aplicable.',NULL,'Delivered',1,1.000,0,'[]',160000.00000000,0,'',0),(1118,'VENTA KIT',NULL,NULL,'SO13',0,NULL,1117,NULL,NULL,'',NULL,NULL,0.00000000,NULL,NULL,160000.00000000,160000.00000000,'group',NULL,NULL,0.00000000,NULL,'- A menos que el proveedor acuerde lo contrario por escrito, todas las facturas sern pagaderas en un plazo de treinta (30) das a partir de la fecha de la factura, en la moneda de la factura, girada en un banco con sede en la India o por cualquier otro mtodo acordado previamente por el proveedor.\n\n - Todos los precios no incluyen el IVA, que deber ser abonado adicionalmente por el Cliente al tipo aplicable.',NULL,'Delivered',1,1.000,0,'[]',160000.00000000,0,'',0),(1122,'VENTA KIT PANTALLA SOLAR',NULL,NULL,'SO14',0,NULL,1121,NULL,NULL,'',NULL,NULL,0.00000000,NULL,NULL,187000.00000000,220000.00000000,'group',15.000,NULL,0.00000000,NULL,'- A menos que el proveedor acuerde lo contrario por escrito, todas las facturas sern pagaderas en un plazo de treinta (30) das a partir de la fecha de la factura, en la moneda de la factura, girada en un banco con sede en la India o por cualquier otro mtodo acordado previamente por el proveedor.\n\n - Todos los precios no incluyen el IVA, que deber ser abonado adicionalmente por el Cliente al tipo aplicable.',NULL,'Delivered',1,1.000,0,'[]',187000.00000000,0,'',0),(1124,'VENTA KIT',NULL,NULL,'SO15',0,NULL,1123,NULL,NULL,'',NULL,NULL,0.00000000,NULL,NULL,160000.00000000,160000.00000000,'group',NULL,NULL,0.00000000,NULL,'- A menos que el proveedor acuerde lo contrario por escrito, todas las facturas sern pagaderas en un plazo de treinta (30) das a partir de la fecha de la factura, en la moneda de la factura, girada en un banco con sede en la India o por cualquier otro mtodo acordado previamente por el proveedor.\n\n - Todos los precios no incluyen el IVA, que deber ser abonado adicionalmente por el Cliente al tipo aplicable.',NULL,'Delivered',1,1.000,0,'[]',160000.00000000,0,'',0),(1160,'venta testing',NULL,NULL,'SO16',0,NULL,1159,NULL,NULL,'',NULL,NULL,0.00000000,NULL,NULL,120000.00000000,120000.00000000,'group',NULL,NULL,0.00000000,NULL,'- A menos que el proveedor acuerde lo contrario por escrito, todas las facturas sern pagaderas en un plazo de treinta (30) das a partir de la fecha de la factura, en la moneda de la factura, girada en un banco con sede en la India o por cualquier otro mtodo acordado previamente por el proveedor.\n\n - Todos los precios no incluyen el IVA, que deber ser abonado adicionalmente por el Cliente al tipo aplicable.',NULL,'Created',1,1.000,0,'[]',120000.00000000,0,'',0);
/*!40000 ALTER TABLE `vtiger_salesorder` ENABLE KEYS */;
UNLOCK TABLES;

--
-- Table structure for table `vtiger_salesordercf`
--

DROP TABLE IF EXISTS `vtiger_salesordercf`;
/*!40101 SET @saved_cs_client     = @@character_set_client */;
/*!40101 SET character_set_client = utf8 */;
CREATE TABLE `vtiger_salesordercf` (
  `salesorderid` int(19) NOT NULL DEFAULT '0',
  `cf_865` date DEFAULT NULL,
  PRIMARY KEY (`salesorderid`),
  CONSTRAINT `fk_1_vtiger_salesordercf` FOREIGN KEY (`salesorderid`) REFERENCES `vtiger_salesorder` (`salesorderid`) ON DELETE CASCADE
) ENGINE=InnoDB DEFAULT CHARSET=utf8;
/*!40101 SET character_set_client = @saved_cs_client */;

--
-- Dumping data for table `vtiger_salesordercf`
--

LOCK TABLES `vtiger_salesordercf` WRITE;
/*!40000 ALTER TABLE `vtiger_salesordercf` DISABLE KEYS */;
INSERT INTO `vtiger_salesordercf` VALUES (1084,'2022-01-01'),(1086,NULL),(1087,NULL),(1088,NULL),(1093,'2022-01-08'),(1096,'2022-01-12'),(1097,'2022-01-11'),(1104,'2022-01-13'),(1106,'2022-01-13'),(1108,'2021-12-07'),(1110,'2022-01-14'),(1116,'2022-01-13'),(1118,'2022-01-12'),(1122,'2022-01-17'),(1124,'2022-01-14'),(1160,'2022-05-17');
/*!40000 ALTER TABLE `vtiger_salesordercf` ENABLE KEYS */;
UNLOCK TABLES;

--
-- Table structure for table `vtiger_salutationtype`
--

DROP TABLE IF EXISTS `vtiger_salutationtype`;
/*!40101 SET @saved_cs_client     = @@character_set_client */;
/*!40101 SET character_set_client = utf8 */;
CREATE TABLE `vtiger_salutationtype` (
  `salutationid` int(19) NOT NULL AUTO_INCREMENT,
  `salutationtype` varchar(200) NOT NULL,
  `presence` int(1) NOT NULL DEFAULT '1',
  `picklist_valueid` int(19) NOT NULL DEFAULT '0',
  `sortorderid` int(11) DEFAULT NULL,
  `color` varchar(10) DEFAULT NULL,
  PRIMARY KEY (`salutationid`)
) ENGINE=InnoDB AUTO_INCREMENT=7 DEFAULT CHARSET=utf8;
/*!40101 SET character_set_client = @saved_cs_client */;

--
-- Dumping data for table `vtiger_salutationtype`
--

LOCK TABLES `vtiger_salutationtype` WRITE;
/*!40000 ALTER TABLE `vtiger_salutationtype` DISABLE KEYS */;
INSERT INTO `vtiger_salutationtype` VALUES (2,'Mr.',1,161,1,NULL),(3,'Ms.',1,162,2,NULL),(4,'Mrs.',1,163,3,NULL),(5,'Dr.',1,164,4,NULL),(6,'Prof.',1,165,5,NULL);
/*!40000 ALTER TABLE `vtiger_salutationtype` ENABLE KEYS */;
UNLOCK TABLES;

--
-- Table structure for table `vtiger_salutationtype_seq`
--

DROP TABLE IF EXISTS `vtiger_salutationtype_seq`;
/*!40101 SET @saved_cs_client     = @@character_set_client */;
/*!40101 SET character_set_client = utf8 */;
CREATE TABLE `vtiger_salutationtype_seq` (
  `id` int(11) NOT NULL
) ENGINE=InnoDB DEFAULT CHARSET=utf8;
/*!40101 SET character_set_client = @saved_cs_client */;

--
-- Dumping data for table `vtiger_salutationtype_seq`
--

LOCK TABLES `vtiger_salutationtype_seq` WRITE;
/*!40000 ALTER TABLE `vtiger_salutationtype_seq` DISABLE KEYS */;
INSERT INTO `vtiger_salutationtype_seq` VALUES (6);
/*!40000 ALTER TABLE `vtiger_salutationtype_seq` ENABLE KEYS */;
UNLOCK TABLES;

--
-- Table structure for table `vtiger_scheduled_reports`
--

DROP TABLE IF EXISTS `vtiger_scheduled_reports`;
/*!40101 SET @saved_cs_client     = @@character_set_client */;
/*!40101 SET character_set_client = utf8 */;
CREATE TABLE `vtiger_scheduled_reports` (
  `reportid` int(11) NOT NULL,
  `recipients` text,
  `schedule` text,
  `format` varchar(10) DEFAULT NULL,
  `next_trigger_time` timestamp NOT NULL DEFAULT CURRENT_TIMESTAMP ON UPDATE CURRENT_TIMESTAMP,
  PRIMARY KEY (`reportid`)
) ENGINE=InnoDB DEFAULT CHARSET=utf8;
/*!40101 SET character_set_client = @saved_cs_client */;

--
-- Dumping data for table `vtiger_scheduled_reports`
--

LOCK TABLES `vtiger_scheduled_reports` WRITE;
/*!40000 ALTER TABLE `vtiger_scheduled_reports` DISABLE KEYS */;
/*!40000 ALTER TABLE `vtiger_scheduled_reports` ENABLE KEYS */;
UNLOCK TABLES;

--
-- Table structure for table `vtiger_schedulereports`
--

DROP TABLE IF EXISTS `vtiger_schedulereports`;
/*!40101 SET @saved_cs_client     = @@character_set_client */;
/*!40101 SET character_set_client = utf8 */;
CREATE TABLE `vtiger_schedulereports` (
  `reportid` int(10) DEFAULT NULL,
  `scheduleid` int(3) DEFAULT NULL,
  `recipients` text,
  `schdate` varchar(20) DEFAULT NULL,
  `schtime` time DEFAULT NULL,
  `schdayoftheweek` varchar(100) DEFAULT NULL,
  `schdayofthemonth` varchar(100) DEFAULT NULL,
  `schannualdates` varchar(500) DEFAULT NULL,
  `specificemails` varchar(500) DEFAULT NULL,
  `next_trigger_time` timestamp NOT NULL DEFAULT CURRENT_TIMESTAMP,
  `fileformat` varchar(10) DEFAULT 'CSV'
) ENGINE=InnoDB DEFAULT CHARSET=utf8;
/*!40101 SET character_set_client = @saved_cs_client */;

--
-- Dumping data for table `vtiger_schedulereports`
--

LOCK TABLES `vtiger_schedulereports` WRITE;
/*!40000 ALTER TABLE `vtiger_schedulereports` DISABLE KEYS */;
/*!40000 ALTER TABLE `vtiger_schedulereports` ENABLE KEYS */;
UNLOCK TABLES;

--
-- Table structure for table `vtiger_seactivityrel`
--

DROP TABLE IF EXISTS `vtiger_seactivityrel`;
/*!40101 SET @saved_cs_client     = @@character_set_client */;
/*!40101 SET character_set_client = utf8 */;
CREATE TABLE `vtiger_seactivityrel` (
  `crmid` int(19) NOT NULL,
  `activityid` int(19) NOT NULL,
  PRIMARY KEY (`crmid`,`activityid`),
  KEY `seactivityrel_activityid_idx` (`activityid`),
  KEY `seactivityrel_crmid_idx` (`crmid`),
  CONSTRAINT `fk_2_vtiger_seactivityrel` FOREIGN KEY (`crmid`) REFERENCES `vtiger_crmentity` (`crmid`) ON DELETE CASCADE
) ENGINE=InnoDB DEFAULT CHARSET=utf8;
/*!40101 SET character_set_client = @saved_cs_client */;

--
-- Dumping data for table `vtiger_seactivityrel`
--

LOCK TABLES `vtiger_seactivityrel` WRITE;
/*!40000 ALTER TABLE `vtiger_seactivityrel` DISABLE KEYS */;
INSERT INTO `vtiger_seactivityrel` VALUES (29,30),(29,31),(1059,1070),(1074,1075),(1076,1077),(1078,1080),(1079,1081),(1082,1083),(1082,1085),(1079,1089),(1091,1092),(1094,1099),(1091,1100),(1094,1101),(1095,1102),(1098,1103),(1105,1112),(1107,1113),(1109,1114),(1111,1115),(1117,1119),(1117,1120),(1121,1125),(1123,1126),(1128,1129),(1128,1130);
/*!40000 ALTER TABLE `vtiger_seactivityrel` ENABLE KEYS */;
UNLOCK TABLES;

--
-- Table structure for table `vtiger_seactivityrel_seq`
--

DROP TABLE IF EXISTS `vtiger_seactivityrel_seq`;
/*!40101 SET @saved_cs_client     = @@character_set_client */;
/*!40101 SET character_set_client = utf8 */;
CREATE TABLE `vtiger_seactivityrel_seq` (
  `id` int(11) NOT NULL
) ENGINE=InnoDB DEFAULT CHARSET=utf8;
/*!40101 SET character_set_client = @saved_cs_client */;

--
-- Dumping data for table `vtiger_seactivityrel_seq`
--

LOCK TABLES `vtiger_seactivityrel_seq` WRITE;
/*!40000 ALTER TABLE `vtiger_seactivityrel_seq` DISABLE KEYS */;
INSERT INTO `vtiger_seactivityrel_seq` VALUES (1);
/*!40000 ALTER TABLE `vtiger_seactivityrel_seq` ENABLE KEYS */;
UNLOCK TABLES;

--
-- Table structure for table `vtiger_seattachmentsrel`
--

DROP TABLE IF EXISTS `vtiger_seattachmentsrel`;
/*!40101 SET @saved_cs_client     = @@character_set_client */;
/*!40101 SET character_set_client = utf8 */;
CREATE TABLE `vtiger_seattachmentsrel` (
  `crmid` int(19) NOT NULL DEFAULT '0',
  `attachmentsid` int(19) NOT NULL DEFAULT '0',
  PRIMARY KEY (`crmid`,`attachmentsid`),
  KEY `seattachmentsrel_attachmentsid_idx` (`attachmentsid`),
  KEY `seattachmentsrel_crmid_idx` (`crmid`),
  KEY `seattachmentsrel_attachmentsid_crmid_idx` (`attachmentsid`,`crmid`),
  CONSTRAINT `fk_2_vtiger_seattachmentsrel` FOREIGN KEY (`crmid`) REFERENCES `vtiger_crmentity` (`crmid`) ON DELETE CASCADE
) ENGINE=InnoDB DEFAULT CHARSET=utf8;
/*!40101 SET character_set_client = @saved_cs_client */;

--
-- Dumping data for table `vtiger_seattachmentsrel`
--

LOCK TABLES `vtiger_seattachmentsrel` WRITE;
/*!40000 ALTER TABLE `vtiger_seattachmentsrel` DISABLE KEYS */;
/*!40000 ALTER TABLE `vtiger_seattachmentsrel` ENABLE KEYS */;
UNLOCK TABLES;

--
-- Table structure for table `vtiger_selectcolumn`
--

DROP TABLE IF EXISTS `vtiger_selectcolumn`;
/*!40101 SET @saved_cs_client     = @@character_set_client */;
/*!40101 SET character_set_client = utf8 */;
CREATE TABLE `vtiger_selectcolumn` (
  `queryid` int(19) NOT NULL,
  `columnindex` int(11) NOT NULL DEFAULT '0',
  `columnname` varchar(250) DEFAULT '',
  PRIMARY KEY (`queryid`,`columnindex`),
  KEY `selectcolumn_queryid_idx` (`queryid`),
  CONSTRAINT `fk_1_vtiger_selectcolumn` FOREIGN KEY (`queryid`) REFERENCES `vtiger_selectquery` (`queryid`) ON DELETE CASCADE
) ENGINE=InnoDB DEFAULT CHARSET=utf8;
/*!40101 SET character_set_client = @saved_cs_client */;

--
-- Dumping data for table `vtiger_selectcolumn`
--

LOCK TABLES `vtiger_selectcolumn` WRITE;
/*!40000 ALTER TABLE `vtiger_selectcolumn` DISABLE KEYS */;
/*!40000 ALTER TABLE `vtiger_selectcolumn` ENABLE KEYS */;
UNLOCK TABLES;

--
-- Table structure for table `vtiger_selectquery`
--

DROP TABLE IF EXISTS `vtiger_selectquery`;
/*!40101 SET @saved_cs_client     = @@character_set_client */;
/*!40101 SET character_set_client = utf8 */;
CREATE TABLE `vtiger_selectquery` (
  `queryid` int(19) NOT NULL,
  `startindex` int(19) DEFAULT '0',
  `numofobjects` int(19) DEFAULT '0',
  PRIMARY KEY (`queryid`),
  KEY `selectquery_queryid_idx` (`queryid`)
) ENGINE=InnoDB DEFAULT CHARSET=utf8;
/*!40101 SET character_set_client = @saved_cs_client */;

--
-- Dumping data for table `vtiger_selectquery`
--

LOCK TABLES `vtiger_selectquery` WRITE;
/*!40000 ALTER TABLE `vtiger_selectquery` DISABLE KEYS */;
INSERT INTO `vtiger_selectquery` VALUES (26,0,0),(27,0,0),(28,0,0);
/*!40000 ALTER TABLE `vtiger_selectquery` ENABLE KEYS */;
UNLOCK TABLES;

--
-- Table structure for table `vtiger_selectquery_seq`
--

DROP TABLE IF EXISTS `vtiger_selectquery_seq`;
/*!40101 SET @saved_cs_client     = @@character_set_client */;
/*!40101 SET character_set_client = utf8 */;
CREATE TABLE `vtiger_selectquery_seq` (
  `id` int(11) NOT NULL
) ENGINE=InnoDB DEFAULT CHARSET=utf8;
/*!40101 SET character_set_client = @saved_cs_client */;

--
-- Dumping data for table `vtiger_selectquery_seq`
--

LOCK TABLES `vtiger_selectquery_seq` WRITE;
/*!40000 ALTER TABLE `vtiger_selectquery_seq` DISABLE KEYS */;
INSERT INTO `vtiger_selectquery_seq` VALUES (28);
/*!40000 ALTER TABLE `vtiger_selectquery_seq` ENABLE KEYS */;
UNLOCK TABLES;

--
-- Table structure for table `vtiger_senotesrel`
--

DROP TABLE IF EXISTS `vtiger_senotesrel`;
/*!40101 SET @saved_cs_client     = @@character_set_client */;
/*!40101 SET character_set_client = utf8 */;
CREATE TABLE `vtiger_senotesrel` (
  `crmid` int(19) NOT NULL DEFAULT '0',
  `notesid` int(19) NOT NULL DEFAULT '0',
  PRIMARY KEY (`crmid`,`notesid`),
  KEY `senotesrel_notesid_idx` (`notesid`),
  KEY `senotesrel_crmid_idx` (`crmid`),
  CONSTRAINT `fk1_crmid` FOREIGN KEY (`crmid`) REFERENCES `vtiger_crmentity` (`crmid`) ON DELETE CASCADE,
  CONSTRAINT `fk_2_vtiger_senotesrel` FOREIGN KEY (`notesid`) REFERENCES `vtiger_notes` (`notesid`) ON DELETE CASCADE
) ENGINE=InnoDB DEFAULT CHARSET=utf8;
/*!40101 SET character_set_client = @saved_cs_client */;

--
-- Dumping data for table `vtiger_senotesrel`
--

LOCK TABLES `vtiger_senotesrel` WRITE;
/*!40000 ALTER TABLE `vtiger_senotesrel` DISABLE KEYS */;
/*!40000 ALTER TABLE `vtiger_senotesrel` ENABLE KEYS */;
UNLOCK TABLES;

--
-- Table structure for table `vtiger_seproductsrel`
--

DROP TABLE IF EXISTS `vtiger_seproductsrel`;
/*!40101 SET @saved_cs_client     = @@character_set_client */;
/*!40101 SET character_set_client = utf8 */;
CREATE TABLE `vtiger_seproductsrel` (
  `crmid` int(19) NOT NULL DEFAULT '0',
  `productid` int(19) NOT NULL DEFAULT '0',
  `setype` varchar(30) NOT NULL,
  `quantity` int(19) DEFAULT '1',
  PRIMARY KEY (`crmid`,`productid`),
  KEY `seproductsrel_productid_idx` (`productid`),
  KEY `seproductrel_crmid_idx` (`crmid`),
  CONSTRAINT `fk_2_vtiger_seproductsrel` FOREIGN KEY (`productid`) REFERENCES `vtiger_products` (`productid`) ON DELETE CASCADE
) ENGINE=InnoDB DEFAULT CHARSET=utf8;
/*!40101 SET character_set_client = @saved_cs_client */;

--
-- Dumping data for table `vtiger_seproductsrel`
--

LOCK TABLES `vtiger_seproductsrel` WRITE;
/*!40000 ALTER TABLE `vtiger_seproductsrel` DISABLE KEYS */;
INSERT INTO `vtiger_seproductsrel` VALUES (14,18,'Products',1),(14,19,'Products',1),(14,21,'Products',1),(15,18,'Products',1),(16,19,'Products',1),(16,21,'Products',1),(16,1143,'Products',1),(1074,19,'Contacts',1),(1142,1143,'Products',1);
/*!40000 ALTER TABLE `vtiger_seproductsrel` ENABLE KEYS */;
UNLOCK TABLES;

--
-- Table structure for table `vtiger_service`
--

DROP TABLE IF EXISTS `vtiger_service`;
/*!40101 SET @saved_cs_client     = @@character_set_client */;
/*!40101 SET character_set_client = utf8 */;
CREATE TABLE `vtiger_service` (
  `serviceid` int(11) NOT NULL,
  `service_no` varchar(100) NOT NULL,
  `servicename` varchar(50) NOT NULL,
  `servicecategory` varchar(200) DEFAULT NULL,
  `qty_per_unit` decimal(11,2) DEFAULT '0.00',
  `unit_price` decimal(25,8) DEFAULT NULL,
  `sales_start_date` date DEFAULT NULL,
  `sales_end_date` date DEFAULT NULL,
  `start_date` date DEFAULT NULL,
  `expiry_date` date DEFAULT NULL,
  `discontinued` int(1) NOT NULL DEFAULT '0',
  `service_usageunit` varchar(200) DEFAULT NULL,
  `website` varchar(100) DEFAULT NULL,
  `taxclass` varchar(200) DEFAULT NULL,
  `currency_id` int(19) NOT NULL DEFAULT '1',
  `commissionrate` decimal(7,3) DEFAULT NULL,
  `tags` varchar(1) DEFAULT NULL,
  `purchase_cost` decimal(27,8) DEFAULT NULL,
  PRIMARY KEY (`serviceid`),
  CONSTRAINT `fk_1_vtiger_service` FOREIGN KEY (`serviceid`) REFERENCES `vtiger_crmentity` (`crmid`) ON DELETE CASCADE
) ENGINE=InnoDB DEFAULT CHARSET=utf8;
/*!40101 SET character_set_client = @saved_cs_client */;

--
-- Dumping data for table `vtiger_service`
--

LOCK TABLES `vtiger_service` WRITE;
/*!40000 ALTER TABLE `vtiger_service` DISABLE KEYS */;
/*!40000 ALTER TABLE `vtiger_service` ENABLE KEYS */;
UNLOCK TABLES;

--
-- Table structure for table `vtiger_service_usageunit`
--

DROP TABLE IF EXISTS `vtiger_service_usageunit`;
/*!40101 SET @saved_cs_client     = @@character_set_client */;
/*!40101 SET character_set_client = utf8 */;
CREATE TABLE `vtiger_service_usageunit` (
  `service_usageunitid` int(11) NOT NULL AUTO_INCREMENT,
  `service_usageunit` varchar(200) NOT NULL,
  `presence` int(1) NOT NULL DEFAULT '1',
  `picklist_valueid` int(11) NOT NULL DEFAULT '0',
  `sortorderid` int(11) DEFAULT '0',
  `color` varchar(10) DEFAULT NULL,
  PRIMARY KEY (`service_usageunitid`)
) ENGINE=InnoDB AUTO_INCREMENT=4 DEFAULT CHARSET=utf8;
/*!40101 SET character_set_client = @saved_cs_client */;

--
-- Dumping data for table `vtiger_service_usageunit`
--

LOCK TABLES `vtiger_service_usageunit` WRITE;
/*!40000 ALTER TABLE `vtiger_service_usageunit` DISABLE KEYS */;
INSERT INTO `vtiger_service_usageunit` VALUES (1,'Hours',1,210,1,NULL),(2,'Days',1,211,2,NULL),(3,'Incidents',1,212,3,NULL);
/*!40000 ALTER TABLE `vtiger_service_usageunit` ENABLE KEYS */;
UNLOCK TABLES;

--
-- Table structure for table `vtiger_service_usageunit_seq`
--

DROP TABLE IF EXISTS `vtiger_service_usageunit_seq`;
/*!40101 SET @saved_cs_client     = @@character_set_client */;
/*!40101 SET character_set_client = utf8 */;
CREATE TABLE `vtiger_service_usageunit_seq` (
  `id` int(11) NOT NULL
) ENGINE=InnoDB DEFAULT CHARSET=utf8;
/*!40101 SET character_set_client = @saved_cs_client */;

--
-- Dumping data for table `vtiger_service_usageunit_seq`
--

LOCK TABLES `vtiger_service_usageunit_seq` WRITE;
/*!40000 ALTER TABLE `vtiger_service_usageunit_seq` DISABLE KEYS */;
INSERT INTO `vtiger_service_usageunit_seq` VALUES (3);
/*!40000 ALTER TABLE `vtiger_service_usageunit_seq` ENABLE KEYS */;
UNLOCK TABLES;

--
-- Table structure for table `vtiger_servicecategory`
--

DROP TABLE IF EXISTS `vtiger_servicecategory`;
/*!40101 SET @saved_cs_client     = @@character_set_client */;
/*!40101 SET character_set_client = utf8 */;
CREATE TABLE `vtiger_servicecategory` (
  `servicecategoryid` int(11) NOT NULL AUTO_INCREMENT,
  `servicecategory` varchar(200) NOT NULL,
  `presence` int(1) NOT NULL DEFAULT '1',
  `picklist_valueid` int(11) NOT NULL DEFAULT '0',
  `sortorderid` int(11) DEFAULT '0',
  `color` varchar(10) DEFAULT NULL,
  PRIMARY KEY (`servicecategoryid`)
) ENGINE=InnoDB AUTO_INCREMENT=7 DEFAULT CHARSET=utf8;
/*!40101 SET character_set_client = @saved_cs_client */;

--
-- Dumping data for table `vtiger_servicecategory`
--

LOCK TABLES `vtiger_servicecategory` WRITE;
/*!40000 ALTER TABLE `vtiger_servicecategory` DISABLE KEYS */;
INSERT INTO `vtiger_servicecategory` VALUES (2,'Support',1,214,2,NULL),(3,'Installation',1,215,3,NULL),(4,'Migration',1,216,4,NULL),(5,'Customization',1,217,5,NULL),(6,'Training',1,218,6,NULL);
/*!40000 ALTER TABLE `vtiger_servicecategory` ENABLE KEYS */;
UNLOCK TABLES;

--
-- Table structure for table `vtiger_servicecategory_seq`
--

DROP TABLE IF EXISTS `vtiger_servicecategory_seq`;
/*!40101 SET @saved_cs_client     = @@character_set_client */;
/*!40101 SET character_set_client = utf8 */;
CREATE TABLE `vtiger_servicecategory_seq` (
  `id` int(11) NOT NULL
) ENGINE=InnoDB DEFAULT CHARSET=utf8;
/*!40101 SET character_set_client = @saved_cs_client */;

--
-- Dumping data for table `vtiger_servicecategory_seq`
--

LOCK TABLES `vtiger_servicecategory_seq` WRITE;
/*!40000 ALTER TABLE `vtiger_servicecategory_seq` DISABLE KEYS */;
INSERT INTO `vtiger_servicecategory_seq` VALUES (6);
/*!40000 ALTER TABLE `vtiger_servicecategory_seq` ENABLE KEYS */;
UNLOCK TABLES;

--
-- Table structure for table `vtiger_servicecf`
--

DROP TABLE IF EXISTS `vtiger_servicecf`;
/*!40101 SET @saved_cs_client     = @@character_set_client */;
/*!40101 SET character_set_client = utf8 */;
CREATE TABLE `vtiger_servicecf` (
  `serviceid` int(19) NOT NULL DEFAULT '0',
  PRIMARY KEY (`serviceid`),
  CONSTRAINT `fk_serviceid_vtiger_servicecf` FOREIGN KEY (`serviceid`) REFERENCES `vtiger_service` (`serviceid`) ON DELETE CASCADE
) ENGINE=InnoDB DEFAULT CHARSET=utf8;
/*!40101 SET character_set_client = @saved_cs_client */;

--
-- Dumping data for table `vtiger_servicecf`
--

LOCK TABLES `vtiger_servicecf` WRITE;
/*!40000 ALTER TABLE `vtiger_servicecf` DISABLE KEYS */;
/*!40000 ALTER TABLE `vtiger_servicecf` ENABLE KEYS */;
UNLOCK TABLES;

--
-- Table structure for table `vtiger_servicecontracts`
--

DROP TABLE IF EXISTS `vtiger_servicecontracts`;
/*!40101 SET @saved_cs_client     = @@character_set_client */;
/*!40101 SET character_set_client = utf8 */;
CREATE TABLE `vtiger_servicecontracts` (
  `servicecontractsid` int(11) DEFAULT NULL,
  `start_date` date DEFAULT NULL,
  `end_date` date DEFAULT NULL,
  `sc_related_to` int(11) DEFAULT NULL,
  `tracking_unit` varchar(100) DEFAULT NULL,
  `total_units` decimal(5,2) DEFAULT NULL,
  `used_units` decimal(5,2) DEFAULT NULL,
  `subject` varchar(100) DEFAULT NULL,
  `due_date` date DEFAULT NULL,
  `planned_duration` varchar(256) DEFAULT NULL,
  `actual_duration` varchar(256) DEFAULT NULL,
  `contract_status` varchar(200) DEFAULT NULL,
  `priority` varchar(200) DEFAULT NULL,
  `contract_type` varchar(200) DEFAULT NULL,
  `progress` decimal(5,2) DEFAULT NULL,
  `contract_no` varchar(100) DEFAULT NULL,
  `tags` varchar(1) DEFAULT NULL,
  KEY `fk_crmid_vtiger_servicecontracts` (`servicecontractsid`),
  CONSTRAINT `fk_crmid_vtiger_servicecontracts` FOREIGN KEY (`servicecontractsid`) REFERENCES `vtiger_crmentity` (`crmid`) ON DELETE CASCADE
) ENGINE=InnoDB DEFAULT CHARSET=utf8;
/*!40101 SET character_set_client = @saved_cs_client */;

--
-- Dumping data for table `vtiger_servicecontracts`
--

LOCK TABLES `vtiger_servicecontracts` WRITE;
/*!40000 ALTER TABLE `vtiger_servicecontracts` DISABLE KEYS */;
/*!40000 ALTER TABLE `vtiger_servicecontracts` ENABLE KEYS */;
UNLOCK TABLES;

--
-- Table structure for table `vtiger_servicecontractscf`
--

DROP TABLE IF EXISTS `vtiger_servicecontractscf`;
/*!40101 SET @saved_cs_client     = @@character_set_client */;
/*!40101 SET character_set_client = utf8 */;
CREATE TABLE `vtiger_servicecontractscf` (
  `servicecontractsid` int(11) NOT NULL,
  PRIMARY KEY (`servicecontractsid`),
  CONSTRAINT `fk_servicecontractsid_vtiger_servicecontractscf` FOREIGN KEY (`servicecontractsid`) REFERENCES `vtiger_servicecontracts` (`servicecontractsid`) ON DELETE CASCADE
) ENGINE=InnoDB DEFAULT CHARSET=utf8;
/*!40101 SET character_set_client = @saved_cs_client */;

--
-- Dumping data for table `vtiger_servicecontractscf`
--

LOCK TABLES `vtiger_servicecontractscf` WRITE;
/*!40000 ALTER TABLE `vtiger_servicecontractscf` DISABLE KEYS */;
/*!40000 ALTER TABLE `vtiger_servicecontractscf` ENABLE KEYS */;
UNLOCK TABLES;

--
-- Table structure for table `vtiger_seticketsrel`
--

DROP TABLE IF EXISTS `vtiger_seticketsrel`;
/*!40101 SET @saved_cs_client     = @@character_set_client */;
/*!40101 SET character_set_client = utf8 */;
CREATE TABLE `vtiger_seticketsrel` (
  `crmid` int(19) NOT NULL DEFAULT '0',
  `ticketid` int(19) NOT NULL DEFAULT '0',
  PRIMARY KEY (`crmid`,`ticketid`),
  KEY `seticketsrel_crmid_idx` (`crmid`),
  KEY `seticketsrel_ticketid_idx` (`ticketid`),
  CONSTRAINT `fk_2_vtiger_seticketsrel` FOREIGN KEY (`ticketid`) REFERENCES `vtiger_troubletickets` (`ticketid`) ON DELETE CASCADE
) ENGINE=InnoDB DEFAULT CHARSET=utf8;
/*!40101 SET character_set_client = @saved_cs_client */;

--
-- Dumping data for table `vtiger_seticketsrel`
--

LOCK TABLES `vtiger_seticketsrel` WRITE;
/*!40000 ALTER TABLE `vtiger_seticketsrel` DISABLE KEYS */;
/*!40000 ALTER TABLE `vtiger_seticketsrel` ENABLE KEYS */;
UNLOCK TABLES;

--
-- Table structure for table `vtiger_settings_blocks`
--

DROP TABLE IF EXISTS `vtiger_settings_blocks`;
/*!40101 SET @saved_cs_client     = @@character_set_client */;
/*!40101 SET character_set_client = utf8 */;
CREATE TABLE `vtiger_settings_blocks` (
  `blockid` int(19) NOT NULL,
  `label` varchar(250) DEFAULT NULL,
  `sequence` int(19) DEFAULT NULL,
  PRIMARY KEY (`blockid`)
) ENGINE=InnoDB DEFAULT CHARSET=utf8;
/*!40101 SET character_set_client = @saved_cs_client */;

--
-- Dumping data for table `vtiger_settings_blocks`
--

LOCK TABLES `vtiger_settings_blocks` WRITE;
/*!40000 ALTER TABLE `vtiger_settings_blocks` DISABLE KEYS */;
INSERT INTO `vtiger_settings_blocks` VALUES (1,'LBL_USER_MANAGEMENT',1),(4,'LBL_OTHER_SETTINGS',10),(5,'LBL_MODULE_MANAGER',2),(6,'LBL_INTEGRATION',8),(7,'LBL_AUTOMATION',3),(8,'LBL_CONFIGURATION',4),(9,'LBL_MARKETING_SALES',5),(10,'LBL_INVENTORY',6),(11,'LBL_MY_PREFERENCES',7),(12,'LBL_EXTENSIONS',9);
/*!40000 ALTER TABLE `vtiger_settings_blocks` ENABLE KEYS */;
UNLOCK TABLES;

--
-- Table structure for table `vtiger_settings_blocks_seq`
--

DROP TABLE IF EXISTS `vtiger_settings_blocks_seq`;
/*!40101 SET @saved_cs_client     = @@character_set_client */;
/*!40101 SET character_set_client = utf8 */;
CREATE TABLE `vtiger_settings_blocks_seq` (
  `id` int(11) NOT NULL
) ENGINE=InnoDB DEFAULT CHARSET=utf8;
/*!40101 SET character_set_client = @saved_cs_client */;

--
-- Dumping data for table `vtiger_settings_blocks_seq`
--

LOCK TABLES `vtiger_settings_blocks_seq` WRITE;
/*!40000 ALTER TABLE `vtiger_settings_blocks_seq` DISABLE KEYS */;
INSERT INTO `vtiger_settings_blocks_seq` VALUES (12);
/*!40000 ALTER TABLE `vtiger_settings_blocks_seq` ENABLE KEYS */;
UNLOCK TABLES;

--
-- Table structure for table `vtiger_settings_field`
--

DROP TABLE IF EXISTS `vtiger_settings_field`;
/*!40101 SET @saved_cs_client     = @@character_set_client */;
/*!40101 SET character_set_client = utf8 */;
CREATE TABLE `vtiger_settings_field` (
  `fieldid` int(19) NOT NULL,
  `blockid` int(19) DEFAULT NULL,
  `name` varchar(250) DEFAULT NULL,
  `iconpath` varchar(300) DEFAULT NULL,
  `description` text,
  `linkto` text,
  `sequence` int(19) DEFAULT NULL,
  `active` int(19) DEFAULT '0',
  `pinned` int(1) DEFAULT '0',
  PRIMARY KEY (`fieldid`),
  KEY `fk_1_vtiger_settings_field` (`blockid`),
  CONSTRAINT `fk_1_vtiger_settings_field` FOREIGN KEY (`blockid`) REFERENCES `vtiger_settings_blocks` (`blockid`) ON DELETE CASCADE
) ENGINE=InnoDB DEFAULT CHARSET=utf8;
/*!40101 SET character_set_client = @saved_cs_client */;

--
-- Dumping data for table `vtiger_settings_field`
--

LOCK TABLES `vtiger_settings_field` WRITE;
/*!40000 ALTER TABLE `vtiger_settings_field` DISABLE KEYS */;
INSERT INTO `vtiger_settings_field` VALUES (1,1,'LBL_USERS','ico-users.gif','LBL_USER_DESCRIPTION','index.php?module=Users&parent=Settings&view=List',1,0,1),(2,1,'LBL_ROLES','ico-roles.gif','LBL_ROLE_DESCRIPTION','index.php?module=Roles&parent=Settings&view=Index',2,0,0),(3,1,'LBL_PROFILES','ico-profile.gif','LBL_PROFILE_DESCRIPTION','index.php?module=Profiles&parent=Settings&view=List',3,0,0),(4,1,'USERGROUPLIST','ico-groups.gif','LBL_GROUP_DESCRIPTION','index.php?module=Groups&parent=Settings&view=List',5,0,0),(5,1,'LBL_SHARING_ACCESS','shareaccess.gif','LBL_SHARING_ACCESS_DESCRIPTION','index.php?module=SharingAccess&parent=Settings&view=Index',4,0,0),(7,1,'LBL_LOGIN_HISTORY_DETAILS','set-IcoLoginHistory.gif','LBL_LOGIN_HISTORY_DESCRIPTION','index.php?module=LoginHistory&parent=Settings&view=List',6,0,0),(8,5,'VTLIB_LBL_MODULE_MANAGER','vtlib_modmng.gif','VTLIB_LBL_MODULE_MANAGER_DESCRIPTION','index.php?module=ModuleManager&parent=Settings&view=List',1,0,1),(9,8,'LBL_PICKLIST_EDITOR','picklist.gif','LBL_PICKLIST_DESCRIPTION','index.php?parent=Settings&module=Picklist&view=Index',6,0,1),(10,8,'LBL_PICKLIST_DEPENDENCY','picklistdependency.gif','LBL_PICKLIST_DEPENDENCY_DESCRIPTION','index.php?parent=Settings&module=PickListDependency&view=List',7,0,0),(11,8,'LBL_MENU_EDITOR','menueditor.png','LBL_MENU_DESC','index.php?module=MenuEditor&parent=Settings&view=Index',8,0,0),(14,8,'LBL_COMPANY_DETAILS','company.gif','LBL_COMPANY_DESCRIPTION','index.php?parent=Settings&module=Vtiger&view=CompanyDetails',1,0,0),(15,8,'LBL_MAIL_SERVER_SETTINGS','ogmailserver.gif','LBL_MAIL_SERVER_DESCRIPTION','index.php?parent=Settings&module=Vtiger&view=OutgoingServerDetail',4,0,0),(16,8,'LBL_CURRENCY_SETTINGS','currency.gif','LBL_CURRENCY_DESCRIPTION','index.php?parent=Settings&module=Currency&view=List',3,0,0),(17,10,'LBL_TAX_SETTINGS','taxConfiguration.gif','LBL_TAX_DESCRIPTION','index.php?module=Vtiger&parent=Settings&view=TaxIndex',1,0,0),(18,4,'LBL_SYSTEM_INFO','system.gif','LBL_SYSTEM_DESCRIPTION','index.php?module=Settings&submodule=Server&view=ProxyConfig',6,1,0),(20,4,'LBL_DEFAULT_MODULE_VIEW','set-IcoTwoTabConfig.gif','LBL_DEFAULT_MODULE_VIEW_DESC','index.php?module=Settings&action=DefModuleView&parenttab=Settings',2,0,0),(21,10,'INVENTORYTERMSANDCONDITIONS','terms.gif','LBL_INV_TANDC_DESCRIPTION','index.php?parent=Settings&module=Vtiger&view=TermsAndConditionsEdit',2,0,0),(22,5,'LBL_CUSTOMIZE_MODENT_NUMBER','settingsInvNumber.gif','LBL_CUSTOMIZE_MODENT_NUMBER_DESCRIPTION','index.php?module=Vtiger&parent=Settings&view=CustomRecordNumbering',4,0,0),(23,4,'LBL_MAIL_SCANNER','mailScanner.gif','LBL_MAIL_SCANNER_DESCRIPTION','index.php?parent=Settings&module=MailConverter&view=List',5,0,0),(24,7,'LBL_LIST_WORKFLOWS','settingsWorkflow.png','LBL_LIST_WORKFLOWS_DESCRIPTION','index.php?module=Workflows&parent=Settings&view=List',3,0,1),(25,8,'Configuration Editor','migrate.gif','LBL_CONFIG_EDITOR_DESCRIPTION','index.php?module=Vtiger&parent=Settings&view=ConfigEditorDetail',5,0,0),(26,7,'Scheduler','Cron.png','Allows you to Configure Cron Task','index.php?module=CronTasks&parent=Settings&view=List',2,0,0),(28,4,'ModTracker','set-IcoLoginHistory.gif','LBL_MODTRACKER_DESCRIPTION','index.php?module=ModTracker&action=BasicSettings&parenttab=Settings&formodule=ModTracker',9,0,0),(30,7,'Webforms','modules/Webforms/img/Webform.png','LBL_WEBFORMS_DESCRIPTION','index.php?module=Webforms&parent=Settings&view=List',1,0,0),(31,8,'LBL_CUSTOMER_PORTAL','portal_icon.png','PORTAL_EXTENSION_DESCRIPTION','index.php?module=CustomerPortal&parent=Settings&view=Index',2,0,0),(32,5,'LBL_EDIT_FIELDS','','LBL_LAYOUT_EDITOR_DESCRIPTION','index.php?module=LayoutEditor&parent=Settings&view=Index',2,0,0),(33,9,'LBL_LEAD_MAPPING','NULL','NULL','index.php?parent=Settings&module=Leads&view=MappingDetail',1,0,1),(34,9,'LBL_OPPORTUNITY_MAPPING','NULL','NULL','index.php?parent=Settings&module=Potentials&view=MappingDetail',2,1,1),(35,11,'My Preferences','NULL','NULL','index.php?module=Users&view=PreferenceDetail&parent=Settings&record=1',1,0,1),(36,11,'Calendar Settings','NULL','NULL','index.php?module=Users&parent=Settings&view=Calendar&record=1',2,0,1),(37,11,'LBL_MY_TAGS','NULL','NULL','index.php?module=Tags&parent=Settings&view=List&record=1',3,0,1),(38,12,'LBL_EXTENSION_STORE','NULL','NULL','index.php?module=ExtensionStore&parent=Settings&view=ExtensionStore',1,0,1),(39,12,'LBL_GOOGLE','NULL','NULL','index.php?module=Contacts&parent=Settings&view=Extension&extensionModule=Google&extensionView=Index&mode=settings',2,0,1),(40,4,'Address Autocomplete','','LBL_EE_ADDRESS_AUTOCOMPLETE_SETTINGS_DESCRIPTION','index.php?module=EEAddressAutocomplete&parent=Settings&view=Index',10,0,0),(41,12,'ITS4YouInstaller','','','index.php?module=ITS4YouInstaller&parent=Settings&view=Extensions',3,0,0),(42,4,'Process Flow','','','index.php?module=ITS4YouProcessFlow&parent=Settings&view=List',11,0,0);
/*!40000 ALTER TABLE `vtiger_settings_field` ENABLE KEYS */;
UNLOCK TABLES;

--
-- Table structure for table `vtiger_settings_field_seq`
--

DROP TABLE IF EXISTS `vtiger_settings_field_seq`;
/*!40101 SET @saved_cs_client     = @@character_set_client */;
/*!40101 SET character_set_client = utf8 */;
CREATE TABLE `vtiger_settings_field_seq` (
  `id` int(11) NOT NULL
) ENGINE=InnoDB DEFAULT CHARSET=utf8;
/*!40101 SET character_set_client = @saved_cs_client */;

--
-- Dumping data for table `vtiger_settings_field_seq`
--

LOCK TABLES `vtiger_settings_field_seq` WRITE;
/*!40000 ALTER TABLE `vtiger_settings_field_seq` DISABLE KEYS */;
INSERT INTO `vtiger_settings_field_seq` VALUES (42);
/*!40000 ALTER TABLE `vtiger_settings_field_seq` ENABLE KEYS */;
UNLOCK TABLES;

--
-- Table structure for table `vtiger_sharedcalendar`
--

DROP TABLE IF EXISTS `vtiger_sharedcalendar`;
/*!40101 SET @saved_cs_client     = @@character_set_client */;
/*!40101 SET character_set_client = utf8 */;
CREATE TABLE `vtiger_sharedcalendar` (
  `userid` int(19) NOT NULL,
  `sharedid` int(19) NOT NULL,
  PRIMARY KEY (`userid`,`sharedid`)
) ENGINE=InnoDB DEFAULT CHARSET=utf8;
/*!40101 SET character_set_client = @saved_cs_client */;

--
-- Dumping data for table `vtiger_sharedcalendar`
--

LOCK TABLES `vtiger_sharedcalendar` WRITE;
/*!40000 ALTER TABLE `vtiger_sharedcalendar` DISABLE KEYS */;
/*!40000 ALTER TABLE `vtiger_sharedcalendar` ENABLE KEYS */;
UNLOCK TABLES;

--
-- Table structure for table `vtiger_shareduserinfo`
--

DROP TABLE IF EXISTS `vtiger_shareduserinfo`;
/*!40101 SET @saved_cs_client     = @@character_set_client */;
/*!40101 SET character_set_client = utf8 */;
CREATE TABLE `vtiger_shareduserinfo` (
  `userid` int(19) NOT NULL DEFAULT '0',
  `shareduserid` int(19) NOT NULL DEFAULT '0',
  `color` varchar(50) DEFAULT NULL,
  `visible` int(19) DEFAULT '1'
) ENGINE=InnoDB DEFAULT CHARSET=utf8;
/*!40101 SET character_set_client = @saved_cs_client */;

--
-- Dumping data for table `vtiger_shareduserinfo`
--

LOCK TABLES `vtiger_shareduserinfo` WRITE;
/*!40000 ALTER TABLE `vtiger_shareduserinfo` DISABLE KEYS */;
/*!40000 ALTER TABLE `vtiger_shareduserinfo` ENABLE KEYS */;
UNLOCK TABLES;

--
-- Table structure for table `vtiger_shippingtaxinfo`
--

DROP TABLE IF EXISTS `vtiger_shippingtaxinfo`;
/*!40101 SET @saved_cs_client     = @@character_set_client */;
/*!40101 SET character_set_client = utf8 */;
CREATE TABLE `vtiger_shippingtaxinfo` (
  `taxid` int(3) NOT NULL,
  `taxname` varchar(50) DEFAULT NULL,
  `taxlabel` varchar(50) DEFAULT NULL,
  `percentage` decimal(7,3) DEFAULT NULL,
  `deleted` int(1) DEFAULT NULL,
  `method` varchar(10) DEFAULT NULL,
  `type` varchar(10) DEFAULT NULL,
  `compoundon` varchar(400) DEFAULT NULL,
  `regions` text,
  PRIMARY KEY (`taxid`),
  KEY `shippingtaxinfo_taxname_idx` (`taxname`)
) ENGINE=InnoDB DEFAULT CHARSET=utf8;
/*!40101 SET character_set_client = @saved_cs_client */;

--
-- Dumping data for table `vtiger_shippingtaxinfo`
--

LOCK TABLES `vtiger_shippingtaxinfo` WRITE;
/*!40000 ALTER TABLE `vtiger_shippingtaxinfo` DISABLE KEYS */;
INSERT INTO `vtiger_shippingtaxinfo` VALUES (1,'shtax1','VAT',4.500,0,'Simple','Fixed','[]','[]'),(2,'shtax2','Sales',10.000,0,'Simple','Fixed','[]','[]'),(3,'shtax3','Service',12.500,0,'Simple','Fixed','[]','[]');
/*!40000 ALTER TABLE `vtiger_shippingtaxinfo` ENABLE KEYS */;
UNLOCK TABLES;

--
-- Table structure for table `vtiger_shippingtaxinfo_seq`
--

DROP TABLE IF EXISTS `vtiger_shippingtaxinfo_seq`;
/*!40101 SET @saved_cs_client     = @@character_set_client */;
/*!40101 SET character_set_client = utf8 */;
CREATE TABLE `vtiger_shippingtaxinfo_seq` (
  `id` int(11) NOT NULL
) ENGINE=InnoDB DEFAULT CHARSET=utf8;
/*!40101 SET character_set_client = @saved_cs_client */;

--
-- Dumping data for table `vtiger_shippingtaxinfo_seq`
--

LOCK TABLES `vtiger_shippingtaxinfo_seq` WRITE;
/*!40000 ALTER TABLE `vtiger_shippingtaxinfo_seq` DISABLE KEYS */;
INSERT INTO `vtiger_shippingtaxinfo_seq` VALUES (3);
/*!40000 ALTER TABLE `vtiger_shippingtaxinfo_seq` ENABLE KEYS */;
UNLOCK TABLES;

--
-- Table structure for table `vtiger_shorturls`
--

DROP TABLE IF EXISTS `vtiger_shorturls`;
/*!40101 SET @saved_cs_client     = @@character_set_client */;
/*!40101 SET character_set_client = utf8 */;
CREATE TABLE `vtiger_shorturls` (
  `id` int(11) NOT NULL AUTO_INCREMENT,
  `uid` varchar(50) DEFAULT NULL,
  `handler_path` varchar(400) DEFAULT NULL,
  `handler_class` varchar(100) DEFAULT NULL,
  `handler_function` varchar(100) DEFAULT NULL,
  `handler_data` varchar(255) DEFAULT NULL,
  `onetime` int(5) DEFAULT NULL,
  PRIMARY KEY (`id`),
  KEY `uid` (`uid`)
) ENGINE=InnoDB AUTO_INCREMENT=26 DEFAULT CHARSET=utf8;
/*!40101 SET character_set_client = @saved_cs_client */;

--
-- Dumping data for table `vtiger_shorturls`
--

LOCK TABLES `vtiger_shorturls` WRITE;
/*!40000 ALTER TABLE `vtiger_shorturls` DISABLE KEYS */;
INSERT INTO `vtiger_shorturls` VALUES (1,'61faabae6e0420.76111208','modules/Emails/handlers/Tracker.php','Emails_Tracker_Handler','process','{\"record\":30,\"parentId\":\"29\",\"method\":\"open\"}',0),(2,'61faaf335906c6.14620526','modules/Emails/handlers/Tracker.php','Emails_Tracker_Handler','process','{\"record\":31,\"parentId\":\"29\",\"method\":\"open\"}',0),(3,'6218fbd7492cc5.74852054','modules/Emails/handlers/Tracker.php','Emails_Tracker_Handler','process','{\"record\":1075,\"parentId\":\"1074\",\"method\":\"open\"}',0),(4,'6219260702de10.81906719','modules/Emails/handlers/Tracker.php','Emails_Tracker_Handler','process','{\"record\":1077,\"parentId\":\"1076\",\"method\":\"open\"}',0),(5,'6219298acab421.09486737','modules/Emails/handlers/Tracker.php','Emails_Tracker_Handler','process','{\"record\":1080,\"parentId\":\"1078\",\"method\":\"open\"}',0),(6,'6219298aee3093.42431053','modules/Emails/handlers/Tracker.php','Emails_Tracker_Handler','process','{\"record\":1081,\"parentId\":\"1079\",\"method\":\"open\"}',0),(7,'62192d0e150a32.31887443','modules/Emails/handlers/Tracker.php','Emails_Tracker_Handler','process','{\"record\":1083,\"parentId\":\"1082\",\"method\":\"open\"}',0),(8,'621934173aa891.59217077','modules/Emails/handlers/Tracker.php','Emails_Tracker_Handler','process','{\"record\":1085,\"parentId\":\"1082\",\"method\":\"open\"}',0),(9,'6219379a9be689.94334263','modules/Emails/handlers/Tracker.php','Emails_Tracker_Handler','process','{\"record\":1089,\"parentId\":\"1079\",\"method\":\"open\"}',0),(10,'621a90242b5604.39686528','modules/Emails/handlers/Tracker.php','Emails_Tracker_Handler','process','{\"record\":1092,\"parentId\":\"1091\",\"method\":\"open\"}',0),(11,'621a93a6ed5259.41438247','modules/Emails/handlers/Tracker.php','Emails_Tracker_Handler','process','{\"record\":1099,\"parentId\":\"1094\",\"method\":\"open\"}',0),(12,'621a93a710c5f9.89760346','modules/Emails/handlers/Tracker.php','Emails_Tracker_Handler','process','{\"record\":1100,\"parentId\":\"1091\",\"method\":\"open\"}',0),(13,'621a93a72d4066.38246145','modules/Emails/handlers/Tracker.php','Emails_Tracker_Handler','process','{\"record\":1101,\"parentId\":\"1094\",\"method\":\"open\"}',0),(14,'621a93a739fec1.36447635','modules/Emails/handlers/Tracker.php','Emails_Tracker_Handler','process','{\"record\":1102,\"parentId\":\"1095\",\"method\":\"open\"}',0),(15,'621a93a74658a8.44361529','modules/Emails/handlers/Tracker.php','Emails_Tracker_Handler','process','{\"record\":1103,\"parentId\":\"1098\",\"method\":\"open\"}',0),(16,'621a972cac58a4.40699431','modules/Emails/handlers/Tracker.php','Emails_Tracker_Handler','process','{\"record\":1112,\"parentId\":\"1105\",\"method\":\"open\"}',0),(17,'621a972cf218b3.05029527','modules/Emails/handlers/Tracker.php','Emails_Tracker_Handler','process','{\"record\":1113,\"parentId\":\"1107\",\"method\":\"open\"}',0),(18,'621a972dcd0e76.98787676','modules/Emails/handlers/Tracker.php','Emails_Tracker_Handler','process','{\"record\":1114,\"parentId\":\"1109\",\"method\":\"open\"}',0),(19,'621a972e083c70.97289956','modules/Emails/handlers/Tracker.php','Emails_Tracker_Handler','process','{\"record\":1115,\"parentId\":\"1111\",\"method\":\"open\"}',0),(20,'621a9aae9e7815.53134661','modules/Emails/handlers/Tracker.php','Emails_Tracker_Handler','process','{\"record\":1119,\"parentId\":\"1117\",\"method\":\"open\"}',0),(21,'621a9aaeba47a6.75003580','modules/Emails/handlers/Tracker.php','Emails_Tracker_Handler','process','{\"record\":1120,\"parentId\":\"1117\",\"method\":\"open\"}',0),(22,'621a9e341c84a1.53396418','modules/Emails/handlers/Tracker.php','Emails_Tracker_Handler','process','{\"record\":1125,\"parentId\":\"1121\",\"method\":\"open\"}',0),(23,'621a9e346587c7.51948814','modules/Emails/handlers/Tracker.php','Emails_Tracker_Handler','process','{\"record\":1126,\"parentId\":\"1123\",\"method\":\"open\"}',0),(24,'6222abc4aad804.38945429','modules/Emails/handlers/ViewInBrowser.php','Emails_ViewInBrowser_Handler','viewInBrowser','{\"emailId\":1129,\"parentModule\":\"Leads\"}',0),(25,'6222d93b271881.93761964','modules/Emails/handlers/Tracker.php','Emails_Tracker_Handler','process','{\"record\":1130,\"parentId\":\"1128\",\"method\":\"open\"}',0);
/*!40000 ALTER TABLE `vtiger_shorturls` ENABLE KEYS */;
UNLOCK TABLES;

--
-- Table structure for table `vtiger_smsnotifier`
--

DROP TABLE IF EXISTS `vtiger_smsnotifier`;
/*!40101 SET @saved_cs_client     = @@character_set_client */;
/*!40101 SET character_set_client = utf8 */;
CREATE TABLE `vtiger_smsnotifier` (
  `smsnotifierid` int(19) NOT NULL,
  `message` text,
  `status` varchar(100) DEFAULT NULL,
  PRIMARY KEY (`smsnotifierid`),
  CONSTRAINT `fk_crmid_vtiger_smsnotifier` FOREIGN KEY (`smsnotifierid`) REFERENCES `vtiger_crmentity` (`crmid`) ON DELETE CASCADE
) ENGINE=InnoDB DEFAULT CHARSET=utf8;
/*!40101 SET character_set_client = @saved_cs_client */;

--
-- Dumping data for table `vtiger_smsnotifier`
--

LOCK TABLES `vtiger_smsnotifier` WRITE;
/*!40000 ALTER TABLE `vtiger_smsnotifier` DISABLE KEYS */;
/*!40000 ALTER TABLE `vtiger_smsnotifier` ENABLE KEYS */;
UNLOCK TABLES;

--
-- Table structure for table `vtiger_smsnotifier_servers`
--

DROP TABLE IF EXISTS `vtiger_smsnotifier_servers`;
/*!40101 SET @saved_cs_client     = @@character_set_client */;
/*!40101 SET character_set_client = utf8 */;
CREATE TABLE `vtiger_smsnotifier_servers` (
  `id` int(11) NOT NULL AUTO_INCREMENT,
  `password` varchar(255) DEFAULT NULL,
  `isactive` int(1) DEFAULT NULL,
  `providertype` varchar(50) DEFAULT NULL,
  `username` varchar(255) DEFAULT NULL,
  `parameters` text,
  PRIMARY KEY (`id`)
) ENGINE=InnoDB DEFAULT CHARSET=utf8;
/*!40101 SET character_set_client = @saved_cs_client */;

--
-- Dumping data for table `vtiger_smsnotifier_servers`
--

LOCK TABLES `vtiger_smsnotifier_servers` WRITE;
/*!40000 ALTER TABLE `vtiger_smsnotifier_servers` DISABLE KEYS */;
/*!40000 ALTER TABLE `vtiger_smsnotifier_servers` ENABLE KEYS */;
UNLOCK TABLES;

--
-- Table structure for table `vtiger_smsnotifier_status`
--

DROP TABLE IF EXISTS `vtiger_smsnotifier_status`;
/*!40101 SET @saved_cs_client     = @@character_set_client */;
/*!40101 SET character_set_client = utf8 */;
CREATE TABLE `vtiger_smsnotifier_status` (
  `smsnotifierid` int(19) DEFAULT NULL,
  `tonumber` varchar(20) DEFAULT NULL,
  `status` varchar(10) DEFAULT NULL,
  `smsmessageid` varchar(50) DEFAULT NULL,
  `needlookup` int(1) DEFAULT '1',
  `statusid` int(11) NOT NULL AUTO_INCREMENT,
  `statusmessage` varchar(100) DEFAULT NULL,
  PRIMARY KEY (`statusid`)
) ENGINE=InnoDB DEFAULT CHARSET=utf8;
/*!40101 SET character_set_client = @saved_cs_client */;

--
-- Dumping data for table `vtiger_smsnotifier_status`
--

LOCK TABLES `vtiger_smsnotifier_status` WRITE;
/*!40000 ALTER TABLE `vtiger_smsnotifier_status` DISABLE KEYS */;
/*!40000 ALTER TABLE `vtiger_smsnotifier_status` ENABLE KEYS */;
UNLOCK TABLES;

--
-- Table structure for table `vtiger_smsnotifiercf`
--

DROP TABLE IF EXISTS `vtiger_smsnotifiercf`;
/*!40101 SET @saved_cs_client     = @@character_set_client */;
/*!40101 SET character_set_client = utf8 */;
CREATE TABLE `vtiger_smsnotifiercf` (
  `smsnotifierid` int(19) NOT NULL,
  PRIMARY KEY (`smsnotifierid`),
  CONSTRAINT `fk_smsnotifierid_vtiger_smsnotifiercf` FOREIGN KEY (`smsnotifierid`) REFERENCES `vtiger_smsnotifier` (`smsnotifierid`) ON DELETE CASCADE
) ENGINE=InnoDB DEFAULT CHARSET=utf8;
/*!40101 SET character_set_client = @saved_cs_client */;

--
-- Dumping data for table `vtiger_smsnotifiercf`
--

LOCK TABLES `vtiger_smsnotifiercf` WRITE;
/*!40000 ALTER TABLE `vtiger_smsnotifiercf` DISABLE KEYS */;
/*!40000 ALTER TABLE `vtiger_smsnotifiercf` ENABLE KEYS */;
UNLOCK TABLES;

--
-- Table structure for table `vtiger_soapservice`
--

DROP TABLE IF EXISTS `vtiger_soapservice`;
/*!40101 SET @saved_cs_client     = @@character_set_client */;
/*!40101 SET character_set_client = utf8 */;
CREATE TABLE `vtiger_soapservice` (
  `id` int(19) DEFAULT NULL,
  `type` varchar(25) DEFAULT NULL,
  `sessionid` varchar(100) DEFAULT NULL
) ENGINE=InnoDB DEFAULT CHARSET=utf8;
/*!40101 SET character_set_client = @saved_cs_client */;

--
-- Dumping data for table `vtiger_soapservice`
--

LOCK TABLES `vtiger_soapservice` WRITE;
/*!40000 ALTER TABLE `vtiger_soapservice` DISABLE KEYS */;
/*!40000 ALTER TABLE `vtiger_soapservice` ENABLE KEYS */;
UNLOCK TABLES;

--
-- Table structure for table `vtiger_sobillads`
--

DROP TABLE IF EXISTS `vtiger_sobillads`;
/*!40101 SET @saved_cs_client     = @@character_set_client */;
/*!40101 SET character_set_client = utf8 */;
CREATE TABLE `vtiger_sobillads` (
  `sobilladdressid` int(19) NOT NULL DEFAULT '0',
  `bill_city` varchar(30) DEFAULT NULL,
  `bill_code` varchar(30) DEFAULT NULL,
  `bill_country` varchar(30) DEFAULT NULL,
  `bill_state` varchar(30) DEFAULT NULL,
  `bill_street` varchar(250) DEFAULT NULL,
  `bill_pobox` varchar(30) DEFAULT NULL,
  PRIMARY KEY (`sobilladdressid`),
  CONSTRAINT `fk_1_vtiger_sobillads` FOREIGN KEY (`sobilladdressid`) REFERENCES `vtiger_salesorder` (`salesorderid`) ON DELETE CASCADE
) ENGINE=InnoDB DEFAULT CHARSET=utf8;
/*!40101 SET character_set_client = @saved_cs_client */;

--
-- Dumping data for table `vtiger_sobillads`
--

LOCK TABLES `vtiger_sobillads` WRITE;
/*!40000 ALTER TABLE `vtiger_sobillads` DISABLE KEYS */;
INSERT INTO `vtiger_sobillads` VALUES (1084,NULL,'',NULL,NULL,NULL,NULL),(1086,NULL,'',NULL,NULL,NULL,NULL),(1087,NULL,'',NULL,NULL,NULL,NULL),(1088,NULL,'',NULL,NULL,NULL,NULL),(1093,NULL,'',NULL,NULL,NULL,NULL),(1096,NULL,'',NULL,NULL,NULL,NULL),(1097,NULL,'',NULL,NULL,NULL,NULL),(1104,NULL,'',NULL,NULL,NULL,NULL),(1106,NULL,'',NULL,NULL,NULL,NULL),(1108,NULL,'',NULL,NULL,NULL,NULL),(1110,NULL,'',NULL,NULL,NULL,NULL),(1116,NULL,'',NULL,NULL,NULL,NULL),(1118,NULL,'',NULL,NULL,NULL,NULL),(1122,NULL,'',NULL,NULL,NULL,NULL),(1124,NULL,'',NULL,NULL,NULL,NULL),(1160,NULL,'',NULL,NULL,NULL,NULL);
/*!40000 ALTER TABLE `vtiger_sobillads` ENABLE KEYS */;
UNLOCK TABLES;

--
-- Table structure for table `vtiger_soshipads`
--

DROP TABLE IF EXISTS `vtiger_soshipads`;
/*!40101 SET @saved_cs_client     = @@character_set_client */;
/*!40101 SET character_set_client = utf8 */;
CREATE TABLE `vtiger_soshipads` (
  `soshipaddressid` int(19) NOT NULL DEFAULT '0',
  `ship_city` varchar(30) DEFAULT NULL,
  `ship_code` varchar(30) DEFAULT NULL,
  `ship_country` varchar(30) DEFAULT NULL,
  `ship_state` varchar(30) DEFAULT NULL,
  `ship_street` varchar(250) DEFAULT NULL,
  `ship_pobox` varchar(30) DEFAULT NULL,
  PRIMARY KEY (`soshipaddressid`),
  CONSTRAINT `fk_1_vtiger_soshipads` FOREIGN KEY (`soshipaddressid`) REFERENCES `vtiger_salesorder` (`salesorderid`) ON DELETE CASCADE
) ENGINE=InnoDB DEFAULT CHARSET=utf8;
/*!40101 SET character_set_client = @saved_cs_client */;

--
-- Dumping data for table `vtiger_soshipads`
--

LOCK TABLES `vtiger_soshipads` WRITE;
/*!40000 ALTER TABLE `vtiger_soshipads` DISABLE KEYS */;
INSERT INTO `vtiger_soshipads` VALUES (1084,'','','','','Calle 143 # 118 - 20 conjunto San Andrs Suba',''),(1086,'','','','','Calle 40a # 41-68 prado',''),(1087,'','','','','Cra 5 nmero 34 _ 81',''),(1088,'','','','','Cra 73 A # 30 B 04 casa piso 3, barrio Beln rosales',''),(1093,'','','','','cra 10 # 6 90 conjunto la pradera casa 99',''),(1096,'','','','','Calle 13  # 41-16 segundo piso Av Paso Ancho',''),(1097,'','','','','calle 20 #11-30 conjunto cerrado parques del Pinar torre 2 apartamento 502',''),(1104,'','','','','cra 84 e 9-44 barrio belen aliadas casa primer piso',''),(1106,'','','','','Rodadero sur carrera 2 calle 19 Av tamaca frente hotel real tamaca',''),(1108,'','','','','Carrera 29 bis#27_51 barrio el jardn',''),(1110,'','','','','Unidad allegro Bochalema \nCalle 28 # 113 57',''),(1116,'','','','','Cra 39 77 sur 84 apto 403\nMaderos del campo 3',''),(1118,'','','','','Tranversal 70 D bis a # 68-75 torre 3 apto 1308 \nConjunto residencial Torres de Bellavista',''),(1122,'','','','','Carrera 115 #151c - 51 conjunto camino verde del cerezo bloque 8 apto 303',''),(1124,'','','','','Carrera 12 #2-179',''),(1160,'','76001','CO','','calle123','');
/*!40000 ALTER TABLE `vtiger_soshipads` ENABLE KEYS */;
UNLOCK TABLES;

--
-- Table structure for table `vtiger_sostatus`
--

DROP TABLE IF EXISTS `vtiger_sostatus`;
/*!40101 SET @saved_cs_client     = @@character_set_client */;
/*!40101 SET character_set_client = utf8 */;
CREATE TABLE `vtiger_sostatus` (
  `sostatusid` int(19) NOT NULL AUTO_INCREMENT,
  `sostatus` varchar(200) NOT NULL,
  `presence` int(1) NOT NULL DEFAULT '1',
  `picklist_valueid` int(19) NOT NULL DEFAULT '0',
  `sortorderid` int(11) DEFAULT NULL,
  `color` varchar(10) DEFAULT NULL,
  PRIMARY KEY (`sostatusid`),
  UNIQUE KEY `sostatus_sostatus_idx` (`sostatus`)
) ENGINE=InnoDB AUTO_INCREMENT=5 DEFAULT CHARSET=utf8;
/*!40101 SET character_set_client = @saved_cs_client */;

--
-- Dumping data for table `vtiger_sostatus`
--

LOCK TABLES `vtiger_sostatus` WRITE;
/*!40000 ALTER TABLE `vtiger_sostatus` DISABLE KEYS */;
INSERT INTO `vtiger_sostatus` VALUES (1,'Created',0,166,0,NULL),(2,'Approved',0,167,1,NULL),(3,'Delivered',0,168,2,NULL),(4,'Cancelled',0,169,3,NULL);
/*!40000 ALTER TABLE `vtiger_sostatus` ENABLE KEYS */;
UNLOCK TABLES;

--
-- Table structure for table `vtiger_sostatus_seq`
--

DROP TABLE IF EXISTS `vtiger_sostatus_seq`;
/*!40101 SET @saved_cs_client     = @@character_set_client */;
/*!40101 SET character_set_client = utf8 */;
CREATE TABLE `vtiger_sostatus_seq` (
  `id` int(11) NOT NULL
) ENGINE=InnoDB DEFAULT CHARSET=utf8;
/*!40101 SET character_set_client = @saved_cs_client */;

--
-- Dumping data for table `vtiger_sostatus_seq`
--

LOCK TABLES `vtiger_sostatus_seq` WRITE;
/*!40000 ALTER TABLE `vtiger_sostatus_seq` DISABLE KEYS */;
INSERT INTO `vtiger_sostatus_seq` VALUES (4);
/*!40000 ALTER TABLE `vtiger_sostatus_seq` ENABLE KEYS */;
UNLOCK TABLES;

--
-- Table structure for table `vtiger_sostatushistory`
--

DROP TABLE IF EXISTS `vtiger_sostatushistory`;
/*!40101 SET @saved_cs_client     = @@character_set_client */;
/*!40101 SET character_set_client = utf8 */;
CREATE TABLE `vtiger_sostatushistory` (
  `historyid` int(19) NOT NULL AUTO_INCREMENT,
  `salesorderid` int(19) NOT NULL,
  `accountname` varchar(100) DEFAULT NULL,
  `total` decimal(10,0) DEFAULT NULL,
  `sostatus` varchar(200) DEFAULT NULL,
  `lastmodified` datetime DEFAULT NULL,
  PRIMARY KEY (`historyid`),
  KEY `sostatushistory_salesorderid_idx` (`salesorderid`),
  CONSTRAINT `fk_1_vtiger_sostatushistory` FOREIGN KEY (`salesorderid`) REFERENCES `vtiger_salesorder` (`salesorderid`) ON DELETE CASCADE
) ENGINE=InnoDB DEFAULT CHARSET=utf8;
/*!40101 SET character_set_client = @saved_cs_client */;

--
-- Dumping data for table `vtiger_sostatushistory`
--

LOCK TABLES `vtiger_sostatushistory` WRITE;
/*!40000 ALTER TABLE `vtiger_sostatushistory` DISABLE KEYS */;
/*!40000 ALTER TABLE `vtiger_sostatushistory` ENABLE KEYS */;
UNLOCK TABLES;

--
-- Table structure for table `vtiger_sqltimelog`
--

DROP TABLE IF EXISTS `vtiger_sqltimelog`;
/*!40101 SET @saved_cs_client     = @@character_set_client */;
/*!40101 SET character_set_client = utf8 */;
CREATE TABLE `vtiger_sqltimelog` (
  `id` int(11) DEFAULT NULL,
  `type` varchar(10) DEFAULT NULL,
  `data` text,
  `started` decimal(20,6) DEFAULT NULL,
  `ended` decimal(20,6) DEFAULT NULL,
  `loggedon` datetime DEFAULT NULL
) ENGINE=InnoDB DEFAULT CHARSET=utf8;
/*!40101 SET character_set_client = @saved_cs_client */;

--
-- Dumping data for table `vtiger_sqltimelog`
--

LOCK TABLES `vtiger_sqltimelog` WRITE;
/*!40000 ALTER TABLE `vtiger_sqltimelog` DISABLE KEYS */;
/*!40000 ALTER TABLE `vtiger_sqltimelog` ENABLE KEYS */;
UNLOCK TABLES;

--
-- Table structure for table `vtiger_start_hour`
--

DROP TABLE IF EXISTS `vtiger_start_hour`;
/*!40101 SET @saved_cs_client     = @@character_set_client */;
/*!40101 SET character_set_client = utf8 */;
CREATE TABLE `vtiger_start_hour` (
  `start_hourid` int(11) NOT NULL AUTO_INCREMENT,
  `start_hour` varchar(200) NOT NULL,
  `sortorderid` int(11) DEFAULT NULL,
  `presence` int(11) NOT NULL DEFAULT '1',
  PRIMARY KEY (`start_hourid`)
) ENGINE=InnoDB AUTO_INCREMENT=25 DEFAULT CHARSET=utf8;
/*!40101 SET character_set_client = @saved_cs_client */;

--
-- Dumping data for table `vtiger_start_hour`
--

LOCK TABLES `vtiger_start_hour` WRITE;
/*!40000 ALTER TABLE `vtiger_start_hour` DISABLE KEYS */;
INSERT INTO `vtiger_start_hour` VALUES (1,'00:00',0,1),(2,'01:00',1,1),(3,'02:00',2,1),(4,'03:00',3,1),(5,'04:00',4,1),(6,'05:00',5,1),(7,'06:00',6,1),(8,'07:00',7,1),(9,'08:00',8,1),(10,'09:00',9,1),(11,'10:00',10,1),(12,'11:00',11,1),(13,'12:00',12,1),(14,'13:00',13,1),(15,'14:00',14,1),(16,'15:00',15,1),(17,'16:00',16,1),(18,'17:00',17,1),(19,'18:00',18,1),(20,'19:00',19,1),(21,'20:00',20,1),(22,'21:00',21,1),(23,'22:00',22,1),(24,'23:00',23,1);
/*!40000 ALTER TABLE `vtiger_start_hour` ENABLE KEYS */;
UNLOCK TABLES;

--
-- Table structure for table `vtiger_start_hour_seq`
--

DROP TABLE IF EXISTS `vtiger_start_hour_seq`;
/*!40101 SET @saved_cs_client     = @@character_set_client */;
/*!40101 SET character_set_client = utf8 */;
CREATE TABLE `vtiger_start_hour_seq` (
  `id` int(11) NOT NULL
) ENGINE=InnoDB DEFAULT CHARSET=utf8;
/*!40101 SET character_set_client = @saved_cs_client */;

--
-- Dumping data for table `vtiger_start_hour_seq`
--

LOCK TABLES `vtiger_start_hour_seq` WRITE;
/*!40000 ALTER TABLE `vtiger_start_hour_seq` DISABLE KEYS */;
INSERT INTO `vtiger_start_hour_seq` VALUES (24);
/*!40000 ALTER TABLE `vtiger_start_hour_seq` ENABLE KEYS */;
UNLOCK TABLES;

--
-- Table structure for table `vtiger_status`
--

DROP TABLE IF EXISTS `vtiger_status`;
/*!40101 SET @saved_cs_client     = @@character_set_client */;
/*!40101 SET character_set_client = utf8 */;
CREATE TABLE `vtiger_status` (
  `statusid` int(19) NOT NULL AUTO_INCREMENT,
  `status` varchar(200) NOT NULL,
  `presence` int(1) NOT NULL DEFAULT '1',
  `picklist_valueid` int(19) NOT NULL DEFAULT '0',
  PRIMARY KEY (`statusid`)
) ENGINE=InnoDB AUTO_INCREMENT=3 DEFAULT CHARSET=utf8;
/*!40101 SET character_set_client = @saved_cs_client */;

--
-- Dumping data for table `vtiger_status`
--

LOCK TABLES `vtiger_status` WRITE;
/*!40000 ALTER TABLE `vtiger_status` DISABLE KEYS */;
INSERT INTO `vtiger_status` VALUES (1,'Active',0,1),(2,'Inactive',1,1);
/*!40000 ALTER TABLE `vtiger_status` ENABLE KEYS */;
UNLOCK TABLES;

--
-- Table structure for table `vtiger_status_seq`
--

DROP TABLE IF EXISTS `vtiger_status_seq`;
/*!40101 SET @saved_cs_client     = @@character_set_client */;
/*!40101 SET character_set_client = utf8 */;
CREATE TABLE `vtiger_status_seq` (
  `id` int(11) NOT NULL
) ENGINE=InnoDB DEFAULT CHARSET=utf8;
/*!40101 SET character_set_client = @saved_cs_client */;

--
-- Dumping data for table `vtiger_status_seq`
--

LOCK TABLES `vtiger_status_seq` WRITE;
/*!40000 ALTER TABLE `vtiger_status_seq` DISABLE KEYS */;
INSERT INTO `vtiger_status_seq` VALUES (2);
/*!40000 ALTER TABLE `vtiger_status_seq` ENABLE KEYS */;
UNLOCK TABLES;

--
-- Table structure for table `vtiger_systems`
--

DROP TABLE IF EXISTS `vtiger_systems`;
/*!40101 SET @saved_cs_client     = @@character_set_client */;
/*!40101 SET character_set_client = utf8 */;
CREATE TABLE `vtiger_systems` (
  `id` int(19) NOT NULL,
  `server` varchar(100) DEFAULT NULL,
  `server_port` int(19) DEFAULT NULL,
  `server_username` varchar(100) DEFAULT NULL,
  `server_password` text,
  `server_type` varchar(20) DEFAULT NULL,
  `smtp_auth` varchar(5) DEFAULT NULL,
  `server_path` varchar(256) DEFAULT NULL,
  `from_email_field` varchar(50) DEFAULT NULL,
  PRIMARY KEY (`id`)
) ENGINE=InnoDB DEFAULT CHARSET=utf8;
/*!40101 SET character_set_client = @saved_cs_client */;

--
-- Dumping data for table `vtiger_systems`
--

LOCK TABLES `vtiger_systems` WRITE;
/*!40000 ALTER TABLE `vtiger_systems` DISABLE KEYS */;
INSERT INTO `vtiger_systems` VALUES (1,'smtppro.zoho.com:587',0,'paola.delgado@detupiel.co','$ve$z8_Ozs_Ozs7Pzs_Pz8_Oz8_Ozs7Pzs_Pz8_Ozs_Pz87Pzs_Pzs_Oz8_Oz8_Ozs_Pz87Oz8_Oz8_Pz87Oz87Pzs_Ozs_Oz87Pz87Oz87Pz8_Pzs7Pzs_Oz8_Oz8_Pzs_P','email','1',NULL,'paola.delgado@detupiel.co');
/*!40000 ALTER TABLE `vtiger_systems` ENABLE KEYS */;
UNLOCK TABLES;

--
-- Table structure for table `vtiger_systems_seq`
--

DROP TABLE IF EXISTS `vtiger_systems_seq`;
/*!40101 SET @saved_cs_client     = @@character_set_client */;
/*!40101 SET character_set_client = utf8 */;
CREATE TABLE `vtiger_systems_seq` (
  `id` int(11) NOT NULL
) ENGINE=InnoDB DEFAULT CHARSET=utf8;
/*!40101 SET character_set_client = @saved_cs_client */;

--
-- Dumping data for table `vtiger_systems_seq`
--

LOCK TABLES `vtiger_systems_seq` WRITE;
/*!40000 ALTER TABLE `vtiger_systems_seq` DISABLE KEYS */;
INSERT INTO `vtiger_systems_seq` VALUES (1);
/*!40000 ALTER TABLE `vtiger_systems_seq` ENABLE KEYS */;
UNLOCK TABLES;

--
-- Table structure for table `vtiger_tab`
--

DROP TABLE IF EXISTS `vtiger_tab`;
/*!40101 SET @saved_cs_client     = @@character_set_client */;
/*!40101 SET character_set_client = utf8 */;
CREATE TABLE `vtiger_tab` (
  `tabid` int(19) NOT NULL DEFAULT '0',
  `name` varchar(25) NOT NULL,
  `presence` int(19) NOT NULL DEFAULT '1',
  `tabsequence` int(10) DEFAULT NULL,
  `tablabel` varchar(100) DEFAULT NULL,
  `modifiedby` int(19) DEFAULT NULL,
  `modifiedtime` int(19) DEFAULT NULL,
  `customized` int(19) DEFAULT NULL,
  `ownedby` int(19) DEFAULT NULL,
  `isentitytype` int(11) NOT NULL DEFAULT '1',
  `trial` int(1) NOT NULL DEFAULT '0',
  `version` varchar(10) DEFAULT NULL,
  `parent` varchar(30) DEFAULT NULL,
  `source` varchar(255) DEFAULT 'custom',
  `issyncable` tinyint(1) DEFAULT '0',
  `allowduplicates` tinyint(1) DEFAULT '1',
  `sync_action_for_duplicates` int(1) DEFAULT '1',
  PRIMARY KEY (`tabid`),
  UNIQUE KEY `tab_name_idx` (`name`),
  KEY `tab_modifiedby_idx` (`modifiedby`),
  KEY `tab_tabid_idx` (`tabid`)
) ENGINE=InnoDB DEFAULT CHARSET=utf8;
/*!40101 SET character_set_client = @saved_cs_client */;

--
-- Dumping data for table `vtiger_tab`
--

LOCK TABLES `vtiger_tab` WRITE;
/*!40000 ALTER TABLE `vtiger_tab` DISABLE KEYS */;
INSERT INTO `vtiger_tab` VALUES (1,'Dashboard',0,12,'Dashboards',NULL,NULL,0,1,0,0,NULL,'Analytics',NULL,1,1,1),(2,'Potentials',1,7,'Potentials',NULL,NULL,0,0,1,0,NULL,'Sales',NULL,1,1,1),(3,'Home',0,1,'Home',NULL,NULL,0,1,0,0,NULL,NULL,NULL,1,1,1),(4,'Contacts',0,6,'Contacts',NULL,NULL,0,0,1,0,NULL,'Sales',NULL,1,1,1),(6,'Accounts',0,5,'Accounts',NULL,NULL,0,0,1,0,NULL,'Sales',NULL,1,0,1),(7,'Leads',0,4,'Leads',NULL,NULL,0,0,1,0,NULL,'Sales',NULL,1,1,1),(8,'Documents',0,9,'Documents',NULL,NULL,0,0,1,0,NULL,'Tools',NULL,1,1,1),(9,'Calendar',0,3,'Calendar',NULL,NULL,0,0,1,0,NULL,'Tools',NULL,1,1,1),(10,'Emails',0,10,'Emails',NULL,NULL,0,0,1,0,NULL,'Tools',NULL,1,1,1),(13,'HelpDesk',0,11,'HelpDesk',NULL,NULL,0,0,1,0,NULL,'Support',NULL,1,1,1),(14,'Products',0,8,'Products',NULL,NULL,0,0,1,0,NULL,'Inventory',NULL,1,1,1),(15,'Faq',1,-1,'Faq',NULL,NULL,0,1,1,0,NULL,'Support',NULL,1,1,1),(16,'Events',2,-1,'Events',NULL,NULL,0,0,1,0,NULL,NULL,NULL,1,1,1),(18,'Vendors',0,-1,'Vendors',NULL,NULL,0,0,1,0,NULL,'Inventory',NULL,1,1,1),(19,'PriceBooks',0,-1,'PriceBooks',NULL,NULL,0,1,1,0,NULL,'Inventory',NULL,1,1,1),(20,'Quotes',0,-1,'Quotes',NULL,NULL,0,0,1,0,NULL,'Sales',NULL,1,1,1),(21,'PurchaseOrder',1,-1,'PurchaseOrder',NULL,NULL,0,0,1,0,NULL,'Inventory',NULL,1,1,1),(22,'SalesOrder',0,-1,'SalesOrder',NULL,NULL,0,0,1,0,NULL,'Sales',NULL,1,1,1),(23,'Invoice',0,-1,'Invoice',NULL,NULL,0,0,1,0,NULL,'Sales',NULL,1,1,1),(24,'Rss',1,-1,'Rss',NULL,NULL,0,1,0,0,NULL,'Tools',NULL,1,1,1),(25,'Reports',0,-1,'Reports',NULL,NULL,0,1,0,0,NULL,'Analytics',NULL,1,1,1),(26,'Campaigns',1,-1,'Campaigns',NULL,NULL,0,0,1,0,NULL,'Marketing',NULL,1,1,1),(27,'Portal',1,-1,'Portal',NULL,NULL,0,1,0,0,NULL,'Tools',NULL,1,1,1),(28,'Webmails',0,-1,'Webmails',NULL,NULL,0,1,1,0,NULL,NULL,NULL,1,1,1),(29,'Users',0,-1,'Users',NULL,NULL,0,1,0,0,NULL,NULL,NULL,1,1,1),(30,'Import',0,-1,'Import',NULL,NULL,1,0,0,0,'1.7','',NULL,1,1,1),(31,'ModTracker',0,-1,'ModTracker',NULL,NULL,0,0,0,0,'1.2','',NULL,1,1,1),(32,'Services',1,-1,'Services',NULL,NULL,0,0,1,0,'2.6','Inventory',NULL,1,1,1),(33,'Mobile',0,-1,'Mobile',NULL,NULL,1,0,0,0,'2.0','',NULL,1,1,1),(34,'PBXManager',1,-1,'PBXManager',NULL,NULL,1,0,1,0,'2.2','Tools',NULL,1,1,1),(35,'ServiceContracts',1,-1,'Service Contracts',NULL,NULL,0,0,1,0,'2.4','Support',NULL,1,1,1),(36,'WSAPP',0,-1,'WSAPP',NULL,NULL,1,0,0,0,'3.4.4','',NULL,1,1,1),(37,'MailManager',1,-1,'MailManager',NULL,NULL,1,0,0,0,'1.9','Tools',NULL,1,1,1),(38,'ProjectMilestone',0,-1,'ProjectMilestone',NULL,NULL,0,0,1,0,'3.0','Support',NULL,1,1,1),(39,'ProjectTask',0,-1,'ProjectTask',NULL,NULL,0,0,1,0,'3.1','Support',NULL,1,1,1),(40,'Project',1,-1,'Project',NULL,NULL,0,0,1,0,'3.3','Support',NULL,1,1,1),(41,'Webforms',0,-1,'Webforms',NULL,NULL,0,0,0,0,'1.6','',NULL,1,1,1),(42,'RecycleBin',0,-1,'Recycle Bin',NULL,NULL,0,0,0,0,'1.5','Tools',NULL,1,1,1),(43,'SMSNotifier',1,-1,'SMSNotifier',NULL,NULL,0,0,1,0,'2.1','Sales',NULL,1,1,1),(44,'EmailTemplates',0,-1,'Email Templates',NULL,NULL,1,0,0,0,'1.0','Tools',NULL,1,1,1),(45,'ModComments',0,-1,'Comments',NULL,NULL,0,0,1,0,'2.1','',NULL,1,1,1),(46,'Google',0,-1,'Google',NULL,NULL,0,0,0,0,'1.5','',NULL,1,1,1),(47,'Assets',1,-1,'Assets',NULL,NULL,0,0,1,0,'2.0','Inventory',NULL,1,1,1),(48,'CustomerPortal',0,-1,'CustomerPortal',NULL,NULL,0,0,0,0,'1.4','',NULL,1,1,1),(49,'ExtensionStore',0,-1,'Extension Store',NULL,NULL,1,0,0,0,'1.2',NULL,NULL,1,1,1),(50,'EEMassMap',0,-1,'EEMassMap',NULL,NULL,1,0,0,0,'2.1','','custom',0,1,1),(51,'EEAddressAutocomplete',0,-1,'EEAddressAutocomplete',NULL,NULL,1,0,0,0,'2.0','','custom',0,1,1),(52,'ITS4YouInstaller',0,-1,'ITS4YouInstaller',NULL,NULL,1,0,0,0,'0.30','Settings','custom',0,1,1),(53,'PDFMaker',0,-1,'PDF Maker',NULL,NULL,1,0,0,0,'0.9','Tools','custom',0,1,1),(54,'ITS4YouPicklistImport',0,-1,'Picklist Import 4 You',NULL,NULL,1,0,0,0,'0.1','Settings','custom',0,1,1),(55,'ITS4YouProcessFlow',0,-1,'ITS4YouProcessFlow',NULL,NULL,1,0,0,0,'0.15','Settings','custom',0,1,1);
/*!40000 ALTER TABLE `vtiger_tab` ENABLE KEYS */;
UNLOCK TABLES;

--
-- Table structure for table `vtiger_tab_info`
--

DROP TABLE IF EXISTS `vtiger_tab_info`;
/*!40101 SET @saved_cs_client     = @@character_set_client */;
/*!40101 SET character_set_client = utf8 */;
CREATE TABLE `vtiger_tab_info` (
  `tabid` int(19) DEFAULT NULL,
  `prefname` varchar(256) DEFAULT NULL,
  `prefvalue` varchar(256) DEFAULT NULL,
  KEY `fk_1_vtiger_tab_info` (`tabid`),
  CONSTRAINT `fk_1_vtiger_tab_info` FOREIGN KEY (`tabid`) REFERENCES `vtiger_tab` (`tabid`) ON DELETE CASCADE ON UPDATE CASCADE
) ENGINE=InnoDB DEFAULT CHARSET=utf8;
/*!40101 SET character_set_client = @saved_cs_client */;

--
-- Dumping data for table `vtiger_tab_info`
--

LOCK TABLES `vtiger_tab_info` WRITE;
/*!40000 ALTER TABLE `vtiger_tab_info` DISABLE KEYS */;
INSERT INTO `vtiger_tab_info` VALUES (30,'vtiger_min_version','6.0.0rc'),(30,'vtiger_max_version','7.*'),(31,'vtiger_min_version','6.0.0rc'),(32,'vtiger_min_version','6.0.0rc'),(32,'vtiger_max_version','7.*'),(33,'vtiger_min_version','6.0.0rc'),(34,'vtiger_min_version','6.0.0'),(34,'vtiger_max_version','7.*'),(35,'vtiger_min_version','6.0.0rc'),(36,'vtiger_min_version','6.0.0rc'),(37,'vtiger_min_version','6.0.0RC'),(38,'vtiger_min_version','6.0.0rc'),(38,'vtiger_max_version','7.*'),(39,'vtiger_min_version','6.0.0rc'),(40,'vtiger_min_version','6.0.0rc'),(41,'vtiger_min_version','6.0.0rc'),(41,'vtiger_max_version','7.*'),(42,'vtiger_min_version','6.0.0rc'),(42,'vtiger_max_version','7.*'),(43,'vtiger_min_version','6.0.0'),(43,'vtiger_max_version','7.*'),(44,'vtiger_min_version','6.0.0rc'),(44,'vtiger_max_version','7.*'),(45,'vtiger_min_version','6.0.0rc'),(45,'vtiger_max_version','7.*'),(46,'vtiger_min_version','6.0.0rc'),(46,'vtiger_max_version','7.*'),(47,'vtiger_min_version','6.0.0rc'),(47,'vtiger_max_version','7.*'),(48,'vtiger_min_version','6.0.0rc'),(48,'vtiger_max_version','7.*'),(49,'vtiger_min_version','6.0.0'),(49,'vtiger_max_version','6.*'),(50,'vtiger_min_version','6.0.0rc'),(50,'vtiger_max_version','7.*'),(51,'vtiger_min_version','6.0.0rc'),(51,'vtiger_max_version','7.*'),(52,'vtiger_min_version','7.4.0'),(52,'vtiger_max_version','7.4.0'),(53,'vtiger_min_version','7.4.0'),(53,'vtiger_max_version','7.4.0'),(54,'vtiger_min_version','7.3.0'),(54,'vtiger_max_version','7.3.0'),(55,'vtiger_min_version','7.4.0'),(55,'vtiger_max_version','7.4.0');
/*!40000 ALTER TABLE `vtiger_tab_info` ENABLE KEYS */;
UNLOCK TABLES;

--
-- Table structure for table `vtiger_taskpriority`
--

DROP TABLE IF EXISTS `vtiger_taskpriority`;
/*!40101 SET @saved_cs_client     = @@character_set_client */;
/*!40101 SET character_set_client = utf8 */;
CREATE TABLE `vtiger_taskpriority` (
  `taskpriorityid` int(19) NOT NULL AUTO_INCREMENT,
  `taskpriority` varchar(200) DEFAULT NULL,
  `presence` int(1) NOT NULL DEFAULT '1',
  `picklist_valueid` int(19) NOT NULL DEFAULT '0',
  `sortorderid` int(11) DEFAULT NULL,
  `color` varchar(10) DEFAULT NULL,
  PRIMARY KEY (`taskpriorityid`)
) ENGINE=InnoDB AUTO_INCREMENT=4 DEFAULT CHARSET=utf8;
/*!40101 SET character_set_client = @saved_cs_client */;

--
-- Dumping data for table `vtiger_taskpriority`
--

LOCK TABLES `vtiger_taskpriority` WRITE;
/*!40000 ALTER TABLE `vtiger_taskpriority` DISABLE KEYS */;
INSERT INTO `vtiger_taskpriority` VALUES (1,'High',1,170,0,NULL),(2,'Medium',1,171,1,NULL),(3,'Low',1,172,2,NULL);
/*!40000 ALTER TABLE `vtiger_taskpriority` ENABLE KEYS */;
UNLOCK TABLES;

--
-- Table structure for table `vtiger_taskpriority_seq`
--

DROP TABLE IF EXISTS `vtiger_taskpriority_seq`;
/*!40101 SET @saved_cs_client     = @@character_set_client */;
/*!40101 SET character_set_client = utf8 */;
CREATE TABLE `vtiger_taskpriority_seq` (
  `id` int(11) NOT NULL
) ENGINE=InnoDB DEFAULT CHARSET=utf8;
/*!40101 SET character_set_client = @saved_cs_client */;

--
-- Dumping data for table `vtiger_taskpriority_seq`
--

LOCK TABLES `vtiger_taskpriority_seq` WRITE;
/*!40000 ALTER TABLE `vtiger_taskpriority_seq` DISABLE KEYS */;
INSERT INTO `vtiger_taskpriority_seq` VALUES (3);
/*!40000 ALTER TABLE `vtiger_taskpriority_seq` ENABLE KEYS */;
UNLOCK TABLES;

--
-- Table structure for table `vtiger_taskstatus`
--

DROP TABLE IF EXISTS `vtiger_taskstatus`;
/*!40101 SET @saved_cs_client     = @@character_set_client */;
/*!40101 SET character_set_client = utf8 */;
CREATE TABLE `vtiger_taskstatus` (
  `taskstatusid` int(19) NOT NULL AUTO_INCREMENT,
  `taskstatus` varchar(200) DEFAULT NULL,
  `presence` int(1) NOT NULL DEFAULT '1',
  `picklist_valueid` int(19) NOT NULL DEFAULT '0',
  `sortorderid` int(11) DEFAULT NULL,
  `color` varchar(10) DEFAULT NULL,
  PRIMARY KEY (`taskstatusid`)
) ENGINE=InnoDB AUTO_INCREMENT=7 DEFAULT CHARSET=utf8;
/*!40101 SET character_set_client = @saved_cs_client */;

--
-- Dumping data for table `vtiger_taskstatus`
--

LOCK TABLES `vtiger_taskstatus` WRITE;
/*!40000 ALTER TABLE `vtiger_taskstatus` DISABLE KEYS */;
INSERT INTO `vtiger_taskstatus` VALUES (1,'Not Started',0,173,0,NULL),(2,'In Progress',0,174,1,NULL),(3,'Completed',0,175,2,NULL),(4,'Pending Input',0,176,3,NULL),(5,'Deferred',0,177,4,NULL),(6,'Planned',0,178,5,NULL);
/*!40000 ALTER TABLE `vtiger_taskstatus` ENABLE KEYS */;
UNLOCK TABLES;

--
-- Table structure for table `vtiger_taskstatus_seq`
--

DROP TABLE IF EXISTS `vtiger_taskstatus_seq`;
/*!40101 SET @saved_cs_client     = @@character_set_client */;
/*!40101 SET character_set_client = utf8 */;
CREATE TABLE `vtiger_taskstatus_seq` (
  `id` int(11) NOT NULL
) ENGINE=InnoDB DEFAULT CHARSET=utf8;
/*!40101 SET character_set_client = @saved_cs_client */;

--
-- Dumping data for table `vtiger_taskstatus_seq`
--

LOCK TABLES `vtiger_taskstatus_seq` WRITE;
/*!40000 ALTER TABLE `vtiger_taskstatus_seq` DISABLE KEYS */;
INSERT INTO `vtiger_taskstatus_seq` VALUES (6);
/*!40000 ALTER TABLE `vtiger_taskstatus_seq` ENABLE KEYS */;
UNLOCK TABLES;

--
-- Table structure for table `vtiger_taxclass`
--

DROP TABLE IF EXISTS `vtiger_taxclass`;
/*!40101 SET @saved_cs_client     = @@character_set_client */;
/*!40101 SET character_set_client = utf8 */;
CREATE TABLE `vtiger_taxclass` (
  `taxclassid` int(19) NOT NULL AUTO_INCREMENT,
  `taxclass` varchar(200) NOT NULL,
  `sortorderid` int(19) NOT NULL DEFAULT '0',
  `presence` int(1) NOT NULL DEFAULT '1',
  PRIMARY KEY (`taxclassid`),
  UNIQUE KEY `taxclass_carrier_idx` (`taxclass`)
) ENGINE=InnoDB AUTO_INCREMENT=3 DEFAULT CHARSET=utf8;
/*!40101 SET character_set_client = @saved_cs_client */;

--
-- Dumping data for table `vtiger_taxclass`
--

LOCK TABLES `vtiger_taxclass` WRITE;
/*!40000 ALTER TABLE `vtiger_taxclass` DISABLE KEYS */;
INSERT INTO `vtiger_taxclass` VALUES (1,'SalesTax',0,1),(2,'Vat',1,1);
/*!40000 ALTER TABLE `vtiger_taxclass` ENABLE KEYS */;
UNLOCK TABLES;

--
-- Table structure for table `vtiger_taxclass_seq`
--

DROP TABLE IF EXISTS `vtiger_taxclass_seq`;
/*!40101 SET @saved_cs_client     = @@character_set_client */;
/*!40101 SET character_set_client = utf8 */;
CREATE TABLE `vtiger_taxclass_seq` (
  `id` int(11) NOT NULL
) ENGINE=InnoDB DEFAULT CHARSET=utf8;
/*!40101 SET character_set_client = @saved_cs_client */;

--
-- Dumping data for table `vtiger_taxclass_seq`
--

LOCK TABLES `vtiger_taxclass_seq` WRITE;
/*!40000 ALTER TABLE `vtiger_taxclass_seq` DISABLE KEYS */;
INSERT INTO `vtiger_taxclass_seq` VALUES (2);
/*!40000 ALTER TABLE `vtiger_taxclass_seq` ENABLE KEYS */;
UNLOCK TABLES;

--
-- Table structure for table `vtiger_taxregions`
--

DROP TABLE IF EXISTS `vtiger_taxregions`;
/*!40101 SET @saved_cs_client     = @@character_set_client */;
/*!40101 SET character_set_client = utf8 */;
CREATE TABLE `vtiger_taxregions` (
  `regionid` int(10) NOT NULL AUTO_INCREMENT,
  `name` varchar(100) NOT NULL,
  PRIMARY KEY (`regionid`)
) ENGINE=InnoDB DEFAULT CHARSET=utf8;
/*!40101 SET character_set_client = @saved_cs_client */;

--
-- Dumping data for table `vtiger_taxregions`
--

LOCK TABLES `vtiger_taxregions` WRITE;
/*!40000 ALTER TABLE `vtiger_taxregions` DISABLE KEYS */;
/*!40000 ALTER TABLE `vtiger_taxregions` ENABLE KEYS */;
UNLOCK TABLES;

--
-- Table structure for table `vtiger_ticketcategories`
--

DROP TABLE IF EXISTS `vtiger_ticketcategories`;
/*!40101 SET @saved_cs_client     = @@character_set_client */;
/*!40101 SET character_set_client = utf8 */;
CREATE TABLE `vtiger_ticketcategories` (
  `ticketcategories_id` int(19) NOT NULL AUTO_INCREMENT,
  `ticketcategories` varchar(200) DEFAULT NULL,
  `presence` int(1) NOT NULL DEFAULT '0',
  `picklist_valueid` int(19) NOT NULL DEFAULT '0',
  `sortorderid` int(11) DEFAULT NULL,
  `color` varchar(10) DEFAULT NULL,
  PRIMARY KEY (`ticketcategories_id`)
) ENGINE=InnoDB AUTO_INCREMENT=4 DEFAULT CHARSET=utf8;
/*!40101 SET character_set_client = @saved_cs_client */;

--
-- Dumping data for table `vtiger_ticketcategories`
--

LOCK TABLES `vtiger_ticketcategories` WRITE;
/*!40000 ALTER TABLE `vtiger_ticketcategories` DISABLE KEYS */;
INSERT INTO `vtiger_ticketcategories` VALUES (1,'Big Problem',1,179,0,NULL),(2,'Small Problem',1,180,1,NULL),(3,'Other Problem',1,181,2,NULL);
/*!40000 ALTER TABLE `vtiger_ticketcategories` ENABLE KEYS */;
UNLOCK TABLES;

--
-- Table structure for table `vtiger_ticketcategories_seq`
--

DROP TABLE IF EXISTS `vtiger_ticketcategories_seq`;
/*!40101 SET @saved_cs_client     = @@character_set_client */;
/*!40101 SET character_set_client = utf8 */;
CREATE TABLE `vtiger_ticketcategories_seq` (
  `id` int(11) NOT NULL
) ENGINE=InnoDB DEFAULT CHARSET=utf8;
/*!40101 SET character_set_client = @saved_cs_client */;

--
-- Dumping data for table `vtiger_ticketcategories_seq`
--

LOCK TABLES `vtiger_ticketcategories_seq` WRITE;
/*!40000 ALTER TABLE `vtiger_ticketcategories_seq` DISABLE KEYS */;
INSERT INTO `vtiger_ticketcategories_seq` VALUES (3);
/*!40000 ALTER TABLE `vtiger_ticketcategories_seq` ENABLE KEYS */;
UNLOCK TABLES;

--
-- Table structure for table `vtiger_ticketcf`
--

DROP TABLE IF EXISTS `vtiger_ticketcf`;
/*!40101 SET @saved_cs_client     = @@character_set_client */;
/*!40101 SET character_set_client = utf8 */;
CREATE TABLE `vtiger_ticketcf` (
  `ticketid` int(19) NOT NULL DEFAULT '0',
  `from_portal` varchar(3) DEFAULT NULL,
  PRIMARY KEY (`ticketid`),
  CONSTRAINT `fk_1_vtiger_ticketcf` FOREIGN KEY (`ticketid`) REFERENCES `vtiger_troubletickets` (`ticketid`) ON DELETE CASCADE
) ENGINE=InnoDB DEFAULT CHARSET=utf8;
/*!40101 SET character_set_client = @saved_cs_client */;

--
-- Dumping data for table `vtiger_ticketcf`
--

LOCK TABLES `vtiger_ticketcf` WRITE;
/*!40000 ALTER TABLE `vtiger_ticketcf` DISABLE KEYS */;
/*!40000 ALTER TABLE `vtiger_ticketcf` ENABLE KEYS */;
UNLOCK TABLES;

--
-- Table structure for table `vtiger_ticketcomments`
--

DROP TABLE IF EXISTS `vtiger_ticketcomments`;
/*!40101 SET @saved_cs_client     = @@character_set_client */;
/*!40101 SET character_set_client = utf8 */;
CREATE TABLE `vtiger_ticketcomments` (
  `commentid` int(19) NOT NULL AUTO_INCREMENT,
  `ticketid` int(19) DEFAULT NULL,
  `comments` text,
  `ownerid` int(19) NOT NULL DEFAULT '0',
  `ownertype` varchar(10) DEFAULT NULL,
  `createdtime` datetime NOT NULL,
  PRIMARY KEY (`commentid`),
  KEY `ticketcomments_ticketid_idx` (`ticketid`),
  CONSTRAINT `fk_1_vtiger_ticketcomments` FOREIGN KEY (`ticketid`) REFERENCES `vtiger_troubletickets` (`ticketid`) ON DELETE CASCADE
) ENGINE=InnoDB DEFAULT CHARSET=utf8;
/*!40101 SET character_set_client = @saved_cs_client */;

--
-- Dumping data for table `vtiger_ticketcomments`
--

LOCK TABLES `vtiger_ticketcomments` WRITE;
/*!40000 ALTER TABLE `vtiger_ticketcomments` DISABLE KEYS */;
/*!40000 ALTER TABLE `vtiger_ticketcomments` ENABLE KEYS */;
UNLOCK TABLES;

--
-- Table structure for table `vtiger_ticketpriorities`
--

DROP TABLE IF EXISTS `vtiger_ticketpriorities`;
/*!40101 SET @saved_cs_client     = @@character_set_client */;
/*!40101 SET character_set_client = utf8 */;
CREATE TABLE `vtiger_ticketpriorities` (
  `ticketpriorities_id` int(19) NOT NULL AUTO_INCREMENT,
  `ticketpriorities` varchar(200) DEFAULT NULL,
  `presence` int(1) NOT NULL DEFAULT '0',
  `picklist_valueid` int(19) NOT NULL DEFAULT '0',
  `sortorderid` int(11) DEFAULT NULL,
  `color` varchar(10) DEFAULT NULL,
  PRIMARY KEY (`ticketpriorities_id`)
) ENGINE=InnoDB AUTO_INCREMENT=5 DEFAULT CHARSET=utf8;
/*!40101 SET character_set_client = @saved_cs_client */;

--
-- Dumping data for table `vtiger_ticketpriorities`
--

LOCK TABLES `vtiger_ticketpriorities` WRITE;
/*!40000 ALTER TABLE `vtiger_ticketpriorities` DISABLE KEYS */;
INSERT INTO `vtiger_ticketpriorities` VALUES (1,'Low',1,182,0,NULL),(2,'Normal',1,183,1,NULL),(3,'High',1,184,2,NULL),(4,'Urgent',1,185,3,NULL);
/*!40000 ALTER TABLE `vtiger_ticketpriorities` ENABLE KEYS */;
UNLOCK TABLES;

--
-- Table structure for table `vtiger_ticketpriorities_seq`
--

DROP TABLE IF EXISTS `vtiger_ticketpriorities_seq`;
/*!40101 SET @saved_cs_client     = @@character_set_client */;
/*!40101 SET character_set_client = utf8 */;
CREATE TABLE `vtiger_ticketpriorities_seq` (
  `id` int(11) NOT NULL
) ENGINE=InnoDB DEFAULT CHARSET=utf8;
/*!40101 SET character_set_client = @saved_cs_client */;

--
-- Dumping data for table `vtiger_ticketpriorities_seq`
--

LOCK TABLES `vtiger_ticketpriorities_seq` WRITE;
/*!40000 ALTER TABLE `vtiger_ticketpriorities_seq` DISABLE KEYS */;
INSERT INTO `vtiger_ticketpriorities_seq` VALUES (4);
/*!40000 ALTER TABLE `vtiger_ticketpriorities_seq` ENABLE KEYS */;
UNLOCK TABLES;

--
-- Table structure for table `vtiger_ticketseverities`
--

DROP TABLE IF EXISTS `vtiger_ticketseverities`;
/*!40101 SET @saved_cs_client     = @@character_set_client */;
/*!40101 SET character_set_client = utf8 */;
CREATE TABLE `vtiger_ticketseverities` (
  `ticketseverities_id` int(19) NOT NULL AUTO_INCREMENT,
  `ticketseverities` varchar(200) DEFAULT NULL,
  `presence` int(1) NOT NULL DEFAULT '0',
  `picklist_valueid` int(19) NOT NULL DEFAULT '0',
  `sortorderid` int(11) DEFAULT NULL,
  `color` varchar(10) DEFAULT NULL,
  PRIMARY KEY (`ticketseverities_id`)
) ENGINE=InnoDB AUTO_INCREMENT=5 DEFAULT CHARSET=utf8;
/*!40101 SET character_set_client = @saved_cs_client */;

--
-- Dumping data for table `vtiger_ticketseverities`
--

LOCK TABLES `vtiger_ticketseverities` WRITE;
/*!40000 ALTER TABLE `vtiger_ticketseverities` DISABLE KEYS */;
INSERT INTO `vtiger_ticketseverities` VALUES (1,'Minor',1,186,0,NULL),(2,'Major',1,187,1,NULL),(3,'Feature',1,188,2,NULL),(4,'Critical',1,189,3,NULL);
/*!40000 ALTER TABLE `vtiger_ticketseverities` ENABLE KEYS */;
UNLOCK TABLES;

--
-- Table structure for table `vtiger_ticketseverities_seq`
--

DROP TABLE IF EXISTS `vtiger_ticketseverities_seq`;
/*!40101 SET @saved_cs_client     = @@character_set_client */;
/*!40101 SET character_set_client = utf8 */;
CREATE TABLE `vtiger_ticketseverities_seq` (
  `id` int(11) NOT NULL
) ENGINE=InnoDB DEFAULT CHARSET=utf8;
/*!40101 SET character_set_client = @saved_cs_client */;

--
-- Dumping data for table `vtiger_ticketseverities_seq`
--

LOCK TABLES `vtiger_ticketseverities_seq` WRITE;
/*!40000 ALTER TABLE `vtiger_ticketseverities_seq` DISABLE KEYS */;
INSERT INTO `vtiger_ticketseverities_seq` VALUES (4);
/*!40000 ALTER TABLE `vtiger_ticketseverities_seq` ENABLE KEYS */;
UNLOCK TABLES;

--
-- Table structure for table `vtiger_ticketstatus`
--

DROP TABLE IF EXISTS `vtiger_ticketstatus`;
/*!40101 SET @saved_cs_client     = @@character_set_client */;
/*!40101 SET character_set_client = utf8 */;
CREATE TABLE `vtiger_ticketstatus` (
  `ticketstatus_id` int(19) NOT NULL AUTO_INCREMENT,
  `ticketstatus` varchar(200) DEFAULT NULL,
  `presence` int(1) NOT NULL DEFAULT '0',
  `picklist_valueid` int(19) NOT NULL DEFAULT '0',
  `sortorderid` int(11) DEFAULT NULL,
  `color` varchar(10) DEFAULT NULL,
  PRIMARY KEY (`ticketstatus_id`)
) ENGINE=InnoDB AUTO_INCREMENT=5 DEFAULT CHARSET=utf8;
/*!40101 SET character_set_client = @saved_cs_client */;

--
-- Dumping data for table `vtiger_ticketstatus`
--

LOCK TABLES `vtiger_ticketstatus` WRITE;
/*!40000 ALTER TABLE `vtiger_ticketstatus` DISABLE KEYS */;
INSERT INTO `vtiger_ticketstatus` VALUES (1,'Open',0,190,0,NULL),(2,'In Progress',0,191,1,NULL),(3,'Wait For Response',0,192,2,NULL),(4,'Closed',0,193,3,NULL);
/*!40000 ALTER TABLE `vtiger_ticketstatus` ENABLE KEYS */;
UNLOCK TABLES;

--
-- Table structure for table `vtiger_ticketstatus_seq`
--

DROP TABLE IF EXISTS `vtiger_ticketstatus_seq`;
/*!40101 SET @saved_cs_client     = @@character_set_client */;
/*!40101 SET character_set_client = utf8 */;
CREATE TABLE `vtiger_ticketstatus_seq` (
  `id` int(11) NOT NULL
) ENGINE=InnoDB DEFAULT CHARSET=utf8;
/*!40101 SET character_set_client = @saved_cs_client */;

--
-- Dumping data for table `vtiger_ticketstatus_seq`
--

LOCK TABLES `vtiger_ticketstatus_seq` WRITE;
/*!40000 ALTER TABLE `vtiger_ticketstatus_seq` DISABLE KEYS */;
INSERT INTO `vtiger_ticketstatus_seq` VALUES (4);
/*!40000 ALTER TABLE `vtiger_ticketstatus_seq` ENABLE KEYS */;
UNLOCK TABLES;

--
-- Table structure for table `vtiger_time_zone`
--

DROP TABLE IF EXISTS `vtiger_time_zone`;
/*!40101 SET @saved_cs_client     = @@character_set_client */;
/*!40101 SET character_set_client = utf8 */;
CREATE TABLE `vtiger_time_zone` (
  `time_zoneid` int(19) NOT NULL AUTO_INCREMENT,
  `time_zone` varchar(200) NOT NULL,
  `sortorderid` int(19) NOT NULL DEFAULT '0',
  `presence` int(1) NOT NULL DEFAULT '1',
  PRIMARY KEY (`time_zoneid`)
) ENGINE=InnoDB AUTO_INCREMENT=98 DEFAULT CHARSET=utf8;
/*!40101 SET character_set_client = @saved_cs_client */;

--
-- Dumping data for table `vtiger_time_zone`
--

LOCK TABLES `vtiger_time_zone` WRITE;
/*!40000 ALTER TABLE `vtiger_time_zone` DISABLE KEYS */;
INSERT INTO `vtiger_time_zone` VALUES (1,'Pacific/Midway',1,1),(2,'Pacific/Samoa',0,1),(3,'Pacific/Honolulu',2,1),(4,'America/Anchorage',3,1),(5,'America/Los_Angeles',5,1),(6,'America/Tijuana',4,1),(7,'America/Denver',6,1),(8,'America/Chihuahua',8,1),(9,'America/Mazatlan',7,1),(10,'America/Phoenix',9,1),(11,'America/Regina',10,1),(12,'America/Tegucigalpa',14,1),(13,'America/Chicago',13,1),(14,'America/Mexico_City',12,1),(15,'America/Monterrey',11,1),(16,'America/New_York',18,1),(17,'America/Bogota',19,1),(18,'America/Lima',16,1),(19,'America/Rio_Branco',15,1),(20,'America/Indiana/Indianapolis',17,1),(21,'America/Caracas',20,1),(22,'America/Halifax',25,1),(23,'America/Manaus',22,1),(24,'America/Santiago',21,1),(25,'America/La_Paz',23,1),(26,'America/Cuiaba',24,1),(27,'America/Asuncion',26,1),(28,'America/St_Johns',27,1),(29,'America/Argentina/Buenos_Aires',30,1),(30,'America/Sao_Paulo',31,1),(31,'America/Godthab',29,1),(32,'America/Montevideo',28,1),(33,'Atlantic/South_Georgia',32,1),(34,'Atlantic/Azores',34,1),(35,'Atlantic/Cape_Verde',33,1),(36,'Europe/London',37,1),(37,'UTC',36,1),(38,'Africa/Monrovia',38,1),(39,'Africa/Casablanca',35,1),(40,'Europe/Belgrade',40,1),(41,'Europe/Sarajevo',42,1),(42,'Europe/Brussels',41,1),(43,'Africa/Algiers',43,1),(44,'Europe/Amsterdam',39,1),(45,'Europe/Minsk',52,1),(46,'Africa/Cairo',47,1),(47,'Europe/Helsinki',49,1),(48,'Europe/Athens',45,1),(49,'Europe/Istanbul',50,1),(50,'Asia/Jerusalem',51,1),(51,'Asia/Amman',44,1),(52,'Asia/Beirut',46,1),(53,'Africa/Windhoek',53,1),(54,'Africa/Harare',48,1),(55,'Asia/Kuwait',55,1),(56,'Asia/Baghdad',54,1),(57,'Africa/Nairobi',57,1),(58,'Asia/Tehran',58,1),(59,'Asia/Tbilisi',61,1),(60,'Europe/Moscow',56,1),(61,'Asia/Muscat',59,1),(62,'Asia/Baku',60,1),(63,'Asia/Yerevan',62,1),(64,'Asia/Karachi',63,1),(65,'Asia/Tashkent',64,1),(66,'Asia/Kolkata',65,1),(67,'Asia/Colombo',66,1),(68,'Asia/Katmandu',67,1),(69,'Asia/Dhaka',69,1),(70,'Asia/Almaty',68,1),(71,'Asia/Yekaterinburg',70,1),(72,'Asia/Rangoon',71,1),(73,'Asia/Novosibirsk',73,1),(74,'Asia/Bangkok',72,1),(75,'Asia/Brunei',74,1),(76,'Asia/Krasnoyarsk',75,1),(77,'Asia/Ulaanbaatar',79,1),(78,'Asia/Kuala_Lumpur',76,1),(79,'Asia/Taipei',78,1),(80,'Australia/Perth',77,1),(81,'Asia/Irkutsk',80,1),(82,'Asia/Seoul',81,1),(83,'Asia/Tokyo',82,1),(84,'Australia/Darwin',84,1),(85,'Australia/Adelaide',83,1),(86,'Australia/Canberra',86,1),(87,'Australia/Brisbane',85,1),(88,'Australia/Hobart',88,1),(89,'Asia/Vladivostok',89,1),(90,'Pacific/Guam',87,1),(91,'Asia/Yakutsk',90,1),(92,'Pacific/Fiji',93,1),(93,'Asia/Kamchatka',94,1),(94,'Pacific/Auckland',92,1),(95,'Asia/Magadan',95,1),(96,'Pacific/Tongatapu',96,1),(97,'Etc/GMT-11',91,1);
/*!40000 ALTER TABLE `vtiger_time_zone` ENABLE KEYS */;
UNLOCK TABLES;

--
-- Table structure for table `vtiger_time_zone_seq`
--

DROP TABLE IF EXISTS `vtiger_time_zone_seq`;
/*!40101 SET @saved_cs_client     = @@character_set_client */;
/*!40101 SET character_set_client = utf8 */;
CREATE TABLE `vtiger_time_zone_seq` (
  `id` int(11) NOT NULL
) ENGINE=InnoDB DEFAULT CHARSET=utf8;
/*!40101 SET character_set_client = @saved_cs_client */;

--
-- Dumping data for table `vtiger_time_zone_seq`
--

LOCK TABLES `vtiger_time_zone_seq` WRITE;
/*!40000 ALTER TABLE `vtiger_time_zone_seq` DISABLE KEYS */;
INSERT INTO `vtiger_time_zone_seq` VALUES (96);
/*!40000 ALTER TABLE `vtiger_time_zone_seq` ENABLE KEYS */;
UNLOCK TABLES;

--
-- Table structure for table `vtiger_tmp_read_group_rel_sharing_per`
--

DROP TABLE IF EXISTS `vtiger_tmp_read_group_rel_sharing_per`;
/*!40101 SET @saved_cs_client     = @@character_set_client */;
/*!40101 SET character_set_client = utf8 */;
CREATE TABLE `vtiger_tmp_read_group_rel_sharing_per` (
  `userid` int(11) NOT NULL,
  `tabid` int(11) NOT NULL,
  `relatedtabid` int(11) NOT NULL,
  `sharedgroupid` int(11) NOT NULL,
  PRIMARY KEY (`userid`,`tabid`,`relatedtabid`,`sharedgroupid`),
  KEY `tmp_read_group_rel_sharing_per_userid_sharedgroupid_tabid` (`userid`,`sharedgroupid`,`tabid`),
  CONSTRAINT `fk_4_vtiger_tmp_read_group_rel_sharing_per` FOREIGN KEY (`userid`) REFERENCES `vtiger_users` (`id`) ON DELETE CASCADE
) ENGINE=InnoDB DEFAULT CHARSET=utf8;
/*!40101 SET character_set_client = @saved_cs_client */;

--
-- Dumping data for table `vtiger_tmp_read_group_rel_sharing_per`
--

LOCK TABLES `vtiger_tmp_read_group_rel_sharing_per` WRITE;
/*!40000 ALTER TABLE `vtiger_tmp_read_group_rel_sharing_per` DISABLE KEYS */;
/*!40000 ALTER TABLE `vtiger_tmp_read_group_rel_sharing_per` ENABLE KEYS */;
UNLOCK TABLES;

--
-- Table structure for table `vtiger_tmp_read_group_sharing_per`
--

DROP TABLE IF EXISTS `vtiger_tmp_read_group_sharing_per`;
/*!40101 SET @saved_cs_client     = @@character_set_client */;
/*!40101 SET character_set_client = utf8 */;
CREATE TABLE `vtiger_tmp_read_group_sharing_per` (
  `userid` int(11) NOT NULL,
  `tabid` int(11) NOT NULL,
  `sharedgroupid` int(11) NOT NULL,
  PRIMARY KEY (`userid`,`tabid`,`sharedgroupid`),
  KEY `tmp_read_group_sharing_per_userid_sharedgroupid_idx` (`userid`,`sharedgroupid`),
  CONSTRAINT `fk_3_vtiger_tmp_read_group_sharing_per` FOREIGN KEY (`userid`) REFERENCES `vtiger_users` (`id`) ON DELETE CASCADE
) ENGINE=InnoDB DEFAULT CHARSET=utf8;
/*!40101 SET character_set_client = @saved_cs_client */;

--
-- Dumping data for table `vtiger_tmp_read_group_sharing_per`
--

LOCK TABLES `vtiger_tmp_read_group_sharing_per` WRITE;
/*!40000 ALTER TABLE `vtiger_tmp_read_group_sharing_per` DISABLE KEYS */;
/*!40000 ALTER TABLE `vtiger_tmp_read_group_sharing_per` ENABLE KEYS */;
UNLOCK TABLES;

--
-- Table structure for table `vtiger_tmp_read_user_rel_sharing_per`
--

DROP TABLE IF EXISTS `vtiger_tmp_read_user_rel_sharing_per`;
/*!40101 SET @saved_cs_client     = @@character_set_client */;
/*!40101 SET character_set_client = utf8 */;
CREATE TABLE `vtiger_tmp_read_user_rel_sharing_per` (
  `userid` int(11) NOT NULL,
  `tabid` int(11) NOT NULL,
  `relatedtabid` int(11) NOT NULL,
  `shareduserid` int(11) NOT NULL,
  PRIMARY KEY (`userid`,`tabid`,`relatedtabid`,`shareduserid`),
  KEY `tmp_read_user_rel_sharing_per_userid_shared_reltabid_idx` (`userid`,`shareduserid`,`relatedtabid`),
  CONSTRAINT `fk_4_vtiger_tmp_read_user_rel_sharing_per` FOREIGN KEY (`userid`) REFERENCES `vtiger_users` (`id`) ON DELETE CASCADE
) ENGINE=InnoDB DEFAULT CHARSET=utf8;
/*!40101 SET character_set_client = @saved_cs_client */;

--
-- Dumping data for table `vtiger_tmp_read_user_rel_sharing_per`
--

LOCK TABLES `vtiger_tmp_read_user_rel_sharing_per` WRITE;
/*!40000 ALTER TABLE `vtiger_tmp_read_user_rel_sharing_per` DISABLE KEYS */;
/*!40000 ALTER TABLE `vtiger_tmp_read_user_rel_sharing_per` ENABLE KEYS */;
UNLOCK TABLES;

--
-- Table structure for table `vtiger_tmp_read_user_sharing_per`
--

DROP TABLE IF EXISTS `vtiger_tmp_read_user_sharing_per`;
/*!40101 SET @saved_cs_client     = @@character_set_client */;
/*!40101 SET character_set_client = utf8 */;
CREATE TABLE `vtiger_tmp_read_user_sharing_per` (
  `userid` int(11) NOT NULL,
  `tabid` int(11) NOT NULL,
  `shareduserid` int(11) NOT NULL,
  PRIMARY KEY (`userid`,`tabid`,`shareduserid`),
  KEY `tmp_read_user_sharing_per_userid_shareduserid_idx` (`userid`,`shareduserid`),
  CONSTRAINT `fk_3_vtiger_tmp_read_user_sharing_per` FOREIGN KEY (`userid`) REFERENCES `vtiger_users` (`id`) ON DELETE CASCADE
) ENGINE=InnoDB DEFAULT CHARSET=utf8;
/*!40101 SET character_set_client = @saved_cs_client */;

--
-- Dumping data for table `vtiger_tmp_read_user_sharing_per`
--

LOCK TABLES `vtiger_tmp_read_user_sharing_per` WRITE;
/*!40000 ALTER TABLE `vtiger_tmp_read_user_sharing_per` DISABLE KEYS */;
/*!40000 ALTER TABLE `vtiger_tmp_read_user_sharing_per` ENABLE KEYS */;
UNLOCK TABLES;

--
-- Table structure for table `vtiger_tmp_write_group_rel_sharing_per`
--

DROP TABLE IF EXISTS `vtiger_tmp_write_group_rel_sharing_per`;
/*!40101 SET @saved_cs_client     = @@character_set_client */;
/*!40101 SET character_set_client = utf8 */;
CREATE TABLE `vtiger_tmp_write_group_rel_sharing_per` (
  `userid` int(11) NOT NULL,
  `tabid` int(11) NOT NULL,
  `relatedtabid` int(11) NOT NULL,
  `sharedgroupid` int(11) NOT NULL,
  PRIMARY KEY (`userid`,`tabid`,`relatedtabid`,`sharedgroupid`),
  KEY `tmp_write_group_rel_sharing_per_userid_sharedgroupid_tabid_idx` (`userid`,`sharedgroupid`,`tabid`),
  CONSTRAINT `fk_4_vtiger_tmp_write_group_rel_sharing_per` FOREIGN KEY (`userid`) REFERENCES `vtiger_users` (`id`) ON DELETE CASCADE
) ENGINE=InnoDB DEFAULT CHARSET=utf8;
/*!40101 SET character_set_client = @saved_cs_client */;

--
-- Dumping data for table `vtiger_tmp_write_group_rel_sharing_per`
--

LOCK TABLES `vtiger_tmp_write_group_rel_sharing_per` WRITE;
/*!40000 ALTER TABLE `vtiger_tmp_write_group_rel_sharing_per` DISABLE KEYS */;
/*!40000 ALTER TABLE `vtiger_tmp_write_group_rel_sharing_per` ENABLE KEYS */;
UNLOCK TABLES;

--
-- Table structure for table `vtiger_tmp_write_group_sharing_per`
--

DROP TABLE IF EXISTS `vtiger_tmp_write_group_sharing_per`;
/*!40101 SET @saved_cs_client     = @@character_set_client */;
/*!40101 SET character_set_client = utf8 */;
CREATE TABLE `vtiger_tmp_write_group_sharing_per` (
  `userid` int(11) NOT NULL,
  `tabid` int(11) NOT NULL,
  `sharedgroupid` int(11) NOT NULL,
  PRIMARY KEY (`userid`,`tabid`,`sharedgroupid`),
  KEY `tmp_write_group_sharing_per_UK1` (`userid`,`sharedgroupid`),
  CONSTRAINT `fk_3_vtiger_tmp_write_group_sharing_per` FOREIGN KEY (`userid`) REFERENCES `vtiger_users` (`id`) ON DELETE CASCADE
) ENGINE=InnoDB DEFAULT CHARSET=utf8;
/*!40101 SET character_set_client = @saved_cs_client */;

--
-- Dumping data for table `vtiger_tmp_write_group_sharing_per`
--

LOCK TABLES `vtiger_tmp_write_group_sharing_per` WRITE;
/*!40000 ALTER TABLE `vtiger_tmp_write_group_sharing_per` DISABLE KEYS */;
/*!40000 ALTER TABLE `vtiger_tmp_write_group_sharing_per` ENABLE KEYS */;
UNLOCK TABLES;

--
-- Table structure for table `vtiger_tmp_write_user_rel_sharing_per`
--

DROP TABLE IF EXISTS `vtiger_tmp_write_user_rel_sharing_per`;
/*!40101 SET @saved_cs_client     = @@character_set_client */;
/*!40101 SET character_set_client = utf8 */;
CREATE TABLE `vtiger_tmp_write_user_rel_sharing_per` (
  `userid` int(11) NOT NULL,
  `tabid` int(11) NOT NULL,
  `relatedtabid` int(11) NOT NULL,
  `shareduserid` int(11) NOT NULL,
  PRIMARY KEY (`userid`,`tabid`,`relatedtabid`,`shareduserid`),
  KEY `tmp_write_user_rel_sharing_per_userid_sharduserid_tabid_idx` (`userid`,`shareduserid`,`tabid`),
  CONSTRAINT `fk_4_vtiger_tmp_write_user_rel_sharing_per` FOREIGN KEY (`userid`) REFERENCES `vtiger_users` (`id`) ON DELETE CASCADE
) ENGINE=InnoDB DEFAULT CHARSET=utf8;
/*!40101 SET character_set_client = @saved_cs_client */;

--
-- Dumping data for table `vtiger_tmp_write_user_rel_sharing_per`
--

LOCK TABLES `vtiger_tmp_write_user_rel_sharing_per` WRITE;
/*!40000 ALTER TABLE `vtiger_tmp_write_user_rel_sharing_per` DISABLE KEYS */;
/*!40000 ALTER TABLE `vtiger_tmp_write_user_rel_sharing_per` ENABLE KEYS */;
UNLOCK TABLES;

--
-- Table structure for table `vtiger_tmp_write_user_sharing_per`
--

DROP TABLE IF EXISTS `vtiger_tmp_write_user_sharing_per`;
/*!40101 SET @saved_cs_client     = @@character_set_client */;
/*!40101 SET character_set_client = utf8 */;
CREATE TABLE `vtiger_tmp_write_user_sharing_per` (
  `userid` int(11) NOT NULL,
  `tabid` int(11) NOT NULL,
  `shareduserid` int(11) NOT NULL,
  PRIMARY KEY (`userid`,`tabid`,`shareduserid`),
  KEY `tmp_write_user_sharing_per_userid_shareduserid_idx` (`userid`,`shareduserid`),
  CONSTRAINT `fk_3_vtiger_tmp_write_user_sharing_per` FOREIGN KEY (`userid`) REFERENCES `vtiger_users` (`id`) ON DELETE CASCADE
) ENGINE=InnoDB DEFAULT CHARSET=utf8;
/*!40101 SET character_set_client = @saved_cs_client */;

--
-- Dumping data for table `vtiger_tmp_write_user_sharing_per`
--

LOCK TABLES `vtiger_tmp_write_user_sharing_per` WRITE;
/*!40000 ALTER TABLE `vtiger_tmp_write_user_sharing_per` DISABLE KEYS */;
/*!40000 ALTER TABLE `vtiger_tmp_write_user_sharing_per` ENABLE KEYS */;
UNLOCK TABLES;

--
-- Table structure for table `vtiger_tracker`
--

DROP TABLE IF EXISTS `vtiger_tracker`;
/*!40101 SET @saved_cs_client     = @@character_set_client */;
/*!40101 SET character_set_client = utf8 */;
CREATE TABLE `vtiger_tracker` (
  `id` int(11) NOT NULL AUTO_INCREMENT,
  `user_id` varchar(36) DEFAULT NULL,
  `module_name` varchar(25) DEFAULT NULL,
  `item_id` varchar(36) DEFAULT NULL,
  `item_summary` varchar(255) DEFAULT NULL,
  PRIMARY KEY (`id`)
) ENGINE=InnoDB DEFAULT CHARSET=utf8;
/*!40101 SET character_set_client = @saved_cs_client */;

--
-- Dumping data for table `vtiger_tracker`
--

LOCK TABLES `vtiger_tracker` WRITE;
/*!40000 ALTER TABLE `vtiger_tracker` DISABLE KEYS */;
/*!40000 ALTER TABLE `vtiger_tracker` ENABLE KEYS */;
UNLOCK TABLES;

--
-- Table structure for table `vtiger_tracking_unit`
--

DROP TABLE IF EXISTS `vtiger_tracking_unit`;
/*!40101 SET @saved_cs_client     = @@character_set_client */;
/*!40101 SET character_set_client = utf8 */;
CREATE TABLE `vtiger_tracking_unit` (
  `tracking_unitid` int(11) NOT NULL AUTO_INCREMENT,
  `tracking_unit` varchar(200) NOT NULL,
  `presence` int(1) NOT NULL DEFAULT '1',
  `picklist_valueid` int(11) NOT NULL DEFAULT '0',
  `sortorderid` int(11) DEFAULT '0',
  `color` varchar(10) DEFAULT NULL,
  PRIMARY KEY (`tracking_unitid`)
) ENGINE=InnoDB AUTO_INCREMENT=5 DEFAULT CHARSET=utf8;
/*!40101 SET character_set_client = @saved_cs_client */;

--
-- Dumping data for table `vtiger_tracking_unit`
--

LOCK TABLES `vtiger_tracking_unit` WRITE;
/*!40000 ALTER TABLE `vtiger_tracking_unit` DISABLE KEYS */;
INSERT INTO `vtiger_tracking_unit` VALUES (2,'Hours',1,220,2,NULL),(3,'Days',1,221,3,NULL),(4,'Incidents',1,222,4,NULL);
/*!40000 ALTER TABLE `vtiger_tracking_unit` ENABLE KEYS */;
UNLOCK TABLES;

--
-- Table structure for table `vtiger_tracking_unit_seq`
--

DROP TABLE IF EXISTS `vtiger_tracking_unit_seq`;
/*!40101 SET @saved_cs_client     = @@character_set_client */;
/*!40101 SET character_set_client = utf8 */;
CREATE TABLE `vtiger_tracking_unit_seq` (
  `id` int(11) NOT NULL
) ENGINE=InnoDB DEFAULT CHARSET=utf8;
/*!40101 SET character_set_client = @saved_cs_client */;

--
-- Dumping data for table `vtiger_tracking_unit_seq`
--

LOCK TABLES `vtiger_tracking_unit_seq` WRITE;
/*!40000 ALTER TABLE `vtiger_tracking_unit_seq` DISABLE KEYS */;
INSERT INTO `vtiger_tracking_unit_seq` VALUES (4);
/*!40000 ALTER TABLE `vtiger_tracking_unit_seq` ENABLE KEYS */;
UNLOCK TABLES;

--
-- Table structure for table `vtiger_troubletickets`
--

DROP TABLE IF EXISTS `vtiger_troubletickets`;
/*!40101 SET @saved_cs_client     = @@character_set_client */;
/*!40101 SET character_set_client = utf8 */;
CREATE TABLE `vtiger_troubletickets` (
  `ticketid` int(19) NOT NULL,
  `ticket_no` varchar(100) NOT NULL,
  `groupname` varchar(100) DEFAULT NULL,
  `parent_id` varchar(100) DEFAULT NULL,
  `product_id` varchar(100) DEFAULT NULL,
  `priority` varchar(200) DEFAULT NULL,
  `severity` varchar(200) DEFAULT NULL,
  `status` varchar(200) DEFAULT NULL,
  `category` varchar(200) DEFAULT NULL,
  `title` varchar(255) NOT NULL,
  `solution` text,
  `update_log` text,
  `version_id` int(11) DEFAULT NULL,
  `hours` decimal(25,8) DEFAULT NULL,
  `days` decimal(25,8) DEFAULT NULL,
  `contact_id` int(19) DEFAULT NULL,
  `tags` varchar(1) DEFAULT NULL,
  PRIMARY KEY (`ticketid`),
  KEY `troubletickets_ticketid_idx` (`ticketid`),
  KEY `troubletickets_status_idx` (`status`),
  CONSTRAINT `fk_1_vtiger_troubletickets` FOREIGN KEY (`ticketid`) REFERENCES `vtiger_crmentity` (`crmid`) ON DELETE CASCADE
) ENGINE=InnoDB DEFAULT CHARSET=utf8;
/*!40101 SET character_set_client = @saved_cs_client */;

--
-- Dumping data for table `vtiger_troubletickets`
--

LOCK TABLES `vtiger_troubletickets` WRITE;
/*!40000 ALTER TABLE `vtiger_troubletickets` DISABLE KEYS */;
/*!40000 ALTER TABLE `vtiger_troubletickets` ENABLE KEYS */;
UNLOCK TABLES;

--
-- Table structure for table `vtiger_usageunit`
--

DROP TABLE IF EXISTS `vtiger_usageunit`;
/*!40101 SET @saved_cs_client     = @@character_set_client */;
/*!40101 SET character_set_client = utf8 */;
CREATE TABLE `vtiger_usageunit` (
  `usageunitid` int(19) NOT NULL AUTO_INCREMENT,
  `usageunit` varchar(200) NOT NULL,
  `presence` int(1) NOT NULL DEFAULT '1',
  `picklist_valueid` int(19) NOT NULL DEFAULT '0',
  `sortorderid` int(11) DEFAULT NULL,
  `color` varchar(10) DEFAULT NULL,
  PRIMARY KEY (`usageunitid`),
  UNIQUE KEY `usageunit_usageunit_idx` (`usageunit`)
) ENGINE=InnoDB AUTO_INCREMENT=17 DEFAULT CHARSET=utf8;
/*!40101 SET character_set_client = @saved_cs_client */;

--
-- Dumping data for table `vtiger_usageunit`
--

LOCK TABLES `vtiger_usageunit` WRITE;
/*!40000 ALTER TABLE `vtiger_usageunit` DISABLE KEYS */;
INSERT INTO `vtiger_usageunit` VALUES (1,'Box',1,194,0,NULL),(2,'Carton',1,195,1,NULL),(3,'Dozen',1,196,2,NULL),(4,'Each',1,197,3,NULL),(5,'Hours',1,198,4,NULL),(6,'Impressions',1,199,5,NULL),(7,'Lb',1,200,6,NULL),(8,'M',1,201,7,NULL),(9,'Pack',1,202,8,NULL),(10,'Pages',1,203,9,NULL),(11,'Pieces',1,204,10,NULL),(12,'Quantity',1,205,11,NULL),(13,'Reams',1,206,12,NULL),(14,'Sheet',1,207,13,NULL),(15,'Spiral Binder',1,208,14,NULL),(16,'Sq Ft',1,209,15,NULL);
/*!40000 ALTER TABLE `vtiger_usageunit` ENABLE KEYS */;
UNLOCK TABLES;

--
-- Table structure for table `vtiger_usageunit_seq`
--

DROP TABLE IF EXISTS `vtiger_usageunit_seq`;
/*!40101 SET @saved_cs_client     = @@character_set_client */;
/*!40101 SET character_set_client = utf8 */;
CREATE TABLE `vtiger_usageunit_seq` (
  `id` int(11) NOT NULL
) ENGINE=InnoDB DEFAULT CHARSET=utf8;
/*!40101 SET character_set_client = @saved_cs_client */;

--
-- Dumping data for table `vtiger_usageunit_seq`
--

LOCK TABLES `vtiger_usageunit_seq` WRITE;
/*!40000 ALTER TABLE `vtiger_usageunit_seq` DISABLE KEYS */;
INSERT INTO `vtiger_usageunit_seq` VALUES (16);
/*!40000 ALTER TABLE `vtiger_usageunit_seq` ENABLE KEYS */;
UNLOCK TABLES;

--
-- Table structure for table `vtiger_user2mergefields`
--

DROP TABLE IF EXISTS `vtiger_user2mergefields`;
/*!40101 SET @saved_cs_client     = @@character_set_client */;
/*!40101 SET character_set_client = utf8 */;
CREATE TABLE `vtiger_user2mergefields` (
  `userid` int(11) DEFAULT NULL,
  `tabid` int(19) DEFAULT NULL,
  `fieldid` int(19) DEFAULT NULL,
  `visible` int(2) DEFAULT NULL,
  KEY `userid_tabid_idx` (`userid`,`tabid`)
) ENGINE=InnoDB DEFAULT CHARSET=utf8;
/*!40101 SET character_set_client = @saved_cs_client */;

--
-- Dumping data for table `vtiger_user2mergefields`
--

LOCK TABLES `vtiger_user2mergefields` WRITE;
/*!40000 ALTER TABLE `vtiger_user2mergefields` DISABLE KEYS */;
/*!40000 ALTER TABLE `vtiger_user2mergefields` ENABLE KEYS */;
UNLOCK TABLES;

--
-- Table structure for table `vtiger_user2role`
--

DROP TABLE IF EXISTS `vtiger_user2role`;
/*!40101 SET @saved_cs_client     = @@character_set_client */;
/*!40101 SET character_set_client = utf8 */;
CREATE TABLE `vtiger_user2role` (
  `userid` int(11) NOT NULL,
  `roleid` varchar(255) NOT NULL,
  PRIMARY KEY (`userid`),
  KEY `user2role_roleid_idx` (`roleid`),
  CONSTRAINT `fk_2_vtiger_user2role` FOREIGN KEY (`userid`) REFERENCES `vtiger_users` (`id`) ON DELETE CASCADE
) ENGINE=InnoDB DEFAULT CHARSET=utf8;
/*!40101 SET character_set_client = @saved_cs_client */;

--
-- Dumping data for table `vtiger_user2role`
--

LOCK TABLES `vtiger_user2role` WRITE;
/*!40000 ALTER TABLE `vtiger_user2role` DISABLE KEYS */;
INSERT INTO `vtiger_user2role` VALUES (1,'H2'),(5,'H2');
/*!40000 ALTER TABLE `vtiger_user2role` ENABLE KEYS */;
UNLOCK TABLES;

--
-- Table structure for table `vtiger_user_module_preferences`
--

DROP TABLE IF EXISTS `vtiger_user_module_preferences`;
/*!40101 SET @saved_cs_client     = @@character_set_client */;
/*!40101 SET character_set_client = utf8 */;
CREATE TABLE `vtiger_user_module_preferences` (
  `userid` int(19) NOT NULL,
  `tabid` int(19) NOT NULL,
  `default_cvid` int(19) NOT NULL,
  PRIMARY KEY (`userid`,`tabid`),
  KEY `fk_2_vtiger_user_module_preferences` (`tabid`),
  CONSTRAINT `fk_2_vtiger_user_module_preferences` FOREIGN KEY (`tabid`) REFERENCES `vtiger_tab` (`tabid`) ON DELETE CASCADE ON UPDATE CASCADE
) ENGINE=InnoDB DEFAULT CHARSET=utf8;
/*!40101 SET character_set_client = @saved_cs_client */;

--
-- Dumping data for table `vtiger_user_module_preferences`
--

LOCK TABLES `vtiger_user_module_preferences` WRITE;
/*!40000 ALTER TABLE `vtiger_user_module_preferences` DISABLE KEYS */;
/*!40000 ALTER TABLE `vtiger_user_module_preferences` ENABLE KEYS */;
UNLOCK TABLES;

--
-- Table structure for table `vtiger_users`
--

DROP TABLE IF EXISTS `vtiger_users`;
/*!40101 SET @saved_cs_client     = @@character_set_client */;
/*!40101 SET character_set_client = utf8 */;
CREATE TABLE `vtiger_users` (
  `id` int(11) NOT NULL AUTO_INCREMENT,
  `user_name` varchar(255) DEFAULT NULL,
  `user_password` varchar(200) DEFAULT NULL,
  `cal_color` varchar(25) DEFAULT '#E6FAD8',
  `first_name` varchar(30) DEFAULT NULL,
  `last_name` varchar(30) DEFAULT NULL,
  `reports_to_id` varchar(36) DEFAULT NULL,
  `is_admin` varchar(3) DEFAULT '0',
  `currency_id` int(19) NOT NULL DEFAULT '1',
  `description` text,
  `date_entered` timestamp NOT NULL DEFAULT CURRENT_TIMESTAMP ON UPDATE CURRENT_TIMESTAMP,
  `date_modified` datetime DEFAULT NULL,
  `modified_user_id` varchar(36) DEFAULT NULL,
  `title` varchar(50) DEFAULT NULL,
  `department` varchar(50) DEFAULT NULL,
  `phone_home` varchar(50) DEFAULT NULL,
  `phone_mobile` varchar(50) DEFAULT NULL,
  `phone_work` varchar(50) DEFAULT NULL,
  `phone_other` varchar(50) DEFAULT NULL,
  `phone_fax` varchar(50) DEFAULT NULL,
  `email1` varchar(100) DEFAULT NULL,
  `email2` varchar(100) DEFAULT NULL,
  `secondaryemail` varchar(100) DEFAULT NULL,
  `status` varchar(25) DEFAULT NULL,
  `signature` text,
  `address_street` varchar(150) DEFAULT NULL,
  `address_city` varchar(100) DEFAULT NULL,
  `address_state` varchar(100) DEFAULT NULL,
  `address_country` varchar(25) DEFAULT NULL,
  `address_postalcode` varchar(9) DEFAULT NULL,
  `user_preferences` text,
  `tz` varchar(30) DEFAULT NULL,
  `holidays` varchar(60) DEFAULT NULL,
  `namedays` varchar(60) DEFAULT NULL,
  `workdays` varchar(30) DEFAULT NULL,
  `weekstart` int(11) DEFAULT NULL,
  `date_format` varchar(200) DEFAULT NULL,
  `hour_format` varchar(30) DEFAULT 'am/pm',
  `start_hour` varchar(30) DEFAULT '10:00',
  `end_hour` varchar(30) DEFAULT '23:00',
  `is_owner` varchar(100) DEFAULT '0',
  `activity_view` varchar(200) DEFAULT 'Today',
  `lead_view` varchar(200) DEFAULT 'Today',
  `imagename` varchar(250) DEFAULT NULL,
  `deleted` int(1) NOT NULL DEFAULT '0',
  `confirm_password` varchar(300) DEFAULT NULL,
  `internal_mailer` varchar(3) NOT NULL DEFAULT '1',
  `reminder_interval` varchar(100) DEFAULT NULL,
  `reminder_next_time` varchar(100) DEFAULT NULL,
  `crypt_type` varchar(20) NOT NULL DEFAULT 'MD5',
  `accesskey` varchar(36) DEFAULT NULL,
  `theme` varchar(100) DEFAULT NULL,
  `language` varchar(36) DEFAULT NULL,
  `time_zone` varchar(200) DEFAULT NULL,
  `currency_grouping_pattern` varchar(100) DEFAULT NULL,
  `currency_decimal_separator` varchar(2) DEFAULT NULL,
  `currency_grouping_separator` varchar(2) DEFAULT NULL,
  `currency_symbol_placement` varchar(20) DEFAULT NULL,
  `phone_crm_extension` varchar(100) DEFAULT NULL,
  `no_of_currency_decimals` varchar(2) DEFAULT NULL,
  `truncate_trailing_zeros` varchar(3) DEFAULT NULL,
  `dayoftheweek` varchar(100) DEFAULT NULL,
  `callduration` varchar(100) DEFAULT NULL,
  `othereventduration` varchar(100) DEFAULT NULL,
  `calendarsharedtype` varchar(100) DEFAULT NULL,
  `default_record_view` varchar(10) DEFAULT NULL,
  `leftpanelhide` varchar(3) DEFAULT NULL,
  `rowheight` varchar(10) DEFAULT NULL,
  `defaulteventstatus` varchar(50) DEFAULT NULL,
  `defaultactivitytype` varchar(50) DEFAULT NULL,
  `hidecompletedevents` int(11) DEFAULT NULL,
  `defaultcalendarview` varchar(100) DEFAULT NULL,
  `defaultlandingpage` varchar(100) DEFAULT NULL,
  PRIMARY KEY (`id`),
  KEY `user_user_name_idx` (`user_name`),
  KEY `user_user_password_idx` (`user_password`)
) ENGINE=InnoDB AUTO_INCREMENT=6 DEFAULT CHARSET=utf8;
/*!40101 SET character_set_client = @saved_cs_client */;

--
-- Dumping data for table `vtiger_users`
--

LOCK TABLES `vtiger_users` WRITE;
/*!40000 ALTER TABLE `vtiger_users` DISABLE KEYS */;
INSERT INTO `vtiger_users` VALUES (1,'admin','$2y$10$K4/SSdRXgFKHue8rb3MlMu9sqG/NsBnKVl.dxF6ljEkufx.I7XwnC','#E6FAD8','EME','Administrador','','on',1,'','2022-05-17 14:39:38',NULL,NULL,'','','','','','','','programadorweb@mediosefectivos.com','','','Active','','','','','','',NULL,NULL,NULL,NULL,NULL,NULL,'dd-mm-yyyy','12','00:00','23:00','1','This Week','Today','logo2.png',0,'$2y$10$NM1ORfX3c40ELdWJpGfI0OrRculTjmtsMkVDLUCl1UH.3YVjwJz.C','1','1 Minute',NULL,'PHASH','mDJ6q2Zi5m7lDVqD','alphagrey','en_us','America/Bogota','123,456,789','.',',','$1.0','','2','1','Sunday','5','5','public','Summary','1','','Planned','Call',0,'MyCalendar','Home'),(5,'paolad','$2y$10$K6.3tkrGWrzNRizsFnGRl.JRedq81dbHFh7eSsiBPrvCmU7dnjPiG','#E6FAD8','Paola','Delgado Giraldo','','off',1,'','2022-02-15 20:32:23',NULL,NULL,'','','','','','','','giradel26@hotmail.com','','','Active','','','','','','',NULL,NULL,NULL,NULL,NULL,NULL,'yyyy-mm-dd','12','09:00','','','Today','Today','',0,'$2y$10$K6.3tkrGWrzNRizsFnGRl.JRedq81dbHFh7eSsiBPrvCmU7dnjPiG','0','',NULL,'PHASH','3dmX6HLc8lkfJW5','softed','es_es','UTC','123,456,789','.',',','$1.0','','2','0','Sunday','5','5','public','Summary','0','medium',NULL,NULL,0,'','Home');
/*!40000 ALTER TABLE `vtiger_users` ENABLE KEYS */;
UNLOCK TABLES;

--
-- Table structure for table `vtiger_users2group`
--

DROP TABLE IF EXISTS `vtiger_users2group`;
/*!40101 SET @saved_cs_client     = @@character_set_client */;
/*!40101 SET character_set_client = utf8 */;
CREATE TABLE `vtiger_users2group` (
  `groupid` int(19) NOT NULL,
  `userid` int(19) NOT NULL,
  PRIMARY KEY (`groupid`,`userid`),
  KEY `users2group_groupname_uerid_idx` (`groupid`,`userid`),
  KEY `fk_2_vtiger_users2group` (`userid`),
  CONSTRAINT `fk_2_vtiger_users2group` FOREIGN KEY (`userid`) REFERENCES `vtiger_users` (`id`) ON DELETE CASCADE
) ENGINE=InnoDB DEFAULT CHARSET=utf8;
/*!40101 SET character_set_client = @saved_cs_client */;

--
-- Dumping data for table `vtiger_users2group`
--

LOCK TABLES `vtiger_users2group` WRITE;
/*!40000 ALTER TABLE `vtiger_users2group` DISABLE KEYS */;
INSERT INTO `vtiger_users2group` VALUES (3,1);
/*!40000 ALTER TABLE `vtiger_users2group` ENABLE KEYS */;
UNLOCK TABLES;

--
-- Table structure for table `vtiger_users_last_import`
--

DROP TABLE IF EXISTS `vtiger_users_last_import`;
/*!40101 SET @saved_cs_client     = @@character_set_client */;
/*!40101 SET character_set_client = utf8 */;
CREATE TABLE `vtiger_users_last_import` (
  `id` int(36) NOT NULL AUTO_INCREMENT,
  `assigned_user_id` varchar(36) DEFAULT NULL,
  `bean_type` varchar(36) DEFAULT NULL,
  `bean_id` varchar(36) DEFAULT NULL,
  `deleted` int(1) NOT NULL DEFAULT '0',
  PRIMARY KEY (`id`),
  KEY `idx_user_id` (`assigned_user_id`)
) ENGINE=InnoDB DEFAULT CHARSET=utf8;
/*!40101 SET character_set_client = @saved_cs_client */;

--
-- Dumping data for table `vtiger_users_last_import`
--

LOCK TABLES `vtiger_users_last_import` WRITE;
/*!40000 ALTER TABLE `vtiger_users_last_import` DISABLE KEYS */;
/*!40000 ALTER TABLE `vtiger_users_last_import` ENABLE KEYS */;
UNLOCK TABLES;

--
-- Table structure for table `vtiger_users_seq`
--

DROP TABLE IF EXISTS `vtiger_users_seq`;
/*!40101 SET @saved_cs_client     = @@character_set_client */;
/*!40101 SET character_set_client = utf8 */;
CREATE TABLE `vtiger_users_seq` (
  `id` int(11) NOT NULL
) ENGINE=InnoDB DEFAULT CHARSET=utf8;
/*!40101 SET character_set_client = @saved_cs_client */;

--
-- Dumping data for table `vtiger_users_seq`
--

LOCK TABLES `vtiger_users_seq` WRITE;
/*!40000 ALTER TABLE `vtiger_users_seq` DISABLE KEYS */;
INSERT INTO `vtiger_users_seq` VALUES (5);
/*!40000 ALTER TABLE `vtiger_users_seq` ENABLE KEYS */;
UNLOCK TABLES;

--
-- Table structure for table `vtiger_vendor`
--

DROP TABLE IF EXISTS `vtiger_vendor`;
/*!40101 SET @saved_cs_client     = @@character_set_client */;
/*!40101 SET character_set_client = utf8 */;
CREATE TABLE `vtiger_vendor` (
  `vendorid` int(19) NOT NULL DEFAULT '0',
  `vendor_no` varchar(100) NOT NULL,
  `vendorname` varchar(100) DEFAULT NULL,
  `phone` varchar(100) DEFAULT NULL,
  `email` varchar(100) DEFAULT NULL,
  `website` varchar(100) DEFAULT NULL,
  `glacct` varchar(200) DEFAULT NULL,
  `category` varchar(50) DEFAULT NULL,
  `street` text,
  `city` varchar(30) DEFAULT NULL,
  `state` varchar(30) DEFAULT NULL,
  `pobox` varchar(30) DEFAULT NULL,
  `postalcode` varchar(100) DEFAULT NULL,
  `country` varchar(100) DEFAULT NULL,
  `description` text,
  `tags` varchar(1) DEFAULT NULL,
  PRIMARY KEY (`vendorid`),
  CONSTRAINT `fk_1_vtiger_vendor` FOREIGN KEY (`vendorid`) REFERENCES `vtiger_crmentity` (`crmid`) ON DELETE CASCADE
) ENGINE=InnoDB DEFAULT CHARSET=utf8;
/*!40101 SET character_set_client = @saved_cs_client */;

--
-- Dumping data for table `vtiger_vendor`
--

LOCK TABLES `vtiger_vendor` WRITE;
/*!40000 ALTER TABLE `vtiger_vendor` DISABLE KEYS */;
/*!40000 ALTER TABLE `vtiger_vendor` ENABLE KEYS */;
UNLOCK TABLES;

--
-- Table structure for table `vtiger_vendorcf`
--

DROP TABLE IF EXISTS `vtiger_vendorcf`;
/*!40101 SET @saved_cs_client     = @@character_set_client */;
/*!40101 SET character_set_client = utf8 */;
CREATE TABLE `vtiger_vendorcf` (
  `vendorid` int(19) NOT NULL DEFAULT '0',
  PRIMARY KEY (`vendorid`),
  CONSTRAINT `fk_1_vtiger_vendorcf` FOREIGN KEY (`vendorid`) REFERENCES `vtiger_vendor` (`vendorid`) ON DELETE CASCADE
) ENGINE=InnoDB DEFAULT CHARSET=utf8;
/*!40101 SET character_set_client = @saved_cs_client */;

--
-- Dumping data for table `vtiger_vendorcf`
--

LOCK TABLES `vtiger_vendorcf` WRITE;
/*!40000 ALTER TABLE `vtiger_vendorcf` DISABLE KEYS */;
/*!40000 ALTER TABLE `vtiger_vendorcf` ENABLE KEYS */;
UNLOCK TABLES;

--
-- Table structure for table `vtiger_vendorcontactrel`
--

DROP TABLE IF EXISTS `vtiger_vendorcontactrel`;
/*!40101 SET @saved_cs_client     = @@character_set_client */;
/*!40101 SET character_set_client = utf8 */;
CREATE TABLE `vtiger_vendorcontactrel` (
  `vendorid` int(19) NOT NULL DEFAULT '0',
  `contactid` int(19) NOT NULL DEFAULT '0',
  PRIMARY KEY (`vendorid`,`contactid`),
  KEY `vendorcontactrel_vendorid_idx` (`vendorid`),
  KEY `vendorcontactrel_contact_idx` (`contactid`),
  CONSTRAINT `fk_2_vtiger_vendorcontactrel` FOREIGN KEY (`vendorid`) REFERENCES `vtiger_vendor` (`vendorid`) ON DELETE CASCADE
) ENGINE=InnoDB DEFAULT CHARSET=utf8;
/*!40101 SET character_set_client = @saved_cs_client */;

--
-- Dumping data for table `vtiger_vendorcontactrel`
--

LOCK TABLES `vtiger_vendorcontactrel` WRITE;
/*!40000 ALTER TABLE `vtiger_vendorcontactrel` DISABLE KEYS */;
/*!40000 ALTER TABLE `vtiger_vendorcontactrel` ENABLE KEYS */;
UNLOCK TABLES;

--
-- Table structure for table `vtiger_version`
--

DROP TABLE IF EXISTS `vtiger_version`;
/*!40101 SET @saved_cs_client     = @@character_set_client */;
/*!40101 SET character_set_client = utf8 */;
CREATE TABLE `vtiger_version` (
  `id` int(11) NOT NULL AUTO_INCREMENT,
  `old_version` varchar(30) DEFAULT NULL,
  `current_version` varchar(30) DEFAULT NULL,
  PRIMARY KEY (`id`)
) ENGINE=InnoDB AUTO_INCREMENT=2 DEFAULT CHARSET=utf8;
/*!40101 SET character_set_client = @saved_cs_client */;

--
-- Dumping data for table `vtiger_version`
--

LOCK TABLES `vtiger_version` WRITE;
/*!40000 ALTER TABLE `vtiger_version` DISABLE KEYS */;
INSERT INTO `vtiger_version` VALUES (1,'7.3.0','7.3.0');
/*!40000 ALTER TABLE `vtiger_version` ENABLE KEYS */;
UNLOCK TABLES;

--
-- Table structure for table `vtiger_version_seq`
--

DROP TABLE IF EXISTS `vtiger_version_seq`;
/*!40101 SET @saved_cs_client     = @@character_set_client */;
/*!40101 SET character_set_client = utf8 */;
CREATE TABLE `vtiger_version_seq` (
  `id` int(11) NOT NULL
) ENGINE=InnoDB DEFAULT CHARSET=utf8;
/*!40101 SET character_set_client = @saved_cs_client */;

--
-- Dumping data for table `vtiger_version_seq`
--

LOCK TABLES `vtiger_version_seq` WRITE;
/*!40000 ALTER TABLE `vtiger_version_seq` DISABLE KEYS */;
INSERT INTO `vtiger_version_seq` VALUES (1);
/*!40000 ALTER TABLE `vtiger_version_seq` ENABLE KEYS */;
UNLOCK TABLES;

--
-- Table structure for table `vtiger_visibility`
--

DROP TABLE IF EXISTS `vtiger_visibility`;
/*!40101 SET @saved_cs_client     = @@character_set_client */;
/*!40101 SET character_set_client = utf8 */;
CREATE TABLE `vtiger_visibility` (
  `visibilityid` int(19) NOT NULL AUTO_INCREMENT,
  `visibility` varchar(200) NOT NULL,
  `sortorderid` int(19) NOT NULL DEFAULT '0',
  `presence` int(1) NOT NULL DEFAULT '1',
  `color` varchar(10) DEFAULT NULL,
  PRIMARY KEY (`visibilityid`),
  UNIQUE KEY `visibility_visibility_idx` (`visibility`)
) ENGINE=InnoDB AUTO_INCREMENT=3 DEFAULT CHARSET=utf8;
/*!40101 SET character_set_client = @saved_cs_client */;

--
-- Dumping data for table `vtiger_visibility`
--

LOCK TABLES `vtiger_visibility` WRITE;
/*!40000 ALTER TABLE `vtiger_visibility` DISABLE KEYS */;
INSERT INTO `vtiger_visibility` VALUES (1,'Private',0,1,NULL),(2,'Public',1,1,NULL);
/*!40000 ALTER TABLE `vtiger_visibility` ENABLE KEYS */;
UNLOCK TABLES;

--
-- Table structure for table `vtiger_visibility_seq`
--

DROP TABLE IF EXISTS `vtiger_visibility_seq`;
/*!40101 SET @saved_cs_client     = @@character_set_client */;
/*!40101 SET character_set_client = utf8 */;
CREATE TABLE `vtiger_visibility_seq` (
  `id` int(11) NOT NULL
) ENGINE=InnoDB DEFAULT CHARSET=utf8;
/*!40101 SET character_set_client = @saved_cs_client */;

--
-- Dumping data for table `vtiger_visibility_seq`
--

LOCK TABLES `vtiger_visibility_seq` WRITE;
/*!40000 ALTER TABLE `vtiger_visibility_seq` DISABLE KEYS */;
INSERT INTO `vtiger_visibility_seq` VALUES (2);
/*!40000 ALTER TABLE `vtiger_visibility_seq` ENABLE KEYS */;
UNLOCK TABLES;

--
-- Table structure for table `vtiger_webform_file_fields`
--

DROP TABLE IF EXISTS `vtiger_webform_file_fields`;
/*!40101 SET @saved_cs_client     = @@character_set_client */;
/*!40101 SET character_set_client = utf8 */;
CREATE TABLE `vtiger_webform_file_fields` (
  `id` int(19) NOT NULL AUTO_INCREMENT,
  `webformid` int(19) NOT NULL,
  `fieldname` varchar(100) NOT NULL,
  `fieldlabel` varchar(100) NOT NULL,
  `required` int(1) NOT NULL DEFAULT '0',
  PRIMARY KEY (`id`),
  KEY `fk_vtiger_webforms` (`webformid`),
  CONSTRAINT `fk_vtiger_webforms` FOREIGN KEY (`webformid`) REFERENCES `vtiger_webforms` (`id`) ON DELETE CASCADE
) ENGINE=InnoDB DEFAULT CHARSET=utf8;
/*!40101 SET character_set_client = @saved_cs_client */;

--
-- Dumping data for table `vtiger_webform_file_fields`
--

LOCK TABLES `vtiger_webform_file_fields` WRITE;
/*!40000 ALTER TABLE `vtiger_webform_file_fields` DISABLE KEYS */;
/*!40000 ALTER TABLE `vtiger_webform_file_fields` ENABLE KEYS */;
UNLOCK TABLES;

--
-- Table structure for table `vtiger_webforms`
--

DROP TABLE IF EXISTS `vtiger_webforms`;
/*!40101 SET @saved_cs_client     = @@character_set_client */;
/*!40101 SET character_set_client = utf8 */;
CREATE TABLE `vtiger_webforms` (
  `id` int(19) NOT NULL AUTO_INCREMENT,
  `name` varchar(100) NOT NULL,
  `publicid` varchar(100) NOT NULL,
  `enabled` int(1) NOT NULL DEFAULT '1',
  `targetmodule` varchar(50) NOT NULL,
  `description` text,
  `ownerid` int(19) NOT NULL,
  `returnurl` varchar(250) DEFAULT NULL,
  `captcha` int(1) NOT NULL DEFAULT '0',
  `roundrobin` int(1) NOT NULL DEFAULT '0',
  `roundrobin_userid` varchar(256) DEFAULT NULL,
  `roundrobin_logic` int(11) NOT NULL DEFAULT '0',
  PRIMARY KEY (`id`),
  UNIQUE KEY `webformname` (`name`),
  UNIQUE KEY `publicid` (`id`),
  KEY `webforms_webforms_id_idx` (`id`)
) ENGINE=InnoDB AUTO_INCREMENT=4 DEFAULT CHARSET=utf8;
/*!40101 SET character_set_client = @saved_cs_client */;

--
-- Dumping data for table `vtiger_webforms`
--

LOCK TABLES `vtiger_webforms` WRITE;
/*!40000 ALTER TABLE `vtiger_webforms` DISABLE KEYS */;
INSERT INTO `vtiger_webforms` VALUES (3,'Formulario DEJNOS TUS DATOS AQU','3b87993113d6b140377c3311652ccd8b',1,'Leads','',1,'https://www.detupiel.co/form-gracias',0,0,NULL,0);
/*!40000 ALTER TABLE `vtiger_webforms` ENABLE KEYS */;
UNLOCK TABLES;

--
-- Table structure for table `vtiger_webforms_field`
--

DROP TABLE IF EXISTS `vtiger_webforms_field`;
/*!40101 SET @saved_cs_client     = @@character_set_client */;
/*!40101 SET character_set_client = utf8 */;
CREATE TABLE `vtiger_webforms_field` (
  `id` int(19) NOT NULL AUTO_INCREMENT,
  `webformid` int(19) NOT NULL,
  `fieldname` varchar(50) NOT NULL,
  `neutralizedfield` varchar(50) NOT NULL,
  `defaultvalue` text,
  `required` int(10) NOT NULL DEFAULT '0',
  `sequence` int(10) DEFAULT NULL,
  `hidden` int(10) DEFAULT NULL,
  PRIMARY KEY (`id`),
  KEY `webforms_webforms_field_idx` (`id`),
  KEY `fk_1_vtiger_webforms_field` (`webformid`),
  KEY `fk_2_vtiger_webforms_field` (`fieldname`),
  CONSTRAINT `fk_1_vtiger_webforms_field` FOREIGN KEY (`webformid`) REFERENCES `vtiger_webforms` (`id`) ON DELETE CASCADE,
  CONSTRAINT `fk_3_vtiger_webforms_field` FOREIGN KEY (`fieldname`) REFERENCES `vtiger_field` (`fieldname`) ON DELETE CASCADE
) ENGINE=InnoDB AUTO_INCREMENT=34 DEFAULT CHARSET=utf8;
/*!40101 SET character_set_client = @saved_cs_client */;

--
-- Dumping data for table `vtiger_webforms_field`
--

LOCK TABLES `vtiger_webforms_field` WRITE;
/*!40000 ALTER TABLE `vtiger_webforms_field` DISABLE KEYS */;
INSERT INTO `vtiger_webforms_field` VALUES (27,3,'cf_858','label:Gnero','',0,1,0),(28,3,'lastname','lastname','',1,2,0),(29,3,'mobile','mobile','',0,3,0),(30,3,'email','email','',0,4,0),(31,3,'description','description','',0,5,0),(32,3,'leadsource','leadsource','Web Site',1,6,1),(33,3,'leadstatus','leadstatus','Not Contacted',0,7,1);
/*!40000 ALTER TABLE `vtiger_webforms_field` ENABLE KEYS */;
UNLOCK TABLES;

--
-- Table structure for table `vtiger_wordtemplates`
--

DROP TABLE IF EXISTS `vtiger_wordtemplates`;
/*!40101 SET @saved_cs_client     = @@character_set_client */;
/*!40101 SET character_set_client = utf8 */;
CREATE TABLE `vtiger_wordtemplates` (
  `templateid` int(19) NOT NULL,
  `filename` varchar(100) NOT NULL,
  `module` varchar(30) NOT NULL,
  `date_entered` timestamp NOT NULL DEFAULT CURRENT_TIMESTAMP ON UPDATE CURRENT_TIMESTAMP,
  `parent_type` varchar(50) NOT NULL,
  `data` longblob,
  `description` text,
  `filesize` varchar(50) NOT NULL,
  `filetype` varchar(20) NOT NULL,
  `deleted` int(1) NOT NULL DEFAULT '0',
  PRIMARY KEY (`templateid`)
) ENGINE=InnoDB DEFAULT CHARSET=utf8;
/*!40101 SET character_set_client = @saved_cs_client */;

--
-- Dumping data for table `vtiger_wordtemplates`
--

LOCK TABLES `vtiger_wordtemplates` WRITE;
/*!40000 ALTER TABLE `vtiger_wordtemplates` DISABLE KEYS */;
/*!40000 ALTER TABLE `vtiger_wordtemplates` ENABLE KEYS */;
UNLOCK TABLES;

--
-- Table structure for table `vtiger_ws_entity`
--

DROP TABLE IF EXISTS `vtiger_ws_entity`;
/*!40101 SET @saved_cs_client     = @@character_set_client */;
/*!40101 SET character_set_client = utf8 */;
CREATE TABLE `vtiger_ws_entity` (
  `id` int(11) NOT NULL AUTO_INCREMENT,
  `name` varchar(25) NOT NULL,
  `handler_path` varchar(255) NOT NULL,
  `handler_class` varchar(64) NOT NULL,
  `ismodule` int(3) NOT NULL,
  PRIMARY KEY (`id`)
) ENGINE=InnoDB AUTO_INCREMENT=36 DEFAULT CHARSET=utf8;
/*!40101 SET character_set_client = @saved_cs_client */;

--
-- Dumping data for table `vtiger_ws_entity`
--

LOCK TABLES `vtiger_ws_entity` WRITE;
/*!40000 ALTER TABLE `vtiger_ws_entity` DISABLE KEYS */;
INSERT INTO `vtiger_ws_entity` VALUES (1,'Campaigns','include/Webservices/VtigerModuleOperation.php','VtigerModuleOperation',1),(2,'Invoice','include/Webservices/LineItem/VtigerInventoryOperation.php','VtigerInventoryOperation',1),(3,'SalesOrder','include/Webservices/LineItem/VtigerInventoryOperation.php','VtigerInventoryOperation',1),(4,'PurchaseOrder','include/Webservices/LineItem/VtigerInventoryOperation.php','VtigerInventoryOperation',1),(5,'Quotes','include/Webservices/LineItem/VtigerInventoryOperation.php','VtigerInventoryOperation',1),(6,'Faq','include/Webservices/VtigerModuleOperation.php','VtigerModuleOperation',1),(7,'Vendors','include/Webservices/VtigerModuleOperation.php','VtigerModuleOperation',1),(8,'PriceBooks','include/Webservices/VtigerModuleOperation.php','VtigerModuleOperation',1),(9,'Calendar','include/Webservices/VtigerModuleOperation.php','VtigerModuleOperation',1),(10,'Leads','include/Webservices/VtigerModuleOperation.php','VtigerModuleOperation',1),(11,'Accounts','include/Webservices/VtigerModuleOperation.php','VtigerModuleOperation',1),(12,'Contacts','include/Webservices/VtigerModuleOperation.php','VtigerModuleOperation',1),(13,'Potentials','include/Webservices/VtigerModuleOperation.php','VtigerModuleOperation',1),(14,'Products','include/Webservices/VtigerProductOperation.php','VtigerProductOperation',1),(15,'Documents','include/Webservices/VtigerModuleOperation.php','VtigerModuleOperation',1),(16,'Emails','include/Webservices/VtigerModuleOperation.php','VtigerModuleOperation',1),(17,'HelpDesk','include/Webservices/VtigerModuleOperation.php','VtigerModuleOperation',1),(18,'Events','include/Webservices/VtigerModuleOperation.php','VtigerModuleOperation',1),(19,'Users','include/Webservices/VtigerModuleOperation.php','VtigerModuleOperation',1),(20,'Groups','include/Webservices/VtigerActorOperation.php','VtigerActorOperation',0),(21,'Currency','include/Webservices/VtigerActorOperation.php','VtigerActorOperation',0),(22,'DocumentFolders','include/Webservices/VtigerActorOperation.php','VtigerActorOperation',0),(23,'CompanyDetails','include/Webservices/VtigerCompanyDetails.php','VtigerCompanyDetails',0),(24,'Services','include/Webservices/VtigerProductOperation.php','VtigerProductOperation',1),(25,'PBXManager','include/Webservices/VtigerModuleOperation.php','VtigerModuleOperation',1),(26,'ServiceContracts','include/Webservices/VtigerModuleOperation.php','VtigerModuleOperation',1),(27,'ProjectMilestone','include/Webservices/VtigerModuleOperation.php','VtigerModuleOperation',1),(28,'ProjectTask','include/Webservices/VtigerModuleOperation.php','VtigerModuleOperation',1),(29,'Project','include/Webservices/VtigerModuleOperation.php','VtigerModuleOperation',1),(30,'SMSNotifier','include/Webservices/VtigerModuleOperation.php','VtigerModuleOperation',1),(31,'ModComments','include/Webservices/VtigerModuleOperation.php','VtigerModuleOperation',1),(32,'Assets','include/Webservices/VtigerModuleOperation.php','VtigerModuleOperation',1),(33,'LineItem','include/Webservices/LineItem/VtigerLineItemOperation.php','VtigerLineItemOperation',0),(34,'Tax','include/Webservices/LineItem/VtigerTaxOperation.php','VtigerTaxOperation',0),(35,'ProductTaxes','include/Webservices/LineItem/VtigerProductTaxesOperation.php','VtigerProductTaxesOperation',0);
/*!40000 ALTER TABLE `vtiger_ws_entity` ENABLE KEYS */;
UNLOCK TABLES;

--
-- Table structure for table `vtiger_ws_entity_fieldtype`
--

DROP TABLE IF EXISTS `vtiger_ws_entity_fieldtype`;
/*!40101 SET @saved_cs_client     = @@character_set_client */;
/*!40101 SET character_set_client = utf8 */;
CREATE TABLE `vtiger_ws_entity_fieldtype` (
  `fieldtypeid` int(19) NOT NULL AUTO_INCREMENT,
  `table_name` varchar(50) NOT NULL,
  `field_name` varchar(50) NOT NULL,
  `fieldtype` varchar(200) NOT NULL,
  PRIMARY KEY (`fieldtypeid`),
  UNIQUE KEY `vtiger_idx_1_tablename_fieldname` (`table_name`,`field_name`)
) ENGINE=InnoDB AUTO_INCREMENT=11 DEFAULT CHARSET=utf8;
/*!40101 SET character_set_client = @saved_cs_client */;

--
-- Dumping data for table `vtiger_ws_entity_fieldtype`
--

LOCK TABLES `vtiger_ws_entity_fieldtype` WRITE;
/*!40000 ALTER TABLE `vtiger_ws_entity_fieldtype` DISABLE KEYS */;
INSERT INTO `vtiger_ws_entity_fieldtype` VALUES (1,'vtiger_attachmentsfolder','createdby','reference'),(2,'vtiger_organizationdetails','logoname','file'),(3,'vtiger_organizationdetails','phone','phone'),(4,'vtiger_organizationdetails','fax','phone'),(5,'vtiger_organizationdetails','website','url'),(6,'vtiger_inventoryproductrel','productid','reference'),(7,'vtiger_inventoryproductrel','id','reference'),(8,'vtiger_inventoryproductrel','incrementondel','autogenerated'),(9,'vtiger_producttaxrel','productid','reference'),(10,'vtiger_producttaxrel','taxid','reference');
/*!40000 ALTER TABLE `vtiger_ws_entity_fieldtype` ENABLE KEYS */;
UNLOCK TABLES;

--
-- Table structure for table `vtiger_ws_entity_fieldtype_seq`
--

DROP TABLE IF EXISTS `vtiger_ws_entity_fieldtype_seq`;
/*!40101 SET @saved_cs_client     = @@character_set_client */;
/*!40101 SET character_set_client = utf8 */;
CREATE TABLE `vtiger_ws_entity_fieldtype_seq` (
  `id` int(11) NOT NULL
) ENGINE=InnoDB DEFAULT CHARSET=utf8;
/*!40101 SET character_set_client = @saved_cs_client */;

--
-- Dumping data for table `vtiger_ws_entity_fieldtype_seq`
--

LOCK TABLES `vtiger_ws_entity_fieldtype_seq` WRITE;
/*!40000 ALTER TABLE `vtiger_ws_entity_fieldtype_seq` DISABLE KEYS */;
INSERT INTO `vtiger_ws_entity_fieldtype_seq` VALUES (10);
/*!40000 ALTER TABLE `vtiger_ws_entity_fieldtype_seq` ENABLE KEYS */;
UNLOCK TABLES;

--
-- Table structure for table `vtiger_ws_entity_name`
--

DROP TABLE IF EXISTS `vtiger_ws_entity_name`;
/*!40101 SET @saved_cs_client     = @@character_set_client */;
/*!40101 SET character_set_client = utf8 */;
CREATE TABLE `vtiger_ws_entity_name` (
  `entity_id` int(11) NOT NULL,
  `name_fields` varchar(50) NOT NULL,
  `index_field` varchar(50) NOT NULL,
  `table_name` varchar(50) NOT NULL,
  PRIMARY KEY (`entity_id`)
) ENGINE=InnoDB DEFAULT CHARSET=utf8;
/*!40101 SET character_set_client = @saved_cs_client */;

--
-- Dumping data for table `vtiger_ws_entity_name`
--

LOCK TABLES `vtiger_ws_entity_name` WRITE;
/*!40000 ALTER TABLE `vtiger_ws_entity_name` DISABLE KEYS */;
INSERT INTO `vtiger_ws_entity_name` VALUES (20,'groupname','groupid','vtiger_groups'),(21,'currency_name','id','vtiger_currency_info'),(22,'foldername','folderid','vtiger_attachmentsfolder'),(23,'organizationname','groupid','vtiger_organizationdetails'),(34,'taxlabel','taxid','vtiger_inventorytaxinfo');
/*!40000 ALTER TABLE `vtiger_ws_entity_name` ENABLE KEYS */;
UNLOCK TABLES;

--
-- Table structure for table `vtiger_ws_entity_referencetype`
--

DROP TABLE IF EXISTS `vtiger_ws_entity_referencetype`;
/*!40101 SET @saved_cs_client     = @@character_set_client */;
/*!40101 SET character_set_client = utf8 */;
CREATE TABLE `vtiger_ws_entity_referencetype` (
  `fieldtypeid` int(19) NOT NULL,
  `type` varchar(25) NOT NULL,
  PRIMARY KEY (`fieldtypeid`,`type`),
  CONSTRAINT `vtiger_fk_1_actors_referencetype` FOREIGN KEY (`fieldtypeid`) REFERENCES `vtiger_ws_entity_fieldtype` (`fieldtypeid`) ON DELETE CASCADE
) ENGINE=InnoDB DEFAULT CHARSET=utf8;
/*!40101 SET character_set_client = @saved_cs_client */;

--
-- Dumping data for table `vtiger_ws_entity_referencetype`
--

LOCK TABLES `vtiger_ws_entity_referencetype` WRITE;
/*!40000 ALTER TABLE `vtiger_ws_entity_referencetype` DISABLE KEYS */;
INSERT INTO `vtiger_ws_entity_referencetype` VALUES (5,'Users'),(6,'Products'),(7,'Invoice'),(7,'PurchaseOrder'),(7,'Quotes'),(7,'SalesOrder'),(9,'Products'),(10,'Tax');
/*!40000 ALTER TABLE `vtiger_ws_entity_referencetype` ENABLE KEYS */;
UNLOCK TABLES;

--
-- Table structure for table `vtiger_ws_entity_seq`
--

DROP TABLE IF EXISTS `vtiger_ws_entity_seq`;
/*!40101 SET @saved_cs_client     = @@character_set_client */;
/*!40101 SET character_set_client = utf8 */;
CREATE TABLE `vtiger_ws_entity_seq` (
  `id` int(11) NOT NULL
) ENGINE=InnoDB DEFAULT CHARSET=utf8;
/*!40101 SET character_set_client = @saved_cs_client */;

--
-- Dumping data for table `vtiger_ws_entity_seq`
--

LOCK TABLES `vtiger_ws_entity_seq` WRITE;
/*!40000 ALTER TABLE `vtiger_ws_entity_seq` DISABLE KEYS */;
INSERT INTO `vtiger_ws_entity_seq` VALUES (35);
/*!40000 ALTER TABLE `vtiger_ws_entity_seq` ENABLE KEYS */;
UNLOCK TABLES;

--
-- Table structure for table `vtiger_ws_entity_tables`
--

DROP TABLE IF EXISTS `vtiger_ws_entity_tables`;
/*!40101 SET @saved_cs_client     = @@character_set_client */;
/*!40101 SET character_set_client = utf8 */;
CREATE TABLE `vtiger_ws_entity_tables` (
  `webservice_entity_id` int(11) NOT NULL,
  `table_name` varchar(50) NOT NULL,
  PRIMARY KEY (`webservice_entity_id`,`table_name`),
  CONSTRAINT `fk_1_vtiger_ws_actor_tables` FOREIGN KEY (`webservice_entity_id`) REFERENCES `vtiger_ws_entity` (`id`) ON DELETE CASCADE
) ENGINE=InnoDB DEFAULT CHARSET=utf8;
/*!40101 SET character_set_client = @saved_cs_client */;

--
-- Dumping data for table `vtiger_ws_entity_tables`
--

LOCK TABLES `vtiger_ws_entity_tables` WRITE;
/*!40000 ALTER TABLE `vtiger_ws_entity_tables` DISABLE KEYS */;
INSERT INTO `vtiger_ws_entity_tables` VALUES (20,'vtiger_groups'),(21,'vtiger_currency_info'),(22,'vtiger_attachmentsfolder'),(23,'vtiger_organizationdetails'),(33,'vtiger_inventoryproductrel'),(34,'vtiger_inventorytaxinfo'),(35,'vtiger_producttaxrel');
/*!40000 ALTER TABLE `vtiger_ws_entity_tables` ENABLE KEYS */;
UNLOCK TABLES;

--
-- Table structure for table `vtiger_ws_fieldinfo`
--

DROP TABLE IF EXISTS `vtiger_ws_fieldinfo`;
/*!40101 SET @saved_cs_client     = @@character_set_client */;
/*!40101 SET character_set_client = utf8 */;
CREATE TABLE `vtiger_ws_fieldinfo` (
  `id` varchar(64) NOT NULL,
  `property_name` varchar(32) DEFAULT NULL,
  `property_value` varchar(64) DEFAULT NULL,
  PRIMARY KEY (`id`)
) ENGINE=InnoDB DEFAULT CHARSET=utf8;
/*!40101 SET character_set_client = @saved_cs_client */;

--
-- Dumping data for table `vtiger_ws_fieldinfo`
--

LOCK TABLES `vtiger_ws_fieldinfo` WRITE;
/*!40000 ALTER TABLE `vtiger_ws_fieldinfo` DISABLE KEYS */;
INSERT INTO `vtiger_ws_fieldinfo` VALUES ('vtiger_organizationdetails.organization_id','upload.path','1');
/*!40000 ALTER TABLE `vtiger_ws_fieldinfo` ENABLE KEYS */;
UNLOCK TABLES;

--
-- Table structure for table `vtiger_ws_fieldtype`
--

DROP TABLE IF EXISTS `vtiger_ws_fieldtype`;
/*!40101 SET @saved_cs_client     = @@character_set_client */;
/*!40101 SET character_set_client = utf8 */;
CREATE TABLE `vtiger_ws_fieldtype` (
  `fieldtypeid` int(19) NOT NULL AUTO_INCREMENT,
  `uitype` varchar(30) NOT NULL,
  `fieldtype` varchar(200) NOT NULL,
  PRIMARY KEY (`fieldtypeid`),
  UNIQUE KEY `uitype_idx` (`uitype`)
) ENGINE=InnoDB AUTO_INCREMENT=42 DEFAULT CHARSET=utf8;
/*!40101 SET character_set_client = @saved_cs_client */;

--
-- Dumping data for table `vtiger_ws_fieldtype`
--

LOCK TABLES `vtiger_ws_fieldtype` WRITE;
/*!40000 ALTER TABLE `vtiger_ws_fieldtype` DISABLE KEYS */;
INSERT INTO `vtiger_ws_fieldtype` VALUES (1,'15','picklist'),(2,'16','picklist'),(3,'19','text'),(4,'20','text'),(5,'21','text'),(6,'24','text'),(7,'3','autogenerated'),(8,'11','phone'),(9,'33','multipicklist'),(10,'17','url'),(11,'85','skype'),(12,'56','boolean'),(13,'156','boolean'),(14,'53','owner'),(15,'61','file'),(16,'28','file'),(17,'13','email'),(18,'71','currency'),(19,'72','currency'),(20,'50','reference'),(21,'51','reference'),(22,'57','reference'),(23,'58','reference'),(24,'73','reference'),(25,'75','reference'),(26,'76','reference'),(27,'78','reference'),(28,'80','reference'),(29,'81','reference'),(30,'101','reference'),(31,'52','reference'),(32,'357','reference'),(33,'59','reference'),(34,'66','reference'),(35,'77','reference'),(36,'68','reference'),(37,'117','reference'),(38,'26','reference'),(39,'10','reference'),(40,'98','reference'),(41,'69','image');
/*!40000 ALTER TABLE `vtiger_ws_fieldtype` ENABLE KEYS */;
UNLOCK TABLES;

--
-- Table structure for table `vtiger_ws_operation`
--

DROP TABLE IF EXISTS `vtiger_ws_operation`;
/*!40101 SET @saved_cs_client     = @@character_set_client */;
/*!40101 SET character_set_client = utf8 */;
CREATE TABLE `vtiger_ws_operation` (
  `operationid` int(11) NOT NULL AUTO_INCREMENT,
  `name` varchar(128) NOT NULL,
  `handler_path` varchar(255) NOT NULL,
  `handler_method` varchar(64) NOT NULL,
  `type` varchar(8) NOT NULL,
  `prelogin` int(3) NOT NULL,
  PRIMARY KEY (`operationid`)
) ENGINE=InnoDB AUTO_INCREMENT=39 DEFAULT CHARSET=utf8;
/*!40101 SET character_set_client = @saved_cs_client */;

--
-- Dumping data for table `vtiger_ws_operation`
--

LOCK TABLES `vtiger_ws_operation` WRITE;
/*!40000 ALTER TABLE `vtiger_ws_operation` DISABLE KEYS */;
INSERT INTO `vtiger_ws_operation` VALUES (1,'login','include/Webservices/Login.php','vtws_login','POST',1),(2,'retrieve','include/Webservices/Retrieve.php','vtws_retrieve','GET',0),(3,'create','include/Webservices/Create.php','vtws_create','POST',0),(4,'update','include/Webservices/Update.php','vtws_update','POST',0),(5,'delete','include/Webservices/Delete.php','vtws_delete','POST',0),(6,'sync','include/Webservices/GetUpdates.php','vtws_sync','GET',0),(7,'query','include/Webservices/Query.php','vtws_query','GET',0),(8,'logout','include/Webservices/Logout.php','vtws_logout','POST',0),(9,'listtypes','include/Webservices/ModuleTypes.php','vtws_listtypes','GET',0),(10,'getchallenge','include/Webservices/AuthToken.php','vtws_getchallenge','GET',1),(11,'describe','include/Webservices/DescribeObject.php','vtws_describe','GET',0),(12,'extendsession','include/Webservices/ExtendSession.php','vtws_extendSession','POST',1),(13,'convertlead','include/Webservices/ConvertLead.php','vtws_convertlead','POST',0),(14,'revise','include/Webservices/Revise.php','vtws_revise','POST',0),(15,'changePassword','include/Webservices/ChangePassword.php','vtws_changePassword','POST',0),(16,'deleteUser','include/Webservices/DeleteUser.php','vtws_deleteUser','POST',0),(17,'mobile.fetchallalerts','modules/Mobile/api/wsapi.php','mobile_ws_fetchAllAlerts','POST',0),(18,'mobile.alertdetailswithmessage','modules/Mobile/api/wsapi.php','mobile_ws_alertDetailsWithMessage','POST',0),(19,'mobile.fetchmodulefilters','modules/Mobile/api/wsapi.php','mobile_ws_fetchModuleFilters','POST',0),(20,'mobile.fetchrecord','modules/Mobile/api/wsapi.php','mobile_ws_fetchRecord','POST',0),(21,'mobile.fetchrecordwithgrouping','modules/Mobile/api/wsapi.php','mobile_ws_fetchRecordWithGrouping','POST',0),(22,'mobile.filterdetailswithcount','modules/Mobile/api/wsapi.php','mobile_ws_filterDetailsWithCount','POST',0),(23,'mobile.listmodulerecords','modules/Mobile/api/wsapi.php','mobile_ws_listModuleRecords','POST',0),(24,'mobile.saverecord','modules/Mobile/api/wsapi.php','mobile_ws_saveRecord','POST',0),(25,'mobile.syncModuleRecords','modules/Mobile/api/wsapi.php','mobile_ws_syncModuleRecords','POST',0),(26,'mobile.query','modules/Mobile/api/wsapi.php','mobile_ws_query','POST',0),(27,'mobile.querywithgrouping','modules/Mobile/api/wsapi.php','mobile_ws_queryWithGrouping','POST',0),(28,'wsapp_register','modules/WSAPP/api/ws/Register.php','wsapp_register','POST',0),(29,'wsapp_deregister','modules/WSAPP/api/ws/DeRegister.php','wsapp_deregister','POST',0),(30,'wsapp_get','modules/WSAPP/api/ws/Get.php','wsapp_get','POST',0),(31,'wsapp_put','modules/WSAPP/api/ws/Put.php','wsapp_put','POST',0),(32,'wsapp_map','modules/WSAPP/api/ws/Map.php','wsapp_map','POST',0),(33,'retrieve_inventory','include/Webservices/LineItem/RetrieveInventory.php','vtws_retrieve_inventory','GET',0),(34,'relatedtypes','include/Webservices/RelatedTypes.php','vtws_relatedtypes','GET',0),(35,'retrieve_related','include/Webservices/RetrieveRelated.php','vtws_retrieve_related','GET',0),(36,'query_related','include/Webservices/QueryRelated.php','vtws_query_related','GET',0),(37,'add_related','include/Webservices/AddRelated.php','vtws_add_related','POST',0),(38,'files_retrieve','include/Webservices/FileRetrieve.php','vtws_file_retrieve','GET',0);
/*!40000 ALTER TABLE `vtiger_ws_operation` ENABLE KEYS */;
UNLOCK TABLES;

--
-- Table structure for table `vtiger_ws_operation_parameters`
--

DROP TABLE IF EXISTS `vtiger_ws_operation_parameters`;
/*!40101 SET @saved_cs_client     = @@character_set_client */;
/*!40101 SET character_set_client = utf8 */;
CREATE TABLE `vtiger_ws_operation_parameters` (
  `operationid` int(11) NOT NULL AUTO_INCREMENT,
  `name` varchar(128) NOT NULL,
  `type` varchar(64) NOT NULL,
  `sequence` int(11) NOT NULL,
  PRIMARY KEY (`operationid`,`name`)
) ENGINE=InnoDB AUTO_INCREMENT=39 DEFAULT CHARSET=utf8;
/*!40101 SET character_set_client = @saved_cs_client */;

--
-- Dumping data for table `vtiger_ws_operation_parameters`
--

LOCK TABLES `vtiger_ws_operation_parameters` WRITE;
/*!40000 ALTER TABLE `vtiger_ws_operation_parameters` DISABLE KEYS */;
INSERT INTO `vtiger_ws_operation_parameters` VALUES (1,'accessKey','String',2),(1,'username','String',1),(2,'id','String',1),(3,'element','encoded',2),(3,'elementType','String',1),(4,'element','encoded',1),(5,'id','String',1),(6,'elementType','String',2),(6,'modifiedTime','DateTime',1),(7,'query','String',1),(8,'sessionName','String',1),(9,'fieldTypeList','encoded',1),(10,'username','String',1),(11,'elementType','String',1),(13,'accountName','String',3),(13,'assignedTo','String',2),(13,'avoidPotential','Boolean',4),(13,'leadId','String',1),(13,'potential','Encoded',5),(14,'element','Encoded',1),(15,'confirmPassword','String',4),(15,'id','String',1),(15,'newPassword','String',3),(15,'oldPassword','String',2),(16,'id','String',1),(16,'newOwnerId','String',2),(18,'alertid','string',1),(19,'module','string',1),(20,'record','string',1),(21,'record','string',1),(22,'filterid','string',1),(23,'elements','encoded',1),(24,'module','string',1),(24,'record','string',2),(24,'values','encoded',3),(25,'module','string',1),(25,'page','string',3),(25,'syncToken','string',2),(26,'module','string',1),(26,'page','string',3),(26,'query','string',2),(27,'module','string',1),(27,'page','string',3),(27,'query','string',2),(28,'synctype','string',2),(28,'type','string',1),(29,'key','string',2),(29,'type','string',1),(30,'key','string',1),(30,'module','string',2),(30,'token','string',3),(31,'element','encoded',2),(31,'key','string',1),(32,'element','encoded',2),(32,'key','string',1),(33,'id','String',1),(34,'elementType','string',1),(35,'id','string',1),(35,'relatedLabel','string',3),(35,'relatedType','string',2),(36,'id','string',2),(36,'query','string',1),(36,'relatedLabel','string',3),(37,'relatedRecordId','string',2),(37,'relationIdLabel','string',3),(37,'sourceRecordId','string',1),(38,'id','string',1);
/*!40000 ALTER TABLE `vtiger_ws_operation_parameters` ENABLE KEYS */;
UNLOCK TABLES;

--
-- Table structure for table `vtiger_ws_operation_seq`
--

DROP TABLE IF EXISTS `vtiger_ws_operation_seq`;
/*!40101 SET @saved_cs_client     = @@character_set_client */;
/*!40101 SET character_set_client = utf8 */;
CREATE TABLE `vtiger_ws_operation_seq` (
  `id` int(11) NOT NULL
) ENGINE=InnoDB DEFAULT CHARSET=utf8;
/*!40101 SET character_set_client = @saved_cs_client */;

--
-- Dumping data for table `vtiger_ws_operation_seq`
--

LOCK TABLES `vtiger_ws_operation_seq` WRITE;
/*!40000 ALTER TABLE `vtiger_ws_operation_seq` DISABLE KEYS */;
INSERT INTO `vtiger_ws_operation_seq` VALUES (38);
/*!40000 ALTER TABLE `vtiger_ws_operation_seq` ENABLE KEYS */;
UNLOCK TABLES;

--
-- Table structure for table `vtiger_ws_referencetype`
--

DROP TABLE IF EXISTS `vtiger_ws_referencetype`;
/*!40101 SET @saved_cs_client     = @@character_set_client */;
/*!40101 SET character_set_client = utf8 */;
CREATE TABLE `vtiger_ws_referencetype` (
  `fieldtypeid` int(19) NOT NULL,
  `type` varchar(25) NOT NULL,
  PRIMARY KEY (`fieldtypeid`,`type`),
  CONSTRAINT `fk_1_vtiger_referencetype` FOREIGN KEY (`fieldtypeid`) REFERENCES `vtiger_ws_fieldtype` (`fieldtypeid`) ON DELETE CASCADE
) ENGINE=InnoDB DEFAULT CHARSET=utf8;
/*!40101 SET character_set_client = @saved_cs_client */;

--
-- Dumping data for table `vtiger_ws_referencetype`
--

LOCK TABLES `vtiger_ws_referencetype` WRITE;
/*!40000 ALTER TABLE `vtiger_ws_referencetype` DISABLE KEYS */;
INSERT INTO `vtiger_ws_referencetype` VALUES (20,'Accounts'),(21,'Accounts'),(22,'Contacts'),(23,'Campaigns'),(24,'Accounts'),(25,'Vendors'),(26,'Potentials'),(27,'Quotes'),(28,'SalesOrder'),(29,'Vendors'),(30,'Users'),(31,'Users'),(32,'Accounts'),(32,'Contacts'),(32,'Leads'),(32,'Users'),(32,'Vendors'),(33,'Products'),(34,'Accounts'),(34,'Campaigns'),(34,'HelpDesk'),(34,'Invoice'),(34,'Leads'),(34,'Potentials'),(34,'PurchaseOrder'),(34,'Quotes'),(34,'SalesOrder'),(35,'Users'),(36,'Accounts'),(36,'Contacts'),(37,'Currency'),(38,'DocumentFolders');
/*!40000 ALTER TABLE `vtiger_ws_referencetype` ENABLE KEYS */;
UNLOCK TABLES;

--
-- Table structure for table `vtiger_ws_userauthtoken`
--

DROP TABLE IF EXISTS `vtiger_ws_userauthtoken`;
/*!40101 SET @saved_cs_client     = @@character_set_client */;
/*!40101 SET character_set_client = utf8 */;
CREATE TABLE `vtiger_ws_userauthtoken` (
  `userid` int(19) NOT NULL,
  `token` varchar(36) NOT NULL,
  `expiretime` int(19) NOT NULL,
  PRIMARY KEY (`userid`,`expiretime`),
  UNIQUE KEY `userid_idx` (`userid`)
) ENGINE=InnoDB DEFAULT CHARSET=utf8;
/*!40101 SET character_set_client = @saved_cs_client */;

--
-- Dumping data for table `vtiger_ws_userauthtoken`
--

LOCK TABLES `vtiger_ws_userauthtoken` WRITE;
/*!40000 ALTER TABLE `vtiger_ws_userauthtoken` DISABLE KEYS */;
INSERT INTO `vtiger_ws_userauthtoken` VALUES (1,'628507e17a09a',1652885773);
/*!40000 ALTER TABLE `vtiger_ws_userauthtoken` ENABLE KEYS */;
UNLOCK TABLES;

--
-- Table structure for table `vtiger_wsapp`
--

DROP TABLE IF EXISTS `vtiger_wsapp`;
/*!40101 SET @saved_cs_client     = @@character_set_client */;
/*!40101 SET character_set_client = utf8 */;
CREATE TABLE `vtiger_wsapp` (
  `appid` int(11) NOT NULL AUTO_INCREMENT,
  `name` varchar(200) NOT NULL,
  `appkey` varchar(255) DEFAULT NULL,
  `type` varchar(100) DEFAULT NULL,
  PRIMARY KEY (`appid`)
) ENGINE=InnoDB AUTO_INCREMENT=2 DEFAULT CHARSET=utf8;
/*!40101 SET character_set_client = @saved_cs_client */;

--
-- Dumping data for table `vtiger_wsapp`
--

LOCK TABLES `vtiger_wsapp` WRITE;
/*!40000 ALTER TABLE `vtiger_wsapp` DISABLE KEYS */;
INSERT INTO `vtiger_wsapp` VALUES (1,'vtigerCRM','611da1c81cedd','user');
/*!40000 ALTER TABLE `vtiger_wsapp` ENABLE KEYS */;
UNLOCK TABLES;

--
-- Table structure for table `vtiger_wsapp_handlerdetails`
--

DROP TABLE IF EXISTS `vtiger_wsapp_handlerdetails`;
/*!40101 SET @saved_cs_client     = @@character_set_client */;
/*!40101 SET character_set_client = utf8 */;
CREATE TABLE `vtiger_wsapp_handlerdetails` (
  `type` varchar(200) NOT NULL,
  `handlerclass` varchar(100) DEFAULT NULL,
  `handlerpath` varchar(300) DEFAULT NULL
) ENGINE=InnoDB DEFAULT CHARSET=utf8;
/*!40101 SET character_set_client = @saved_cs_client */;

--
-- Dumping data for table `vtiger_wsapp_handlerdetails`
--

LOCK TABLES `vtiger_wsapp_handlerdetails` WRITE;
/*!40000 ALTER TABLE `vtiger_wsapp_handlerdetails` DISABLE KEYS */;
INSERT INTO `vtiger_wsapp_handlerdetails` VALUES ('Outlook','OutlookHandler','modules/WSAPP/Handlers/OutlookHandler.php'),('vtigerCRM','vtigerCRMHandler','modules/WSAPP/Handlers/vtigerCRMHandler.php'),('vtigerSyncLib','WSAPP_VtigerSyncEventHandler','modules/WSAPP/synclib/handlers/VtigerSyncEventHandler.php'),('Google_vtigerHandler','Google_Vtiger_Handler','modules/Google/handlers/Vtiger.php'),('Google_vtigerSyncHandler','Google_VtigerSync_Handler','modules/Google/handlers/VtigerSync.php');
/*!40000 ALTER TABLE `vtiger_wsapp_handlerdetails` ENABLE KEYS */;
UNLOCK TABLES;

--
-- Table structure for table `vtiger_wsapp_logs_basic`
--

DROP TABLE IF EXISTS `vtiger_wsapp_logs_basic`;
/*!40101 SET @saved_cs_client     = @@character_set_client */;
/*!40101 SET character_set_client = utf8 */;
CREATE TABLE `vtiger_wsapp_logs_basic` (
  `id` int(25) NOT NULL AUTO_INCREMENT,
  `extensiontabid` int(19) DEFAULT NULL,
  `module` varchar(50) NOT NULL,
  `sync_datetime` datetime NOT NULL,
  `app_create_count` int(11) DEFAULT NULL,
  `app_update_count` int(11) DEFAULT NULL,
  `app_delete_count` int(11) DEFAULT NULL,
  `app_skip_count` int(11) DEFAULT NULL,
  `vt_create_count` int(11) DEFAULT NULL,
  `vt_update_count` int(11) DEFAULT NULL,
  `vt_delete_count` int(11) DEFAULT NULL,
  `vt_skip_count` int(11) DEFAULT NULL,
  `userid` int(11) DEFAULT NULL,
  PRIMARY KEY (`id`)
) ENGINE=InnoDB DEFAULT CHARSET=utf8;
/*!40101 SET character_set_client = @saved_cs_client */;

--
-- Dumping data for table `vtiger_wsapp_logs_basic`
--

LOCK TABLES `vtiger_wsapp_logs_basic` WRITE;
/*!40000 ALTER TABLE `vtiger_wsapp_logs_basic` DISABLE KEYS */;
/*!40000 ALTER TABLE `vtiger_wsapp_logs_basic` ENABLE KEYS */;
UNLOCK TABLES;

--
-- Table structure for table `vtiger_wsapp_logs_details`
--

DROP TABLE IF EXISTS `vtiger_wsapp_logs_details`;
/*!40101 SET @saved_cs_client     = @@character_set_client */;
/*!40101 SET character_set_client = utf8 */;
CREATE TABLE `vtiger_wsapp_logs_details` (
  `id` int(25) NOT NULL,
  `app_create_ids` mediumtext,
  `app_update_ids` mediumtext,
  `app_delete_ids` mediumtext,
  `app_skip_info` mediumtext,
  `vt_create_ids` mediumtext,
  `vt_update_ids` mediumtext,
  `vt_delete_ids` mediumtext,
  `vt_skip_info` mediumtext,
  KEY `vtiger_wsapp_logs_basic_ibfk_1` (`id`),
  CONSTRAINT `vtiger_wsapp_logs_basic_ibfk_1` FOREIGN KEY (`id`) REFERENCES `vtiger_wsapp_logs_basic` (`id`) ON DELETE CASCADE
) ENGINE=InnoDB DEFAULT CHARSET=utf8;
/*!40101 SET character_set_client = @saved_cs_client */;

--
-- Dumping data for table `vtiger_wsapp_logs_details`
--

LOCK TABLES `vtiger_wsapp_logs_details` WRITE;
/*!40000 ALTER TABLE `vtiger_wsapp_logs_details` DISABLE KEYS */;
/*!40000 ALTER TABLE `vtiger_wsapp_logs_details` ENABLE KEYS */;
UNLOCK TABLES;

--
-- Table structure for table `vtiger_wsapp_queuerecords`
--

DROP TABLE IF EXISTS `vtiger_wsapp_queuerecords`;
/*!40101 SET @saved_cs_client     = @@character_set_client */;
/*!40101 SET character_set_client = utf8 */;
CREATE TABLE `vtiger_wsapp_queuerecords` (
  `syncserverid` int(19) DEFAULT NULL,
  `details` varchar(300) DEFAULT NULL,
  `flag` varchar(100) DEFAULT NULL,
  `appid` int(19) DEFAULT NULL
) ENGINE=InnoDB DEFAULT CHARSET=utf8;
/*!40101 SET character_set_client = @saved_cs_client */;

--
-- Dumping data for table `vtiger_wsapp_queuerecords`
--

LOCK TABLES `vtiger_wsapp_queuerecords` WRITE;
/*!40000 ALTER TABLE `vtiger_wsapp_queuerecords` DISABLE KEYS */;
/*!40000 ALTER TABLE `vtiger_wsapp_queuerecords` ENABLE KEYS */;
UNLOCK TABLES;

--
-- Table structure for table `vtiger_wsapp_recordmapping`
--

DROP TABLE IF EXISTS `vtiger_wsapp_recordmapping`;
/*!40101 SET @saved_cs_client     = @@character_set_client */;
/*!40101 SET character_set_client = utf8 */;
CREATE TABLE `vtiger_wsapp_recordmapping` (
  `id` int(19) NOT NULL AUTO_INCREMENT,
  `serverid` varchar(10) DEFAULT NULL,
  `clientid` varchar(255) DEFAULT NULL,
  `clientmodifiedtime` datetime DEFAULT NULL,
  `appid` int(11) DEFAULT NULL,
  `servermodifiedtime` datetime DEFAULT NULL,
  `serverappid` int(11) DEFAULT NULL,
  PRIMARY KEY (`id`)
) ENGINE=InnoDB DEFAULT CHARSET=utf8;
/*!40101 SET character_set_client = @saved_cs_client */;

--
-- Dumping data for table `vtiger_wsapp_recordmapping`
--

LOCK TABLES `vtiger_wsapp_recordmapping` WRITE;
/*!40000 ALTER TABLE `vtiger_wsapp_recordmapping` DISABLE KEYS */;
/*!40000 ALTER TABLE `vtiger_wsapp_recordmapping` ENABLE KEYS */;
UNLOCK TABLES;

--
-- Table structure for table `vtiger_wsapp_sync_state`
--

DROP TABLE IF EXISTS `vtiger_wsapp_sync_state`;
/*!40101 SET @saved_cs_client     = @@character_set_client */;
/*!40101 SET character_set_client = utf8 */;
CREATE TABLE `vtiger_wsapp_sync_state` (
  `id` int(19) NOT NULL AUTO_INCREMENT,
  `name` varchar(200) DEFAULT NULL,
  `stateencodedvalues` varchar(300) NOT NULL,
  `userid` int(19) DEFAULT NULL,
  PRIMARY KEY (`id`)
) ENGINE=InnoDB DEFAULT CHARSET=utf8;
/*!40101 SET character_set_client = @saved_cs_client */;

--
-- Dumping data for table `vtiger_wsapp_sync_state`
--

LOCK TABLES `vtiger_wsapp_sync_state` WRITE;
/*!40000 ALTER TABLE `vtiger_wsapp_sync_state` DISABLE KEYS */;
/*!40000 ALTER TABLE `vtiger_wsapp_sync_state` ENABLE KEYS */;
UNLOCK TABLES;

--
-- Dumping events for database 'crm_detupieltest'
--

--
-- Dumping routines for database 'crm_detupieltest'
--
/*!40103 SET TIME_ZONE=@OLD_TIME_ZONE */;

/*!40101 SET SQL_MODE=@OLD_SQL_MODE */;
/*!40014 SET FOREIGN_KEY_CHECKS=@OLD_FOREIGN_KEY_CHECKS */;
/*!40014 SET UNIQUE_CHECKS=@OLD_UNIQUE_CHECKS */;
/*!40101 SET CHARACTER_SET_CLIENT=@OLD_CHARACTER_SET_CLIENT */;
/*!40101 SET CHARACTER_SET_RESULTS=@OLD_CHARACTER_SET_RESULTS */;
/*!40101 SET COLLATION_CONNECTION=@OLD_COLLATION_CONNECTION */;
/*!40111 SET SQL_NOTES=@OLD_SQL_NOTES */;

-- Dump completed on 2022-05-18 16:58:33
